#VRML V2.0 utf8
# Molex 48393-0003 exact-part visual mesh from TraceParts preview
Shape {
  appearance Appearance { material Material { diffuseColor 0.65 0.67 0.70 specularColor 0.8 0.8 0.8 shininess 0.35 } }
  geometry IndexedFaceSet {
    solid TRUE
    creaseAngle 0.45
    coord Coordinate { point [
      -4.02 2.56 3.611204,
      -4.02 2.56 3.912837,
      -5.55 2.56 1.016025,
      -4.02 2.56 5.509808,
      -5.55 2.56 10.4,
      -4.02 2.56 5.909808,
      -2.98 2.56 5.909808,
      -5.43 2.56 0.8081793,
      -4.84 2.56 1.016025,
      -3.981488 2.56 3.564187,
      -4.84 2.56 0.8081793,
      -3.16 2.56 1.016025,
      -3.018512 2.56 3.564187,
      -2.84 2.56 1.016025,
      -3.16 2.56 0.8081793,
      -2.84 2.56 0.8081793,
      -1.481488 2.56 3.564187,
      -1.16 2.56 1.016025,
      -0.84 2.56 1.016025,
      -1.16 2.56 0.8081793,
      -0.84 2.56 0.8081793,
      0.84 2.56 0.8081793,
      1.16 2.56 1.016025,
      0.84 2.56 1.016025,
      0.518512 2.56 3.564187,
      -0.518512 2.56 3.564187,
      1.16 2.56 0.8081793,
      1.481488 2.56 3.564187,
      2.84 2.56 1.016025,
      3.018512 2.56 3.564187,
      3.16 2.56 1.016025,
      3.981488 2.56 3.564187,
      4.84 2.56 1.016025,
      5.55 2.56 1.016025,
      5.43 2.56 0.8081793,
      2.84 2.56 0.8081793,
      3.16 2.56 0.8081793,
      4.84 2.56 0.8081793,
      2.98 2.56 5.909808,
      4.02 2.56 5.909808,
      5.55 2.56 10.4,
      4.02 2.56 5.509808,
      4.02 2.56 3.912837,
      4.02 2.56 3.611204,
      -1.52 2.56 5.909808,
      -0.48 2.56 5.909808,
      0.48 2.56 5.909808,
      1.52 2.56 5.909808,
      1.52 2.56 5.509808,
      2.98 2.56 5.509808,
      2.98 2.56 3.912837,
      -0.48 2.56 3.611204,
      0.48 2.56 3.611204,
      0.48 2.56 3.912837,
      -2.98 2.56 3.611204,
      -1.52 2.56 3.611204,
      -2.98 2.56 3.912837,
      -1.52 2.56 3.912837,
      -2.98 2.56 5.509808,
      -1.52 2.56 5.509808,
      -0.48 2.56 5.509808,
      -0.48 2.56 3.912837,
      0.48 2.56 5.509808,
      1.52 2.56 3.912837,
      2.98 2.56 3.611204,
      1.52 2.56 3.611204,
      -5.25 5.12 10.4,
      -5.25 4.92 10.4,
      -5.82 5.1 10.4,
      -5.55 4.4 10.4,
      -6.25 4.67 10.4,
      -6.25 0.3 10.4,
      -5.95 0 10.4,
      -6.239778 0.2223543 10.4,
      -6.209807 0.15 10.4,
      -5.82 5.12 10.4,
      -3.75 4.92 10.4,
      5.55 4.4 10.4,
      3.75 4.92 10.4,
      -3.75 5.12 10.4,
      3.75 5.12 10.4,
      5.25 4.92 10.4,
      5.82 5.1 10.4,
      6.25 4.67 10.4,
      5.25 5.12 10.4,
      5.82 5.12 10.4,
      6.25 0.3 10.4,
      5.95 0 10.4,
      6.027646 0.01022225 10.4,
      6.239778 0.2223543 10.4,
      6.209807 0.15 10.4,
      6.162132 0.08786797 10.4,
      6.1 0.04019238 10.4,
      -6.027646 0.01022225 10.4,
      -6.1 0.04019238 10.4,
      -6.162132 0.08786797 10.4,
      -5.95 0 6,
      -6.027646 0.01022225 6,
      -6.1 0.04019238 6,
      -6.162132 0.08786797 6,
      -6.209807 0.15 6,
      -6.239778 0.2223543 6,
      -6.25 0.3 6,
      -6.25 4.82 0.1499996,
      -6.25 4.82 13.25,
      -6.25 4.7 10.63,
      -6.25 4.791239 13.25,
      -6.25 4.759789 13.25249,
      -6.25 4.729122 13.25989,
      -6.25 4.7 13.27202,
      -6.25 4.67 10.63,
      -6.25 0.4647048 5.991481,
      -6.25 0.525 5.966506,
      -6.25 0.5767767 5.926777,
      -6.25 3.234177 5.1,
      -6.25 3.294657 5.092574,
      -6.25 0.4 6,
      -6.25 1.885823 5.1,
      -6.25 0.6165063 5.875,
      -6.25 0.6414815 5.814705,
      -6.25 1.825343 5.092574,
      -6.25 0.65 5.75,
      -6.25 1.768455 5.070737,
      -6.25 1.71854 5.035786,
      -6.25 0.6414815 5.685295,
      -6.25 1.678564 4.989798,
      -6.25 0.6165063 5.625,
      -6.25 1.6509 4.935505,
      -6.25 0.5767767 5.573223,
      -6.25 1.637193 4.876132,
      -6.25 0.525 5.533494,
      -6.25 0.4647048 5.508519,
      -6.25 0.4647048 3.491482,
      -6.25 0.4 5.5,
      -6.25 0.4 3.5,
      -6.25 -1.315734 4.611475,
      -6.25 -1.32267 4.581886,
      -6.25 -1.359064 4.720259,
      -6.25 -1.338468 4.697912,
      -6.25 -1.29 5.5,
      -6.25 -1.323873 4.671255,
      -6.25 -1.316143 4.641863,
      -6.25 -1.328823 5.494889,
      -6.25 -1.44 5.35,
      -6.25 -1.44 4.826556,
      -6.25 -1.384444 4.736976,
      -6.25 -1.365 5.479904,
      -6.25 -1.396066 5.456066,
      -6.25 -1.419904 5.425,
      -6.25 -1.434889 5.388823,
      -6.25 -1.437545 4.804533,
      -6.25 -1.4303 4.783592,
      -6.25 -1.418621 4.76476,
      -6.25 -1.403081 4.748963,
      -6.25 -1.336543 4.554846,
      -6.25 -1.35653 4.531953,
      -6.25 -1.381452 4.514559,
      -6.25 -2.09 3.5,
      -6.25 -1.409834 4.503695,
      -6.25 -1.44 4.5,
      -6.25 -2.09 4.5,
      -6.25 -2.24 4.35,
      -6.25 -2.24 3.65,
      -6.25 -2.234889 3.611177,
      -6.25 -2.219904 3.575,
      -6.25 -2.128823 4.494889,
      -6.25 -2.165 4.479904,
      -6.25 -2.196066 4.456066,
      -6.25 -2.219904 4.425,
      -6.25 -2.234889 4.388823,
      -6.25 -2.196066 3.543934,
      -6.25 -2.165 3.520096,
      -6.25 -2.128823 3.505111,
      -6.25 0.525 3.466506,
      -6.25 0.5767767 3.426777,
      -6.25 0.6165063 3.375,
      -6.25 0.6414815 3.314705,
      -6.25 0.65 3.25,
      -6.25 1.31137 1.776132,
      -6.25 0.6414815 3.185295,
      -6.25 0.6165063 3.125,
      -6.25 0.5767767 3.073223,
      -6.25 0.525 3.033494,
      -6.25 0.4647048 3.008518,
      -6.25 0.4 3,
      -6.25 0.3 3,
      -6.25 1.313078 1.710891,
      -6.25 0.3 0.1499996,
      -6.25 1.331614 1.648316,
      -6.25 1.365713 1.59267,
      -6.25 3.520891 1.503078,
      -6.25 3.458316 1.521614,
      -6.25 1.661684 1.521614,
      -6.25 1.599109 1.503078,
      -6.25 1.533868 1.501369,
      -6.25 1.71733 1.555714,
      -6.25 3.40267 1.555714,
      -6.25 1.762254 1.603054,
      -6.25 3.357746 1.603054,
      -6.25 1.793395 1.660408,
      -6.25 3.326605 1.660408,
      -6.25 1.80863 1.723868,
      -6.25 3.311369 1.723868,
      -6.25 1.922515 2.807404,
      -6.25 3.197485 2.807404,
      -6.25 1.470408 1.516605,
      -6.25 1.413054 1.547746,
      -6.25 3.351545 5.070737,
      -6.25 3.401459 5.035786,
      -6.25 3.441436 4.989798,
      -6.25 3.4691 4.935505,
      -6.25 3.482807 4.876132,
      -6.25 3.80863 1.776132,
      -6.25 3.806922 1.710891,
      -6.25 3.788386 1.648316,
      -6.25 3.754287 1.59267,
      -6.25 3.706946 1.547746,
      -6.25 3.649592 1.516605,
      -6.25 3.586132 1.501369,
      -6.239777 4.897645 0.1499989,
      -6.239778 4.897646 13.25,
      -6.209807 4.969999 0.1499989,
      -6.209807 4.97 13.25,
      -6.162131 5.032131 0.1499989,
      -6.162132 5.032132 13.25,
      -6.1 5.079808 13.25,
      -6.099999 5.079807 0.1499989,
      -6.027646 5.109777 0.1499989,
      -6.027646 5.109778 13.25,
      -5.95 5.12 0.1499997,
      -5.95 5.12 13.25,
      -5.95 5.42 13.25,
      -6.105291 5.399556 13.25,
      -6.25 5.339615 13.25,
      -6.374264 5.244264 13.25,
      -6.469615 5.12 13.25,
      -6.529555 4.975291 13.25,
      -6.55 4.82 13.25,
      -6.55 4.791239 13.25,
      -6.25 4.663449 13.29615,
      -6.55 4.691239 13.2768,
      -6.55 4.739475 13.25681,
      -6.55 4.649817 13.30858,
      -6.25 4.633026 13.32765,
      -6.55 4.618034 13.35,
      -6.25 4.610189 13.36502,
      -6.55 4.598054 13.39824,
      -6.25 4.596034 13.40647,
      -6.55 4.591239 13.45,
      -6.25 4.591239 13.45,
      -6.25 4.591239 13.95,
      -6.25 4.7 13.95,
      -6.22 4.7 13.95,
      -6.22 4.7 10.6,
      -5.82 5.1 13.55,
      -5.82 4.468013 13.95,
      -5.82 4.468013 14.25,
      -5.82 4.7 13.95,
      -5.82 4.72 14.25,
      -5.82 4.72 13.95,
      -5.82 4.901173 14.22615,
      -5.82 4.823528 13.93637,
      -5.82 5.07 14.15622,
      -5.82 4.92 13.89641,
      -5.82 5.214975 14.04497,
      -5.82 5.002843 13.83284,
      -5.82 5.326218 13.9,
      -5.82 5.06641 13.75,
      -5.82 5.396148 13.73117,
      -5.82 5.10637 13.65353,
      -5.82 5.42 13.55,
      -5.82 5.12 13.55,
      -5.82 5.12 13.29801,
      -5.82 5.42 13.29801,
      -5.903264 4.425537 13.95,
      -5.95 4.42 13.95,
      -5.859116 4.441843 13.95,
      -6.491421 4.361422 13.95,
      -6.45 4.393205 13.95,
      -6.55 4.591239 13.95,
      -6.401764 4.413185 13.95,
      -6.35 4.42 13.95,
      -6.55 4.22 13.95,
      -6.543185 4.271764 13.95,
      -6.523205 4.32 13.95,
      -5.95 4.42 14.25,
      -6.35 4.42 14.25,
      -6.3 1.52 14.25,
      -6.3 -1.13 14.25,
      -6.15 1.52 14.25,
      -6.098236 1.526815 14.25,
      -6.05 1.546795 14.25,
      -3.743222 -1.13 14.25,
      -6.008579 1.578579 14.25,
      -3.447214 -0.93 14.25,
      -5.976795 1.62 14.25,
      -5.956815 1.668236 14.25,
      -3.665576 -1.119778 14.25,
      -3.593222 -1.089808 14.25,
      -3.53109 -1.042132 14.25,
      -3.483414 -0.98 14.25,
      -3.472503 -0.9625167 14.25,
      -3.460417 -0.9458238 14.25,
      3.052969 -0.8832554 14.25,
      0.4 4.548318 14.25,
      3 -0.93 14.25,
      -0.4 4.548318 14.25,
      -4.8 4.548318 14.25,
      -5.95 1.72 14.25,
      -5.956815 1.771764 14.25,
      3.115401 -0.8501937 14.25,
      3.183834 -0.8326482 14.25,
      4.95 4.548318 14.25,
      5.956815 1.771764 14.25,
      5.976795 1.82 14.25,
      5.95 1.72 14.25,
      3.254471 -0.8315919 14.25,
      5.956815 1.668236 14.25,
      3.323398 -0.8470834 14.25,
      5.976795 1.62 14.25,
      3.38679 -0.8782637 14.25,
      6.008579 1.578579 14.25,
      3.441134 -0.9234036 14.25,
      3.743222 -1.13 14.25,
      3.483414 -0.98 14.25,
      3.53109 -1.042132 14.25,
      3.593222 -1.089808 14.25,
      3.665576 -1.119778 14.25,
      6.05 1.546795 14.25,
      6.3 -1.13 14.25,
      6.098236 1.526815 14.25,
      6.15 1.52 14.25,
      6.3 1.52 14.25,
      6.008579 1.861421 14.25,
      6.05 1.893205 14.25,
      5.85 4.446795 14.25,
      5.898236 4.426815 14.25,
      6.098236 1.913185 14.25,
      5.95 4.42 14.25,
      6.55 2.12 14.25,
      6.15 1.92 14.25,
      6.35 1.92 14.25,
      6.401764 1.926815 14.25,
      6.45 1.946795 14.25,
      6.491421 1.978579 14.25,
      6.523205 2.02 14.25,
      6.543185 2.068236 14.25,
      6.55 4.22 14.25,
      6.35 4.42 14.25,
      6.543185 4.271764 14.25,
      6.523205 4.32 14.25,
      6.491421 4.361422 14.25,
      6.45 4.393205 14.25,
      6.401764 4.413185 14.25,
      5.808578 4.478579 14.25,
      5.776795 4.52 14.25,
      5.756815 4.568236 14.25,
      5.75 4.62 14.25,
      4.95 4.72 14.25,
      5.75 4.72 14.25,
      0.4 4.72 14.25,
      -0.4 4.72 14.25,
      -5.859116 4.441843 14.25,
      -6.05 1.893205 14.25,
      -4.838823 4.55343 14.25,
      -6.008579 1.861421 14.25,
      -5.976795 1.82 14.25,
      -4.875 4.568415 14.25,
      -4.906066 4.592253 14.25,
      -4.929904 4.623319 14.25,
      -4.944889 4.659496 14.25,
      -4.95 4.698318 14.25,
      -4.95 4.72 14.25,
      -5.903264 4.425537 14.25,
      -6.098236 1.913185 14.25,
      -6.55 2.12 14.25,
      -6.15 1.92 14.25,
      -6.35 1.92 14.25,
      -6.55 4.22 14.25,
      -6.401764 4.413185 14.25,
      -6.45 4.393205 14.25,
      -6.491421 4.361422 14.25,
      -6.523205 4.32 14.25,
      -6.543185 4.271764 14.25,
      -6.543185 2.068236 14.25,
      -6.523205 2.02 14.25,
      -6.491421 1.978579 14.25,
      -6.45 1.946795 14.25,
      -6.401764 1.926815 14.25,
      -6.15 1.52 13.95,
      -6.25 1.52 13.95,
      -6.3 1.52 13.95,
      -6.455291 1.52 14.22956,
      -6.377645 1.52 13.93978,
      -6.45 1.52 13.90981,
      -6.6 1.52 14.16961,
      -6.512132 1.52 13.86213,
      -6.724264 1.52 14.07426,
      -6.559808 1.52 13.8,
      -6.819615 1.52 13.95,
      -6.589778 1.52 13.72765,
      -6.879556 1.52 13.80529,
      -6.6 1.52 13.65,
      -6.9 1.52 13.65,
      -6.6 1.52 11.05,
      -6.9 1.52 11.05,
      -6.9 -1.13 13.65,
      -6.879556 -1.13 13.80529,
      -6.819615 -1.13 13.95,
      -6.724264 -1.13 14.07426,
      -6.6 -1.13 14.16961,
      -6.455291 -1.13 14.22956,
      -6.9 -0.4748889 13.13882,
      -6.9 -0.48 13.1,
      -6.9 -0.48 11.7,
      -6.9 -1.13 11.05,
      -6.9 -0.4748889 11.66118,
      -6.9 -0.4599038 11.625,
      -6.9 0.8088229 13.24489,
      -6.9 0.77 13.25,
      -6.9 -0.33 13.25,
      -6.9 -0.3688228 13.24489,
      -6.9 -0.405 13.2299,
      -6.9 0.8999038 11.625,
      -6.9 0.9148889 11.66118,
      -6.9 0.92 11.7,
      -6.9 0.92 13.1,
      -6.9 0.9148889 13.13882,
      -6.9 1.509778 10.97235,
      -6.9 1.22 10.75,
      -6.9 0.845 11.5701,
      -6.9 0.876066 11.59393,
      -6.9 1.479808 10.9,
      -6.9 1.432132 10.83787,
      -6.9 1.37 10.79019,
      -6.9 1.297646 10.76022,
      -6.9 -0.405 11.5701,
      -6.9 -0.3688228 11.55511,
      -6.9 -0.83 10.75,
      -6.9 -0.33 11.55,
      -6.9 0.77 11.55,
      -6.9 0.8088229 11.55511,
      -6.9 -0.9076457 10.76022,
      -6.9 -0.98 10.79019,
      -6.9 -1.042132 10.83787,
      -6.9 -1.089808 10.9,
      -6.9 -1.119778 10.97235,
      -6.9 0.8999038 13.175,
      -6.9 0.876066 13.20607,
      -6.9 0.845 13.2299,
      -6.9 -0.436066 13.20607,
      -6.9 -0.4599038 13.175,
      -6.9 -0.436066 11.59393,
      -6.6 -0.83 10.75,
      -6.6 -0.9076457 10.76022,
      -6.6 -0.98 10.79019,
      -6.6 -1.042132 10.83787,
      -6.6 -1.089808 10.9,
      -6.6 -1.119778 10.97235,
      -6.6 -1.13 11.05,
      -3.743222 -1.13 13.95,
      -6.3 -1.13 13.95,
      -6.377645 -1.13 13.93978,
      -6.45 -1.13 13.90981,
      -6.512132 -1.13 13.86213,
      -6.559808 -1.13 13.8,
      -6.589778 -1.13 13.72765,
      -6.6 -1.13 13.65,
      -6.25 -1.1 13.95,
      -3.612602 -1.100073 13.95,
      -3.654474 -1.116573 13.95,
      -3.698343 -1.126624 13.95,
      -3.483414 -0.98 13.95,
      -3.518177 -1.02838 13.95,
      -3.561813 -1.068937 13.95,
      -3.472503 -0.9625167 13.95,
      -3.460417 -0.9458238 13.95,
      -3.447214 -0.93 13.95,
      3 -0.93 13.95,
      3.483414 -0.98 13.95,
      3.441134 -0.9234036 13.95,
      3.38679 -0.8782637 13.95,
      3.323398 -0.8470834 13.95,
      3.254471 -0.8315919 13.95,
      3.183834 -0.8326482 13.95,
      3.115401 -0.8501937 13.95,
      3.052969 -0.8832554 13.95,
      3.65437 -1.11654 13.95,
      3.612455 -1.1 13.95,
      3.561726 -1.06887 13.95,
      3.51814 -1.028339 13.95,
      3.698289 -1.126616 13.95,
      3.743222 -1.13 13.95,
      -4.25 -1.1 13.35,
      -6.25 -1.1 13.25,
      -4.25 -1.1 13.15,
      -6.25 -1.1 11.75,
      -3.75 -1.1 11.85,
      -3.75 -1.1 11.65,
      -6.25 -1.1 11.05,
      -3.25 -1.1 11.65,
      1.25 -1.1 11.65,
      0.75 -1.1 11.65,
      6.22 -1.1 11.05,
      -0.75 -1.1 11.65,
      -1.25 -1.1 11.65,
      -1.25 -1.1 11.85,
      -3.25 -1.1 11.85,
      -2.28 -1.1 13.12,
      -3.75 -1.1 13.15,
      -2.28 -1.1 13.38,
      -3.75 -1.1 13.35,
      2.28 -1.1 13.38,
      3.72 -1.1 13.38,
      4.28 -1.1 13.38,
      6.22 -1.1 13.95,
      4.28 -1.1 13.12,
      3.78 -1.1 11.88,
      3.78 -1.1 11.62,
      -1.72 -1.1 13.38,
      -0.28 -1.1 13.38,
      0.28 -1.1 13.38,
      1.72 -1.1 13.38,
      0.28 -1.1 13.12,
      1.72 -1.1 13.12,
      1.25 -1.1 11.85,
      2.28 -1.1 13.12,
      3.22 -1.1 11.88,
      3.72 -1.1 13.12,
      3.22 -1.1 11.62,
      -1.72 -1.1 13.12,
      -0.75 -1.1 11.85,
      -0.28 -1.1 13.12,
      0.75 -1.1 11.85,
      6.22 1.52 13.95,
      6.3 1.52 13.95,
      6.3 -1.13 13.95,
      6.22 2.525765e-07 11.055,
      6.22 2.525765e-07 10.6,
      6.22 -1.44 10.6,
      6.22 -1.44 11.05,
      6.22 2.27 11.5,
      6.22 4.7 11.055,
      6.22 3.77 11.5,
      6.22 4.7 13.95,
      6.22 4.42 13.95,
      6.22 3.77 13.95,
      6.22 2.27 13.95,
      6.22 1.92 13.95,
      6.15 1.92 13.95,
      6.15 1.52 13.95,
      6.098236 1.913185 13.95,
      6.05 1.893205 13.95,
      6.008579 1.861421 13.95,
      5.976795 1.82 13.95,
      5.956815 1.771764 13.95,
      5.95 1.72 13.95,
      5.956815 1.668236 13.95,
      5.976795 1.62 13.95,
      6.008579 1.578579 13.95,
      6.05 1.546795 13.95,
      6.098236 1.526815 13.95,
      6.9 1.52 11.05,
      6.6 1.52 11.05,
      6.9 1.52 13.65,
      6.6 1.52 13.65,
      6.879556 1.52 13.80529,
      6.589778 1.52 13.72765,
      6.559808 1.52 13.8,
      6.819615 1.52 13.95,
      6.512132 1.52 13.86213,
      6.724264 1.52 14.07426,
      6.45 1.52 13.90981,
      6.6 1.52 14.16961,
      6.377645 1.52 13.93978,
      6.455291 1.52 14.22956,
      6.9 -1.13 13.65,
      6.879556 -1.13 13.80529,
      6.819615 -1.13 13.95,
      6.724264 -1.13 14.07426,
      6.6 -1.13 14.16961,
      6.455291 -1.13 14.22956,
      6.9 0.8088229 11.55511,
      6.9 0.77 11.55,
      6.9 1.22 10.75,
      6.9 -0.33 11.55,
      6.9 -0.83 10.75,
      6.9 -0.3688228 11.55511,
      6.9 -0.405 11.5701,
      6.9 1.297646 10.76022,
      6.9 1.37 10.79019,
      6.9 1.432132 10.83787,
      6.9 1.479808 10.9,
      6.9 1.509778 10.97235,
      6.9 0.845 11.5701,
      6.9 0.876066 11.59393,
      6.9 0.9148889 13.13882,
      6.9 0.92 13.1,
      6.9 0.92 11.7,
      6.9 0.9148889 11.66118,
      6.9 0.8999038 11.625,
      6.9 -0.405 13.2299,
      6.9 -0.3688228 13.24489,
      6.9 -0.33 13.25,
      6.9 0.77 13.25,
      6.9 0.8088229 13.24489,
      6.9 -0.4599038 11.625,
      6.9 -0.4748889 11.66118,
      6.9 -1.13 11.05,
      6.9 -0.48 11.7,
      6.9 -0.48 13.1,
      6.9 -0.4748889 13.13882,
      6.9 -1.119778 10.97235,
      6.9 -0.436066 11.59393,
      6.9 -1.089808 10.9,
      6.9 -1.042132 10.83787,
      6.9 -0.98 10.79019,
      6.9 -0.9076457 10.76022,
      6.9 -0.4599038 13.175,
      6.9 -0.436066 13.20607,
      6.9 0.845 13.2299,
      6.9 0.876066 13.20607,
      6.9 0.8999038 13.175,
      6.6 -1.13 11.05,
      6.6 -1.119778 10.97235,
      6.6 -1.089808 10.9,
      6.6 -1.042132 10.83787,
      6.6 -0.98 10.79019,
      6.6 -0.9076457 10.76022,
      6.6 -0.83 10.75,
      6.6 1.22 10.75,
      6.6 1.297646 10.76022,
      6.6 1.37 10.79019,
      6.6 1.432132 10.83787,
      6.6 1.479808 10.9,
      6.6 1.509778 10.97235,
      6.6 -0.4748889 13.13882,
      6.6 -0.48 13.1,
      6.6 -1.13 13.65,
      6.6 -0.48 11.7,
      6.6 -0.4748889 11.66118,
      6.6 -0.4599038 11.625,
      6.6 0.8088229 13.24489,
      6.6 0.77 13.25,
      6.6 -0.33 13.25,
      6.6 -0.3688228 13.24489,
      6.6 -0.405 13.2299,
      6.6 0.8999038 11.625,
      6.6 0.9148889 11.66118,
      6.6 0.92 11.7,
      6.6 0.92 13.1,
      6.6 0.9148889 13.13882,
      6.6 0.845 11.5701,
      6.6 0.876066 11.59393,
      6.6 -0.405 11.5701,
      6.6 -0.3688228 11.55511,
      6.6 -0.33 11.55,
      6.6 0.77 11.55,
      6.6 0.8088229 11.55511,
      6.6 -0.436066 11.59393,
      6.6 0.8999038 13.175,
      6.6 0.876066 13.20607,
      6.6 0.845 13.2299,
      6.6 -0.436066 13.20607,
      6.6 -0.4599038 13.175,
      6.589778 -1.13 13.72765,
      6.559808 -1.13 13.8,
      6.512132 -1.13 13.86213,
      6.45 -1.13 13.90981,
      6.377645 -1.13 13.93978,
      6.35 1.92 13.95,
      6.25 1.92 13.95,
      6.401764 1.926815 13.95,
      6.45 1.946795 13.95,
      6.491421 1.978579 13.95,
      6.523205 2.02 13.95,
      6.543185 2.068236 13.95,
      6.55 2.12 13.95,
      6.55 0.3 10.4,
      6.55 0.3 6,
      6.55 0.3387611 10.4,
      6.55 0.4 6,
      6.55 0.4647048 5.991481,
      6.55 0.525 5.966506,
      6.55 2.32 11.15,
      6.55 2.268236 11.15681,
      6.55 0.5767767 5.926777,
      6.55 3.234177 5.1,
      6.55 3.72 11.15,
      6.55 3.294657 5.092574,
      6.55 3.771764 11.15681,
      6.55 3.351545 5.070737,
      6.55 3.82 11.1768,
      6.55 3.401459 5.035786,
      6.55 3.861421 11.20858,
      6.55 3.441436 4.989798,
      6.55 3.893205 11.25,
      6.55 3.4691 4.935505,
      6.55 3.913185 11.29824,
      6.55 3.482807 4.876132,
      6.55 4.82 13.25,
      6.55 4.82 0,
      6.55 1.885823 5.1,
      6.55 0.6165063 5.875,
      6.55 0.6414815 5.814705,
      6.55 1.825343 5.092574,
      6.55 0.65 5.75,
      6.55 1.768455 5.070737,
      6.55 1.71854 5.035786,
      6.55 0.6414815 5.685295,
      6.55 1.678564 4.989798,
      6.55 0.6165063 5.625,
      6.55 1.6509 4.935505,
      6.55 0.5767767 5.573223,
      6.55 1.637193 4.876132,
      6.55 0.525 5.533494,
      6.55 0.4647048 5.508519,
      6.55 0.4647048 3.491482,
      6.55 0.4 3.5,
      6.55 0.4 5.5,
      6.55 -1.315734 4.611475,
      6.55 -1.32267 4.581886,
      6.55 -1.359064 4.720259,
      6.55 -1.338468 4.697912,
      6.55 -1.29 5.5,
      6.55 -1.323873 4.671255,
      6.55 -1.316143 4.641863,
      6.55 -1.328823 5.494889,
      6.55 -1.44 5.35,
      6.55 -1.44 4.826556,
      6.55 -1.384444 4.736976,
      6.55 -1.365 5.479904,
      6.55 -1.396066 5.456066,
      6.55 -1.419904 5.425,
      6.55 -1.434889 5.388823,
      6.55 -1.437545 4.804533,
      6.55 -1.4303 4.783592,
      6.55 -1.418621 4.76476,
      6.55 -1.403081 4.748963,
      6.55 -1.336543 4.554846,
      6.55 -1.35653 4.531953,
      6.55 -1.381452 4.514559,
      6.55 -2.09 3.5,
      6.55 -1.409834 4.503695,
      6.55 -1.44 4.5,
      6.55 -2.09 4.5,
      6.55 -2.24 4.35,
      6.55 -2.24 3.65,
      6.55 -2.128823 3.505111,
      6.55 -2.128823 4.494889,
      6.55 -2.165 4.479904,
      6.55 -2.196066 4.456066,
      6.55 -2.219904 4.425,
      6.55 -2.234889 4.388823,
      6.55 -2.234889 3.611177,
      6.55 -2.219904 3.575,
      6.55 -2.196066 3.543934,
      6.55 -2.165 3.520096,
      6.55 0.525 3.466506,
      6.55 0.5767767 3.426777,
      6.55 0.6165063 3.375,
      6.55 0.6414815 3.314705,
      6.55 0.65 3.25,
      6.55 1.31137 1.776132,
      6.55 0.6414815 3.185295,
      6.55 0.6165063 3.125,
      6.55 0.5767767 3.073223,
      6.55 0.525 3.033494,
      6.55 0.4647048 3.008518,
      6.55 0.4 3,
      6.55 0.3 3,
      6.55 1.313078 1.710891,
      6.55 0.3 0,
      6.55 1.331614 1.648316,
      6.55 1.365713 1.59267,
      6.55 3.586132 1.501369,
      6.55 3.520891 1.503078,
      6.55 3.458316 1.521614,
      6.55 1.661684 1.521614,
      6.55 1.599109 1.503078,
      6.55 3.92 11.35,
      6.55 4.791239 13.25,
      6.55 3.92 12.95,
      6.55 4.739475 13.25681,
      6.55 4.691239 13.2768,
      6.55 4.649817 13.30858,
      6.55 3.913185 13.00176,
      6.55 4.618034 13.35,
      6.55 3.893205 13.05,
      6.55 4.598054 13.39824,
      6.55 3.861421 13.09142,
      6.55 4.591239 13.45,
      6.55 3.82 13.12321,
      6.55 4.591239 13.95,
      6.55 4.22 13.95,
      6.55 3.62 13.12321,
      6.55 3.668236 13.14319,
      6.55 1.771624 13.95,
      6.55 1.761401 13.87235,
      6.55 1.731431 13.8,
      6.55 2.22 13.12321,
      6.55 1.683756 13.73787,
      6.55 2.178579 13.09142,
      6.55 1.621624 13.69019,
      6.55 2.146795 13.05,
      6.55 1.549269 13.66022,
      6.55 2.126815 13.00176,
      6.55 1.471624 13.65,
      6.55 2.12 12.95,
      6.55 0.62 13.26038,
      6.55 0.62 12.0293,
      6.55 -0.43 13.65,
      6.55 -0.18 13.26038,
      6.55 -0.4688229 13.64489,
      6.55 -0.58 13.5,
      6.55 -0.58 13.4,
      6.55 -0.5851111 13.36118,
      6.55 -0.6000962 13.325,
      6.55 -0.505 13.6299,
      6.55 -0.536066 13.60607,
      6.55 -0.5599038 13.575,
      6.55 -0.5748889 13.53882,
      6.55 -0.623934 13.29393,
      6.55 -0.655 13.2701,
      6.55 -0.6911771 13.25511,
      6.55 -0.18 12.0293,
      6.55 -0.73 13.25,
      6.55 -0.68 11.75,
      6.55 -2.39 11.75,
      6.55 -2.39 13.25,
      6.55 -2.54 11.9,
      6.55 -2.428823 11.75511,
      6.55 -2.465 11.7701,
      6.55 -2.54 13.1,
      6.55 -2.428823 13.24489,
      6.55 -2.465 13.2299,
      6.55 -2.496066 13.20607,
      6.55 -2.519904 13.175,
      6.55 -2.534889 13.13882,
      6.55 -2.534889 11.86118,
      6.55 -2.519904 11.825,
      6.55 -2.496066 11.79393,
      6.55 -0.6411771 11.74489,
      6.55 -0.605 11.7299,
      6.55 -0.1761581 11.99029,
      6.55 -0.573934 11.70607,
      6.55 -0.1647753 11.95276,
      6.55 -0.5500962 11.675,
      6.55 -0.1462938 11.91819,
      6.55 -0.1214214 11.88788,
      6.55 -0.5351111 11.63882,
      6.55 -0.09111355 11.86301,
      6.55 -0.53 11.6,
      6.55 -0.05653948 11.84452,
      6.55 -0.455 10.9201,
      6.55 -0.4188229 10.90511,
      6.55 -0.53 11.05,
      6.55 -0.38 10.9,
      6.55 -0.01900749 11.83314,
      6.55 -0.5248889 11.01118,
      6.55 -0.5099038 10.975,
      6.55 -0.486066 10.94393,
      6.55 0.02 11.8293,
      6.55 0.3387611 10.9,
      6.55 0.42 11.8293,
      6.55 0.4590075 11.83314,
      6.55 2.22 11.1768,
      6.55 2.178579 11.20858,
      6.55 2.146795 11.25,
      6.55 2.126815 11.29824,
      6.55 2.12 11.35,
      6.55 0.6161581 11.99029,
      6.55 0.6047752 11.95276,
      6.55 0.5862938 11.91819,
      6.55 0.5614213 11.88788,
      6.55 0.5311136 11.86301,
      6.55 0.4965395 11.84452,
      6.55 3.80863 1.776132,
      6.55 3.806922 1.710891,
      6.55 3.788386 1.648316,
      6.55 3.754287 1.59267,
      6.55 3.706946 1.547746,
      6.55 3.649592 1.516605,
      6.55 1.71733 1.555714,
      6.55 3.40267 1.555714,
      6.55 3.357746 1.603054,
      6.55 1.762254 1.603054,
      6.55 3.326605 1.660408,
      6.55 1.793395 1.660408,
      6.55 3.311369 1.723868,
      6.55 1.80863 1.723868,
      6.55 3.197485 2.807404,
      6.55 1.922515 2.807404,
      6.55 1.533868 1.501369,
      6.55 1.470408 1.516605,
      6.55 1.413054 1.547746,
      6.55 2.268236 13.14319,
      6.55 2.32 13.15,
      6.55 2.371764 13.14319,
      6.55 2.42 13.12321,
      6.55 2.461421 13.09142,
      6.55 3.578579 13.09142,
      6.55 2.493205 13.05,
      6.55 3.546795 13.05,
      6.55 3.526815 13.00176,
      6.55 2.513185 13.00176,
      6.55 3.52 12.95,
      6.55 2.52 12.95,
      6.55 2.52 12.82899,
      6.55 3.52 12.82899,
      6.55 3.72 13.15,
      6.55 3.771764 13.14319,
      6.02 -0.2959027 10.4,
      6.16094 -0.2616978 10.4,
      6.02 2.525765e-07 10.4,
      6.278 2.525765e-07 10.4,
      6.289555 -0.1946743 10.4,
      6.39833 -0.09874804 10.4,
      6.480911 0.02047611 10.4,
      6.532472 0.1560322 10.4,
      6.278 0.3387611 10.4,
      6.02 -1.44 10.4,
      6.25 2.525765e-07 11.055,
      6.25 2.525765e-07 10.9,
      6.278 2.525765e-07 10.9,
      6.278 0.3387611 10.9,
      6.25 -0.38 10.9,
      6.25 -0.4188229 10.90511,
      6.25 -0.53 11.05,
      6.25 -0.455 10.9201,
      6.25 -0.486066 10.94393,
      6.25 -0.5099038 10.975,
      6.25 -0.5248889 11.01118,
      6.25 -0.53 11.6,
      6.25 -0.5351111 11.63882,
      6.25 -0.5500962 11.675,
      6.25 -2.465 13.2299,
      6.25 -2.428823 13.24489,
      6.25 -2.54 13.1,
      6.25 -2.39 13.25,
      6.25 -2.39 11.75,
      6.25 -0.73 13.25,
      6.25 -0.68 11.75,
      6.25 -0.6911771 13.25511,
      6.25 -0.6411771 11.74489,
      6.25 -0.655 13.2701,
      6.25 -0.605 11.7299,
      6.25 -0.623934 13.29393,
      6.25 -0.573934 11.70607,
      6.25 -0.6000962 13.325,
      6.25 1.471624 13.65,
      6.25 2.12 12.95,
      6.25 2.126815 13.00176,
      6.25 -2.54 11.9,
      6.25 -2.428823 11.75511,
      6.25 -2.465 11.7701,
      6.25 -2.496066 11.79393,
      6.25 -2.519904 11.825,
      6.25 -2.534889 11.86118,
      6.25 -2.534889 13.13882,
      6.25 -2.519904 13.175,
      6.25 -2.496066 13.20607,
      6.25 -0.5851111 13.36118,
      6.25 -0.43 13.65,
      6.25 -0.58 13.4,
      6.25 -0.58 13.5,
      6.25 -0.4688229 13.64489,
      6.25 -0.505 13.6299,
      6.25 -0.5748889 13.53882,
      6.25 -0.5599038 13.575,
      6.25 -0.536066 13.60607,
      6.25 1.549269 13.66022,
      6.25 2.146795 13.05,
      6.25 1.621624 13.69019,
      6.25 2.178579 13.09142,
      6.25 1.683756 13.73787,
      6.25 2.22 13.12321,
      6.25 1.731431 13.8,
      6.25 2.268236 13.14319,
      6.25 1.761401 13.87235,
      6.25 1.771624 13.95,
      6.25 3.771764 13.14319,
      6.25 3.72 13.15,
      6.25 4.42 13.95,
      6.25 3.668236 13.14319,
      6.25 3.62 13.12321,
      6.25 2.42 13.12321,
      6.25 2.461421 13.09142,
      6.25 4.591239 13.95,
      6.25 4.591239 13.45,
      6.25 3.82 13.12321,
      6.25 3.861421 13.09142,
      6.25 4.598054 13.39824,
      6.25 3.893205 13.05,
      6.25 4.618034 13.35,
      6.25 3.913185 13.00176,
      6.25 4.649817 13.30858,
      6.25 3.92 12.95,
      6.25 4.691239 13.2768,
      6.25 4.739475 13.25681,
      6.25 4.791239 13.25,
      6.25 4.67 11.055,
      6.25 3.92 11.35,
      6.25 3.913185 11.29824,
      6.25 4.82 13.25,
      6.249999 4.82 0.1499989,
      6.25 3.482807 4.876132,
      6.25 3.4691 4.935505,
      6.25 1.599109 1.503078,
      6.25 1.661684 1.521614,
      6.25 0.3 0.1499996,
      6.25 3.458316 1.521614,
      6.25 3.520891 1.503078,
      6.25 3.586132 1.501369,
      6.25 0.4 3,
      6.25 1.31137 1.776132,
      6.25 0.3 3,
      6.25 1.313078 1.710891,
      6.25 1.331614 1.648316,
      6.25 1.365713 1.59267,
      6.25 0.4647048 3.008518,
      6.25 0.525 3.033494,
      6.25 0.5767767 3.073223,
      6.25 0.6165063 3.125,
      6.25 0.6414815 3.185295,
      6.25 0.65 3.25,
      6.25 1.637193 4.876132,
      6.25 0.6414815 3.314705,
      6.25 0.6165063 3.375,
      6.25 0.5767767 3.426777,
      6.25 0.525 3.466506,
      6.25 0.4647048 3.491482,
      6.25 -1.32267 4.581886,
      6.25 -1.315734 4.611475,
      6.25 0.4 3.5,
      6.25 0.4 5.5,
      6.25 0.4647048 5.508519,
      6.25 0.525 5.533494,
      6.25 0.5767767 5.573223,
      6.25 -1.44 4.5,
      6.25 -1.409834 4.503695,
      6.25 -2.09 3.5,
      6.25 -1.381452 4.514559,
      6.25 -1.35653 4.531953,
      6.25 -1.336543 4.554846,
      6.25 -2.24 3.65,
      6.25 -2.128823 3.505111,
      6.25 -2.165 3.520096,
      6.25 -2.196066 3.543934,
      6.25 -2.219904 3.575,
      6.25 -2.234889 3.611177,
      6.25 -2.24 4.35,
      6.25 -2.09 4.5,
      6.25 -2.234889 4.388823,
      6.25 -2.219904 4.425,
      6.25 -2.196066 4.456066,
      6.25 -2.165 4.479904,
      6.25 -2.128823 4.494889,
      6.25 -1.316143 4.641863,
      6.25 -1.323873 4.671255,
      6.25 -1.29 5.5,
      6.25 -1.338468 4.697912,
      6.25 -1.359064 4.720259,
      6.25 -1.44 4.826556,
      6.25 -1.384444 4.736976,
      6.25 -1.403081 4.748963,
      6.25 -1.418621 4.76476,
      6.25 -1.4303 4.783592,
      6.25 -1.437545 4.804533,
      6.25 -1.44 5.35,
      6.25 -1.328823 5.494889,
      6.25 -1.434889 5.388823,
      6.25 -1.419904 5.425,
      6.25 -1.396066 5.456066,
      6.25 -1.365 5.479904,
      6.25 1.6509 4.935505,
      6.25 0.6165063 5.625,
      6.25 1.678564 4.989798,
      6.25 0.6414815 5.685295,
      6.25 1.71854 5.035786,
      6.25 0.65 5.75,
      6.25 1.768455 5.070737,
      6.25 1.825343 5.092574,
      6.25 0.6414815 5.814705,
      6.25 1.885823 5.1,
      6.25 0.6165063 5.875,
      6.25 0.5767767 5.926777,
      6.25 3.234177 5.1,
      6.25 3.294657 5.092574,
      6.25 3.351545 5.070737,
      6.25 0.525 5.966506,
      6.25 0.4647048 5.991481,
      6.25 0.4 6,
      6.25 0.3 6,
      6.25 2.22 11.1768,
      6.25 2.268236 11.15681,
      6.25 2.32 11.15,
      6.25 3.72 11.15,
      6.25 3.771764 11.15681,
      6.25 1.413054 1.547746,
      6.25 1.470408 1.516605,
      6.25 1.533868 1.501369,
      6.25 1.71733 1.555714,
      6.25 3.40267 1.555714,
      6.25 3.357746 1.603054,
      6.25 1.762254 1.603054,
      6.25 3.326605 1.660408,
      6.25 1.793395 1.660408,
      6.25 3.311369 1.723868,
      6.25 1.80863 1.723868,
      6.25 3.197485 2.807404,
      6.25 1.922515 2.807404,
      6.25 3.649592 1.516605,
      6.25 3.706946 1.547746,
      6.25 3.754287 1.59267,
      6.25 3.788386 1.648316,
      6.25 3.806922 1.710891,
      6.25 3.80863 1.776132,
      6.25 3.441436 4.989798,
      6.25 3.401459 5.035786,
      6.25 2.12 11.35,
      6.25 2.126815 11.29824,
      6.25 2.146795 11.25,
      6.25 2.178579 11.20858,
      6.25 3.82 11.1768,
      6.25 3.861421 11.20858,
      6.25 3.893205 11.25,
      6.25 3.578579 13.09142,
      6.25 3.546795 13.05,
      6.25 2.493205 13.05,
      6.25 3.526815 13.00176,
      6.25 2.513185 13.00176,
      6.25 3.52 12.95,
      6.25 2.52 12.95,
      6.25 3.52 12.82899,
      6.25 2.52 12.82899,
      6.25 2.371764 13.14319,
      6.25 2.32 13.15,
      5.82 5.1 13.29801,
      5.82 5.1 13.55,
      5.75 4.7 13.95,
      5.75 5.1 13.55,
      5.75 4.62 13.95,
      5.95 4.42 13.95,
      5.756815 4.568236 13.95,
      5.776795 4.52 13.95,
      5.808578 4.478579 13.95,
      5.85 4.446795 13.95,
      5.898236 4.426815 13.95,
      6.35 4.42 13.95,
      5.92 2.27 13.95,
      5.92 3.77 13.95,
      5.92 3.77 11.5,
      5.92 2.27 11.5,
      6.543185 4.271764 13.95,
      6.523205 4.32 13.95,
      6.401764 4.413185 13.95,
      6.45 4.393205 13.95,
      6.491421 4.361422 13.95,
      5.95 5.12 13.25,
      6.027646 5.109778 13.25,
      5.95 5.42 13.25,
      6.105291 5.399556 13.25,
      6.1 5.079808 13.25,
      6.25 5.339615 13.25,
      6.162132 5.032132 13.25,
      6.374264 5.244264 13.25,
      6.209807 4.97 13.25,
      6.469615 5.12 13.25,
      6.239778 4.897646 13.25,
      6.529555 4.975291 13.25,
      6.529555 4.975291 0,
      6.469615 5.12 0,
      6.374264 5.244264 0,
      6.25 5.339615 0,
      6.105291 5.399556 0,
      5.95 5.42 0,
      -3.919954 5.42 0.9,
      -2.080046 5.42 0.9,
      -5.95 5.42 0,
      2.080046 5.42 0.9,
      3.919954 5.42 0.9,
      3.993377 5.42 0.9091237,
      -5.903264 5.42 13.25554,
      -5.25 5.42 11.5,
      -5.25 5.42 10,
      -4.7 5.42 6.673853,
      -4.218812 5.42 1.173853,
      -5.859116 5.42 13.27184,
      -4.875 5.42 13.3701,
      -4.906066 5.42 13.39393,
      -4.95 5.42 13.5,
      -4.944889 5.42 13.46118,
      -4.929904 5.42 13.425,
      -4.95 5.42 13.55,
      -4.838823 5.42 13.35511,
      -4.8 5.42 13.35,
      -3.75 5.42 11.5,
      -0.55 5.42 13.35,
      -3.75 5.42 10,
      -1.496252 5.42 6.981908,
      -1.572712 5.42 6.998858,
      -0.2313682 5.42 6.8,
      -0.5111771 5.42 13.35511,
      0.5111771 5.42 13.35511,
      -0.475 5.42 13.3701,
      0.475 5.42 13.3701,
      -0.443934 5.42 13.39393,
      0.443934 5.42 13.39393,
      -0.4200962 5.42 13.425,
      0.4200962 5.42 13.425,
      -0.4051111 5.42 13.46118,
      0.4051111 5.42 13.46118,
      -0.4 5.42 13.5,
      0.4 5.42 13.5,
      -0.4 5.42 13.55,
      0.4 5.42 13.55,
      0.3888033 5.42 6.8,
      0.55 5.42 13.35,
      1.496252 5.42 6.981908,
      3.75 5.42 10.13398,
      1.572712 5.42 6.998858,
      1.650953 5.42 6.995442,
      3.95 5.42 11.5,
      3.898236 5.42 11.49319,
      4.95 5.42 13.35,
      3.85 5.42 11.4732,
      3.808579 5.42 11.44142,
      3.776795 5.42 11.4,
      4.95 5.42 13.55,
      5.75 5.42 13.45,
      5.756815 5.42 13.39824,
      5.776795 5.42 13.35,
      5.75 5.42 13.55,
      5.808578 5.42 13.30858,
      5.85 5.42 13.2768,
      5.101764 5.42 11.49319,
      5.15 5.42 11.4732,
      5.898236 5.42 13.25681,
      5.191422 5.42 11.44142,
      5.223205 5.42 11.4,
      4.218812 5.42 1.173853,
      4.7 5.42 6.673853,
      5.25 5.42 10.13398,
      5.25 5.42 11.3,
      5.243185 5.42 11.35176,
      -4.274356 5.42 6.971892,
      -4.349047 5.42 6.995442,
      -4.427289 5.42 6.998858,
      -4.503747 5.42 6.981908,
      -4.573215 5.42 6.945745,
      5.05 5.42 11.5,
      3.756815 5.42 11.35176,
      3.75 5.42 11.3,
      4.573215 5.42 6.945745,
      4.503747 5.42 6.981908,
      4.427289 5.42 6.998858,
      4.349047 5.42 6.995442,
      4.274356 5.42 6.971892,
      1.725644 5.42 6.971892,
      1.791695 5.42 6.929813,
      4.208305 5.42 6.929813,
      1.844604 5.42 6.872073,
      4.155396 5.42 6.872073,
      1.880766 5.42 6.802606,
      4.119234 5.42 6.802606,
      1.897717 5.42 6.726147,
      4.102283 5.42 6.726147,
      3.868344 5.42 4.052213,
      0.4622263 5.42 6.790876,
      1.426785 5.42 6.945745,
      0.5311834 5.42 6.76406,
      1.369045 5.42 6.892836,
      0.5914803 5.42 6.721183,
      1.326966 5.42 6.826786,
      0.6394496 5.42 6.664853,
      1.303416 5.42 6.752094,
      0.6721736 5.42 6.598495,
      1.3 5.42 6.673853,
      0.6842456 5.42 6.552094,
      0.6876617 5.42 6.526147,
      1.098858 5.42 1.826147,
      1.781188 5.42 1.173853,
      1.095442 5.42 1.747905,
      1.071892 5.42 1.673215,
      -0.8261467 5.42 1.501142,
      -0.7479056 5.42 1.504558,
      -1.877369 5.42 0.9788168,
      0.7479056 5.42 1.504558,
      1.877369 5.42 0.9788168,
      0.8261467 5.42 1.501142,
      1.8294 5.42 1.035147,
      0.9026061 5.42 1.518092,
      1.796676 5.42 1.101505,
      0.972073 5.42 1.554254,
      1.029813 5.42 1.607164,
      -1.937666 5.42 0.9359396,
      1.937666 5.42 0.9359396,
      -2.006623 5.42 0.9091237,
      2.006623 5.42 0.9091237,
      4.062334 5.42 0.9359396,
      4.122631 5.42 0.9788168,
      4.1706 5.42 1.035147,
      4.203324 5.42 1.101505,
      4.696584 5.42 6.752094,
      4.673034 5.42 6.826786,
      4.630955 5.42 6.892836,
      2.131656 5.42 4.052213,
      -0.2394162 5.42 6.799348,
      -0.3906721 5.42 6.778639,
      -1.426785 5.42 6.945745,
      -0.4640951 5.42 6.769515,
      -0.5330523 5.42 6.742699,
      -0.2472543 5.42 6.797409,
      -0.3186153 5.42 6.778639,
      -0.2546782 5.42 6.794234,
      -0.3033494 5.42 6.779271,
      -0.2732573 5.42 6.784424,
      -0.2881932 5.42 6.781204,
      -1.369045 5.42 6.892836,
      -0.5933492 5.42 6.699822,
      -1.326966 5.42 6.826786,
      -0.6413185 5.42 6.643492,
      -1.303416 5.42 6.752094,
      -0.6740424 5.42 6.577134,
      -1.3 5.42 6.673853,
      -0.6895306 5.42 6.504786,
      -1.098858 5.42 1.826147,
      -1.781188 5.42 1.173853,
      -1.095442 5.42 1.747905,
      -1.071892 5.42 1.673215,
      -1.029813 5.42 1.607164,
      -0.972073 5.42 1.554254,
      -1.796676 5.42 1.101505,
      -0.9026061 5.42 1.518092,
      -1.8294 5.42 1.035147,
      -0.6732145 5.42 1.528108,
      0.6732145 5.42 1.528108,
      0.6071637 5.42 1.570187,
      -0.6071637 5.42 1.570187,
      0.5542544 5.42 1.627927,
      -0.5542544 5.42 1.627927,
      0.5180922 5.42 1.697394,
      -0.5180922 5.42 1.697394,
      0.5011416 5.42 1.773853,
      -0.5011416 5.42 1.773853,
      0.3232315 5.42 3.807375,
      -0.3232315 5.42 3.807375,
      -4.208305 5.42 6.929813,
      -1.791695 5.42 6.929813,
      -4.155396 5.42 6.872073,
      -1.844604 5.42 6.872073,
      -4.119234 5.42 6.802606,
      -1.880766 5.42 6.802606,
      -4.102283 5.42 6.726147,
      -1.897717 5.42 6.726147,
      -2.131656 5.42 4.052213,
      -4.630955 5.42 6.892836,
      -4.673034 5.42 6.826786,
      -4.696584 5.42 6.752094,
      -4.203324 5.42 1.101505,
      -4.1706 5.42 1.035147,
      -4.122631 5.42 0.9788168,
      -4.062334 5.42 0.9359396,
      -3.993377 5.42 0.9091237,
      -1.650953 5.42 6.995442,
      -1.725644 5.42 6.971892,
      -3.868344 5.42 4.052213,
      5.903264 5.12 13.25554,
      5.859116 5.12 13.27184,
      5.82 5.12 13.29801,
      5.803663 5.1 13.31367,
      5.7892 5.1 13.33107,
      5.776795 5.12 13.35,
      5.776795 5.1 13.35,
      5.762062 5.12 13.3816,
      5.753038 5.12 13.41527,
      5.75 5.12 13.45,
      -0.2313682 5.12 6.8,
      -3.75 5.12 10.05359,
      -1.496252 5.12 6.981908,
      -1.572712 5.12 6.998858,
      -4.573215 5.12 6.945745,
      -4.503747 5.12 6.981908,
      -5.25 5.12 10.05359,
      -4.427289 5.12 6.998858,
      -4.349047 5.12 6.995442,
      -4.274356 5.12 6.971892,
      -4.673034 5.12 6.826786,
      -4.630955 5.12 6.892836,
      -5.859116 5.12 13.27184,
      -5.903264 5.12 13.25554,
      -4.7 5.12 6.673853,
      -4.696584 5.12 6.752094,
      3.993377 5.12 0.9091237,
      3.919954 5.12 0.9,
      5.95 5.12 0.1499997,
      2.080046 5.12 0.9,
      -2.080046 5.12 0.9,
      -3.919954 5.12 0.9,
      4.7 5.12 6.673853,
      4.218812 5.12 1.173853,
      5.25 5.12 10.05359,
      4.673034 5.12 6.826786,
      4.696584 5.12 6.752094,
      4.274356 5.12 6.971892,
      4.349047 5.12 6.995442,
      3.75 5.12 10.05359,
      4.427289 5.12 6.998858,
      4.503747 5.12 6.981908,
      4.573215 5.12 6.945745,
      0.3888033 5.12 6.8,
      1.496252 5.12 6.981908,
      1.572712 5.12 6.998858,
      1.095442 5.12 1.747905,
      1.781188 5.12 1.173853,
      1.098858 5.12 1.826147,
      1.3 5.12 6.673853,
      0.6876617 5.12 6.526147,
      0.6721736 5.12 6.598495,
      1.071892 5.12 1.673215,
      1.029813 5.12 1.607164,
      0.972073 5.12 1.554254,
      1.796676 5.12 1.101505,
      0.9026061 5.12 1.518092,
      1.8294 5.12 1.035147,
      0.8261467 5.12 1.501142,
      1.877369 5.12 0.9788168,
      0.7479056 5.12 1.504558,
      -1.877369 5.12 0.9788168,
      -0.7479056 5.12 1.504558,
      -0.8261467 5.12 1.501142,
      -0.6732145 5.12 1.528108,
      0.6732145 5.12 1.528108,
      0.6071637 5.12 1.570187,
      -0.6071637 5.12 1.570187,
      0.5542544 5.12 1.627927,
      -0.5542544 5.12 1.627927,
      0.5180922 5.12 1.697394,
      -0.5180922 5.12 1.697394,
      0.5011416 5.12 1.773853,
      -0.5011416 5.12 1.773853,
      0.3232315 5.12 3.807375,
      -0.3232315 5.12 3.807375,
      -1.8294 5.12 1.035147,
      -0.9026061 5.12 1.518092,
      -1.796676 5.12 1.101505,
      -0.972073 5.12 1.554254,
      -1.781188 5.12 1.173853,
      -1.029813 5.12 1.607164,
      -1.071892 5.12 1.673215,
      -1.095442 5.12 1.747905,
      -1.098858 5.12 1.826147,
      -1.3 5.12 6.673853,
      -0.6895306 5.12 6.504786,
      -0.6740424 5.12 6.577134,
      -1.303416 5.12 6.752094,
      -0.6413185 5.12 6.643492,
      -1.326966 5.12 6.826786,
      -0.5933492 5.12 6.699822,
      -1.369045 5.12 6.892836,
      -0.5330523 5.12 6.742699,
      -1.426785 5.12 6.945745,
      -0.4640951 5.12 6.769515,
      -0.3906721 5.12 6.778639,
      -0.3033494 5.12 6.779271,
      -0.254606 5.12 6.794272,
      -0.3186153 5.12 6.778639,
      -0.2472028 5.12 6.797426,
      -0.2393893 5.12 6.799353,
      -0.2881932 5.12 6.781204,
      -0.2732573 5.12 6.784424,
      0.41495 5.12 6.798859,
      1.426785 5.12 6.945745,
      0.4622263 5.12 6.790876,
      0.5311834 5.12 6.76406,
      1.369045 5.12 6.892836,
      0.5914803 5.12 6.721183,
      1.326966 5.12 6.826786,
      0.6394496 5.12 6.664853,
      1.303416 5.12 6.752094,
      -3.993377 5.12 0.9091237,
      -4.062334 5.12 0.9359396,
      -4.122631 5.12 0.9788168,
      -4.1706 5.12 1.035147,
      -4.203324 5.12 1.101505,
      -4.218812 5.12 1.173853,
      -4.208305 5.12 6.929813,
      -1.791695 5.12 6.929813,
      -1.725644 5.12 6.971892,
      -4.155396 5.12 6.872073,
      -1.844604 5.12 6.872073,
      -4.119234 5.12 6.802606,
      -1.880766 5.12 6.802606,
      -4.102283 5.12 6.726147,
      -1.897717 5.12 6.726147,
      -3.868344 5.12 4.052213,
      -2.131656 5.12 4.052213,
      -1.650953 5.12 6.995442,
      -1.937666 5.12 0.9359396,
      1.937666 5.12 0.9359396,
      -2.006623 5.12 0.9091237,
      2.006623 5.12 0.9091237,
      3.868344 5.12 4.052213,
      4.102283 5.12 6.726147,
      1.897717 5.12 6.726147,
      4.119234 5.12 6.802606,
      1.880766 5.12 6.802606,
      4.155396 5.12 6.872073,
      1.844604 5.12 6.872073,
      4.208305 5.12 6.929813,
      1.791695 5.12 6.929813,
      1.725644 5.12 6.971892,
      1.650953 5.12 6.995442,
      4.630955 5.12 6.892836,
      4.203324 5.12 1.101505,
      4.1706 5.12 1.035147,
      4.122631 5.12 0.9788168,
      4.062334 5.12 0.9359396,
      2.131656 5.12 4.052213,
      6.239777 4.897645 0.1499989,
      6.209807 4.969999 0.1499989,
      6.162131 5.032131 0.1499989,
      6.099999 5.079807 0.1499989,
      6.027646 5.109777 0.1499989,
      6.399998 4.819991 -1.392685e-06,
      6.39615 4.878728 -1.392685e-06,
      6.384667 4.936461 -1.392685e-06,
      6.365746 4.992201 -1.392685e-06,
      6.339713 5.044994 -1.392685e-06,
      6.30701 5.093938 -1.392685e-06,
      6.268199 5.138195 -1.392685e-06,
      6.223943 5.177006 -1.392685e-06,
      6.175 5.20971 -1.392685e-06,
      6.122207 5.235744 -1.392685e-06,
      6.066467 5.254665 -1.392685e-06,
      6.008735 5.266149 -1.392685e-06,
      5.949997 5.27 -4.642255e-07,
      -6.384665 0.1835338 -1.392685e-06,
      -6.529555 0.1447086 0,
      -6.396149 0.241266 -1.392685e-06,
      -6.55 0.3 0,
      -6.399999 0.3000032 -4.642255e-07,
      -6.55 4.82 0,
      -6.399999 4.819997 -4.642255e-07,
      -6.396149 4.878734 -1.392685e-06,
      -6.365745 0.1277944 -1.392685e-06,
      -6.469615 0 0,
      -6.33971 0.0750016 -1.392685e-06,
      -6.307008 0.02605862 -1.392685e-06,
      -6.374264 -0.1242641 0,
      -6.268197 -0.01819706 -1.392685e-06,
      -6.223941 -0.0570082 -1.392685e-06,
      -6.25 -0.2196152 0,
      -6.174998 -0.0897107 -1.392685e-06,
      -6.122205 -0.115745 -1.392685e-06,
      -6.105291 -0.2795555 0,
      -6.066466 -0.1346657 -1.392685e-06,
      -6.008734 -0.146149 -1.392685e-06,
      -5.95 -0.3 0,
      -5.949996 -0.1499994 -4.642269e-07,
      -0.01 -0.3 0,
      -0.01 -0.1499999 1.418888e-12,
      -6.529555 4.975291 0,
      -6.384665 4.936466 -1.392685e-06,
      -6.365745 4.992206 -1.392685e-06,
      -6.469615 5.12 0,
      -6.339711 5.044998 -1.392685e-06,
      -6.307008 5.093941 -1.392685e-06,
      -6.374264 5.244264 0,
      -6.268197 5.138197 -1.392685e-06,
      -6.223941 5.177008 -1.392685e-06,
      -6.25 5.339615 0,
      -6.174998 5.209711 -1.392685e-06,
      -6.122205 5.235745 -1.392685e-06,
      -6.105291 5.399556 0,
      -6.066466 5.254665 -1.392685e-06,
      -6.008734 5.266149 -1.392685e-06,
      -5.949997 5.27 -4.642255e-07,
      6.399999 0.3000032 -4.642255e-07,
      6.396149 0.2412654 -1.392685e-06,
      6.529555 0.1447086 0,
      6.384665 0.1835326 -1.392685e-06,
      6.365744 0.1277927 -1.392685e-06,
      6.469615 5.551115e-17 0,
      6.339709 0.07499949 -1.392685e-06,
      6.307006 0.0260562 -1.392685e-06,
      6.374264 -0.1242641 0,
      6.268194 -0.01819965 -1.392685e-06,
      6.223938 -0.05701079 -1.392685e-06,
      6.25 -0.2196152 0,
      6.174994 -0.08971314 -1.392685e-06,
      6.1222 -0.1157471 -1.392685e-06,
      6.105291 -0.2795555 0,
      6.06646 -0.1346673 -1.392685e-06,
      6.008727 -0.1461498 -1.392685e-06,
      5.95 -0.3 0,
      5.949989 -0.1499984 -1.392685e-06,
      0.01 -0.3 0,
      0.01 -0.1499999 1.369312e-12,
      -6.239777 0.2223545 0.1499989,
      -6.209807 0.1500005 0.1499989,
      -6.162131 0.08786862 0.1499989,
      -6.099999 0.04019318 0.1499989,
      -6.027646 0.01022315 0.1499989,
      -5.95 2.319774e-07 0.1499996,
      -0.01 9.611756e-13 0.15,
      -0.01 0 2.36,
      -0.01 -0.25 2.25,
      -0.01 -0.3 2.25,
      -0.01 -0.25 2.36,
      -4.696584 -0.3 6.752094,
      -4.673034 -0.3 6.826786,
      -5.95 -0.3 6,
      -4.630955 -0.3 6.892836,
      -5.95 -0.3 10.4,
      -4.573215 -0.3 6.945745,
      -4.503747 -0.3 6.981908,
      -4.7 -0.3 6.673853,
      -4.859307 -0.3 6,
      -4.660042 -0.3 6.21713,
      -4.778846 -0.3 6.016944,
      -4.670238 -0.3 6.134864,
      -4.687576 -0.3 6.097512,
      -4.81778 -0.3 6.004304,
      -4.742996 -0.3 6.03732,
      -4.712134 -0.3 6.06455,
      -4.66083 -0.3 6.175049,
      -4.427289 -0.3 6.998858,
      -4.349047 -0.3 6.995442,
      -4.274356 -0.3 6.971892,
      -4.096195 -0.3 6.662266,
      -4.092584 -0.3 6.638102,
      -4.09882 -0.3 6.686558,
      -4.087991 -0.3 6.614104,
      -4.102283 -0.3 6.726147,
      -1.897717 -0.3 6.726147,
      -4.119234 -0.3 6.802606,
      -1.880766 -0.3 6.802606,
      -4.155396 -0.3 6.872073,
      -1.844604 -0.3 6.872073,
      -4.208305 -0.3 6.929813,
      -1.791695 -0.3 6.929813,
      -1.725644 -0.3 6.971892,
      -0.8 -0.3 8.15,
      -1.650953 -0.3 6.995442,
      -0.8 -0.3 7.75,
      -1.572712 -0.3 6.998858,
      -1.496252 -0.3 6.981908,
      -3.668136 -0.3 4.638841,
      -2.131656 -0.3 4.052213,
      -3.656016 -0.3 4.570103,
      -3.64872 -0.3 4.500686,
      -3.646284 -0.3 4.43093,
      -3.646284 -0.3 4.052213,
      -1.426785 -0.3 6.945745,
      -1.369045 -0.3 6.892836,
      -1.326966 -0.3 6.826786,
      -1.303416 -0.3 6.752094,
      -0.01 -0.3 7.75,
      -1.3 -0.3 6.673853,
      -0.01 -0.3 3.75,
      -0.8 -0.3 3.75,
      -1.781188 -0.3 1.173853,
      -0.8 -0.3 3.35,
      -0.8 -0.3 2.65,
      -0.61 -0.3 2.65,
      -1.796676 -0.3 1.101505,
      -0.8 -0.3 2.25,
      -1.8294 -0.3 1.035147,
      -1.877369 -0.3 0.9788168,
      -1.937666 -0.3 0.9359396,
      -2.006623 -0.3 0.9091237,
      -2.080046 -0.3 0.9,
      -3.919954 -0.3 0.9,
      -3.993377 -0.3 0.9091237,
      -4.062334 -0.3 0.9359396,
      -4.122631 -0.3 0.9788168,
      -4.1706 -0.3 1.035147,
      -4.203324 -0.3 1.101505,
      -4.218812 -0.3 1.173853,
      -5.95 -0.3 3,
      -4.362607 -0.3 2.817431,
      -4.561846 -0.3 3,
      -4.372932 -0.3 2.865664,
      -4.394748 -0.3 2.909902,
      -4.426728 -0.3 2.947455,
      -4.466926 -0.3 2.97604,
      -4.512897 -0.3 2.993917,
      -0.61 -0.3 3.35,
      -0.61 -0.3 8.15,
      -0.61 -0.3 8.225,
      -0.59 -0.3 8.225,
      5.95 -0.3 10.4,
      -0.59 -0.3 8.15,
      0.2 -0.3 8.15,
      1.369045 -0.3 6.892836,
      1.426785 -0.3 6.945745,
      0.2 -0.3 7.75,
      1.496252 -0.3 6.981908,
      1.572712 -0.3 6.998858,
      1.650953 -0.3 6.995442,
      0.01 -0.3 7.75,
      1.3 -0.3 6.673853,
      1.303416 -0.3 6.752094,
      1.326966 -0.3 6.826786,
      0.01 -0.3 3.75,
      0.2 -0.3 3.75,
      1.781188 -0.3 1.173853,
      0.2 -0.3 3.35,
      0.2 -0.3 2.65,
      -0.59 -0.3 3.35,
      -0.59 -0.3 2.65,
      0.2 -0.3 2.25,
      1.796676 -0.3 1.101505,
      1.8294 -0.3 1.035147,
      0.01 -0.3 2.25,
      3.993377 -0.3 0.9091237,
      3.919954 -0.3 0.9,
      2.080046 -0.3 0.9,
      2.006623 -0.3 0.9091237,
      1.937666 -0.3 0.9359396,
      4.394748 -0.3 2.909902,
      4.372932 -0.3 2.865664,
      4.561846 -0.3 3,
      4.362607 -0.3 2.817431,
      5.95 -0.3 3,
      4.218812 -0.3 1.173853,
      4.203324 -0.3 1.101505,
      4.1706 -0.3 1.035147,
      4.512897 -0.3 2.993917,
      4.466926 -0.3 2.97604,
      4.426728 -0.3 2.947455,
      4.122631 -0.3 0.9788168,
      4.062334 -0.3 0.9359396,
      1.877369 -0.3 0.9788168,
      1.725644 -0.3 6.971892,
      3.668136 -0.3 4.638841,
      4.087991 -0.3 6.614104,
      1.897717 -0.3 6.726147,
      4.102283 -0.3 6.726147,
      1.880766 -0.3 6.802606,
      4.119234 -0.3 6.802606,
      1.844604 -0.3 6.872073,
      4.155396 -0.3 6.872073,
      1.791695 -0.3 6.929813,
      4.208305 -0.3 6.929813,
      4.274356 -0.3 6.971892,
      4.349047 -0.3 6.995442,
      4.427289 -0.3 6.998858,
      2.131656 -0.3 4.052213,
      3.656016 -0.3 4.570103,
      3.646284 -0.3 4.052213,
      3.646284 -0.3 4.43093,
      3.64872 -0.3 4.500686,
      4.09882 -0.3 6.686558,
      4.092584 -0.3 6.638102,
      4.096195 -0.3 6.662266,
      4.503747 -0.3 6.981908,
      4.573215 -0.3 6.945745,
      4.630955 -0.3 6.892836,
      5.95 -0.3 6,
      4.673034 -0.3 6.826786,
      4.696584 -0.3 6.752094,
      4.7 -0.3 6.673853,
      4.859005 -0.3 6,
      4.660068 -0.3 6.217431,
      4.669936 -0.3 6.1358,
      4.777941 -0.3 6.017328,
      4.742241 -0.3 6.037855,
      4.660737 -0.3 6.175686,
      4.687109 -0.3 6.09831,
      4.711546 -0.3 6.065192,
      4.817153 -0.3 6.004453,
      -6.02 -0.2959027 10.4,
      -5.996726 -0.2981778 10.4,
      -6.02 -1.44 10.4,
      -5.973381 -0.2995443 10.4,
      5.973381 -0.2995443 10.4,
      5.996726 -0.2981778 10.4,
      -6.25 -1.44 11.05,
      -6.25 -1.44 10.63,
      -6.02 2.525765e-07 10.4,
      -6.25 2.525765e-07 10.63,
      -6.25 -0.3 10.63,
      -6.25 2.525765e-07 10.4,
      -6.25 -0.2196152 10.4,
      -6.177027 -0.2553907 10.4,
      -6.099888 -0.2809763 10.4,
      -6.25 -0.3 10.4,
      -6.374264 -0.1242641 10.4,
      -6.55 -0.3 10.4,
      -6.469615 -7.993606e-15 10.4,
      -6.529555 0.1447086 10.4,
      -6.55 0.3 10.4,
      -6.374264 -0.1242641 6,
      -6.25 -0.2196152 6,
      -6.105291 -0.2795555 6,
      -6.469615 0 6,
      -6.529555 0.1447086 6,
      -6.55 0.3 6,
      -6.55 0.4 6,
      -4.859005 0 6,
      -4.660068 0 6.217431,
      -4.660737 7.245692e-15 6.175686,
      -4.669936 1.489146e-14 6.1358,
      -4.711546 1.368397e-14 6.065192,
      -4.687109 1.454021e-14 6.09831,
      -4.742241 1.445145e-14 6.037855,
      -4.777941 1.41385e-14 6.017328,
      -4.817153 6.690398e-15 6.004453,
      -0.5684679 0 7.952457,
      -1.426785 1.282308e-14 6.945745,
      -0.5910679 0 7.984503,
      -1.496252 1.282308e-14 6.981908,
      -0.6051948 0 8.021083,
      -1.572712 1.282308e-14 6.998858,
      -0.61 0 8.06,
      -1.650953 1.282308e-14 6.995442,
      -0.61 0 8.225,
      -1.725644 1.282308e-14 6.971892,
      -4.274356 0 6.971892,
      -4.208305 0 6.929813,
      -0.538752 0 7.926872,
      -1.369045 1.282308e-14 6.892836,
      -0.5037054 0 7.909283,
      -1.326966 1.282308e-14 6.826786,
      -0.4654329 0 7.900746,
      -1.303416 1.282308e-14 6.752094,
      -0.4262334 0 7.901775,
      -0.01 0 7.86,
      -1.3 1.282308e-14 6.673853,
      -0.01 0 3.64,
      -0.4262334 0 3.598225,
      -0.3884615 0 3.587692,
      -0.3884615 0 7.912308,
      -0.2038462 0 7.989231,
      -0.01420452 0 7.894053,
      -0.02656556 0 7.92606,
      -0.1707957 0 7.998447,
      -0.1030078 0 7.991878,
      -0.07234197 0 7.976487,
      -0.04634063 0 7.9541,
      -0.1364962 0 7.999347,
      -0.01420452 0 3.605947,
      -0.02656556 0 3.57394,
      -0.04634063 0 3.5459,
      -0.07234197 0 3.523513,
      -0.2038462 0 3.510769,
      -0.1030078 0 3.508122,
      -0.1707957 0 3.501553,
      -0.1364962 0 3.500653,
      -0.4654329 0 3.599254,
      -0.5037054 0 3.590717,
      -0.538752 0 3.573128,
      -0.5684679 0 3.547542,
      -0.5910679 0 3.515497,
      -0.6051948 0 3.478917,
      -1.781188 0 1.173853,
      -0.61 0 3.44,
      -0.61 0 2.56,
      -0.6051948 0 2.521083,
      -0.5910679 0 2.484503,
      -0.5684679 0 2.452458,
      -0.538752 0 2.426872,
      -0.5037054 0 2.409283,
      -0.4654329 0 2.400746,
      -0.4262334 0 2.401775,
      -0.3884615 0 2.412308,
      -0.2038462 0 2.489231,
      -0.1707957 0 2.498447,
      -0.1030078 0 2.491878,
      -0.07234197 0 2.476487,
      -0.04634063 0 2.4541,
      -0.1364962 0 2.499347,
      -0.02656556 0 2.42606,
      -0.01420452 0 2.394053,
      -3.993377 0 0.9091237,
      -3.919954 0 0.9,
      -2.080046 0 0.9,
      -2.006623 0 0.9091237,
      -1.937666 0 0.9359396,
      -4.394748 0 2.909902,
      -4.372932 0 2.865664,
      -4.561846 0 3,
      -4.362607 0 2.817431,
      -5.95 0 3,
      -4.218812 0 1.173853,
      -4.203324 0 1.101505,
      -4.1706 0 1.035147,
      -4.512897 0 2.993917,
      -4.466926 0 2.97604,
      -4.426728 0 2.947455,
      -4.122631 0 0.9788168,
      -4.062334 0 0.9359396,
      -1.877369 0 0.9788168,
      -1.8294 0 1.035147,
      -1.796676 0 1.101505,
      -1.791695 1.282308e-14 6.929813,
      -4.155396 0 6.872073,
      -1.844604 1.282308e-14 6.872073,
      -4.119234 0 6.802606,
      -1.880766 1.282308e-14 6.802606,
      -4.102283 0 6.726147,
      -1.897717 0 6.726147,
      -4.087991 0 6.614104,
      -4.09882 0 6.686558,
      -4.092584 0 6.638102,
      -4.096195 0 6.662266,
      -3.668136 0 4.638841,
      -2.131656 0 4.052213,
      -3.656016 0 4.570103,
      -3.64872 0 4.500686,
      -3.646284 0 4.052213,
      -3.646284 0 4.43093,
      -4.349047 0 6.995442,
      -4.427289 0 6.998858,
      -4.503747 0 6.981908,
      -4.573215 0 6.945745,
      -4.630955 0 6.892836,
      -4.673034 0 6.826786,
      -4.696584 0 6.752094,
      -4.7 0 6.673853,
      -0.59 2.236174e-14 8.225,
      -0.09629464 3.785861e-14 8.010717,
      -0.06124797 3.785861e-14 7.993128,
      4.696584 1.196265e-14 6.752094,
      4.673034 1.196265e-14 6.826786,
      5.95 0 6,
      4.630955 1.196265e-14 6.892836,
      4.573215 1.196265e-14 6.945745,
      4.503747 1.196265e-14 6.981908,
      4.7 1.196265e-14 6.673853,
      4.859307 1.04731e-14 6,
      4.660042 1.558013e-14 6.21713,
      4.778846 1.466464e-14 6.016944,
      4.670238 1.405986e-14 6.134864,
      4.687576 1.418886e-14 6.097512,
      4.81778 1.259097e-14 6.004304,
      4.742996 1.432116e-14 6.03732,
      4.712134 1.413011e-14 6.06455,
      4.66083 1.479747e-14 6.175049,
      4.427289 1.196265e-14 6.998858,
      4.349047 1.196265e-14 6.995442,
      4.274356 1.196265e-14 6.971892,
      4.096195 2.109424e-14 6.662266,
      4.092584 2.109424e-14 6.638102,
      4.09882 2.109424e-14 6.686558,
      4.087991 1.847596e-14 6.614104,
      4.102283 1.3665e-14 6.726147,
      1.897717 3.058664e-14 6.726147,
      4.119234 1.196265e-14 6.802606,
      1.880766 3.058664e-14 6.802606,
      4.155396 1.196265e-14 6.872073,
      1.844604 3.058664e-14 6.872073,
      4.208305 1.196265e-14 6.929813,
      1.791695 3.058664e-14 6.929813,
      1.725644 3.058664e-14 6.971892,
      1.650953 3.058664e-14 6.995442,
      -0.03153215 3.785861e-14 7.967542,
      -0.008932064 3.785861e-14 7.935497,
      3.668136 1.465494e-14 4.638841,
      2.131656 1.685457e-14 4.052213,
      3.656016 1.465494e-14 4.570103,
      3.64872 1.465494e-14 4.500686,
      3.646284 1.598721e-14 4.43093,
      3.646284 1.110223e-14 4.052213,
      1.572712 3.058664e-14 6.998858,
      0.005194829 3.785861e-14 7.898917,
      1.496252 3.058664e-14 6.981908,
      0.01 3.785861e-14 7.86,
      1.426785 3.058664e-14 6.945745,
      1.369045 3.058664e-14 6.892836,
      1.326966 3.058664e-14 6.826786,
      1.303416 3.058664e-14 6.752094,
      1.3 2.518356e-14 6.673853,
      0.01 2.941166e-14 3.64,
      1.781188 3.06144e-14 1.173853,
      0.005194829 3.783085e-14 3.601083,
      0.005845709 3.874678e-14 2.396223,
      -0.007826595 3.874678e-14 2.433394,
      1.796676 3.06144e-14 1.101505,
      0.01 0 0.15,
      0.009968642 3.874678e-14 2.356833,
      1.8294 3.06144e-14 1.035147,
      1.877369 3.06144e-14 0.9788168,
      1.937666 3.06144e-14 0.9359396,
      2.006623 3.06144e-14 0.9091237,
      2.080046 2.450817e-14 0.9,
      5.95 2.319767e-07 0.1499997,
      3.919954 2.173262e-14 0.9,
      3.993377 2.173262e-14 0.9091237,
      4.062334 2.173262e-14 0.9359396,
      4.122631 2.173262e-14 0.9788168,
      4.1706 2.173262e-14 1.035147,
      4.203324 2.173262e-14 1.101505,
      4.218812 1.783758e-14 1.173853,
      5.95 0 3,
      4.362607 1.398881e-14 2.817431,
      4.561846 0 3,
      4.372932 1.398881e-14 2.865664,
      4.394748 1.398881e-14 2.909902,
      4.426728 1.398881e-14 2.947455,
      4.466926 1.398881e-14 2.97604,
      4.512897 1.398881e-14 2.993917,
      -0.008932064 3.783085e-14 3.564503,
      -0.0302105 3.874678e-14 2.466068,
      -0.03153215 3.783085e-14 3.532458,
      -0.05993446 3.874678e-14 2.492243,
      -0.06124797 3.783085e-14 3.506872,
      -0.09517713 3.874678e-14 2.510314,
      -0.09629464 3.783085e-14 3.489283,
      -0.133779 3.874678e-14 2.519176,
      -0.1345671 3.783085e-14 3.480746,
      -0.1733749 3.874678e-14 2.518283,
      -0.1737666 3.783085e-14 3.481775,
      -0.2115385 3.079944e-14 2.507692,
      -0.2115385 3.783085e-14 3.492308,
      -0.59 3.162285e-14 2.56,
      -0.59 4.052314e-14 3.44,
      -0.3961538 4.052314e-14 2.430769,
      -0.5857955 4.052314e-14 2.525947,
      -0.4292043 4.052314e-14 2.421553,
      -0.4969922 4.052314e-14 2.428122,
      -0.527658 4.052314e-14 2.443513,
      -0.5536594 4.052314e-14 2.4659,
      -0.5734345 4.052314e-14 2.49394,
      -0.4635038 4.052314e-14 2.420653,
      -0.3961538 3.091971e-14 3.569231,
      -0.5857955 4.052314e-14 3.474053,
      -0.5734345 4.052314e-14 3.50606,
      -0.5536594 4.052314e-14 3.5341,
      -0.527658 4.052314e-14 3.556487,
      -0.4969922 4.052314e-14 3.571878,
      -0.4635038 4.052314e-14 3.579347,
      -0.4292043 4.052314e-14 3.578447,
      -0.1345671 3.785861e-14 8.019254,
      -0.1737666 3.785861e-14 8.018225,
      -0.2115385 3.01148e-14 8.007692,
      -0.3961538 3.874678e-14 7.930769,
      -0.59 3.054039e-14 8.06,
      -0.4292043 3.874678e-14 7.921553,
      -0.4969922 3.874678e-14 7.928122,
      -0.527658 3.874678e-14 7.943513,
      -0.5857955 3.874678e-14 8.025948,
      -0.5536594 3.874678e-14 7.9659,
      -0.5734345 3.874678e-14 7.99394,
      -0.4635038 3.874678e-14 7.920653,
      -0.61 -0.25 8.06,
      -0.61 -0.25 8.15,
      -0.01 -0.25 7.75,
      -0.01 -0.25 7.86,
      -0.2038462 -0.25 7.989231,
      -0.01420452 -0.25 7.894053,
      -0.02656556 -0.25 7.92606,
      -0.04634063 -0.25 7.9541,
      -0.07234197 -0.25 7.976487,
      -0.1030078 -0.25 7.991878,
      -0.1364962 -0.25 7.999347,
      -0.1707957 -0.25 7.998447,
      -0.3884615 -0.25 7.912308,
      -0.4262334 -0.25 7.901775,
      -0.8 -0.25 7.75,
      -0.4654329 -0.25 7.900746,
      -0.5037054 -0.25 7.909283,
      -0.538752 -0.25 7.926872,
      -0.5684679 -0.25 7.952457,
      -0.5910679 -0.25 7.984503,
      -0.6051948 -0.25 8.021083,
      -0.8 -0.25 8.15,
      -0.01 -0.25 3.75,
      -0.01 -0.25 3.64,
      -0.2038462 -0.25 3.510769,
      -0.1707957 -0.25 3.501553,
      -0.1364962 -0.25 3.500653,
      -0.1030078 -0.25 3.508122,
      -0.07234197 -0.25 3.523513,
      -0.04634063 -0.25 3.5459,
      -0.02656556 -0.25 3.57394,
      -0.01420452 -0.25 3.605947,
      -0.5037054 -0.25 3.590717,
      -0.4654329 -0.25 3.599254,
      -0.8 -0.25 3.75,
      -0.4262334 -0.25 3.598225,
      -0.3884615 -0.25 3.587692,
      -0.61 -0.25 3.35,
      -0.61 -0.25 3.44,
      -0.8 -0.25 3.35,
      -0.6051948 -0.25 3.478917,
      -0.5910679 -0.25 3.515497,
      -0.5684679 -0.25 3.547542,
      -0.538752 -0.25 3.573128,
      -0.61 -0.25 2.56,
      -0.61 -0.25 2.65,
      -0.2038462 -0.25 2.489231,
      -0.01420452 -0.25 2.394053,
      -0.02656556 -0.25 2.42606,
      -0.04634063 -0.25 2.4541,
      -0.07234197 -0.25 2.476487,
      -0.1030078 -0.25 2.491878,
      -0.1364962 -0.25 2.499347,
      -0.1707957 -0.25 2.498447,
      -0.3884615 -0.25 2.412308,
      -0.4262334 -0.25 2.401775,
      -0.8 -0.25 2.25,
      -0.4654329 -0.25 2.400746,
      -0.5037054 -0.25 2.409283,
      -0.538752 -0.25 2.426872,
      -0.5684679 -0.25 2.452458,
      -0.5910679 -0.25 2.484503,
      -0.6051948 -0.25 2.521083,
      -0.8 -0.25 2.65,
      -0.59 -0.25 8.15,
      -0.59 -0.25 8.06,
      0.2 -0.25 8.15,
      0.2 -0.25 7.75,
      0.01 -0.25 7.75,
      0.01 -0.25 7.86,
      0.01 -0.25 3.75,
      0.01 -0.25 3.64,
      0.005194829 -0.25 7.898917,
      -0.008932064 -0.25 7.935497,
      -0.3961538 -0.25 7.930769,
      -0.2115385 -0.25 8.007692,
      -0.1737666 -0.25 8.018225,
      -0.1345671 -0.25 8.019254,
      -0.09629464 -0.25 8.010717,
      -0.4292043 -0.25 7.921553,
      -0.5857955 -0.25 8.025948,
      -0.5734345 -0.25 7.99394,
      -0.5536594 -0.25 7.9659,
      -0.527658 -0.25 7.943513,
      -0.4969922 -0.25 7.928122,
      -0.4635038 -0.25 7.920653,
      -0.06124797 -0.25 7.993128,
      -0.03153215 -0.25 7.967542,
      0.2 -0.25 3.75,
      0.2 -0.25 3.35,
      -0.59 -0.25 3.35,
      -0.59 -0.25 3.44,
      -0.59 -0.25 2.65,
      -0.59 -0.25 2.56,
      0.005194829 -0.25 3.601083,
      -0.008932064 -0.25 3.564503,
      -0.03153215 -0.25 3.532458,
      -0.06124797 -0.25 3.506872,
      -0.09629464 -0.25 3.489283,
      -0.1345671 -0.25 3.480746,
      -0.1737666 -0.25 3.481775,
      -0.2115385 -0.25 3.492308,
      -0.3961538 -0.25 3.569231,
      -0.4292043 -0.25 3.578447,
      -0.4635038 -0.25 3.579347,
      -0.4969922 -0.25 3.571878,
      -0.527658 -0.25 3.556487,
      -0.5536594 -0.25 3.5341,
      -0.5734345 -0.25 3.50606,
      -0.5857955 -0.25 3.474053,
      0.2 -0.25 2.65,
      0.2 -0.25 2.25,
      0.009997685 -0.25 2.25,
      0.009988427 -0.25 2.356972,
      6.027646 0.01022315 0.1499989,
      6.099999 0.04019318 0.1499989,
      6.162131 0.08786862 0.1499989,
      6.209807 0.1500005 0.1499989,
      6.239777 0.2223545 0.1499989,
      6.027646 0.01022225 3,
      6.1 0.04019238 3,
      6.162132 0.08786797 3,
      6.209807 0.15 3,
      6.239778 0.2223543 3,
      6.105291 -0.2795555 3,
      6.25 -0.2196152 3,
      6.374264 -0.1242641 3,
      6.469615 0 3,
      6.529555 0.1447086 3,
      6.239778 0.2223543 6,
      6.529555 0.1447086 6,
      6.209807 0.15 6,
      6.469615 5.551115e-17 6,
      6.162132 0.08786797 6,
      6.374264 -0.1242641 6,
      6.1 0.04019238 6,
      6.25 -0.2196152 6,
      6.027646 0.01022225 6,
      6.105291 -0.2795555 6,
      3.646284 0.008086539 3.983028,
      3.646284 -0.2838269 3.913844,
      3.646284 0.03191021 3.917573,
      3.646284 -0.2361796 3.782933,
      3.646284 0.07018667 3.859377,
      3.646284 -0.1596267 3.66654,
      3.646284 0.5096267 3.335673,
      3.646284 0.2798133 3.142836,
      3.646284 0.5861796 3.21928,
      3.646284 0.3180898 3.08464,
      3.646284 0.6338269 3.08837,
      3.646284 0.3419135 3.019185,
      3.646284 0.65 2.95,
      3.646284 0.35 2.95,
      3.646284 0.6338269 2.81163,
      3.646284 0.3419135 2.880815,
      3.646284 0.3180898 2.81536,
      3.646284 0.5861796 2.680721,
      3.646284 0.2798133 2.757164,
      3.646284 0.5096267 2.564327,
      3.646284 -0.186977 2.200865,
      3.646284 0.04283628 2.008028,
      2.215623 0.5096267 3.335673,
      2.221661 0.5696062 3.25001,
      2.2277 0.6138038 3.155232,
      2.23374 0.640879 3.054204,
      2.23978 0.65 2.94999,
      2.24582 0.6408759 2.845778,
      2.25186 0.6137989 2.744755,
      2.257898 0.569602 2.649982,
      2.263936 0.5096267 2.564327,
      2.263936 0.2798133 2.757164,
      2.257886 0.309842 2.800082,
      2.251854 0.3319261 2.847418,
      2.24583 0.3454327 2.89781,
      2.227702 0.3319189 3.052602,
      2.233726 0.3454281 3.002216,
      2.239778 0.3499719 2.950014,
      2.221671 0.3098359 3.099928,
      2.215623 0.2798133 3.142836,
      2.155812 0.07018667 3.859377,
      2.155812 -0.1596267 3.66654,
      2.137695 0.00455924 4.000117,
      2.143734 0.01809434 3.949608,
      2.149773 0.04019276 3.902215,
      2.149772 -0.2196196 3.752226,
      2.143734 -0.263812 3.847002,
      2.137695 -0.2908794 3.948011,
      3.346284 -0.3798133 1.971051,
      2.628616 -0.3798133 1.971051,
      2.329757 -0.2037838 2.180835,
      3.423929 -0.3732426 1.978882,
      3.496284 -0.3539782 2.00184,
      3.558416 -0.3233329 2.038362,
      3.606091 -0.2833952 2.085958,
      3.636062 -0.2368868 2.141385,
      2.345245 -0.2502885 2.125413,
      2.377969 -0.2929423 2.07458,
      2.425938 -0.3291509 2.031428,
      2.486235 -0.3567118 1.998583,
      2.555192 -0.3739488 1.97804,
      2.628616 -0.15 1.778215,
      2.555192 -0.1441354 1.785204,
      2.486235 -0.1268985 1.805746,
      2.425938 -0.09933754 1.838592,
      2.377969 -0.06312899 1.881744,
      2.345245 -0.02047518 1.932577,
      2.329757 0.02602949 1.987999,
      3.346284 -0.15 1.778215,
      3.636062 -0.00707342 1.948548,
      3.606091 -0.05358186 1.893122,
      3.558416 -0.09351956 1.845526,
      3.496284 -0.1241648 1.809004,
      3.423929 -0.1434293 1.786046,
      -0.2115385 -0.25 2.507692,
      -0.1733922 -0.25 2.518281,
      -0.1338139 -0.25 2.519179,
      -0.09522644 -0.25 2.510333,
      -0.05999231 -0.25 2.492282,
      -0.03026851 -0.25 2.466134,
      -0.007874778 -0.25 2.433488,
      0.005817936 -0.25 2.396343,
      -0.3961538 -0.25 2.430769,
      -0.4292043 -0.25 2.421553,
      -0.5857955 -0.25 2.525947,
      -0.5734345 -0.25 2.49394,
      -0.5536594 -0.25 2.4659,
      -0.527658 -0.25 2.443513,
      -0.4969922 -0.25 2.428122,
      -0.4635038 -0.25 2.420653,
      -3.646284 0.3419135 2.880815,
      -3.646284 0.35 2.95,
      -3.646284 0.65 2.95,
      -3.646284 0.3419135 3.019185,
      -3.646284 0.6338269 3.08837,
      -3.646284 0.3180898 3.08464,
      -3.646284 0.5861796 3.21928,
      -3.646284 0.2798133 3.142836,
      -3.646284 0.5096267 3.335673,
      -3.646284 -0.1596267 3.66654,
      -3.646284 0.07018667 3.859377,
      -3.646284 -0.2361796 3.782933,
      -3.646284 0.03191021 3.917573,
      -3.646284 -0.2838269 3.913844,
      -3.646284 0.008086539 3.983028,
      -3.646284 0.6338269 2.81163,
      -3.646284 0.3180898 2.81536,
      -3.646284 0.5861796 2.680721,
      -3.646284 0.2798133 2.757164,
      -3.646284 0.5096267 2.564327,
      -3.646284 -0.186977 2.200865,
      -3.646284 0.04283628 2.008028,
      -2.155812 0.07018667 3.859377,
      -2.149773 0.04019276 3.902215,
      -2.143734 0.01809434 3.949608,
      -2.137695 0.00455924 4.000117,
      -2.137695 -0.2908794 3.948011,
      -2.143734 -0.263812 3.847002,
      -2.149772 -0.2196196 3.752226,
      -2.155812 -0.1596267 3.66654,
      -2.215623 0.5096267 3.335673,
      -2.215623 0.2798133 3.142836,
      -2.263936 0.5096267 2.564327,
      -2.257898 0.5696062 2.64999,
      -2.251859 0.6138038 2.744768,
      -2.245819 0.640879 2.845795,
      -2.239779 0.65 2.95001,
      -2.233739 0.6408759 3.054222,
      -2.227699 0.6137989 3.155245,
      -2.221661 0.569602 3.250017,
      -2.221673 0.309842 3.099917,
      -2.227704 0.3319261 3.052582,
      -2.233729 0.3454327 3.00219,
      -2.251857 0.3319189 2.847399,
      -2.245833 0.3454281 2.897784,
      -2.239781 0.3499719 2.949986,
      -2.257888 0.3098359 2.800072,
      -2.263936 0.2798133 2.757164,
      -2.329757 0.02602949 1.987999,
      -2.329757 -0.2037838 2.180835,
      -2.345245 -0.2502885 2.125413,
      -2.345245 -0.02047518 1.932577,
      -2.377969 -0.06312899 1.881744,
      -2.377969 -0.2929423 2.07458,
      -2.425938 -0.3291509 2.031428,
      -2.425938 -0.09933754 1.838592,
      -2.486235 -0.3567118 1.998583,
      -2.486235 -0.1268985 1.805746,
      -2.555192 -0.1441354 1.785204,
      -2.555192 -0.3739488 1.97804,
      -2.628616 -0.3798133 1.971051,
      -2.628616 -0.15 1.778215,
      -3.346284 -0.15 1.778215,
      -3.423929 -0.1434293 1.786046,
      -3.496284 -0.1241648 1.809004,
      -3.558416 -0.09351956 1.845526,
      -3.606091 -0.05358186 1.893122,
      -3.636062 -0.00707342 1.948548,
      -3.346284 -0.3798133 1.971051,
      -3.423929 -0.3732426 1.978882,
      -3.496284 -0.3539782 2.00184,
      -3.558416 -0.3233329 2.038362,
      -3.606091 -0.2833952 2.085958,
      -3.636062 -0.2368868 2.141385,
      -6.55 0.4 3,
      -6.55 0.3 3,
      -6.239778 0.2223543 3,
      -6.529555 0.1447086 3,
      -6.209807 0.15 3,
      -6.469615 1.365574e-14 3,
      -6.162132 0.08786797 3,
      -6.374264 -0.1242641 3,
      -6.1 0.04019238 3,
      -6.25 -0.2196152 3,
      -6.027646 0.01022225 3,
      -6.105291 -0.2795555 3,
      -6.55 1.599109 1.503078,
      -6.55 1.661684 1.521614,
      -6.55 3.458316 1.521614,
      -6.55 3.520891 1.503078,
      -6.55 3.586132 1.501369,
      -6.55 1.31137 1.776132,
      -6.55 1.313078 1.710891,
      -6.55 1.331614 1.648316,
      -6.55 1.365713 1.59267,
      -6.55 0.4647048 3.008518,
      -6.55 0.525 3.033494,
      -6.55 0.5767767 3.073223,
      -6.55 0.6165063 3.125,
      -6.55 0.6414815 3.185295,
      -6.55 0.65 3.25,
      -6.55 1.637193 4.876132,
      -6.55 0.6414815 3.314705,
      -6.55 0.6165063 3.375,
      -6.55 0.5767767 3.426777,
      -6.55 0.525 3.466506,
      -6.55 0.4647048 3.491482,
      -6.55 -1.32267 4.581886,
      -6.55 -1.315734 4.611475,
      -6.55 0.4 3.5,
      -6.55 0.4 5.5,
      -6.55 0.4647048 5.508519,
      -6.55 0.525 5.533494,
      -6.55 0.5767767 5.573223,
      -6.55 -1.44 4.5,
      -6.55 -1.409834 4.503695,
      -6.55 -2.09 3.5,
      -6.55 -1.381452 4.514559,
      -6.55 -1.35653 4.531953,
      -6.55 -1.336543 4.554846,
      -6.55 -2.24 3.65,
      -6.55 -2.128823 3.505111,
      -6.55 -2.165 3.520096,
      -6.55 -2.196066 3.543934,
      -6.55 -2.219904 3.575,
      -6.55 -2.234889 3.611177,
      -6.55 -2.24 4.35,
      -6.55 -2.09 4.5,
      -6.55 -2.234889 4.388823,
      -6.55 -2.219904 4.425,
      -6.55 -2.196066 4.456066,
      -6.55 -2.165 4.479904,
      -6.55 -2.128823 4.494889,
      -6.55 -1.316143 4.641863,
      -6.55 -1.323873 4.671255,
      -6.55 -1.29 5.5,
      -6.55 -1.338468 4.697912,
      -6.55 -1.359064 4.720259,
      -6.55 -1.44 4.826556,
      -6.55 -1.384444 4.736976,
      -6.55 -1.403081 4.748963,
      -6.55 -1.418621 4.76476,
      -6.55 -1.4303 4.783592,
      -6.55 -1.437545 4.804533,
      -6.55 -1.44 5.35,
      -6.55 -1.328823 5.494889,
      -6.55 -1.434889 5.388823,
      -6.55 -1.419904 5.425,
      -6.55 -1.396066 5.456066,
      -6.55 -1.365 5.479904,
      -6.55 1.6509 4.935505,
      -6.55 0.6165063 5.625,
      -6.55 1.678564 4.989798,
      -6.55 0.6414815 5.685295,
      -6.55 1.71854 5.035786,
      -6.55 0.65 5.75,
      -6.55 1.768455 5.070737,
      -6.55 1.825343 5.092574,
      -6.55 0.6414815 5.814705,
      -6.55 1.885823 5.1,
      -6.55 0.6165063 5.875,
      -6.55 0.5767767 5.926777,
      -6.55 3.234177 5.1,
      -6.55 2.32 11.15,
      -6.55 3.72 11.15,
      -6.55 0.525 5.966506,
      -6.55 2.268236 11.15681,
      -6.55 2.22 11.1768,
      -6.55 0.4647048 5.991481,
      -6.55 -0.3 10.7,
      -6.55 0.42 11.8293,
      -6.55 0.4590075 11.83314,
      -6.55 -0.53 10.7,
      -6.55 -0.53 11.6,
      -6.55 -0.01900749 11.83314,
      -6.55 0.02 11.8293,
      -6.55 -0.1647753 11.95276,
      -6.55 -0.1462938 11.91819,
      -6.55 -0.5500962 11.675,
      -6.55 -0.1214214 11.88788,
      -6.55 -0.5351111 11.63882,
      -6.55 -0.09111355 11.86301,
      -6.55 -0.05653948 11.84452,
      -6.55 -0.573934 11.70607,
      -6.55 -0.1761581 11.99029,
      -6.55 -0.605 11.7299,
      -6.55 -0.18 12.0293,
      -6.55 -0.6411771 11.74489,
      -6.55 -0.68 11.75,
      -6.55 -0.73 13.25,
      -6.55 -2.39 11.75,
      -6.55 -2.39 13.25,
      -6.55 -2.54 13.1,
      -6.55 -2.428823 13.24489,
      -6.55 -2.465 13.2299,
      -6.55 -2.54 11.9,
      -6.55 -2.428823 11.75511,
      -6.55 -2.465 11.7701,
      -6.55 -2.496066 11.79393,
      -6.55 -2.519904 11.825,
      -6.55 -2.534889 11.86118,
      -6.55 -2.534889 13.13882,
      -6.55 -2.519904 13.175,
      -6.55 -2.496066 13.20607,
      -6.55 -0.6911771 13.25511,
      -6.55 -0.18 13.26038,
      -6.55 -0.655 13.2701,
      -6.55 -0.623934 13.29393,
      -6.55 -0.6000962 13.325,
      -6.55 -0.5851111 13.36118,
      -6.55 -0.58 13.4,
      -6.55 -0.43 13.65,
      -6.55 -0.58 13.5,
      -6.55 -0.4688229 13.64489,
      -6.55 -0.505 13.6299,
      -6.55 -0.5748889 13.53882,
      -6.55 -0.5599038 13.575,
      -6.55 -0.536066 13.60607,
      -6.55 0.62 13.26038,
      -6.55 1.471624 13.65,
      -6.55 2.12 12.95,
      -6.55 2.126815 13.00176,
      -6.55 1.549269 13.66022,
      -6.55 2.146795 13.05,
      -6.55 1.621624 13.69019,
      -6.55 2.178579 13.09142,
      -6.55 1.683756 13.73787,
      -6.55 2.22 13.12321,
      -6.55 1.731431 13.8,
      -6.55 2.12 13.95,
      -6.55 2.268236 13.14319,
      -6.55 2.32 13.15,
      -6.55 1.761401 13.87235,
      -6.55 1.771624 13.95,
      -6.55 3.62 13.12321,
      -6.55 3.578579 13.09142,
      -6.55 3.82 13.12321,
      -6.55 3.771764 13.14319,
      -6.55 3.861421 13.09142,
      -6.55 3.893205 13.05,
      -6.55 3.913185 13.00176,
      -6.55 3.92 12.95,
      -6.55 3.92 11.35,
      -6.55 3.913185 11.29824,
      -6.55 3.482807 4.876132,
      -6.55 3.80863 1.776132,
      -6.55 3.806922 1.710891,
      -6.55 0.4965395 11.84452,
      -6.55 0.5311136 11.86301,
      -6.55 2.126815 11.29824,
      -6.55 0.5614213 11.88788,
      -6.55 2.12 11.35,
      -6.55 0.5862938 11.91819,
      -6.55 0.6047752 11.95276,
      -6.55 0.6161581 11.99029,
      -6.55 0.62 12.0293,
      -6.55 3.40267 1.555714,
      -6.55 1.71733 1.555714,
      -6.55 3.357746 1.603054,
      -6.55 1.762254 1.603054,
      -6.55 3.326605 1.660408,
      -6.55 1.793395 1.660408,
      -6.55 3.311369 1.723868,
      -6.55 1.80863 1.723868,
      -6.55 3.197485 2.807404,
      -6.55 1.922515 2.807404,
      -6.55 3.649592 1.516605,
      -6.55 3.706946 1.547746,
      -6.55 3.754287 1.59267,
      -6.55 3.788386 1.648316,
      -6.55 3.4691 4.935505,
      -6.55 3.893205 11.25,
      -6.55 3.441436 4.989798,
      -6.55 3.861421 11.20858,
      -6.55 3.401459 5.035786,
      -6.55 3.82 11.1768,
      -6.55 3.351545 5.070737,
      -6.55 3.771764 11.15681,
      -6.55 3.294657 5.092574,
      -6.55 1.413054 1.547746,
      -6.55 1.470408 1.516605,
      -6.55 1.533868 1.501369,
      -6.55 3.546795 13.05,
      -6.55 2.493205 13.05,
      -6.55 3.526815 13.00176,
      -6.55 2.513185 13.00176,
      -6.55 3.52 12.95,
      -6.55 2.52 12.95,
      -6.55 3.52 12.75,
      -6.55 2.52 12.75,
      -6.55 2.461421 13.09142,
      -6.55 2.42 13.12321,
      -6.55 2.371764 13.14319,
      -6.55 2.146795 11.25,
      -6.55 2.178579 11.20858,
      -6.55 3.72 13.15,
      -6.55 3.668236 13.14319,
      -6.543185 2.068236 13.95,
      -6.523205 2.02 13.95,
      -6.491421 1.978579 13.95,
      -6.45 1.946795 13.95,
      -6.401764 1.926815 13.95,
      -6.35 1.92 13.95,
      -6.15 1.92 13.95,
      -6.098236 1.913185 13.95,
      -6.05 1.893205 13.95,
      -6.008579 1.861421 13.95,
      -5.976795 1.82 13.95,
      -5.956815 1.771764 13.95,
      -5.95 1.72 13.95,
      -5.956815 1.668236 13.95,
      -5.976795 1.62 13.95,
      -6.008579 1.578579 13.95,
      -6.05 1.546795 13.95,
      -6.098236 1.526815 13.95,
      -6.25 1.771624 13.95,
      -6.25 1.549269 13.66022,
      -6.25 1.471624 13.65,
      -6.25 -0.43 13.65,
      -6.25 -0.4688229 13.64489,
      -6.25 -0.505 13.6299,
      -6.25 -0.536066 13.60607,
      -6.25 -0.5599038 13.575,
      -6.25 -0.5748889 13.53882,
      -6.25 -0.58 13.5,
      -6.25 -0.73 13.25,
      -6.25 -0.58 13.4,
      -6.25 -0.5851111 13.36118,
      -6.25 -0.6000962 13.325,
      -6.25 -0.623934 13.29393,
      -6.25 -0.655 13.2701,
      -6.25 -0.6911771 13.25511,
      -6.25 1.761401 13.87235,
      -6.25 1.731431 13.8,
      -6.25 1.683756 13.73787,
      -6.25 1.621624 13.69019,
      -6.25 -2.39 13.25,
      -6.25 -2.39 11.75,
      -6.25 -2.54 13.1,
      -6.25 -2.428823 13.24489,
      -6.25 -2.465 13.2299,
      -6.25 -2.496066 13.20607,
      -6.25 -2.519904 13.175,
      -6.25 -2.534889 13.13882,
      -6.25 -2.54 11.9,
      -6.25 -2.534889 11.86118,
      -6.25 -2.519904 11.825,
      -6.25 -2.496066 11.79393,
      -6.25 -2.465 11.7701,
      -6.25 -2.428823 11.75511,
      -6.25 -0.68 11.75,
      -6.25 -0.3 10.7,
      -6.25 -0.53 10.7,
      -6.25 -0.53 11.6,
      -6.25 -0.6411771 11.74489,
      -6.25 -0.605 11.7299,
      -6.25 -0.573934 11.70607,
      -6.25 -0.5500962 11.675,
      -6.25 -0.5351111 11.63882,
      -6.9 -0.18 12.0293,
      -6.9 -0.18 12.65417,
      -6.9 0.62 12.65417,
      -6.9 0.5614213 11.88788,
      -6.9 0.5311136 11.86301,
      -6.9 0.5862938 11.91819,
      -6.9 0.4590075 11.83314,
      -6.9 0.6161581 11.99029,
      -6.9 0.42 11.8293,
      -6.9 0.62 12.0293,
      -6.9 0.6047752 11.95276,
      -6.9 0.4965395 11.84452,
      -6.9 0.02 11.8293,
      -6.9 -0.01900749 11.83314,
      -6.9 -0.1761581 11.99029,
      -6.9 -0.09111355 11.86301,
      -6.9 -0.1462938 11.91819,
      -6.9 -0.1214214 11.88788,
      -6.9 -0.05653948 11.84452,
      -6.9 -0.1647753 11.95276,
      -6.535778 3.188416 2.937268,
      -6.242882 3.188416 2.87235,
      -6.493785 3.179348 3.060975,
      -6.221888 3.179348 2.934188,
      -6.188012 3.17028 2.990018,
      -6.426012 3.170279 3.172661,
      -6.142836 3.16121 3.037217,
      -6.335672 3.16121 3.267031,
      -6.242882 1.931584 2.87235,
      -6.221888 1.940652 2.934188,
      -6.188012 1.94972 2.990018,
      -6.142836 1.95879 3.037217,
      -6.335672 1.95879 3.267031,
      -6.426012 1.949721 3.172661,
      -6.493785 1.940652 3.060975,
      -6.535778 1.931583 2.937268,
      -6.121442 1.988183 3.446791,
      -6.121442 3.131817 3.446791,
      -5.928606 1.988183 3.216978,
      -5.928606 3.131817 3.216978,
      -5.85375 1.994915 3.295066,
      -5.85375 3.125085 3.295066,
      -5.797441 3.118353 3.387426,
      -5.762008 3.111533 3.491099,
      -5.762008 2.008466 3.491099,
      -5.797441 2.001647 3.387426,
      -5.750005 3.104714 3.6,
      -5.750005 2.015286 3.6,
      -5.762008 3.097895 3.708901,
      -5.762008 2.022105 3.708901,
      -5.797441 2.028924 3.812574,
      -5.797441 3.091076 3.812574,
      -5.85375 3.084344 3.904934,
      -5.928606 3.077611 3.983022,
      -5.928606 2.042388 3.983022,
      -5.85375 2.035656 3.904934,
      -6.121442 2.042388 3.753209,
      -6.091505 2.035658 3.721977,
      -6.068983 2.028926 3.685038,
      -6.054806 2.022106 3.643572,
      -6.05 2.015286 3.600005,
      -6.054804 2.008467 3.556438,
      -6.06898 2.001647 3.514969,
      -6.091502 1.994914 3.478027,
      -6.121442 3.077611 3.753209,
      -6.091502 3.084343 3.721973,
      -6.06898 3.091075 3.685031,
      -6.054804 3.097895 3.643562,
      -6.05 3.104715 3.599995,
      -6.054806 3.111535 3.556428,
      -6.068983 3.118354 3.514962,
      -6.091505 3.125086 3.478024,
      -6.194209 3.04117 4.205889,
      -6.387045 3.04117 3.976076,
      -6.441624 3.024721 4.021873,
      -6.248787 3.024721 4.251686,
      -6.298697 2.991524 4.293565,
      -6.491533 2.991524 4.063752,
      -6.533808 2.943552 4.099224,
      -6.340971 2.943552 4.329038,
      -6.565936 2.883655 4.126184,
      -6.3731 2.883655 4.355997,
      -6.393174 2.81539 4.37284,
      -6.58601 2.81539 4.143027,
      -6.592836 2.742813 4.148755,
      -6.4 2.742813 4.378569,
      -6.4 2.377187 4.378569,
      -6.194209 2.07883 4.205889,
      -6.393174 2.30461 4.37284,
      -6.3731 2.236345 4.355997,
      -6.340971 2.176448 4.329038,
      -6.298697 2.128475 4.293565,
      -6.248787 2.095279 4.251686,
      -6.592836 2.377187 4.148755,
      -6.58601 2.30461 4.143027,
      -6.565936 2.236345 4.126184,
      -6.533808 2.176448 4.099224,
      -6.491533 2.128475 4.063752,
      -6.441624 2.095279 4.021873,
      -6.387045 2.07883 3.976076,
      -6.38 2.52 11.75,
      -6.25 2.52 11.75,
      -6.38 2.52 12.11555,
      -6.25 2.52 12.95,
      -6.38 3.52 12.11555,
      -6.38 3.42 11.57679,
      -6.38 3.371764 11.55682,
      -6.38 3.52 11.75,
      -6.38 3.32 11.55,
      -6.38 2.72 11.55,
      -6.38 3.513185 11.69824,
      -6.38 3.493205 11.65,
      -6.38 3.461421 11.60858,
      -6.38 2.668236 11.55682,
      -6.38 2.62 11.57679,
      -6.38 2.578579 11.60858,
      -6.38 2.546795 11.65,
      -6.38 2.526815 11.69824,
      -6.25 2.72 11.55,
      -6.25 2.668236 11.55682,
      -6.25 2.62 11.57679,
      -6.25 2.578579 11.60858,
      -6.25 2.546795 11.65,
      -6.25 2.526815 11.69824,
      -6.25 3.493205 11.65,
      -6.25 3.513185 11.69824,
      -6.25 3.92 11.35,
      -6.25 3.52 11.75,
      -6.25 3.92 12.95,
      -6.25 3.52 12.95,
      -6.25 3.913185 13.00176,
      -6.25 3.526815 13.00176,
      -6.25 3.893205 13.05,
      -6.25 3.546795 13.05,
      -6.25 3.861421 13.09142,
      -6.25 3.578579 13.09142,
      -6.25 3.82 13.12321,
      -6.25 3.62 13.12321,
      -6.25 3.771764 13.14319,
      -6.25 3.668236 13.14319,
      -6.25 3.72 13.15,
      -6.25 3.913185 11.29824,
      -6.25 3.72 11.15,
      -6.25 3.461421 11.60858,
      -6.25 3.893205 11.25,
      -6.25 3.861421 11.20858,
      -6.25 3.82 11.1768,
      -6.25 3.771764 11.15681,
      -6.25 2.32 11.15,
      -6.25 3.32 11.55,
      -6.25 3.371764 11.55682,
      -6.25 3.42 11.57679,
      -6.25 2.268236 11.15681,
      -6.25 2.22 11.1768,
      -6.25 2.178579 11.20858,
      -6.25 2.146795 11.25,
      -6.25 2.126815 11.29824,
      -6.25 2.12 11.35,
      -6.25 2.513185 13.00176,
      -6.25 2.12 12.95,
      -6.25 2.126815 13.00176,
      -6.25 2.493205 13.05,
      -6.25 2.146795 13.05,
      -6.25 2.461421 13.09142,
      -6.25 2.178579 13.09142,
      -6.25 2.42 13.12321,
      -6.25 2.22 13.12321,
      -6.25 2.371764 13.14319,
      -6.25 2.268236 13.14319,
      -6.25 2.32 13.15,
      -0.2990754 5.279627 4.193047,
      -0.3051149 5.33962 4.107361,
      -0.2990754 5.049813 4.000211,
      -0.3051143 5.079807 3.957373,
      -0.3111534 5.383812 4.012586,
      -0.3111534 5.101906 3.90998,
      -0.317192 5.41088 3.911577,
      -0.3171926 5.115441 3.85947,
      0.3171926 5.115441 3.85947,
      0.3111534 5.101906 3.90998,
      0.3051143 5.079807 3.957373,
      0.2990754 5.049813 4.000211,
      -0.2460694 4.660373 4.464327,
      0.2460694 4.660373 4.464327,
      -0.2460694 4.890187 4.657164,
      0.2460694 4.890187 4.657164,
      0.2990754 5.279627 4.193047,
      0.3051149 5.33962 4.107361,
      0.3111534 5.383812 4.012586,
      0.317192 5.41088 3.911577,
      0.2400318 4.600398 4.549983,
      0.24002 4.860158 4.700082,
      0.2339935 4.556201 4.644754,
      0.2339883 4.838074 4.747418,
      0.2279635 4.824567 4.79781,
      0.2098357 4.838081 4.952601,
      0.2098338 4.556196 5.055232,
      0.2158599 4.824572 4.902216,
      0.2158735 4.529121 4.954205,
      0.2219116 4.820028 4.850014,
      0.2219138 4.52 4.84999,
      0.227954 4.529124 4.745778,
      0.203805 4.860164 4.999928,
      0.2037951 4.600394 5.15001,
      0.1977571 4.890187 5.042836,
      0.1977571 4.660373 5.235672,
      -0.2400313 4.600394 4.54999,
      -0.2339927 4.556196 4.644768,
      -0.227953 4.529121 4.745795,
      -0.2219127 4.52 4.850009,
      -0.2158724 4.529124 4.954222,
      -0.209833 4.556201 5.055245,
      -0.2037946 4.600398 5.150017,
      -0.1977571 4.660373 5.235672,
      -0.1977571 4.890187 5.042836,
      -0.2038064 4.860158 4.999918,
      -0.2098382 4.838074 4.952582,
      -0.2158629 4.824567 4.90219,
      -0.2339907 4.838081 4.747398,
      -0.2279665 4.824572 4.797784,
      -0.2219148 4.820028 4.849986,
      -0.2400215 4.860164 4.700072,
      -0.03533063 5.368434 5.612789,
      0.03533063 5.368434 5.612789,
      -0.0685123 5.360139 5.602904,
      0.0685123 5.360139 5.602904,
      -0.09752676 5.346878 5.587099,
      0.09752676 5.346878 5.587099,
      -0.1206092 5.329454 5.566335,
      0.1206092 5.329454 5.566335,
      -0.1363558 5.308929 5.541874,
      0.1363558 5.308929 5.541874,
      -0.1438085 5.286551 5.515206,
      0.1438085 5.286551 5.515206,
      -5.982471e-13 5.371256 5.616152,
      -0.1438085 5.056738 5.708042,
      0.1438085 5.056738 5.708042,
      -0.1363558 5.079116 5.734711,
      0.1363558 5.079116 5.734711,
      -0.1206092 5.099641 5.759171,
      0.1206092 5.099641 5.759171,
      -0.09752676 5.117064 5.779935,
      0.09752676 5.117064 5.779935,
      -0.0685123 5.130326 5.795741,
      0.0685123 5.130326 5.795741,
      -0.03533063 5.13862 5.805625,
      0.03533063 5.13862 5.805625,
      -2.763189e-13 5.141442 5.808989,
      -3.862305 5.41088 3.948011,
      -3.862305 5.115441 4.000117,
      -3.856266 5.383812 3.847002,
      -3.856266 5.101906 3.949608,
      -3.850228 5.33962 3.752226,
      -3.850227 5.079807 3.902215,
      -3.844188 5.279627 3.66654,
      -3.844188 5.049813 3.859377,
      -2.137695 5.115441 4.000117,
      -2.143734 5.101906 3.949608,
      -2.155812 5.049813 3.859377,
      -2.149773 5.079807 3.902215,
      -2.155812 5.279627 3.66654,
      -2.149772 5.33962 3.752226,
      -2.143734 5.383812 3.847002,
      -2.137695 5.41088 3.948011,
      -2.215623 4.840187 3.142836,
      -3.784377 4.840187 3.142836,
      -2.215623 4.610373 3.335673,
      -3.784377 4.610373 3.335673,
      -3.778339 4.550398 3.250017,
      -2.221661 4.550394 3.25001,
      -3.772301 4.506201 3.155245,
      -2.2277 4.506196 3.155232,
      -3.766261 4.479124 3.054222,
      -2.23374 4.479121 3.054204,
      -3.760221 4.47 2.95001,
      -2.23978 4.47 2.94999,
      -3.754181 4.479121 2.845795,
      -2.24582 4.479124 2.845778,
      -3.748141 4.506196 2.744768,
      -2.25186 4.506201 2.744755,
      -3.742102 4.550394 2.64999,
      -2.257898 4.550398 2.649982,
      -3.736064 4.610373 2.564327,
      -2.263936 4.610373 2.564327,
      -2.263936 4.840187 2.757164,
      -2.257886 4.810158 2.800082,
      -2.251854 4.788074 2.847418,
      -2.24583 4.774567 2.89781,
      -2.227702 4.788081 3.052602,
      -2.233726 4.774572 3.002216,
      -2.239778 4.770028 2.950014,
      -2.221671 4.810164 3.099928,
      -3.736064 4.840187 2.757164,
      -3.742112 4.810164 2.800072,
      -3.748143 4.788081 2.847399,
      -3.754167 4.774572 2.897784,
      -3.760219 4.770028 2.949986,
      -3.766271 4.774567 3.00219,
      -3.772296 4.788074 3.052582,
      -3.778327 4.810158 3.099917,
      -3.670243 5.09397 1.987999,
      -3.670243 5.323784 2.180835,
      -3.654755 5.370288 2.125413,
      -3.654755 5.140475 1.932577,
      -3.622031 5.183129 1.881744,
      -3.622031 5.412942 2.07458,
      -3.574062 5.449151 2.031428,
      -3.574062 5.219337 1.838592,
      -3.513765 5.476712 1.998583,
      -3.513765 5.246899 1.805746,
      -3.444808 5.264135 1.785204,
      -3.444808 5.493949 1.97804,
      -3.371384 5.499814 1.971051,
      -3.371384 5.27 1.778215,
      -2.329757 5.09397 1.987999,
      -2.628616 5.27 1.778215,
      -2.555192 5.264135 1.785204,
      -2.486235 5.246899 1.805746,
      -2.425938 5.219337 1.838592,
      -2.377969 5.183129 1.881744,
      -2.345245 5.140475 1.932577,
      -2.628616 5.499814 1.971051,
      -2.555192 5.493949 1.97804,
      -2.486235 5.476712 1.998583,
      -2.425938 5.449151 2.031428,
      -2.377969 5.412942 2.07458,
      -2.345245 5.370288 2.125413,
      -2.329757 5.323784 2.180835,
      2.137695 5.41088 3.948011,
      2.137695 5.115441 4.000117,
      2.143734 5.383812 3.847002,
      2.143734 5.101906 3.949608,
      2.149772 5.33962 3.752226,
      2.149773 5.079807 3.902215,
      2.155812 5.279627 3.66654,
      2.155812 5.049813 3.859377,
      3.862305 5.115441 4.000117,
      3.856266 5.101906 3.949608,
      3.844188 5.049813 3.859377,
      3.850227 5.079807 3.902215,
      3.844188 5.279627 3.66654,
      3.850228 5.33962 3.752226,
      3.856266 5.383812 3.847002,
      3.862305 5.41088 3.948011,
      3.784377 4.840187 3.142836,
      2.215623 4.840187 3.142836,
      3.784377 4.610373 3.335673,
      2.215623 4.610373 3.335673,
      2.221661 4.550398 3.250017,
      3.778339 4.550394 3.25001,
      2.227699 4.506201 3.155245,
      3.7723 4.506196 3.155232,
      2.233739 4.479124 3.054222,
      3.76626 4.479121 3.054204,
      2.239779 4.47 2.95001,
      3.76022 4.47 2.94999,
      2.245819 4.479121 2.845795,
      3.75418 4.479124 2.845778,
      2.251859 4.506196 2.744768,
      3.74814 4.506201 2.744755,
      2.257898 4.550394 2.64999,
      3.742102 4.550398 2.649982,
      2.263936 4.610373 2.564327,
      3.736064 4.610373 2.564327,
      3.736064 4.840187 2.757164,
      3.742114 4.810158 2.800082,
      3.748146 4.788074 2.847418,
      3.75417 4.774567 2.89781,
      3.772298 4.788081 3.052602,
      3.766274 4.774572 3.002216,
      3.760222 4.770028 2.950014,
      3.778329 4.810164 3.099928,
      2.263936 4.840187 2.757164,
      2.257888 4.810164 2.800072,
      2.251857 4.788081 2.847399,
      2.245833 4.774572 2.897784,
      2.239781 4.770028 2.949986,
      2.233729 4.774567 3.00219,
      2.227704 4.788074 3.052582,
      2.221673 4.810158 3.099917,
      2.329757 5.09397 1.987999,
      2.329757 5.323784 2.180835,
      2.345245 5.370288 2.125413,
      2.345245 5.140475 1.932577,
      2.377969 5.183129 1.881744,
      2.377969 5.412942 2.07458,
      2.425938 5.449151 2.031428,
      2.425938 5.219337 1.838592,
      2.486235 5.476712 1.998583,
      2.486235 5.246899 1.805746,
      2.555192 5.264135 1.785204,
      2.555192 5.493949 1.97804,
      2.628616 5.499814 1.971051,
      2.628616 5.27 1.778215,
      3.670243 5.09397 1.987999,
      3.371384 5.27 1.778215,
      3.444808 5.264135 1.785204,
      3.513765 5.246899 1.805746,
      3.574062 5.219337 1.838592,
      3.622031 5.183129 1.881744,
      3.654755 5.140475 1.932577,
      3.371384 5.499814 1.971051,
      3.444808 5.493949 1.97804,
      3.513765 5.476712 1.998583,
      3.574062 5.449151 2.031428,
      3.622031 5.412942 2.07458,
      3.654755 5.370288 2.125413,
      3.670243 5.323784 2.180835,
      4.95 5.1 13.55,
      5.75 5.1 14.13788,
      4.95 5.1 14.13788,
      4.85 5.1 13.35,
      4.85 5.1 13.55,
      5.75 4.85308 14.23723,
      5.75 4.981306 14.1994,
      4.95 4.85308 14.23723,
      4.95 4.981306 14.1994,
      4.95 4.548318 13.95,
      4.95 4.7 13.95,
      4.85 4.7 13.95,
      0.4 4.7 13.95,
      0.4 4.548318 13.95,
      0.4 4.823528 13.93637,
      0.4 4.901173 14.22615,
      0.4 4.72 13.95,
      0.4 4.92 13.89641,
      0.4 5.07 14.15622,
      0.4 5.002843 13.83284,
      0.4 5.214975 14.04497,
      0.4 5.06641 13.75,
      0.4 5.326218 13.9,
      0.4 5.10637 13.65353,
      0.4 5.396148 13.73117,
      0.4 5.12 13.55,
      0.4 5.12 13.5,
      -0.4 4.901173 14.22615,
      -0.4 5.07 14.15622,
      -0.4 5.214975 14.04497,
      -0.4 5.326218 13.9,
      -0.4 5.396148 13.73117,
      -0.4 4.548318 13.95,
      -0.4 4.7 13.95,
      -0.4 4.72 13.95,
      -0.4 4.823528 13.93637,
      -0.4 4.92 13.89641,
      -0.4 5.002843 13.83284,
      -0.4 5.06641 13.75,
      -0.4 5.10637 13.65353,
      -0.4 5.12 13.55,
      -0.4 5.12 13.5,
      -4.8 4.548318 13.95,
      -4.85 4.7 13.95,
      -4.829572 4.551229 13.95,
      -4.857476 4.559796 13.95,
      -4.950053 4.699327 13.95,
      -4.947113 4.668859 13.95,
      -4.938512 4.640815 13.95,
      -4.924661 4.614914 13.95,
      -4.906077 4.592242 13.95,
      -4.883392 4.57365 13.95,
      -4.95 4.823528 13.93637,
      -4.95 4.901173 14.22615,
      -4.95 4.72 13.95,
      -4.95 4.92 13.89641,
      -4.95 5.07 14.15622,
      -4.95 5.002843 13.83284,
      -4.95 5.214975 14.04497,
      -4.95 5.06641 13.75,
      -4.95 5.326218 13.9,
      -4.95 5.10637 13.65353,
      -4.95 5.396148 13.73117,
      -4.95 5.12 13.55,
      -4.95 5.12 13.5,
      -4.85 5.1 13.55,
      -5.05 5.1 13.55,
      -5.05 5.12 13.55,
      -3.865 5.12 13.35,
      -4.8 5.12 13.35,
      -3.865 5.12 11.5,
      -5.05 5.12 11.5,
      -4.838823 5.12 13.35511,
      -4.875 5.12 13.3701,
      -4.906066 5.12 13.39393,
      -4.929904 5.12 13.425,
      -4.944889 5.12 13.46118,
      -3.865 5.1 13.35,
      -3.865 5.1 11.5,
      -5.05 5.1 11.5,
      -5.25 5.1 11.5,
      -3.75 5.1 11.5,
      -5.25 5.1 11.055,
      -3.75 5.1 11.055,
      -4.85 5.1 13.35,
      -3.75 5.12 11.055,
      -5.25 5.12 11.055,
      -5.25 5.12 10.65359,
      -5.25 5.353013 10.25,
      -5.25 5.389846 10.17101,
      -5.25 5.412404 10.08682,
      -3.75 5.12 10.65359,
      -3.75 5.353013 10.25,
      -3.75 5.389846 10.17101,
      -3.75 5.412404 10.08682,
      4.95 5.12 13.35,
      0.55 5.12 13.35,
      -0.55 5.12 13.35,
      -2.622863 5.04 13.35,
      4.85 5.04 13.35,
      -2.622863 4.7 13.35,
      -4.85 4.7 13.35,
      4.95 5.12 14.12446,
      4.95 5.24538 14.01258,
      4.95 5.340484 13.87404,
      4.95 5.39983 13.71683,
      5.75 5.39983 13.71683,
      5.75 5.340484 13.87404,
      5.75 5.24538 14.01258,
      5.75 5.12 14.12446,
      4.85 4.7 12.65,
      4.85 5.04 12.65,
      -2.622863 4.7 12.65,
      -2.622863 5.04 12.65,
      0.5111771 5.12 13.35511,
      -0.5111771 5.12 13.35511,
      0.475 5.12 13.3701,
      -0.475 5.12 13.3701,
      0.443934 5.12 13.39393,
      -0.443934 5.12 13.39393,
      0.4200962 5.12 13.425,
      -0.4200962 5.12 13.425,
      0.4051111 5.12 13.46118,
      -0.4051111 5.12 13.46118,
      5.25 5.17 10.4,
      5.25 5.17 11.3,
      5.25 5.26641 10.4,
      3.75 5.26641 10.4,
      3.75 5.17 10.4,
      5.05 5.17 11.5,
      3.95 5.17 11.5,
      3.75 5.17 11.3,
      3.898236 5.17 11.49319,
      3.85 5.17 11.4732,
      5.101764 5.17 11.49319,
      5.15 5.17 11.4732,
      5.191422 5.17 11.44142,
      5.223205 5.17 11.4,
      5.243185 5.17 11.35176,
      3.756815 5.17 11.35176,
      3.776795 5.17 11.4,
      3.808579 5.17 11.44142,
      6.535778 1.931583 2.937268,
      6.242882 1.931584 2.87235,
      6.493785 1.940652 3.060975,
      6.221888 1.940652 2.934188,
      6.188012 1.94972 2.990018,
      6.426012 1.949721 3.172661,
      6.142836 1.95879 3.037217,
      6.335672 1.95879 3.267031,
      6.242882 3.188416 2.87235,
      6.221888 3.179348 2.934188,
      6.188012 3.17028 2.990018,
      6.142836 3.16121 3.037217,
      6.335672 3.16121 3.267031,
      6.426012 3.170279 3.172661,
      6.493785 3.179348 3.060975,
      6.535778 3.188416 2.937268,
      6.121442 3.131817 3.446791,
      6.121442 1.988183 3.446791,
      5.928606 3.131817 3.216978,
      5.928606 1.988183 3.216978,
      5.85375 3.125085 3.295066,
      5.85375 1.994915 3.295066,
      5.797441 2.001647 3.387426,
      5.762008 2.008466 3.491099,
      5.762008 3.111533 3.491099,
      5.797441 3.118353 3.387426,
      5.750005 2.015286 3.6,
      5.750005 3.104714 3.6,
      5.762008 2.022105 3.708901,
      5.762008 3.097895 3.708901,
      5.797441 3.091076 3.812574,
      5.797441 2.028924 3.812574,
      5.85375 2.035656 3.904934,
      5.928606 2.042388 3.983022,
      5.928606 3.077611 3.983022,
      5.85375 3.084344 3.904934,
      6.121442 3.077611 3.753209,
      6.091505 3.084342 3.721977,
      6.068983 3.091074 3.685038,
      6.054806 3.097894 3.643572,
      6.05 3.104713 3.600005,
      6.054804 3.111533 3.556438,
      6.06898 3.118353 3.514969,
      6.091502 3.125086 3.478027,
      6.121442 2.042388 3.753209,
      6.091502 2.035657 3.721973,
      6.06898 2.028924 3.685031,
      6.054804 2.022105 3.643562,
      6.05 2.015285 3.599995,
      6.054806 2.008465 3.556428,
      6.068983 2.001646 3.514962,
      6.091505 1.994914 3.478024,
      6.194209 2.07883 4.205889,
      6.387045 2.07883 3.976076,
      6.4 2.377187 4.378569,
      6.393174 2.30461 4.37284,
      6.592836 2.377187 4.148755,
      6.58601 2.30461 4.143027,
      6.565936 2.236345 4.126184,
      6.3731 2.236345 4.355997,
      6.340971 2.176448 4.329038,
      6.533808 2.176448 4.099224,
      6.298697 2.128475 4.293565,
      6.491533 2.128475 4.063752,
      6.441624 2.095279 4.021873,
      6.248787 2.095279 4.251686,
      6.592836 2.742813 4.148755,
      6.387045 3.04117 3.976076,
      6.441624 3.024721 4.021873,
      6.491533 2.991524 4.063752,
      6.533808 2.943552 4.099224,
      6.565936 2.883655 4.126184,
      6.58601 2.81539 4.143027,
      6.4 2.742813 4.378569,
      6.393174 2.81539 4.37284,
      6.3731 2.883655 4.355997,
      6.340971 2.943552 4.329038,
      6.298697 2.991524 4.293565,
      6.248787 3.024721 4.251686,
      6.194209 3.04117 4.205889,
      6.05 3.52 11.75,
      6.05 3.52 12.00309,
      6.35 3.52 11.75,
      6.35 3.52 12.00359,
      6.051156 3.52 12.02957,
      6.054615 3.52 12.05584,
      6.060352 3.52 12.08172,
      6.529555 3.52 12.6737,
      6.239778 3.52 12.75135,
      6.245442 3.52 12.7769,
      6.540884 3.52 12.7248,
      6.248858 3.52 12.80285,
      6.547717 3.52 12.7767,
      6.35 2.62 11.57679,
      6.35 2.668236 11.55682,
      6.35 2.52 11.75,
      6.35 2.72 11.55,
      6.35 2.52 12.00359,
      6.35 3.32 11.55,
      6.35 2.526815 11.69824,
      6.35 2.546795 11.65,
      6.35 2.578579 11.60858,
      6.35 3.371764 11.55682,
      6.35 3.42 11.57679,
      6.35 3.461421 11.60858,
      6.35 3.493205 11.65,
      6.35 3.513185 11.69824,
      6.529555 2.52 12.6737,
      6.248858 2.52 12.80285,
      6.547717 2.52 12.7767,
      6.245442 2.52 12.7769,
      6.540884 2.52 12.7248,
      6.239778 2.52 12.75135,
      6.060352 2.52 12.08172,
      6.054615 2.52 12.05584,
      6.051156 2.52 12.02957,
      6.05 2.52 12.00309,
      6.05 2.52 11.75,
      6.05 2.526815 11.69824,
      6.05 2.546795 11.65,
      6.05 2.578579 11.60858,
      6.05 2.62 11.57679,
      6.05 2.668236 11.55682,
      6.05 2.72 11.55,
      6.05 3.32 11.55,
      6.05 3.371764 11.55682,
      6.05 3.42 11.57679,
      6.05 3.461421 11.60858,
      6.05 3.493205 11.65,
      6.05 3.513185 11.69824,
      6.9 -0.18 12.65417,
      6.9 -0.18 12.0293,
      6.9 0.62 12.65417,
      6.9 0.62 12.0293,
      6.9 0.6161581 11.99029,
      6.9 0.6047752 11.95276,
      6.9 0.5862938 11.91819,
      6.9 0.5614213 11.88788,
      6.9 0.5311136 11.86301,
      6.9 0.4965395 11.84452,
      6.9 0.4590075 11.83314,
      6.9 0.42 11.8293,
      6.9 0.02 11.8293,
      6.9 -0.01900749 11.83314,
      6.9 -0.05653948 11.84452,
      6.9 -0.09111355 11.86301,
      6.9 -0.1214214 11.88788,
      6.9 -0.1462938 11.91819,
      6.9 -0.1647753 11.95276,
      6.9 -0.1761581 11.99029,
      3.22 -0.6 11.88,
      3.22 -0.6 11.62,
      3.25 -0.6 11.65,
      3.78 -0.6 11.62,
      3.75 -0.6 11.65,
      3.78 -0.6 11.88,
      3.75 -0.6 11.85,
      3.25 -0.6 11.85,
      3.75 -2.127878 11.85,
      3.75 -2.127878 11.65,
      3.25 -2.127878 11.65,
      3.6 -2.54 11.65,
      3.4 -2.54 11.65,
      3.25 -2.127878 11.85,
      3.4 -2.54 11.85,
      3.6 -2.54 11.85,
      -0.75 -2.127878 11.65,
      -1.25 -2.127878 11.65,
      -0.9 -2.54 11.65,
      -1.1 -2.54 11.65,
      -1.25 -2.127878 11.85,
      -0.75 -2.127878 11.85,
      -1.1 -2.54 11.85,
      -0.9 -2.54 11.85,
      -0.28 -0.6 13.38,
      -0.28 -0.6 13.12,
      -0.25 -0.6 13.15,
      -0.25 -0.6 13.35,
      0.25 -0.6 13.35,
      0.28 -0.6 13.12,
      0.25 -0.6 13.15,
      0.28 -0.6 13.38,
      -0.25 -2.127878 13.35,
      -0.25 -2.127878 13.15,
      -0.1 -2.54 13.15,
      -0.1 -2.54 13.35,
      0.25 -2.127878 13.35,
      0.1 -2.54 13.35,
      0.1 -2.54 13.15,
      0.25 -2.127878 13.15,
      -2.28 -0.6 13.38,
      -2.28 -0.6 13.12,
      -2.25 -0.6 13.15,
      -2.25 -0.6 13.35,
      -1.75 -0.6 13.35,
      -1.72 -0.6 13.12,
      -1.75 -0.6 13.15,
      -1.72 -0.6 13.38,
      -1.75 -2.127878 13.35,
      -2.25 -2.127878 13.35,
      -1.9 -2.54 13.35,
      -2.1 -2.54 13.35,
      -1.9 -2.54 13.15,
      -1.75 -2.127878 13.15,
      -2.1 -2.54 13.15,
      -2.25 -2.127878 13.15,
      0.75 -2.127878 11.85,
      1.25 -2.127878 11.85,
      0.9 -2.54 11.85,
      1.1 -2.54 11.85,
      1.25 -2.127878 11.65,
      0.75 -2.127878 11.65,
      1.1 -2.54 11.65,
      0.9 -2.54 11.65,
      -4.1 -2.54 13.35,
      -3.9 -2.54 13.35,
      -4.25 -2.127878 13.35,
      -3.75 -2.127878 13.35,
      -4.25 -2.127878 13.15,
      -4.1 -2.54 13.15,
      -3.9 -2.54 13.15,
      -3.75 -2.127878 13.15,
      -3.25 -2.127878 11.65,
      -3.75 -2.127878 11.65,
      -3.4 -2.54 11.65,
      -3.6 -2.54 11.65,
      -3.75 -2.127878 11.85,
      -3.25 -2.127878 11.85,
      -3.6 -2.54 11.85,
      -3.4 -2.54 11.85,
      3.72 -0.6 13.38,
      3.72 -0.6 13.12,
      3.75 -0.6 13.15,
      3.75 -0.6 13.35,
      4.25 -0.6 13.35,
      4.28 -0.6 13.12,
      4.25 -0.6 13.15,
      4.28 -0.6 13.38,
      3.75 -2.127878 13.35,
      3.75 -2.127878 13.15,
      3.9 -2.54 13.15,
      3.9 -2.54 13.35,
      4.25 -2.127878 13.35,
      4.1 -2.54 13.35,
      4.1 -2.54 13.15,
      4.25 -2.127878 13.15,
      1.72 -0.6 13.12,
      2.28 -0.6 13.12,
      1.75 -0.6 13.15,
      1.72 -0.6 13.38,
      1.75 -0.6 13.35,
      2.25 -0.6 13.35,
      2.25 -0.6 13.15,
      2.28 -0.6 13.38,
      2.25 -2.127878 13.35,
      1.75 -2.127878 13.35,
      2.1 -2.54 13.35,
      1.9 -2.54 13.35,
      2.1 -2.54 13.15,
      2.25 -2.127878 13.15,
      1.9 -2.54 13.15,
      1.75 -2.127878 13.15,
      -6.6 0.8088229 11.55511,
      -6.6 0.77 11.55,
      -6.6 1.22 10.75,
      -6.6 -0.33 11.55,
      -6.6 -0.3688228 11.55511,
      -6.6 -0.405 11.5701,
      -6.6 1.297646 10.76022,
      -6.6 1.37 10.79019,
      -6.6 1.432132 10.83787,
      -6.6 1.479808 10.9,
      -6.6 1.509778 10.97235,
      -6.6 0.845 11.5701,
      -6.6 0.876066 11.59393,
      -6.6 0.9148889 13.13882,
      -6.6 0.92 13.1,
      -6.6 0.92 11.7,
      -6.6 0.9148889 11.66118,
      -6.6 0.8999038 11.625,
      -6.6 -0.405 13.2299,
      -6.6 -0.3688228 13.24489,
      -6.6 -0.33 13.25,
      -6.6 0.77 13.25,
      -6.6 0.8088229 13.24489,
      -6.6 -0.4599038 11.625,
      -6.6 -0.4748889 11.66118,
      -6.6 -0.48 11.7,
      -6.6 -0.48 13.1,
      -6.6 -0.4748889 13.13882,
      -6.6 -0.436066 11.59393,
      -6.6 -0.4599038 13.175,
      -6.6 -0.436066 13.20607,
      -6.6 0.845 13.2299,
      -6.6 0.876066 13.20607,
      -6.6 0.8999038 13.175,
      -5.55 4.4 1.016025,
      -5.05 4.02 0.15,
      -5.43 4.4 0.8081793,
      -5.05 2.94 0.15,
      5.55 4.4 1.016025,
      5.43 4.4 0.8081793,
      5.05 4.02 0.15,
      5.05 2.94 0.15,
      -4.63 2.77 0.4444486,
      2.63 2.82 0.3578461,
      1.37 2.82 0.3578461,
      0.63 2.82 0.3578461,
      -0.63 2.82 0.3578461,
      -1.37 2.82 0.3578461,
      -0.63 2.77 0.4444486,
      -1.37 2.77 0.4444486,
      4.63 2.77 0.4444486,
      4.63 2.82 0.3578461,
      3.37 2.82 0.3578461,
      3.37 2.77 0.4444486,
      2.63 2.77 0.4444486,
      1.37 2.77 0.4444486,
      0.63 2.77 0.4444486,
      -2.63 2.82 0.3578461,
      -3.37 2.82 0.3578461,
      -4.63 2.82 0.3578461,
      -2.63 2.77 0.4444486,
      -3.37 2.77 0.4444486,
      -4.63 2.77 1.016025,
      -3.37 2.77 1.016025,
      -3.37 2.82 1.016025,
      -4.63 2.82 1.016025,
      -2.63 2.77 1.016025,
      -1.37 2.77 1.016025,
      -1.37 2.82 1.016025,
      -2.63 2.82 1.016025,
      -0.63 2.77 1.016025,
      0.63 2.77 1.016025,
      0.63 2.82 1.016025,
      -0.63 2.82 1.016025,
      1.37 2.77 1.016025,
      1.37 2.82 1.016025,
      2.63 2.82 1.016025,
      2.63 2.77 1.016025,
      3.37 2.77 1.016025,
      3.37 2.82 1.016025,
      4.63 2.82 1.016025,
      4.63 2.77 1.016025,
      -0.48 2.537908 3.595732,
      -0.48 2.000446 4.36318,
      -0.48 2.164268 4.477908,
      -0.48 2.131852 4.537601,
      -0.48 1.94642 4.462668,
      -0.48 2.113696 4.603056,
      -0.48 1.91616 4.57176,
      -0.48 2.11073 4.670918,
      -0.48 1.911217 4.684863,
      -0.48 1.931845 4.796178,
      -0.48 2.123107 4.737707,
      -0.48 1.976987 4.9,
      -0.48 2.150192 4.8,
      -1.52 2.537908 3.595732,
      -1.52 2.000446 4.36318,
      -1.52 2.164268 4.477908,
      -1.52 1.94642 4.462668,
      -1.52 2.131852 4.537601,
      -1.52 1.91616 4.57176,
      -1.52 2.113696 4.603056,
      -1.52 2.11073 4.670918,
      -1.52 1.911217 4.684863,
      -1.52 2.123107 4.737707,
      -1.52 1.931845 4.796178,
      -1.52 2.150192 4.8,
      -1.52 1.976987 4.9,
      0.48 1.976987 4.9,
      1.52 1.976987 4.9,
      0.48 2.537908 3.595732,
      0.48 2.000446 4.36318,
      0.48 2.164268 4.477908,
      0.48 1.94642 4.462668,
      0.48 2.131852 4.537601,
      0.48 1.91616 4.57176,
      0.48 2.113696 4.603056,
      0.48 2.11073 4.670918,
      0.48 1.911217 4.684863,
      0.48 2.123107 4.737707,
      0.48 1.931845 4.796178,
      0.48 2.150192 4.8,
      1.52 2.164268 4.477908,
      1.52 2.537908 3.595732,
      1.52 2.000446 4.36318,
      1.52 2.131852 4.537601,
      1.52 1.94642 4.462668,
      1.52 2.113696 4.603056,
      1.52 1.91616 4.57176,
      1.52 2.11073 4.670918,
      1.52 1.911217 4.684863,
      1.52 1.931845 4.796178,
      1.52 2.123107 4.737707,
      1.52 2.150192 4.8,
      2.98 2.150192 4.8,
      4.02 2.150192 4.8,
      2.98 2.537908 3.595732,
      2.98 2.000446 4.36318,
      2.98 2.164268 4.477908,
      2.98 1.94642 4.462668,
      2.98 2.131852 4.537601,
      2.98 1.91616 4.57176,
      2.98 2.113696 4.603056,
      2.98 2.11073 4.670918,
      2.98 1.911217 4.684863,
      2.98 2.123107 4.737707,
      2.98 1.931845 4.796178,
      2.98 1.976987 4.9,
      4.02 2.164268 4.477908,
      4.02 2.537908 3.595732,
      4.02 2.000446 4.36318,
      4.02 2.131852 4.537601,
      4.02 1.94642 4.462668,
      4.02 2.113696 4.603056,
      4.02 1.91616 4.57176,
      4.02 2.11073 4.670918,
      4.02 1.911217 4.684863,
      4.02 1.931845 4.796178,
      4.02 2.123107 4.737707,
      4.02 1.976987 4.9,
      -4.02 2.150192 4.8,
      -2.98 2.150192 4.8,
      -4.02 2.537908 3.595732,
      -4.02 2.000446 4.36318,
      -4.02 2.164268 4.477908,
      -4.02 1.94642 4.462668,
      -4.02 2.131852 4.537601,
      -4.02 1.91616 4.57176,
      -4.02 2.113696 4.603056,
      -4.02 2.11073 4.670918,
      -4.02 1.911217 4.684863,
      -4.02 2.123107 4.737707,
      -4.02 1.931845 4.796178,
      -4.02 1.976987 4.9,
      -2.98 2.164268 4.477908,
      -2.98 2.537908 3.595732,
      -2.98 2.000446 4.36318,
      -2.98 2.131852 4.537601,
      -2.98 1.94642 4.462668,
      -2.98 2.113696 4.603056,
      -2.98 1.91616 4.57176,
      -2.98 2.11073 4.670918,
      -2.98 1.911217 4.684863,
      -2.98 1.931845 4.796178,
      -2.98 2.123107 4.737707,
      -2.98 1.976987 4.9,
      -3.65 -1.44 13.25,
      -3.652994 -1.44 13.29568,
      -3.661926 -1.44 13.34059,
      -3.676642 -1.44 13.38394,
      -3.696891 -1.44 13.425,
      -3.722326 -1.44 13.46307,
      -3.752513 -1.44 13.49749,
      -3.786933 -1.44 13.52767,
      -3.825 -1.44 13.55311,
      -3.866061 -1.44 13.57336,
      -3.909413 -1.44 13.58807,
      -3.954316 -1.44 13.59701,
      -4 -1.44 13.6,
      -4.045684 -1.44 13.59701,
      -4.090587 -1.44 13.58807,
      -4.133939 -1.44 13.57336,
      -4.175 -1.44 13.55311,
      -4.213067 -1.44 13.52767,
      -4.247488 -1.44 13.49749,
      -4.277674 -1.44 13.46307,
      -4.303109 -1.44 13.425,
      -4.323358 -1.44 13.38394,
      -4.338074 -1.44 13.34059,
      -4.347006 -1.44 13.29568,
      -4.35 -1.44 13.25,
      -4.35 -1.44 13.25,
      -4.347006 -1.44 13.20432,
      -4.338074 -1.44 13.15941,
      -4.323358 -1.44 13.11606,
      -4.303109 -1.44 13.075,
      -4.277674 -1.44 13.03693,
      -4.247488 -1.44 13.00251,
      -4.213067 -1.44 12.97233,
      -4.175 -1.44 12.94689,
      -4.133939 -1.44 12.92664,
      -4.090587 -1.44 12.91193,
      -4.045684 -1.44 12.90299,
      -4 -1.44 12.9,
      -3.954316 -1.44 12.90299,
      -3.909413 -1.44 12.91193,
      -3.866061 -1.44 12.92664,
      -3.825 -1.44 12.94689,
      -3.786933 -1.44 12.97233,
      -3.752513 -1.44 13.00251,
      -3.722326 -1.44 13.03693,
      -3.696891 -1.44 13.075,
      -3.676642 -1.44 13.11606,
      -3.661926 -1.44 13.15941,
      -3.652994 -1.44 13.20432,
      -3.65 -1.44 13.25,
      -1.65 -1.44 13.25,
      -1.652994 -1.44 13.29568,
      -1.661926 -1.44 13.34059,
      -1.676642 -1.44 13.38394,
      -1.696891 -1.44 13.425,
      -1.722326 -1.44 13.46307,
      -1.752513 -1.44 13.49749,
      -1.786934 -1.44 13.52767,
      -1.825 -1.44 13.55311,
      -1.866061 -1.44 13.57336,
      -1.909413 -1.44 13.58807,
      -1.954316 -1.44 13.59701,
      -2 -1.44 13.6,
      -2.045684 -1.44 13.59701,
      -2.090587 -1.44 13.58807,
      -2.133939 -1.44 13.57336,
      -2.175 -1.44 13.55311,
      -2.213067 -1.44 13.52767,
      -2.247487 -1.44 13.49749,
      -2.277674 -1.44 13.46307,
      -2.303109 -1.44 13.425,
      -2.323358 -1.44 13.38394,
      -2.338074 -1.44 13.34059,
      -2.347006 -1.44 13.29568,
      -2.35 -1.44 13.25,
      -2.35 -1.44 13.25,
      -2.347006 -1.44 13.20432,
      -2.338074 -1.44 13.15941,
      -2.323358 -1.44 13.11606,
      -2.303109 -1.44 13.075,
      -2.277674 -1.44 13.03693,
      -2.247487 -1.44 13.00251,
      -2.213067 -1.44 12.97233,
      -2.175 -1.44 12.94689,
      -2.133939 -1.44 12.92664,
      -2.090587 -1.44 12.91193,
      -2.045684 -1.44 12.90299,
      -2 -1.44 12.9,
      -1.954316 -1.44 12.90299,
      -1.909413 -1.44 12.91193,
      -1.866061 -1.44 12.92664,
      -1.825 -1.44 12.94689,
      -1.786934 -1.44 12.97233,
      -1.752513 -1.44 13.00251,
      -1.722326 -1.44 13.03693,
      -1.696891 -1.44 13.075,
      -1.676642 -1.44 13.11606,
      -1.661926 -1.44 13.15941,
      -1.652994 -1.44 13.20432,
      -1.65 -1.44 13.25,
      0.35 -1.44 13.25,
      0.3470057 -1.44 13.29568,
      0.338074 -1.44 13.34059,
      0.3233579 -1.44 13.38394,
      0.3031089 -1.44 13.425,
      0.2776737 -1.44 13.46307,
      0.2474874 -1.44 13.49749,
      0.2130665 -1.44 13.52767,
      0.175 -1.44 13.55311,
      0.1339392 -1.44 13.57336,
      0.09058666 -1.44 13.58807,
      0.04568417 -1.44 13.59701,
      1.038495e-13 -1.44 13.6,
      -0.04568417 -1.44 13.59701,
      -0.09058666 -1.44 13.58807,
      -0.1339392 -1.44 13.57336,
      -0.175 -1.44 13.55311,
      -0.2130665 -1.44 13.52767,
      -0.2474874 -1.44 13.49749,
      -0.2776737 -1.44 13.46307,
      -0.3031089 -1.44 13.425,
      -0.3233579 -1.44 13.38394,
      -0.338074 -1.44 13.34059,
      -0.3470057 -1.44 13.29568,
      -0.35 -1.44 13.25,
      -0.35 -1.44 13.25,
      -0.3470057 -1.44 13.20432,
      -0.338074 -1.44 13.15941,
      -0.3233579 -1.44 13.11606,
      -0.3031089 -1.44 13.075,
      -0.2776737 -1.44 13.03693,
      -0.2474874 -1.44 13.00251,
      -0.2130665 -1.44 12.97233,
      -0.175 -1.44 12.94689,
      -0.1339392 -1.44 12.92664,
      -0.09058666 -1.44 12.91193,
      -0.04568417 -1.44 12.90299,
      -1.038495e-13 -1.44 12.9,
      0.04568417 -1.44 12.90299,
      0.09058666 -1.44 12.91193,
      0.1339392 -1.44 12.92664,
      0.175 -1.44 12.94689,
      0.2130665 -1.44 12.97233,
      0.2474874 -1.44 13.00251,
      0.2776737 -1.44 13.03693,
      0.3031089 -1.44 13.075,
      0.3233579 -1.44 13.11606,
      0.338074 -1.44 13.15941,
      0.3470057 -1.44 13.20432,
      0.35 -1.44 13.25,
      4.35 -1.44 13.25,
      4.347006 -1.44 13.29568,
      4.338074 -1.44 13.34059,
      4.323358 -1.44 13.38394,
      4.303109 -1.44 13.425,
      4.277674 -1.44 13.46307,
      4.247488 -1.44 13.49749,
      4.213067 -1.44 13.52767,
      4.175 -1.44 13.55311,
      4.133939 -1.44 13.57336,
      4.090587 -1.44 13.58807,
      4.045684 -1.44 13.59701,
      4 -1.44 13.6,
      3.954316 -1.44 13.59701,
      3.909413 -1.44 13.58807,
      3.866061 -1.44 13.57336,
      3.825 -1.44 13.55311,
      3.786933 -1.44 13.52767,
      3.752513 -1.44 13.49749,
      3.722326 -1.44 13.46307,
      3.696891 -1.44 13.425,
      3.676642 -1.44 13.38394,
      3.661926 -1.44 13.34059,
      3.652994 -1.44 13.29568,
      3.65 -1.44 13.25,
      3.65 -1.44 13.25,
      3.652994 -1.44 13.20432,
      3.661926 -1.44 13.15941,
      3.676642 -1.44 13.11606,
      3.696891 -1.44 13.075,
      3.722326 -1.44 13.03693,
      3.752513 -1.44 13.00251,
      3.786933 -1.44 12.97233,
      3.825 -1.44 12.94689,
      3.866061 -1.44 12.92664,
      3.909413 -1.44 12.91193,
      3.954316 -1.44 12.90299,
      4 -1.44 12.9,
      4.045684 -1.44 12.90299,
      4.090587 -1.44 12.91193,
      4.133939 -1.44 12.92664,
      4.175 -1.44 12.94689,
      4.213067 -1.44 12.97233,
      4.247488 -1.44 13.00251,
      4.277674 -1.44 13.03693,
      4.303109 -1.44 13.075,
      4.323358 -1.44 13.11606,
      4.338074 -1.44 13.15941,
      4.347006 -1.44 13.20432,
      4.35 -1.44 13.25,
      2.35 -1.44 13.25,
      2.347006 -1.44 13.29568,
      2.338074 -1.44 13.34059,
      2.323358 -1.44 13.38394,
      2.303109 -1.44 13.425,
      2.277674 -1.44 13.46307,
      2.247487 -1.44 13.49749,
      2.213067 -1.44 13.52767,
      2.175 -1.44 13.55311,
      2.133939 -1.44 13.57336,
      2.090587 -1.44 13.58807,
      2.045684 -1.44 13.59701,
      2 -1.44 13.6,
      1.954316 -1.44 13.59701,
      1.909413 -1.44 13.58807,
      1.866061 -1.44 13.57336,
      1.825 -1.44 13.55311,
      1.786934 -1.44 13.52767,
      1.752513 -1.44 13.49749,
      1.722326 -1.44 13.46307,
      1.696891 -1.44 13.425,
      1.676642 -1.44 13.38394,
      1.661926 -1.44 13.34059,
      1.652994 -1.44 13.29568,
      1.65 -1.44 13.25,
      1.65 -1.44 13.25,
      1.652994 -1.44 13.20432,
      1.661926 -1.44 13.15941,
      1.676642 -1.44 13.11606,
      1.696891 -1.44 13.075,
      1.722326 -1.44 13.03693,
      1.752513 -1.44 13.00251,
      1.786934 -1.44 12.97233,
      1.825 -1.44 12.94689,
      1.866061 -1.44 12.92664,
      1.909413 -1.44 12.91193,
      1.954316 -1.44 12.90299,
      2 -1.44 12.9,
      2.045684 -1.44 12.90299,
      2.090587 -1.44 12.91193,
      2.133939 -1.44 12.92664,
      2.175 -1.44 12.94689,
      2.213067 -1.44 12.97233,
      2.247487 -1.44 13.00251,
      2.277674 -1.44 13.03693,
      2.303109 -1.44 13.075,
      2.323358 -1.44 13.11606,
      2.338074 -1.44 13.15941,
      2.347006 -1.44 13.20432,
      2.35 -1.44 13.25,
      -3.15 -1.44 11.75,
      -3.152994 -1.44 11.79568,
      -3.161926 -1.44 11.84059,
      -3.176642 -1.44 11.88394,
      -3.196891 -1.44 11.925,
      -3.222326 -1.44 11.96307,
      -3.252513 -1.44 11.99749,
      -3.286933 -1.44 12.02767,
      -3.325 -1.44 12.05311,
      -3.366061 -1.44 12.07336,
      -3.409413 -1.44 12.08807,
      -3.454316 -1.44 12.09701,
      -3.5 -1.44 12.1,
      -3.545684 -1.44 12.09701,
      -3.590587 -1.44 12.08807,
      -3.633939 -1.44 12.07336,
      -3.675 -1.44 12.05311,
      -3.713067 -1.44 12.02767,
      -3.747487 -1.44 11.99749,
      -3.777674 -1.44 11.96307,
      -3.803109 -1.44 11.925,
      -3.823358 -1.44 11.88394,
      -3.838074 -1.44 11.84059,
      -3.847006 -1.44 11.79568,
      -3.85 -1.44 11.75,
      -3.85 -1.44 11.75,
      -3.847006 -1.44 11.70432,
      -3.838074 -1.44 11.65941,
      -3.823358 -1.44 11.61606,
      -3.803109 -1.44 11.575,
      -3.777674 -1.44 11.53693,
      -3.747487 -1.44 11.50251,
      -3.713067 -1.44 11.47233,
      -3.675 -1.44 11.44689,
      -3.633939 -1.44 11.42664,
      -3.590587 -1.44 11.41193,
      -3.545684 -1.44 11.40299,
      -3.5 -1.44 11.4,
      -3.454316 -1.44 11.40299,
      -3.409413 -1.44 11.41193,
      -3.366061 -1.44 11.42664,
      -3.325 -1.44 11.44689,
      -3.286933 -1.44 11.47233,
      -3.252513 -1.44 11.50251,
      -3.222326 -1.44 11.53693,
      -3.196891 -1.44 11.575,
      -3.176642 -1.44 11.61606,
      -3.161926 -1.44 11.65941,
      -3.152994 -1.44 11.70432,
      -3.15 -1.44 11.75,
      -0.65 -1.44 11.75,
      -0.6529943 -1.44 11.79568,
      -0.661926 -1.44 11.84059,
      -0.6766422 -1.44 11.88394,
      -0.6968911 -1.44 11.925,
      -0.7223263 -1.44 11.96307,
      -0.7525126 -1.44 11.99749,
      -0.7869335 -1.44 12.02767,
      -0.825 -1.44 12.05311,
      -0.8660608 -1.44 12.07336,
      -0.9094133 -1.44 12.08807,
      -0.9543158 -1.44 12.09701,
      -1 -1.44 12.1,
      -1.045684 -1.44 12.09701,
      -1.090587 -1.44 12.08807,
      -1.133939 -1.44 12.07336,
      -1.175 -1.44 12.05311,
      -1.213066 -1.44 12.02767,
      -1.247487 -1.44 11.99749,
      -1.277674 -1.44 11.96307,
      -1.303109 -1.44 11.925,
      -1.323358 -1.44 11.88394,
      -1.338074 -1.44 11.84059,
      -1.347006 -1.44 11.79568,
      -1.35 -1.44 11.75,
      -1.35 -1.44 11.75,
      -1.347006 -1.44 11.70432,
      -1.338074 -1.44 11.65941,
      -1.323358 -1.44 11.61606,
      -1.303109 -1.44 11.575,
      -1.277674 -1.44 11.53693,
      -1.247487 -1.44 11.50251,
      -1.213066 -1.44 11.47233,
      -1.175 -1.44 11.44689,
      -1.133939 -1.44 11.42664,
      -1.090587 -1.44 11.41193,
      -1.045684 -1.44 11.40299,
      -1 -1.44 11.4,
      -0.9543158 -1.44 11.40299,
      -0.9094133 -1.44 11.41193,
      -0.8660608 -1.44 11.42664,
      -0.825 -1.44 11.44689,
      -0.7869335 -1.44 11.47233,
      -0.7525126 -1.44 11.50251,
      -0.7223263 -1.44 11.53693,
      -0.6968911 -1.44 11.575,
      -0.6766422 -1.44 11.61606,
      -0.661926 -1.44 11.65941,
      -0.6529943 -1.44 11.70432,
      -0.65 -1.44 11.75,
      3.85 -1.44 11.75,
      3.847006 -1.44 11.79568,
      3.838074 -1.44 11.84059,
      3.823358 -1.44 11.88394,
      3.803109 -1.44 11.925,
      3.777674 -1.44 11.96307,
      3.747487 -1.44 11.99749,
      3.713067 -1.44 12.02767,
      3.675 -1.44 12.05311,
      3.633939 -1.44 12.07336,
      3.590587 -1.44 12.08807,
      3.545684 -1.44 12.09701,
      3.5 -1.44 12.1,
      3.454316 -1.44 12.09701,
      3.409413 -1.44 12.08807,
      3.366061 -1.44 12.07336,
      3.325 -1.44 12.05311,
      3.286933 -1.44 12.02767,
      3.252513 -1.44 11.99749,
      3.222326 -1.44 11.96307,
      3.196891 -1.44 11.925,
      3.176642 -1.44 11.88394,
      3.161926 -1.44 11.84059,
      3.152994 -1.44 11.79568,
      3.15 -1.44 11.75,
      3.15 -1.44 11.75,
      3.152994 -1.44 11.70432,
      3.161926 -1.44 11.65941,
      3.176642 -1.44 11.61606,
      3.196891 -1.44 11.575,
      3.222326 -1.44 11.53693,
      3.252513 -1.44 11.50251,
      3.286933 -1.44 11.47233,
      3.325 -1.44 11.44689,
      3.366061 -1.44 11.42664,
      3.409413 -1.44 11.41193,
      3.454316 -1.44 11.40299,
      3.5 -1.44 11.4,
      3.545684 -1.44 11.40299,
      3.590587 -1.44 11.41193,
      3.633939 -1.44 11.42664,
      3.675 -1.44 11.44689,
      3.713067 -1.44 11.47233,
      3.747487 -1.44 11.50251,
      3.777674 -1.44 11.53693,
      3.803109 -1.44 11.575,
      3.823358 -1.44 11.61606,
      3.838074 -1.44 11.65941,
      3.847006 -1.44 11.70432,
      3.85 -1.44 11.75,
      1.35 -1.44 11.75,
      1.347006 -1.44 11.79568,
      1.338074 -1.44 11.84059,
      1.323358 -1.44 11.88394,
      1.303109 -1.44 11.925,
      1.277674 -1.44 11.96307,
      1.247487 -1.44 11.99749,
      1.213066 -1.44 12.02767,
      1.175 -1.44 12.05311,
      1.133939 -1.44 12.07336,
      1.090587 -1.44 12.08807,
      1.045684 -1.44 12.09701,
      1 -1.44 12.1,
      0.9543158 -1.44 12.09701,
      0.9094133 -1.44 12.08807,
      0.8660608 -1.44 12.07336,
      0.825 -1.44 12.05311,
      0.7869335 -1.44 12.02767,
      0.7525126 -1.44 11.99749,
      0.7223263 -1.44 11.96307,
      0.6968911 -1.44 11.925,
      0.6766422 -1.44 11.88394,
      0.661926 -1.44 11.84059,
      0.6529943 -1.44 11.79568,
      0.65 -1.44 11.75,
      0.65 -1.44 11.75,
      0.6529943 -1.44 11.70432,
      0.661926 -1.44 11.65941,
      0.6766422 -1.44 11.61606,
      0.6968911 -1.44 11.575,
      0.7223263 -1.44 11.53693,
      0.7525126 -1.44 11.50251,
      0.7869335 -1.44 11.47233,
      0.825 -1.44 11.44689,
      0.8660608 -1.44 11.42664,
      0.9094133 -1.44 11.41193,
      0.9543158 -1.44 11.40299,
      1 -1.44 11.4,
      1.045684 -1.44 11.40299,
      1.090587 -1.44 11.41193,
      1.133939 -1.44 11.42664,
      1.175 -1.44 11.44689,
      1.213066 -1.44 11.47233,
      1.247487 -1.44 11.50251,
      1.277674 -1.44 11.53693,
      1.303109 -1.44 11.575,
      1.323358 -1.44 11.61606,
      1.338074 -1.44 11.65941,
      1.347006 -1.44 11.70432,
      1.35 -1.44 11.75,
      -6.1 -1.44 4.4,
      -6.102567 -1.44 4.439158,
      -6.110222 -1.44 4.477646,
      -6.122836 -1.44 4.514805,
      -6.140193 -1.44 4.55,
      -6.161994 -1.44 4.582628,
      -6.187868 -1.44 4.612132,
      -6.217371 -1.44 4.638006,
      -6.25 -1.44 4.659808,
      -6.285195 -1.44 4.677164,
      -6.322354 -1.44 4.689778,
      -6.360842 -1.44 4.697433,
      -6.4 -1.44 4.7,
      -6.439158 -1.44 4.697433,
      -6.477646 -1.44 4.689778,
      -6.514805 -1.44 4.677164,
      -6.55 -1.44 4.659808,
      -6.582628 -1.44 4.638006,
      -6.612132 -1.44 4.612132,
      -6.638006 -1.44 4.582628,
      -6.659808 -1.44 4.55,
      -6.677164 -1.44 4.514805,
      -6.689778 -1.44 4.477646,
      -6.697433 -1.44 4.439158,
      -6.7 -1.44 4.4,
      -6.7 -1.44 4.4,
      -6.7 -1.44 3.6,
      -6.7 -1.44 3.6,
      -6.697433 -1.44 3.560842,
      -6.689778 -1.44 3.522354,
      -6.677164 -1.44 3.485195,
      -6.659808 -1.44 3.45,
      -6.638006 -1.44 3.417372,
      -6.612132 -1.44 3.387868,
      -6.582628 -1.44 3.361994,
      -6.55 -1.44 3.340192,
      -6.514805 -1.44 3.322836,
      -6.477646 -1.44 3.310222,
      -6.439158 -1.44 3.302567,
      -6.4 -1.44 3.3,
      -6.360842 -1.44 3.302567,
      -6.322354 -1.44 3.310222,
      -6.285195 -1.44 3.322836,
      -6.25 -1.44 3.340192,
      -6.217371 -1.44 3.361994,
      -6.187868 -1.44 3.387868,
      -6.161994 -1.44 3.417372,
      -6.140193 -1.44 3.45,
      -6.122836 -1.44 3.485195,
      -6.110222 -1.44 3.522354,
      -6.102567 -1.44 3.560842,
      -6.1 -1.44 3.6,
      -6.1 -1.44 3.6,
      -6.1 -1.44 4.4,
      6.1 -1.44 4.4,
      6.1 -1.44 3.6,
      6.1 -1.44 3.6,
      6.102567 -1.44 3.560842,
      6.110222 -1.44 3.522354,
      6.122836 -1.44 3.485195,
      6.140193 -1.44 3.45,
      6.161994 -1.44 3.417372,
      6.187868 -1.44 3.387868,
      6.217371 -1.44 3.361994,
      6.25 -1.44 3.340192,
      6.285195 -1.44 3.322836,
      6.322354 -1.44 3.310222,
      6.360842 -1.44 3.302567,
      6.4 -1.44 3.3,
      6.439158 -1.44 3.302567,
      6.477646 -1.44 3.310222,
      6.514805 -1.44 3.322836,
      6.55 -1.44 3.340192,
      6.582628 -1.44 3.361994,
      6.612132 -1.44 3.387868,
      6.638006 -1.44 3.417372,
      6.659808 -1.44 3.45,
      6.677164 -1.44 3.485195,
      6.689778 -1.44 3.522354,
      6.697433 -1.44 3.560842,
      6.7 -1.44 3.6,
      6.7 -1.44 3.6,
      6.7 -1.44 4.4,
      6.7 -1.44 4.4,
      6.697433 -1.44 4.439158,
      6.689778 -1.44 4.477646,
      6.677164 -1.44 4.514805,
      6.659808 -1.44 4.55,
      6.638006 -1.44 4.582628,
      6.612132 -1.44 4.612132,
      6.582628 -1.44 4.638006,
      6.55 -1.44 4.659808,
      6.514805 -1.44 4.677164,
      6.477646 -1.44 4.689778,
      6.439158 -1.44 4.697433,
      6.4 -1.44 4.7,
      6.360842 -1.44 4.697433,
      6.322354 -1.44 4.689778,
      6.285195 -1.44 4.677164,
      6.25 -1.44 4.659808,
      6.217371 -1.44 4.638006,
      6.187868 -1.44 4.612132,
      6.161994 -1.44 4.582628,
      6.140193 -1.44 4.55,
      6.122836 -1.44 4.514805,
      6.110222 -1.44 4.477646,
      6.102567 -1.44 4.439158,
      6.1 -1.44 4.4,
      -6.1 -1.44 13.05,
      -6.102567 -1.44 13.08916,
      -6.110222 -1.44 13.12765,
      -6.122836 -1.44 13.16481,
      -6.140193 -1.44 13.2,
      -6.161994 -1.44 13.23263,
      -6.187868 -1.44 13.26213,
      -6.217371 -1.44 13.28801,
      -6.25 -1.44 13.30981,
      -6.285195 -1.44 13.32716,
      -6.322354 -1.44 13.33978,
      -6.360842 -1.44 13.34743,
      -6.4 -1.44 13.35,
      -6.439158 -1.44 13.34743,
      -6.477646 -1.44 13.33978,
      -6.514805 -1.44 13.32716,
      -6.55 -1.44 13.30981,
      -6.582628 -1.44 13.28801,
      -6.612132 -1.44 13.26213,
      -6.638006 -1.44 13.23263,
      -6.659808 -1.44 13.2,
      -6.677164 -1.44 13.16481,
      -6.689778 -1.44 13.12765,
      -6.697433 -1.44 13.08916,
      -6.7 -1.44 13.05,
      -6.7 -1.44 13.05,
      -6.7 -1.44 11.95,
      -6.7 -1.44 11.95,
      -6.697433 -1.44 11.91084,
      -6.689778 -1.44 11.87235,
      -6.677164 -1.44 11.83519,
      -6.659808 -1.44 11.8,
      -6.638006 -1.44 11.76737,
      -6.612132 -1.44 11.73787,
      -6.582628 -1.44 11.71199,
      -6.55 -1.44 11.69019,
      -6.514805 -1.44 11.67284,
      -6.477646 -1.44 11.66022,
      -6.439158 -1.44 11.65257,
      -6.4 -1.44 11.65,
      -6.360842 -1.44 11.65257,
      -6.322354 -1.44 11.66022,
      -6.285195 -1.44 11.67284,
      -6.25 -1.44 11.69019,
      -6.217371 -1.44 11.71199,
      -6.187868 -1.44 11.73787,
      -6.161994 -1.44 11.76737,
      -6.140193 -1.44 11.8,
      -6.122836 -1.44 11.83519,
      -6.110222 -1.44 11.87235,
      -6.102567 -1.44 11.91084,
      -6.1 -1.44 11.95,
      -6.1 -1.44 11.95,
      -6.1 -1.44 13.05,
      6.1 -1.44 13.05,
      6.1 -1.44 11.95,
      6.1 -1.44 11.95,
      6.102567 -1.44 11.91084,
      6.110222 -1.44 11.87235,
      6.122836 -1.44 11.83519,
      6.140193 -1.44 11.8,
      6.161994 -1.44 11.76737,
      6.187868 -1.44 11.73787,
      6.217371 -1.44 11.71199,
      6.25 -1.44 11.69019,
      6.285195 -1.44 11.67284,
      6.322354 -1.44 11.66022,
      6.360842 -1.44 11.65257,
      6.4 -1.44 11.65,
      6.439158 -1.44 11.65257,
      6.477646 -1.44 11.66022,
      6.514805 -1.44 11.67284,
      6.55 -1.44 11.69019,
      6.582628 -1.44 11.71199,
      6.612132 -1.44 11.73787,
      6.638006 -1.44 11.76737,
      6.659808 -1.44 11.8,
      6.677164 -1.44 11.83519,
      6.689778 -1.44 11.87235,
      6.697433 -1.44 11.91084,
      6.7 -1.44 11.95,
      6.7 -1.44 11.95,
      6.7 -1.44 13.05,
      6.7 -1.44 13.05,
      6.697433 -1.44 13.08916,
      6.689778 -1.44 13.12765,
      6.677164 -1.44 13.16481,
      6.659808 -1.44 13.2,
      6.638006 -1.44 13.23263,
      6.612132 -1.44 13.26213,
      6.582628 -1.44 13.28801,
      6.55 -1.44 13.30981,
      6.514805 -1.44 13.32716,
      6.477646 -1.44 13.33978,
      6.439158 -1.44 13.34743,
      6.4 -1.44 13.35,
      6.360842 -1.44 13.34743,
      6.322354 -1.44 13.33978,
      6.285195 -1.44 13.32716,
      6.25 -1.44 13.30981,
      6.217371 -1.44 13.28801,
      6.187868 -1.44 13.26213,
      6.161994 -1.44 13.23263,
      6.140193 -1.44 13.2,
      6.122836 -1.44 13.16481,
      6.110222 -1.44 13.12765,
      6.102567 -1.44 13.08916,
      6.1 -1.44 13.05,
    ] }
    coordIndex [
      0, 1, 2, -1,
      2, 1, 3, -1,
      2, 3, 4, -1,
      4, 3, 5, -1,
      4, 5, 6, -1,
      7, 8, 2, -1,
      2, 8, 9, -1,
      2, 9, 0, -1,
      7, 10, 8, -1,
      8, 11, 9, -1,
      9, 11, 12, -1,
      12, 11, 13, -1,
      13, 11, 14, -1,
      13, 14, 15, -1,
      12, 13, 16, -1,
      16, 13, 17, -1,
      16, 17, 18, -1,
      18, 17, 19, -1,
      18, 19, 20, -1,
      21, 22, 23, -1,
      23, 22, 24, -1,
      23, 24, 18, -1,
      18, 24, 25, -1,
      18, 25, 16, -1,
      21, 26, 22, -1,
      24, 22, 27, -1,
      27, 22, 28, -1,
      27, 28, 29, -1,
      29, 28, 30, -1,
      29, 30, 31, -1,
      31, 30, 32, -1,
      31, 32, 33, -1,
      33, 32, 34, -1,
      28, 35, 30, -1,
      30, 35, 36, -1,
      32, 37, 34, -1,
      38, 39, 40, -1,
      40, 39, 41, -1,
      40, 41, 33, -1,
      33, 41, 42, -1,
      33, 42, 43, -1,
      44, 45, 4, -1,
      4, 45, 46, -1,
      4, 46, 40, -1,
      40, 46, 47, -1,
      40, 47, 38, -1,
      38, 47, 48, -1,
      38, 48, 49, -1,
      49, 48, 50, -1,
      49, 50, 41, -1,
      41, 50, 42, -1,
      25, 24, 51, -1,
      51, 24, 52, -1,
      51, 52, 53, -1,
      12, 16, 54, -1,
      54, 16, 55, -1,
      54, 55, 56, -1,
      56, 55, 57, -1,
      56, 57, 58, -1,
      58, 57, 59, -1,
      58, 59, 6, -1,
      6, 59, 44, -1,
      6, 44, 4, -1,
      59, 57, 60, -1,
      60, 57, 61, -1,
      60, 61, 62, -1,
      62, 61, 53, -1,
      62, 53, 48, -1,
      48, 53, 63, -1,
      48, 63, 50, -1,
      50, 63, 64, -1,
      61, 51, 53, -1,
      62, 46, 60, -1,
      60, 46, 45, -1,
      56, 58, 1, -1,
      1, 58, 3, -1,
      27, 29, 65, -1,
      65, 29, 64, -1,
      65, 64, 63, -1,
      43, 31, 33, -1,
      66, 67, 68, -1,
      68, 67, 69, -1,
      68, 69, 70, -1,
      70, 69, 4, -1,
      70, 4, 71, -1,
      71, 4, 72, -1,
      71, 72, 73, -1,
      73, 72, 74, -1,
      68, 75, 66, -1,
      67, 76, 69, -1,
      69, 76, 77, -1,
      77, 76, 78, -1,
      78, 76, 79, -1,
      78, 79, 80, -1,
      78, 81, 77, -1,
      77, 81, 82, -1,
      77, 82, 83, -1,
      81, 84, 82, -1,
      82, 84, 85, -1,
      77, 83, 40, -1,
      40, 83, 86, -1,
      40, 86, 87, -1,
      87, 86, 88, -1,
      89, 90, 86, -1,
      86, 90, 91, -1,
      86, 91, 92, -1,
      92, 88, 86, -1,
      40, 87, 4, -1,
      4, 87, 72, -1,
      93, 94, 72, -1,
      72, 94, 95, -1,
      72, 95, 74, -1,
      96, 97, 72, -1,
      72, 97, 93, -1,
      97, 98, 93, -1,
      93, 98, 94, -1,
      94, 98, 95, -1,
      95, 98, 99, -1,
      95, 99, 100, -1,
      95, 100, 74, -1,
      74, 100, 101, -1,
      74, 101, 73, -1,
      73, 101, 71, -1,
      101, 102, 71, -1,
      103, 104, 105, -1,
      105, 104, 106, -1,
      105, 106, 107, -1,
      107, 108, 105, -1,
      105, 108, 109, -1,
      110, 70, 105, -1,
      105, 70, 103, -1,
      111, 112, 71, -1,
      71, 112, 113, -1,
      71, 113, 70, -1,
      70, 113, 114, -1,
      70, 114, 115, -1,
      102, 116, 71, -1,
      71, 116, 111, -1,
      114, 113, 117, -1,
      117, 113, 118, -1,
      117, 118, 119, -1,
      117, 119, 120, -1,
      120, 119, 121, -1,
      120, 121, 122, -1,
      122, 121, 123, -1,
      121, 124, 123, -1,
      123, 124, 125, -1,
      124, 126, 125, -1,
      125, 126, 127, -1,
      126, 128, 127, -1,
      127, 128, 129, -1,
      128, 130, 129, -1,
      129, 130, 131, -1,
      129, 131, 132, -1,
      132, 131, 133, -1,
      132, 133, 134, -1,
      134, 133, 135, -1,
      134, 135, 136, -1,
      137, 138, 139, -1,
      139, 138, 140, -1,
      139, 140, 133, -1,
      133, 140, 141, -1,
      133, 141, 135, -1,
      142, 143, 139, -1,
      139, 143, 144, -1,
      139, 144, 137, -1,
      137, 144, 145, -1,
      142, 146, 143, -1,
      143, 146, 147, -1,
      143, 147, 148, -1,
      148, 149, 143, -1,
      144, 150, 145, -1,
      145, 150, 151, -1,
      145, 151, 152, -1,
      152, 153, 145, -1,
      136, 154, 134, -1,
      134, 154, 155, -1,
      134, 155, 156, -1,
      134, 156, 157, -1,
      157, 156, 158, -1,
      157, 158, 159, -1,
      160, 161, 159, -1,
      159, 161, 162, -1,
      159, 162, 157, -1,
      157, 162, 163, -1,
      157, 163, 164, -1,
      160, 165, 161, -1,
      161, 165, 166, -1,
      161, 166, 167, -1,
      167, 168, 161, -1,
      161, 168, 169, -1,
      164, 170, 157, -1,
      157, 170, 171, -1,
      157, 171, 172, -1,
      132, 173, 129, -1,
      129, 173, 174, -1,
      129, 174, 175, -1,
      175, 176, 129, -1,
      129, 176, 177, -1,
      129, 177, 178, -1,
      178, 177, 179, -1,
      178, 179, 180, -1,
      180, 181, 178, -1,
      178, 181, 182, -1,
      178, 182, 183, -1,
      183, 184, 178, -1,
      178, 184, 185, -1,
      178, 185, 186, -1,
      186, 185, 187, -1,
      186, 187, 188, -1,
      188, 187, 189, -1,
      190, 191, 103, -1,
      103, 191, 192, -1,
      103, 192, 187, -1,
      187, 192, 193, -1,
      187, 193, 194, -1,
      192, 191, 195, -1,
      195, 191, 196, -1,
      195, 196, 197, -1,
      197, 196, 198, -1,
      197, 198, 199, -1,
      199, 198, 200, -1,
      199, 200, 201, -1,
      201, 200, 202, -1,
      201, 202, 203, -1,
      203, 202, 204, -1,
      194, 205, 187, -1,
      187, 205, 206, -1,
      187, 206, 189, -1,
      115, 207, 70, -1,
      70, 207, 208, -1,
      70, 208, 209, -1,
      209, 210, 70, -1,
      70, 210, 211, -1,
      70, 211, 103, -1,
      103, 211, 212, -1,
      103, 212, 213, -1,
      213, 214, 103, -1,
      103, 214, 215, -1,
      103, 215, 216, -1,
      216, 217, 103, -1,
      103, 217, 218, -1,
      103, 218, 190, -1,
      103, 219, 104, -1,
      104, 219, 220, -1,
      219, 221, 220, -1,
      220, 221, 222, -1,
      221, 223, 222, -1,
      222, 223, 224, -1,
      224, 223, 225, -1,
      225, 223, 226, -1,
      225, 226, 227, -1,
      225, 227, 228, -1,
      228, 227, 229, -1,
      228, 229, 230, -1,
      231, 232, 230, -1,
      230, 232, 228, -1,
      232, 233, 228, -1,
      228, 233, 225, -1,
      233, 234, 225, -1,
      225, 234, 224, -1,
      234, 235, 224, -1,
      224, 235, 222, -1,
      235, 236, 222, -1,
      222, 236, 220, -1,
      236, 237, 220, -1,
      220, 237, 104, -1,
      238, 106, 237, -1,
      237, 106, 104, -1,
      239, 109, 240, -1,
      240, 109, 108, -1,
      240, 108, 241, -1,
      241, 108, 107, -1,
      241, 107, 238, -1,
      238, 107, 106, -1,
      240, 242, 239, -1,
      239, 242, 243, -1,
      242, 244, 243, -1,
      243, 244, 245, -1,
      244, 246, 245, -1,
      245, 246, 247, -1,
      246, 248, 247, -1,
      247, 248, 249, -1,
      250, 251, 249, -1,
      249, 251, 109, -1,
      249, 109, 247, -1,
      247, 109, 245, -1,
      239, 243, 109, -1,
      109, 243, 245, -1,
      251, 252, 109, -1,
      109, 252, 253, -1,
      109, 253, 105, -1,
      110, 105, 253, -1,
      252, 254, 253, -1,
      253, 254, 68, -1,
      253, 68, 70, -1,
      70, 110, 253, -1,
      255, 256, 257, -1,
      257, 256, 258, -1,
      257, 258, 259, -1,
      259, 258, 260, -1,
      259, 260, 261, -1,
      261, 260, 262, -1,
      261, 262, 263, -1,
      263, 262, 264, -1,
      263, 264, 265, -1,
      265, 264, 266, -1,
      265, 266, 267, -1,
      267, 266, 268, -1,
      267, 268, 269, -1,
      269, 268, 270, -1,
      269, 270, 271, -1,
      271, 270, 272, -1,
      271, 272, 254, -1,
      254, 272, 68, -1,
      270, 273, 272, -1,
      272, 75, 68, -1,
      274, 257, 275, -1,
      275, 257, 252, -1,
      275, 252, 250, -1,
      250, 252, 251, -1,
      274, 276, 257, -1,
      257, 276, 255, -1,
      277, 278, 279, -1,
      279, 278, 280, -1,
      279, 280, 250, -1,
      250, 280, 281, -1,
      250, 281, 275, -1,
      282, 283, 279, -1,
      279, 283, 284, -1,
      279, 284, 277, -1,
      275, 281, 285, -1,
      285, 281, 286, -1,
      287, 288, 289, -1,
      289, 288, 290, -1,
      290, 288, 291, -1,
      291, 288, 292, -1,
      291, 292, 293, -1,
      293, 292, 294, -1,
      293, 294, 295, -1,
      295, 294, 296, -1,
      297, 298, 292, -1,
      292, 298, 299, -1,
      292, 299, 300, -1,
      300, 301, 292, -1,
      292, 301, 302, -1,
      292, 302, 294, -1,
      303, 304, 305, -1,
      305, 304, 306, -1,
      305, 306, 294, -1,
      294, 306, 307, -1,
      294, 307, 308, -1,
      308, 307, 309, -1,
      303, 310, 304, -1,
      304, 310, 311, -1,
      304, 311, 312, -1,
      312, 311, 313, -1,
      312, 313, 314, -1,
      313, 311, 315, -1,
      315, 311, 316, -1,
      315, 316, 317, -1,
      317, 316, 318, -1,
      317, 318, 319, -1,
      319, 318, 320, -1,
      319, 320, 321, -1,
      321, 320, 322, -1,
      321, 322, 323, -1,
      323, 322, 324, -1,
      323, 324, 325, -1,
      325, 326, 323, -1,
      323, 326, 327, -1,
      321, 323, 328, -1,
      328, 323, 329, -1,
      328, 329, 330, -1,
      330, 329, 331, -1,
      329, 332, 331, -1,
      314, 333, 312, -1,
      312, 333, 334, -1,
      312, 334, 335, -1,
      335, 334, 336, -1,
      334, 337, 336, -1,
      336, 337, 338, -1,
      338, 337, 339, -1,
      339, 337, 340, -1,
      339, 340, 341, -1,
      342, 343, 341, -1,
      341, 343, 344, -1,
      341, 344, 345, -1,
      345, 346, 341, -1,
      341, 346, 339, -1,
      339, 347, 338, -1,
      338, 347, 348, -1,
      349, 350, 347, -1,
      347, 350, 351, -1,
      347, 351, 352, -1,
      352, 353, 347, -1,
      347, 353, 348, -1,
      335, 354, 312, -1,
      312, 354, 355, -1,
      312, 355, 356, -1,
      356, 357, 312, -1,
      312, 357, 358, -1,
      357, 359, 358, -1,
      360, 361, 304, -1,
      304, 361, 306, -1,
      362, 363, 364, -1,
      364, 363, 365, -1,
      364, 365, 307, -1,
      307, 365, 366, -1,
      307, 366, 309, -1,
      362, 364, 256, -1,
      256, 364, 367, -1,
      256, 367, 368, -1,
      368, 369, 256, -1,
      256, 369, 370, -1,
      256, 370, 258, -1,
      258, 370, 371, -1,
      258, 371, 372, -1,
      362, 373, 363, -1,
      363, 373, 374, -1,
      373, 285, 374, -1,
      374, 285, 375, -1,
      374, 375, 376, -1,
      376, 375, 377, -1,
      375, 285, 378, -1,
      378, 285, 286, -1,
      378, 286, 379, -1,
      379, 380, 378, -1,
      378, 380, 381, -1,
      378, 381, 382, -1,
      382, 383, 378, -1,
      375, 384, 377, -1,
      377, 384, 385, -1,
      377, 385, 386, -1,
      386, 387, 377, -1,
      377, 387, 388, -1,
      308, 296, 294, -1,
      389, 390, 289, -1,
      289, 390, 287, -1,
      390, 391, 287, -1,
      287, 391, 392, -1,
      391, 393, 392, -1,
      392, 393, 394, -1,
      392, 394, 395, -1,
      395, 394, 396, -1,
      395, 396, 397, -1,
      397, 396, 398, -1,
      397, 398, 399, -1,
      399, 398, 400, -1,
      399, 400, 401, -1,
      401, 400, 402, -1,
      401, 402, 403, -1,
      403, 402, 404, -1,
      403, 404, 405, -1,
      406, 407, 403, -1,
      403, 407, 401, -1,
      401, 407, 399, -1,
      399, 407, 408, -1,
      399, 408, 409, -1,
      399, 409, 397, -1,
      397, 409, 410, -1,
      397, 410, 395, -1,
      395, 410, 411, -1,
      395, 411, 392, -1,
      392, 411, 287, -1,
      411, 288, 287, -1,
      412, 413, 406, -1,
      406, 413, 414, -1,
      406, 414, 415, -1,
      415, 414, 416, -1,
      415, 416, 417, -1,
      418, 419, 403, -1,
      403, 419, 420, -1,
      403, 420, 406, -1,
      406, 420, 421, -1,
      406, 421, 422, -1,
      423, 424, 405, -1,
      405, 424, 425, -1,
      405, 425, 403, -1,
      403, 425, 426, -1,
      403, 426, 427, -1,
      428, 429, 405, -1,
      405, 429, 430, -1,
      405, 430, 431, -1,
      428, 432, 429, -1,
      429, 432, 433, -1,
      429, 433, 434, -1,
      434, 435, 429, -1,
      436, 437, 438, -1,
      438, 437, 439, -1,
      438, 439, 429, -1,
      429, 439, 440, -1,
      429, 440, 441, -1,
      436, 438, 415, -1,
      415, 438, 442, -1,
      415, 442, 443, -1,
      443, 444, 415, -1,
      415, 444, 445, -1,
      415, 445, 446, -1,
      427, 447, 403, -1,
      403, 447, 448, -1,
      403, 448, 449, -1,
      449, 418, 403, -1,
      422, 450, 406, -1,
      406, 450, 451, -1,
      406, 451, 412, -1,
      417, 452, 415, -1,
      415, 452, 436, -1,
      441, 430, 429, -1,
      431, 423, 405, -1,
      453, 454, 438, -1,
      438, 454, 442, -1,
      442, 454, 443, -1,
      443, 454, 455, -1,
      443, 455, 456, -1,
      443, 456, 444, -1,
      444, 456, 457, -1,
      444, 457, 445, -1,
      445, 457, 458, -1,
      445, 458, 446, -1,
      446, 458, 415, -1,
      458, 459, 415, -1,
      460, 292, 461, -1,
      461, 292, 288, -1,
      461, 288, 462, -1,
      462, 288, 411, -1,
      462, 411, 463, -1,
      463, 411, 410, -1,
      463, 410, 464, -1,
      464, 410, 409, -1,
      464, 409, 465, -1,
      465, 409, 408, -1,
      465, 408, 466, -1,
      466, 408, 407, -1,
      466, 407, 406, -1,
      466, 406, 467, -1,
      467, 406, 415, -1,
      467, 415, 459, -1,
      460, 461, 468, -1,
      468, 461, 391, -1,
      468, 391, 390, -1,
      468, 469, 460, -1,
      460, 469, 470, -1,
      460, 470, 471, -1,
      472, 300, 473, -1,
      473, 300, 299, -1,
      473, 299, 474, -1,
      474, 299, 298, -1,
      474, 298, 469, -1,
      469, 298, 297, -1,
      469, 297, 470, -1,
      470, 297, 471, -1,
      297, 292, 471, -1,
      471, 292, 460, -1,
      300, 472, 301, -1,
      301, 472, 475, -1,
      301, 475, 302, -1,
      302, 475, 476, -1,
      302, 476, 294, -1,
      294, 476, 477, -1,
      477, 478, 294, -1,
      294, 478, 305, -1,
      324, 322, 479, -1,
      479, 322, 480, -1,
      322, 320, 480, -1,
      480, 320, 481, -1,
      320, 318, 481, -1,
      481, 318, 482, -1,
      482, 318, 483, -1,
      483, 318, 316, -1,
      483, 316, 311, -1,
      483, 311, 484, -1,
      484, 311, 310, -1,
      484, 310, 485, -1,
      485, 310, 486, -1,
      310, 303, 486, -1,
      486, 303, 305, -1,
      486, 305, 478, -1,
      487, 327, 488, -1,
      488, 327, 326, -1,
      488, 326, 489, -1,
      489, 326, 325, -1,
      489, 325, 490, -1,
      490, 325, 324, -1,
      490, 324, 479, -1,
      487, 491, 327, -1,
      327, 491, 323, -1,
      491, 492, 323, -1,
      469, 488, 478, -1,
      478, 488, 489, -1,
      478, 489, 490, -1,
      490, 479, 478, -1,
      478, 479, 480, -1,
      478, 480, 486, -1,
      486, 480, 481, -1,
      486, 481, 485, -1,
      485, 481, 482, -1,
      485, 482, 484, -1,
      484, 482, 483, -1,
      477, 472, 478, -1,
      478, 472, 473, -1,
      478, 473, 474, -1,
      477, 476, 472, -1,
      472, 476, 475, -1,
      474, 469, 478, -1,
      469, 468, 493, -1,
      493, 468, 494, -1,
      493, 494, 495, -1,
      495, 494, 496, -1,
      495, 496, 497, -1,
      497, 496, 498, -1,
      496, 499, 498, -1,
      498, 499, 500, -1,
      501, 502, 503, -1,
      503, 502, 504, -1,
      503, 504, 499, -1,
      499, 504, 505, -1,
      499, 505, 500, -1,
      500, 505, 506, -1,
      500, 506, 507, -1,
      507, 506, 508, -1,
      507, 508, 509, -1,
      509, 508, 510, -1,
      509, 510, 511, -1,
      511, 510, 469, -1,
      511, 469, 493, -1,
      512, 513, 488, -1,
      488, 513, 514, -1,
      488, 514, 515, -1,
      515, 514, 516, -1,
      515, 516, 503, -1,
      503, 516, 517, -1,
      503, 517, 518, -1,
      510, 519, 469, -1,
      469, 519, 520, -1,
      469, 520, 488, -1,
      488, 520, 521, -1,
      488, 521, 522, -1,
      522, 521, 523, -1,
      522, 523, 524, -1,
      524, 523, 525, -1,
      524, 525, 526, -1,
      526, 525, 527, -1,
      526, 527, 528, -1,
      528, 527, 517, -1,
      528, 517, 516, -1,
      518, 529, 503, -1,
      503, 529, 501, -1,
      529, 527, 501, -1,
      501, 527, 525, -1,
      508, 506, 530, -1,
      530, 506, 531, -1,
      530, 531, 532, -1,
      532, 531, 523, -1,
      523, 531, 533, -1,
      533, 531, 504, -1,
      533, 504, 502, -1,
      532, 520, 530, -1,
      530, 520, 519, -1,
      533, 525, 523, -1,
      507, 509, 497, -1,
      497, 509, 495, -1,
      528, 513, 526, -1,
      526, 513, 512, -1,
      522, 512, 488, -1,
      534, 535, 515, -1,
      515, 535, 536, -1,
      515, 536, 492, -1,
      491, 487, 492, -1,
      492, 487, 488, -1,
      492, 488, 515, -1,
      534, 515, 537, -1,
      537, 515, 503, -1,
      537, 503, 538, -1,
      538, 503, 539, -1,
      503, 540, 539, -1,
      534, 537, 541, -1,
      541, 537, 542, -1,
      541, 542, 543, -1,
      543, 542, 544, -1,
      543, 544, 545, -1,
      545, 546, 543, -1,
      547, 548, 541, -1,
      541, 548, 534, -1,
      548, 549, 534, -1,
      534, 549, 550, -1,
      549, 551, 550, -1,
      550, 551, 552, -1,
      550, 552, 553, -1,
      553, 554, 550, -1,
      550, 554, 555, -1,
      550, 555, 556, -1,
      556, 557, 550, -1,
      550, 557, 558, -1,
      550, 558, 559, -1,
      559, 560, 550, -1,
      550, 560, 561, -1,
      562, 563, 564, -1,
      564, 563, 565, -1,
      564, 565, 566, -1,
      566, 565, 567, -1,
      566, 567, 568, -1,
      566, 568, 569, -1,
      569, 568, 570, -1,
      569, 570, 571, -1,
      571, 570, 572, -1,
      571, 572, 573, -1,
      573, 572, 574, -1,
      573, 574, 575, -1,
      575, 574, 535, -1,
      575, 535, 332, -1,
      332, 535, 534, -1,
      332, 534, 331, -1,
      331, 534, 550, -1,
      564, 566, 576, -1,
      576, 566, 577, -1,
      577, 566, 578, -1,
      578, 566, 569, -1,
      578, 569, 571, -1,
      578, 571, 579, -1,
      579, 571, 573, -1,
      579, 573, 580, -1,
      580, 573, 575, -1,
      580, 575, 581, -1,
      581, 575, 329, -1,
      575, 332, 329, -1,
      582, 583, 584, -1,
      584, 583, 585, -1,
      584, 585, 586, -1,
      586, 585, 587, -1,
      586, 587, 588, -1,
      589, 590, 584, -1,
      584, 590, 591, -1,
      584, 591, 592, -1,
      592, 593, 584, -1,
      584, 593, 562, -1,
      584, 562, 594, -1,
      594, 562, 595, -1,
      596, 597, 564, -1,
      564, 597, 598, -1,
      564, 598, 562, -1,
      562, 598, 599, -1,
      562, 599, 600, -1,
      601, 602, 576, -1,
      576, 602, 603, -1,
      576, 603, 564, -1,
      564, 603, 604, -1,
      564, 604, 605, -1,
      606, 607, 608, -1,
      608, 607, 609, -1,
      608, 609, 576, -1,
      576, 609, 610, -1,
      576, 610, 611, -1,
      612, 586, 608, -1,
      608, 586, 588, -1,
      608, 588, 613, -1,
      612, 614, 586, -1,
      586, 614, 615, -1,
      586, 615, 616, -1,
      616, 617, 586, -1,
      600, 595, 562, -1,
      594, 582, 584, -1,
      613, 606, 608, -1,
      611, 618, 576, -1,
      576, 618, 619, -1,
      576, 619, 601, -1,
      605, 620, 564, -1,
      564, 620, 621, -1,
      564, 621, 622, -1,
      622, 596, 564, -1,
      623, 624, 608, -1,
      608, 624, 612, -1,
      612, 624, 614, -1,
      614, 624, 625, -1,
      614, 625, 626, -1,
      614, 626, 615, -1,
      615, 626, 627, -1,
      615, 627, 616, -1,
      616, 627, 628, -1,
      616, 628, 617, -1,
      617, 628, 586, -1,
      628, 629, 586, -1,
      629, 630, 586, -1,
      586, 630, 584, -1,
      630, 631, 584, -1,
      584, 631, 589, -1,
      589, 631, 590, -1,
      590, 631, 632, -1,
      590, 632, 633, -1,
      590, 633, 591, -1,
      591, 633, 634, -1,
      591, 634, 592, -1,
      592, 634, 635, -1,
      592, 635, 593, -1,
      593, 635, 562, -1,
      635, 563, 562, -1,
      636, 637, 638, -1,
      638, 637, 639, -1,
      638, 639, 623, -1,
      623, 639, 640, -1,
      623, 640, 641, -1,
      642, 643, 565, -1,
      565, 643, 644, -1,
      565, 644, 638, -1,
      638, 644, 645, -1,
      638, 645, 646, -1,
      647, 648, 563, -1,
      563, 648, 649, -1,
      563, 649, 565, -1,
      565, 649, 650, -1,
      565, 650, 651, -1,
      635, 630, 563, -1,
      563, 630, 652, -1,
      563, 652, 653, -1,
      635, 634, 630, -1,
      630, 634, 633, -1,
      630, 633, 632, -1,
      632, 631, 630, -1,
      654, 655, 629, -1,
      629, 655, 656, -1,
      629, 656, 630, -1,
      630, 656, 657, -1,
      630, 657, 658, -1,
      628, 627, 629, -1,
      629, 627, 626, -1,
      629, 626, 625, -1,
      625, 624, 629, -1,
      629, 624, 623, -1,
      629, 623, 654, -1,
      654, 623, 659, -1,
      651, 660, 565, -1,
      565, 660, 661, -1,
      565, 661, 662, -1,
      662, 642, 565, -1,
      646, 663, 638, -1,
      638, 663, 664, -1,
      638, 664, 636, -1,
      641, 659, 623, -1,
      658, 652, 630, -1,
      653, 647, 563, -1,
      638, 665, 565, -1,
      565, 665, 567, -1,
      567, 665, 568, -1,
      568, 665, 666, -1,
      568, 666, 667, -1,
      568, 667, 570, -1,
      570, 667, 668, -1,
      570, 668, 572, -1,
      572, 668, 669, -1,
      572, 669, 574, -1,
      574, 669, 535, -1,
      669, 536, 535, -1,
      623, 576, 638, -1,
      638, 576, 577, -1,
      638, 577, 665, -1,
      665, 577, 578, -1,
      665, 578, 666, -1,
      666, 578, 579, -1,
      666, 579, 667, -1,
      667, 579, 580, -1,
      667, 580, 668, -1,
      668, 580, 581, -1,
      668, 581, 669, -1,
      669, 581, 329, -1,
      669, 329, 536, -1,
      536, 329, 492, -1,
      623, 608, 576, -1,
      329, 323, 492, -1,
      649, 598, 650, -1,
      650, 598, 597, -1,
      597, 596, 650, -1,
      650, 596, 651, -1,
      651, 596, 660, -1,
      660, 596, 622, -1,
      660, 622, 621, -1,
      660, 621, 661, -1,
      661, 621, 620, -1,
      661, 620, 662, -1,
      662, 620, 605, -1,
      662, 605, 642, -1,
      642, 605, 643, -1,
      605, 604, 643, -1,
      643, 604, 644, -1,
      644, 604, 603, -1,
      603, 602, 644, -1,
      644, 602, 645, -1,
      645, 602, 646, -1,
      646, 602, 601, -1,
      646, 601, 619, -1,
      646, 619, 663, -1,
      663, 619, 618, -1,
      663, 618, 664, -1,
      664, 618, 611, -1,
      664, 611, 636, -1,
      636, 611, 637, -1,
      611, 610, 637, -1,
      610, 609, 637, -1,
      637, 609, 639, -1,
      609, 607, 639, -1,
      639, 607, 640, -1,
      640, 607, 641, -1,
      641, 607, 606, -1,
      641, 606, 613, -1,
      641, 613, 659, -1,
      659, 613, 588, -1,
      659, 588, 654, -1,
      654, 588, 587, -1,
      654, 587, 655, -1,
      655, 587, 656, -1,
      587, 585, 656, -1,
      585, 583, 656, -1,
      656, 583, 657, -1,
      583, 582, 657, -1,
      657, 582, 658, -1,
      658, 582, 652, -1,
      652, 582, 594, -1,
      652, 594, 595, -1,
      652, 595, 653, -1,
      653, 595, 600, -1,
      653, 600, 647, -1,
      647, 600, 599, -1,
      647, 599, 648, -1,
      648, 599, 649, -1,
      599, 598, 649, -1,
      550, 561, 331, -1,
      331, 561, 330, -1,
      330, 561, 328, -1,
      328, 561, 560, -1,
      328, 560, 559, -1,
      328, 559, 321, -1,
      321, 559, 558, -1,
      321, 558, 319, -1,
      319, 558, 557, -1,
      319, 557, 317, -1,
      317, 557, 315, -1,
      557, 556, 315, -1,
      315, 556, 555, -1,
      315, 555, 313, -1,
      313, 555, 554, -1,
      313, 554, 314, -1,
      314, 554, 333, -1,
      554, 553, 333, -1,
      333, 553, 552, -1,
      333, 552, 334, -1,
      334, 552, 551, -1,
      334, 551, 337, -1,
      337, 551, 340, -1,
      551, 549, 340, -1,
      670, 341, 671, -1,
      671, 341, 340, -1,
      671, 340, 548, -1,
      548, 340, 549, -1,
      670, 672, 341, -1,
      341, 672, 342, -1,
      342, 672, 343, -1,
      343, 672, 673, -1,
      343, 673, 674, -1,
      343, 674, 344, -1,
      344, 674, 675, -1,
      344, 675, 345, -1,
      345, 675, 676, -1,
      345, 676, 346, -1,
      346, 676, 339, -1,
      676, 677, 339, -1,
      678, 679, 680, -1,
      680, 679, 681, -1,
      680, 681, 682, -1,
      682, 683, 680, -1,
      680, 683, 684, -1,
      680, 684, 685, -1,
      683, 686, 684, -1,
      684, 686, 687, -1,
      684, 687, 688, -1,
      688, 687, 689, -1,
      688, 689, 690, -1,
      690, 689, 691, -1,
      690, 691, 692, -1,
      692, 691, 693, -1,
      692, 693, 694, -1,
      694, 693, 695, -1,
      694, 695, 696, -1,
      696, 695, 697, -1,
      696, 697, 698, -1,
      698, 697, 699, -1,
      698, 699, 700, -1,
      700, 699, 701, -1,
      687, 686, 702, -1,
      702, 686, 703, -1,
      702, 703, 704, -1,
      702, 704, 705, -1,
      705, 704, 706, -1,
      705, 706, 707, -1,
      707, 706, 708, -1,
      706, 709, 708, -1,
      708, 709, 710, -1,
      709, 711, 710, -1,
      710, 711, 712, -1,
      711, 713, 712, -1,
      712, 713, 714, -1,
      713, 715, 714, -1,
      714, 715, 716, -1,
      714, 716, 717, -1,
      717, 716, 718, -1,
      716, 719, 718, -1,
      718, 719, 720, -1,
      718, 720, 721, -1,
      722, 723, 724, -1,
      724, 723, 725, -1,
      724, 725, 719, -1,
      719, 725, 726, -1,
      719, 726, 720, -1,
      727, 728, 724, -1,
      724, 728, 729, -1,
      724, 729, 722, -1,
      722, 729, 730, -1,
      727, 731, 728, -1,
      728, 731, 732, -1,
      728, 732, 733, -1,
      733, 734, 728, -1,
      735, 736, 729, -1,
      729, 736, 737, -1,
      729, 737, 738, -1,
      738, 730, 729, -1,
      721, 739, 718, -1,
      718, 739, 740, -1,
      718, 740, 741, -1,
      718, 741, 742, -1,
      742, 741, 743, -1,
      742, 743, 744, -1,
      745, 746, 744, -1,
      744, 746, 747, -1,
      744, 747, 742, -1,
      742, 747, 748, -1,
      745, 749, 746, -1,
      746, 749, 750, -1,
      746, 750, 751, -1,
      751, 752, 746, -1,
      746, 752, 753, -1,
      754, 755, 747, -1,
      747, 755, 756, -1,
      747, 756, 757, -1,
      757, 748, 747, -1,
      717, 758, 714, -1,
      714, 758, 759, -1,
      714, 759, 760, -1,
      760, 761, 714, -1,
      714, 761, 762, -1,
      714, 762, 763, -1,
      763, 762, 764, -1,
      763, 764, 765, -1,
      765, 766, 763, -1,
      763, 766, 767, -1,
      763, 767, 768, -1,
      768, 769, 763, -1,
      763, 769, 770, -1,
      763, 770, 771, -1,
      771, 770, 772, -1,
      771, 772, 773, -1,
      773, 772, 774, -1,
      775, 776, 701, -1,
      701, 776, 777, -1,
      701, 777, 772, -1,
      772, 777, 778, -1,
      772, 778, 779, -1,
      698, 700, 780, -1,
      780, 700, 781, -1,
      780, 781, 782, -1,
      782, 781, 783, -1,
      782, 783, 784, -1,
      784, 785, 782, -1,
      782, 785, 786, -1,
      785, 787, 786, -1,
      786, 787, 788, -1,
      787, 789, 788, -1,
      788, 789, 790, -1,
      789, 791, 790, -1,
      790, 791, 792, -1,
      793, 794, 791, -1,
      791, 794, 792, -1,
      347, 677, 794, -1,
      794, 677, 795, -1,
      794, 795, 796, -1,
      347, 339, 677, -1,
      797, 798, 677, -1,
      677, 798, 799, -1,
      677, 799, 800, -1,
      800, 799, 801, -1,
      800, 801, 802, -1,
      802, 801, 803, -1,
      802, 803, 804, -1,
      804, 803, 805, -1,
      804, 805, 806, -1,
      806, 805, 807, -1,
      806, 807, 808, -1,
      808, 807, 809, -1,
      808, 809, 810, -1,
      807, 811, 809, -1,
      809, 811, 812, -1,
      813, 814, 811, -1,
      811, 814, 815, -1,
      811, 815, 812, -1,
      812, 815, 816, -1,
      812, 816, 817, -1,
      813, 818, 814, -1,
      814, 818, 819, -1,
      814, 819, 820, -1,
      820, 821, 814, -1,
      817, 822, 812, -1,
      812, 822, 823, -1,
      812, 823, 824, -1,
      812, 824, 825, -1,
      825, 824, 826, -1,
      825, 826, 827, -1,
      827, 826, 828, -1,
      826, 829, 828, -1,
      828, 829, 830, -1,
      828, 830, 831, -1,
      831, 830, 832, -1,
      830, 829, 833, -1,
      833, 829, 834, -1,
      833, 834, 835, -1,
      835, 836, 833, -1,
      833, 836, 837, -1,
      833, 837, 838, -1,
      839, 840, 830, -1,
      830, 840, 841, -1,
      830, 841, 832, -1,
      827, 842, 825, -1,
      825, 842, 843, -1,
      825, 843, 844, -1,
      844, 843, 845, -1,
      844, 845, 846, -1,
      846, 845, 847, -1,
      846, 847, 848, -1,
      848, 847, 849, -1,
      847, 850, 849, -1,
      849, 850, 851, -1,
      850, 852, 851, -1,
      851, 852, 853, -1,
      854, 855, 856, -1,
      856, 855, 857, -1,
      856, 857, 852, -1,
      852, 857, 858, -1,
      852, 858, 853, -1,
      859, 860, 856, -1,
      856, 860, 861, -1,
      856, 861, 854, -1,
      858, 857, 862, -1,
      862, 857, 863, -1,
      862, 863, 864, -1,
      864, 863, 865, -1,
      866, 867, 680, -1,
      680, 867, 868, -1,
      680, 868, 863, -1,
      863, 868, 869, -1,
      863, 869, 870, -1,
      808, 810, 870, -1,
      870, 810, 871, -1,
      870, 871, 872, -1,
      872, 873, 870, -1,
      870, 873, 874, -1,
      870, 874, 863, -1,
      863, 874, 875, -1,
      863, 875, 876, -1,
      876, 865, 863, -1,
      699, 877, 701, -1,
      701, 877, 878, -1,
      701, 878, 879, -1,
      879, 880, 701, -1,
      701, 880, 881, -1,
      701, 881, 882, -1,
      882, 775, 701, -1,
      778, 777, 883, -1,
      883, 777, 884, -1,
      883, 884, 885, -1,
      883, 885, 886, -1,
      886, 885, 887, -1,
      886, 887, 888, -1,
      888, 887, 889, -1,
      888, 889, 890, -1,
      890, 889, 891, -1,
      890, 891, 892, -1,
      779, 893, 772, -1,
      772, 893, 894, -1,
      772, 894, 895, -1,
      895, 774, 772, -1,
      685, 866, 680, -1,
      800, 896, 677, -1,
      677, 896, 897, -1,
      677, 897, 898, -1,
      898, 899, 677, -1,
      677, 899, 900, -1,
      677, 900, 901, -1,
      901, 900, 902, -1,
      901, 902, 903, -1,
      903, 902, 904, -1,
      902, 905, 904, -1,
      904, 905, 906, -1,
      905, 907, 906, -1,
      906, 907, 908, -1,
      906, 908, 909, -1,
      901, 795, 677, -1,
      796, 910, 794, -1,
      794, 910, 911, -1,
      794, 911, 792, -1,
      912, 913, 914, -1,
      914, 913, 915, -1,
      913, 916, 915, -1,
      915, 916, 917, -1,
      915, 917, 918, -1,
      918, 919, 915, -1,
      915, 919, 920, -1,
      919, 678, 920, -1,
      920, 678, 680, -1,
      914, 538, 912, -1,
      912, 538, 539, -1,
      912, 539, 921, -1,
      922, 537, 923, -1,
      923, 537, 538, -1,
      923, 538, 924, -1,
      924, 538, 915, -1,
      538, 914, 915, -1,
      925, 863, 924, -1,
      924, 863, 857, -1,
      924, 857, 926, -1,
      926, 923, 924, -1,
      927, 928, 926, -1,
      926, 928, 922, -1,
      926, 922, 923, -1,
      927, 929, 928, -1,
      928, 929, 930, -1,
      928, 930, 931, -1,
      931, 932, 928, -1,
      928, 933, 922, -1,
      922, 933, 934, -1,
      922, 934, 935, -1,
      936, 937, 938, -1,
      938, 937, 939, -1,
      938, 939, 940, -1,
      940, 939, 941, -1,
      940, 941, 942, -1,
      942, 941, 943, -1,
      942, 943, 944, -1,
      944, 943, 945, -1,
      944, 945, 946, -1,
      946, 945, 947, -1,
      946, 947, 948, -1,
      948, 947, 949, -1,
      948, 949, 935, -1,
      935, 949, 950, -1,
      935, 950, 951, -1,
      951, 950, 952, -1,
      938, 940, 953, -1,
      953, 940, 954, -1,
      953, 954, 955, -1,
      955, 956, 953, -1,
      953, 956, 957, -1,
      953, 957, 958, -1,
      959, 960, 938, -1,
      938, 960, 961, -1,
      938, 961, 936, -1,
      949, 962, 950, -1,
      950, 962, 963, -1,
      962, 964, 963, -1,
      963, 964, 965, -1,
      963, 965, 966, -1,
      966, 965, 967, -1,
      968, 969, 965, -1,
      965, 969, 970, -1,
      965, 970, 967, -1,
      950, 971, 952, -1,
      952, 971, 972, -1,
      971, 973, 972, -1,
      972, 973, 974, -1,
      973, 975, 974, -1,
      974, 975, 976, -1,
      975, 977, 976, -1,
      976, 977, 978, -1,
      978, 977, 671, -1,
      671, 977, 979, -1,
      671, 979, 980, -1,
      981, 982, 983, -1,
      983, 982, 984, -1,
      983, 984, 671, -1,
      671, 984, 985, -1,
      671, 985, 986, -1,
      986, 985, 987, -1,
      988, 989, 983, -1,
      983, 989, 990, -1,
      983, 990, 981, -1,
      990, 989, 991, -1,
      991, 989, 992, -1,
      991, 992, 993, -1,
      993, 992, 994, -1,
      993, 994, 995, -1,
      995, 994, 996, -1,
      995, 996, 997, -1,
      997, 996, 998, -1,
      997, 998, 999, -1,
      999, 1000, 997, -1,
      997, 1000, 1001, -1,
      997, 1001, 1002, -1,
      1002, 1001, 1003, -1,
      1000, 1004, 1001, -1,
      1001, 1004, 83, -1,
      1004, 1005, 83, -1,
      83, 1005, 1006, -1,
      83, 1006, 1007, -1,
      1008, 1009, 1010, -1,
      1010, 1009, 1011, -1,
      1010, 1011, 1005, -1,
      1005, 1011, 1012, -1,
      1005, 1012, 1013, -1,
      1014, 1015, 1016, -1,
      1016, 1015, 1017, -1,
      1016, 1017, 1010, -1,
      1010, 1017, 1018, -1,
      1010, 1018, 1019, -1,
      1014, 1020, 1015, -1,
      1015, 1020, 1021, -1,
      1015, 1021, 1022, -1,
      1022, 1023, 1015, -1,
      1015, 1023, 1024, -1,
      1015, 1024, 1025, -1,
      1015, 1025, 1026, -1,
      1026, 1025, 1027, -1,
      1026, 1027, 1028, -1,
      1028, 1029, 1026, -1,
      1026, 1029, 1030, -1,
      1026, 1030, 1031, -1,
      1032, 1033, 1034, -1,
      1034, 1033, 1035, -1,
      1034, 1035, 1031, -1,
      1031, 1035, 1036, -1,
      1031, 1036, 1026, -1,
      1026, 1036, 1037, -1,
      1026, 1037, 1038, -1,
      1039, 1040, 1041, -1,
      1041, 1040, 1042, -1,
      1041, 1042, 1034, -1,
      1034, 1042, 1043, -1,
      1034, 1043, 1044, -1,
      1039, 1041, 1045, -1,
      1045, 1041, 1046, -1,
      1045, 1046, 1047, -1,
      1047, 1048, 1045, -1,
      1045, 1048, 1049, -1,
      1045, 1049, 1050, -1,
      1045, 1051, 1039, -1,
      1039, 1051, 1052, -1,
      1053, 1054, 1051, -1,
      1051, 1054, 1055, -1,
      1051, 1055, 1056, -1,
      1056, 1057, 1051, -1,
      1051, 1057, 1052, -1,
      1044, 1032, 1034, -1,
      1033, 1058, 1035, -1,
      1035, 1058, 1059, -1,
      1035, 1059, 1060, -1,
      1060, 1059, 1061, -1,
      1060, 1061, 1062, -1,
      1060, 1062, 1063, -1,
      1063, 1062, 1064, -1,
      1063, 1064, 1065, -1,
      1065, 1066, 1063, -1,
      1063, 1066, 1067, -1,
      1063, 1067, 1068, -1,
      1063, 1069, 1060, -1,
      1060, 1069, 1070, -1,
      1071, 1072, 1069, -1,
      1069, 1072, 1073, -1,
      1069, 1073, 1074, -1,
      1074, 1070, 1069, -1,
      1026, 1038, 1075, -1,
      1075, 1038, 1076, -1,
      1075, 1076, 1077, -1,
      1077, 1076, 1078, -1,
      1077, 1078, 1079, -1,
      1079, 1078, 1080, -1,
      1079, 1080, 1081, -1,
      1081, 1080, 1082, -1,
      1080, 1083, 1082, -1,
      1082, 1083, 1084, -1,
      1083, 1085, 1084, -1,
      1084, 1085, 1086, -1,
      1084, 1086, 1087, -1,
      1087, 1086, 83, -1,
      1087, 83, 1088, -1,
      1088, 83, 1089, -1,
      83, 1086, 86, -1,
      86, 1086, 1090, -1,
      86, 1090, 1091, -1,
      1091, 1092, 86, -1,
      86, 1092, 1093, -1,
      1094, 1095, 922, -1,
      922, 1095, 1096, -1,
      922, 1096, 1001, -1,
      1001, 1096, 1097, -1,
      1001, 1097, 1098, -1,
      1019, 1099, 1010, -1,
      1010, 1099, 1100, -1,
      1010, 1100, 1101, -1,
      1101, 1008, 1010, -1,
      1009, 1102, 1011, -1,
      1011, 1102, 1103, -1,
      1103, 1102, 1104, -1,
      1104, 1102, 1105, -1,
      1104, 1105, 1106, -1,
      1106, 1105, 1107, -1,
      1106, 1107, 1108, -1,
      1108, 1107, 1109, -1,
      1108, 1109, 1110, -1,
      1110, 1109, 1111, -1,
      1013, 1112, 1005, -1,
      1005, 1112, 1113, -1,
      1005, 1113, 1114, -1,
      1114, 1115, 1005, -1,
      1005, 1115, 1116, -1,
      1005, 1116, 1117, -1,
      1117, 1006, 1005, -1,
      1007, 1118, 83, -1,
      83, 1118, 1119, -1,
      83, 1119, 1089, -1,
      935, 951, 922, -1,
      922, 951, 1120, -1,
      922, 1120, 1121, -1,
      1121, 1122, 922, -1,
      922, 1122, 1123, -1,
      922, 1123, 1094, -1,
      1098, 1124, 1001, -1,
      1001, 1124, 1125, -1,
      1001, 1125, 1126, -1,
      1126, 1003, 1001, -1,
      985, 1127, 987, -1,
      987, 1127, 1128, -1,
      987, 1128, 1129, -1,
      1129, 1128, 1130, -1,
      1129, 1130, 1131, -1,
      1131, 1130, 1132, -1,
      1131, 1132, 1133, -1,
      1133, 1132, 1134, -1,
      1133, 1134, 1135, -1,
      986, 1136, 671, -1,
      671, 1136, 1137, -1,
      671, 1137, 978, -1,
      922, 1001, 537, -1,
      537, 1001, 542, -1,
      83, 82, 542, -1,
      542, 82, 1138, -1,
      542, 1138, 544, -1,
      544, 1138, 1139, -1,
      542, 1001, 83, -1,
      544, 1139, 1140, -1,
      1140, 1139, 1141, -1,
      1140, 1142, 544, -1,
      544, 1142, 1143, -1,
      544, 1143, 545, -1,
      1142, 1144, 1143, -1,
      1143, 1144, 1145, -1,
      1143, 1145, 1146, -1,
      1146, 1147, 1143, -1,
      1143, 1147, 1148, -1,
      1143, 338, 545, -1,
      545, 338, 348, -1,
      545, 348, 983, -1,
      983, 348, 1149, -1,
      548, 547, 671, -1,
      671, 547, 546, -1,
      671, 546, 983, -1,
      983, 546, 545, -1,
      547, 1150, 546, -1,
      546, 1150, 1151, -1,
      546, 1151, 543, -1,
      543, 1151, 1152, -1,
      543, 1152, 541, -1,
      541, 1152, 1153, -1,
      1153, 1150, 541, -1,
      541, 1150, 547, -1,
      1150, 1153, 1151, -1,
      1151, 1153, 1152, -1,
      794, 793, 1154, -1,
      1154, 793, 1155, -1,
      983, 1149, 988, -1,
      988, 1149, 1156, -1,
      988, 1156, 793, -1,
      793, 1156, 1157, -1,
      793, 1157, 1158, -1,
      1158, 1155, 793, -1,
      794, 1154, 347, -1,
      347, 1154, 349, -1,
      349, 1154, 350, -1,
      350, 1154, 1155, -1,
      350, 1155, 1158, -1,
      350, 1158, 351, -1,
      351, 1158, 1157, -1,
      351, 1157, 352, -1,
      352, 1157, 1156, -1,
      352, 1156, 353, -1,
      353, 1156, 348, -1,
      1156, 1149, 348, -1,
      793, 791, 988, -1,
      988, 791, 989, -1,
      791, 789, 989, -1,
      989, 789, 992, -1,
      992, 789, 994, -1,
      994, 789, 787, -1,
      994, 787, 785, -1,
      994, 785, 996, -1,
      996, 785, 784, -1,
      996, 784, 998, -1,
      998, 784, 783, -1,
      998, 783, 999, -1,
      999, 783, 1000, -1,
      783, 781, 1000, -1,
      1159, 1160, 1161, -1,
      1161, 1160, 1162, -1,
      1160, 1163, 1162, -1,
      1162, 1163, 1164, -1,
      1163, 1165, 1164, -1,
      1164, 1165, 1166, -1,
      1165, 1167, 1166, -1,
      1166, 1167, 1168, -1,
      1167, 1169, 1168, -1,
      1168, 1169, 1170, -1,
      1169, 1004, 1170, -1,
      1170, 1004, 700, -1,
      1004, 1000, 700, -1,
      700, 1000, 781, -1,
      701, 1171, 700, -1,
      700, 1171, 1170, -1,
      1170, 1171, 1168, -1,
      1168, 1171, 1172, -1,
      1168, 1172, 1173, -1,
      1168, 1173, 1166, -1,
      1166, 1173, 1174, -1,
      1166, 1174, 1164, -1,
      1164, 1174, 1175, -1,
      1164, 1175, 1162, -1,
      1162, 1175, 1161, -1,
      1175, 1176, 1161, -1,
      1177, 1178, 1179, -1,
      1179, 1178, 1180, -1,
      1179, 1180, 1176, -1,
      1176, 1180, 1181, -1,
      1176, 1181, 1182, -1,
      1183, 1184, 231, -1,
      231, 1184, 1185, -1,
      231, 1185, 1179, -1,
      1179, 1185, 1186, -1,
      1179, 1186, 1187, -1,
      1183, 1188, 1184, -1,
      1184, 1188, 273, -1,
      1184, 273, 1189, -1,
      1189, 273, 1190, -1,
      270, 1191, 273, -1,
      273, 1191, 1192, -1,
      273, 1192, 1193, -1,
      270, 1194, 1191, -1,
      1193, 1190, 273, -1,
      1189, 1195, 1184, -1,
      1184, 1195, 1196, -1,
      1184, 1196, 1197, -1,
      1197, 1196, 1198, -1,
      1197, 1198, 1199, -1,
      1199, 1198, 1200, -1,
      1199, 1200, 1201, -1,
      1200, 1198, 1202, -1,
      1202, 1198, 1203, -1,
      1202, 1203, 1204, -1,
      1204, 1203, 1205, -1,
      1204, 1205, 1206, -1,
      1206, 1205, 1207, -1,
      1206, 1207, 1208, -1,
      1208, 1207, 1209, -1,
      1208, 1209, 1210, -1,
      1210, 1209, 1211, -1,
      1210, 1211, 1212, -1,
      1212, 1211, 1213, -1,
      1212, 1213, 1214, -1,
      1214, 1213, 1215, -1,
      1214, 1215, 1216, -1,
      1202, 1204, 1217, -1,
      1217, 1204, 1218, -1,
      1217, 1218, 1219, -1,
      1219, 1218, 1220, -1,
      1219, 1220, 1221, -1,
      1221, 1220, 1222, -1,
      1223, 1224, 1225, -1,
      1225, 1224, 1226, -1,
      1225, 1226, 1218, -1,
      1218, 1226, 1227, -1,
      1218, 1227, 1228, -1,
      1229, 1230, 1225, -1,
      1225, 1230, 1231, -1,
      1225, 1231, 1232, -1,
      1229, 1233, 1230, -1,
      1232, 1234, 1225, -1,
      1225, 1234, 1235, -1,
      1225, 1235, 1236, -1,
      1236, 1235, 1237, -1,
      1235, 1238, 1237, -1,
      1237, 1238, 1239, -1,
      1238, 1161, 1239, -1,
      1239, 1161, 1240, -1,
      1241, 1242, 1176, -1,
      1176, 1242, 1243, -1,
      1176, 1243, 1161, -1,
      1161, 1243, 1244, -1,
      1161, 1244, 1245, -1,
      1246, 1247, 1199, -1,
      1199, 1247, 1248, -1,
      1199, 1248, 1185, -1,
      1185, 1248, 1249, -1,
      1185, 1249, 1250, -1,
      1245, 1240, 1161, -1,
      1236, 1251, 1225, -1,
      1225, 1251, 1223, -1,
      1228, 1252, 1218, -1,
      1218, 1252, 1253, -1,
      1218, 1253, 1220, -1,
      1254, 1255, 1243, -1,
      1243, 1255, 1256, -1,
      1243, 1256, 1220, -1,
      1220, 1256, 1257, -1,
      1220, 1257, 1258, -1,
      1259, 1220, 1260, -1,
      1260, 1220, 1261, -1,
      1260, 1261, 1262, -1,
      1262, 1261, 1263, -1,
      1262, 1263, 1264, -1,
      1264, 1263, 1265, -1,
      1264, 1265, 1266, -1,
      1266, 1265, 1267, -1,
      1266, 1267, 1268, -1,
      1259, 1222, 1220, -1,
      1217, 1219, 1269, -1,
      1269, 1219, 1270, -1,
      1269, 1270, 1271, -1,
      1271, 1270, 1272, -1,
      1271, 1272, 1273, -1,
      1273, 1272, 1274, -1,
      1273, 1274, 1275, -1,
      1275, 1274, 1276, -1,
      1275, 1276, 1277, -1,
      1277, 1276, 1278, -1,
      1277, 1278, 1279, -1,
      1279, 1278, 1280, -1,
      1280, 1278, 1281, -1,
      1281, 1278, 1282, -1,
      1281, 1282, 1283, -1,
      1283, 1282, 1284, -1,
      1285, 1286, 1287, -1,
      1287, 1286, 1288, -1,
      1287, 1288, 1289, -1,
      1289, 1288, 1290, -1,
      1289, 1290, 1291, -1,
      1291, 1290, 1292, -1,
      1291, 1292, 1293, -1,
      1293, 1292, 1294, -1,
      1293, 1294, 1282, -1,
      1282, 1294, 1295, -1,
      1282, 1295, 1284, -1,
      1287, 1289, 1296, -1,
      1296, 1289, 1297, -1,
      1296, 1297, 1298, -1,
      1298, 1297, 1299, -1,
      1298, 1299, 1180, -1,
      1182, 1300, 1176, -1,
      1176, 1300, 1301, -1,
      1176, 1301, 1302, -1,
      1302, 1303, 1176, -1,
      1176, 1303, 1241, -1,
      1242, 1304, 1243, -1,
      1243, 1304, 1305, -1,
      1243, 1305, 1306, -1,
      1306, 1254, 1243, -1,
      1258, 1261, 1220, -1,
      1268, 1307, 1266, -1,
      1202, 1308, 1200, -1,
      1200, 1308, 1309, -1,
      1200, 1309, 1310, -1,
      1310, 1309, 1311, -1,
      1310, 1311, 1312, -1,
      1308, 1313, 1309, -1,
      1309, 1313, 1314, -1,
      1313, 1315, 1314, -1,
      1314, 1315, 1316, -1,
      1317, 1318, 1315, -1,
      1315, 1318, 1316, -1,
      1310, 1312, 1319, -1,
      1319, 1312, 1320, -1,
      1319, 1320, 1321, -1,
      1321, 1320, 1322, -1,
      1321, 1322, 1323, -1,
      1323, 1322, 1324, -1,
      1323, 1324, 1325, -1,
      1325, 1324, 1326, -1,
      1325, 1326, 1327, -1,
      1325, 1327, 1328, -1,
      1328, 1327, 1329, -1,
      1328, 1329, 1330, -1,
      1330, 1331, 1328, -1,
      1328, 1331, 1332, -1,
      1328, 1332, 1333, -1,
      1333, 1332, 1334, -1,
      1333, 1334, 1335, -1,
      1335, 1334, 1285, -1,
      1335, 1285, 1287, -1,
      1286, 1336, 1288, -1,
      1288, 1336, 1337, -1,
      1337, 1336, 1338, -1,
      1338, 1336, 1339, -1,
      1338, 1339, 1340, -1,
      1340, 1339, 1341, -1,
      1340, 1341, 1342, -1,
      1342, 1341, 1343, -1,
      1342, 1343, 1344, -1,
      1344, 1343, 1345, -1,
      1344, 1345, 1346, -1,
      1346, 1345, 1347, -1,
      1246, 1199, 1348, -1,
      1348, 1199, 1349, -1,
      1348, 1349, 1350, -1,
      1350, 1349, 1351, -1,
      1350, 1351, 1352, -1,
      1352, 1351, 1353, -1,
      1352, 1353, 1354, -1,
      1354, 1353, 1355, -1,
      1354, 1355, 1356, -1,
      1250, 1357, 1185, -1,
      1185, 1357, 1358, -1,
      1185, 1358, 1359, -1,
      1359, 1186, 1185, -1,
      1187, 1360, 1179, -1,
      1179, 1360, 1361, -1,
      1179, 1361, 1362, -1,
      1362, 1363, 1179, -1,
      1179, 1363, 1364, -1,
      1179, 1364, 1177, -1,
      1178, 1298, 1180, -1,
      1201, 1365, 1199, -1,
      1199, 1365, 1366, -1,
      1199, 1366, 1349, -1,
      1356, 1367, 1354, -1,
      1161, 1238, 1159, -1,
      1159, 1238, 1368, -1,
      1368, 1238, 1369, -1,
      1369, 1238, 1235, -1,
      1369, 1235, 1370, -1,
      1370, 1235, 1234, -1,
      1370, 1234, 1371, -1,
      1371, 1234, 1372, -1,
      1234, 1232, 1372, -1,
      1372, 1232, 1373, -1,
      1372, 1373, 1374, -1,
      1373, 1232, 1375, -1,
      1375, 1232, 1231, -1,
      1375, 1231, 1376, -1,
      1376, 1231, 1230, -1,
      1376, 1230, 1377, -1,
      1371, 1138, 1370, -1,
      80, 79, 1378, -1,
      1378, 79, 1379, -1,
      1378, 1379, 1380, -1,
      1380, 1379, 1381, -1,
      1382, 1383, 1384, -1,
      1384, 1383, 1385, -1,
      1384, 1385, 1379, -1,
      1379, 1385, 1386, -1,
      1379, 1386, 1387, -1,
      66, 75, 1384, -1,
      1384, 75, 1388, -1,
      1384, 1388, 1389, -1,
      272, 1390, 75, -1,
      75, 1390, 1391, -1,
      75, 1391, 230, -1,
      230, 229, 75, -1,
      75, 229, 1392, -1,
      75, 1392, 1393, -1,
      1394, 1395, 1396, -1,
      1396, 1395, 1397, -1,
      1396, 1397, 229, -1,
      229, 1397, 1398, -1,
      229, 1398, 1399, -1,
      1159, 85, 1396, -1,
      1396, 85, 1400, -1,
      1396, 1400, 1401, -1,
      1159, 1368, 85, -1,
      85, 1368, 1369, -1,
      85, 1369, 1370, -1,
      84, 1402, 85, -1,
      85, 1402, 1403, -1,
      85, 1403, 1404, -1,
      1405, 1406, 1407, -1,
      1407, 1406, 1408, -1,
      1407, 1408, 1402, -1,
      1402, 1408, 1409, -1,
      1402, 1409, 1410, -1,
      80, 1411, 1407, -1,
      1407, 1411, 1412, -1,
      1407, 1412, 1413, -1,
      1414, 1415, 1416, -1,
      1416, 1415, 1417, -1,
      1416, 1417, 1418, -1,
      1418, 1417, 1419, -1,
      1414, 1420, 1415, -1,
      1415, 1420, 1421, -1,
      1415, 1421, 1422, -1,
      1415, 1422, 1423, -1,
      1423, 1422, 1424, -1,
      1423, 1424, 1425, -1,
      1425, 1424, 1426, -1,
      1425, 1426, 1427, -1,
      1427, 1426, 1428, -1,
      1427, 1428, 1429, -1,
      1429, 1428, 1430, -1,
      1429, 1430, 1431, -1,
      1430, 1428, 1432, -1,
      1432, 1428, 1433, -1,
      1432, 1433, 1434, -1,
      1432, 1434, 1435, -1,
      1435, 1434, 1436, -1,
      1435, 1436, 1437, -1,
      1437, 1436, 1438, -1,
      1437, 1438, 1439, -1,
      1439, 1438, 1440, -1,
      1439, 1440, 1441, -1,
      1441, 1440, 1442, -1,
      1441, 1442, 1443, -1,
      1429, 1431, 1444, -1,
      1444, 1431, 1445, -1,
      1444, 1445, 1446, -1,
      1446, 1445, 1447, -1,
      1446, 1447, 1448, -1,
      1448, 1447, 1449, -1,
      1448, 1449, 1450, -1,
      1450, 1451, 1448, -1,
      1448, 1451, 1452, -1,
      1448, 1452, 1453, -1,
      1453, 1452, 1454, -1,
      1453, 1454, 1455, -1,
      1453, 1455, 1456, -1,
      1456, 1455, 1457, -1,
      1456, 1457, 1458, -1,
      1458, 1457, 1459, -1,
      1458, 1459, 1460, -1,
      1460, 1459, 1461, -1,
      1460, 1461, 1462, -1,
      1462, 1461, 1463, -1,
      1462, 1463, 1464, -1,
      1465, 1466, 1467, -1,
      1467, 1466, 1468, -1,
      1467, 1468, 1464, -1,
      1464, 1468, 1469, -1,
      1464, 1469, 1380, -1,
      1380, 1469, 1378, -1,
      1465, 1470, 1466, -1,
      1466, 1470, 1471, -1,
      1378, 1411, 80, -1,
      1411, 1472, 1412, -1,
      1412, 1472, 1473, -1,
      1472, 1474, 1473, -1,
      1473, 1474, 1475, -1,
      1473, 1475, 1476, -1,
      1476, 1475, 1477, -1,
      1476, 1477, 1478, -1,
      1478, 1477, 1479, -1,
      1478, 1479, 1480, -1,
      1480, 1479, 1419, -1,
      1480, 1419, 1417, -1,
      1399, 1481, 229, -1,
      229, 1481, 1482, -1,
      229, 1482, 1483, -1,
      1483, 1484, 229, -1,
      229, 1484, 1485, -1,
      229, 1485, 1486, -1,
      1486, 1392, 229, -1,
      1393, 1388, 75, -1,
      1389, 1382, 1384, -1,
      1387, 1487, 1379, -1,
      1379, 1487, 1488, -1,
      1379, 1488, 1489, -1,
      1487, 1490, 1488, -1,
      1488, 1490, 1491, -1,
      1490, 1492, 1491, -1,
      1491, 1492, 1493, -1,
      1492, 1494, 1493, -1,
      1493, 1494, 1495, -1,
      1496, 1497, 1494, -1,
      1494, 1497, 1495, -1,
      1489, 1498, 1379, -1,
      1379, 1498, 1381, -1,
      1380, 1462, 1464, -1,
      1429, 1499, 1427, -1,
      1427, 1499, 1500, -1,
      1499, 1501, 1500, -1,
      1500, 1501, 1502, -1,
      1502, 1501, 1397, -1,
      1397, 1501, 1398, -1,
      1503, 1504, 1505, -1,
      1505, 1504, 1506, -1,
      1505, 1506, 1507, -1,
      1507, 1506, 1508, -1,
      1507, 1508, 1509, -1,
      1509, 1508, 1510, -1,
      1509, 1510, 1511, -1,
      1511, 1510, 1407, -1,
      1511, 1407, 1512, -1,
      1512, 1407, 1513, -1,
      1510, 1405, 1407, -1,
      1410, 1514, 1402, -1,
      1402, 1514, 1403, -1,
      1404, 1400, 85, -1,
      1401, 1515, 1396, -1,
      1396, 1515, 1516, -1,
      1396, 1516, 1517, -1,
      1517, 1518, 1396, -1,
      1396, 1518, 1394, -1,
      1413, 1513, 1407, -1,
      1505, 1519, 1503, -1,
      78, 80, 1407, -1,
      81, 78, 1402, -1,
      1402, 78, 1407, -1,
      84, 81, 1402, -1,
      1138, 82, 1370, -1,
      1370, 82, 85, -1,
      1004, 1169, 1005, -1,
      1005, 1169, 1520, -1,
      1169, 1167, 1520, -1,
      1520, 1167, 1521, -1,
      1167, 1165, 1521, -1,
      1521, 1165, 1522, -1,
      1165, 1163, 1522, -1,
      1522, 1163, 1523, -1,
      1163, 1160, 1523, -1,
      1523, 1160, 1524, -1,
      1160, 1159, 1524, -1,
      1524, 1159, 1396, -1,
      1525, 1005, 1526, -1,
      1526, 1005, 1520, -1,
      1526, 1520, 1527, -1,
      1527, 1520, 1528, -1,
      1520, 1521, 1528, -1,
      1528, 1521, 1529, -1,
      1529, 1521, 1530, -1,
      1530, 1521, 1522, -1,
      1530, 1522, 1531, -1,
      1531, 1522, 1532, -1,
      1522, 1523, 1532, -1,
      1532, 1523, 1533, -1,
      1533, 1523, 1534, -1,
      1534, 1523, 1524, -1,
      1534, 1524, 1535, -1,
      1535, 1524, 1536, -1,
      1524, 1396, 1536, -1,
      1536, 1396, 1537, -1,
      1538, 1539, 1540, -1,
      1540, 1539, 1541, -1,
      1540, 1541, 1542, -1,
      1542, 1541, 1543, -1,
      1542, 1543, 1544, -1,
      1544, 1543, 1545, -1,
      1538, 1546, 1539, -1,
      1539, 1546, 1547, -1,
      1546, 1548, 1547, -1,
      1547, 1548, 1549, -1,
      1547, 1549, 1550, -1,
      1550, 1549, 1551, -1,
      1550, 1551, 1552, -1,
      1550, 1552, 1553, -1,
      1553, 1552, 1554, -1,
      1553, 1554, 1555, -1,
      1553, 1555, 1556, -1,
      1556, 1555, 1557, -1,
      1556, 1557, 1558, -1,
      1556, 1558, 1559, -1,
      1559, 1558, 1560, -1,
      1559, 1560, 1561, -1,
      1561, 1560, 1562, -1,
      1543, 1563, 1545, -1,
      1545, 1563, 1564, -1,
      1564, 1563, 1565, -1,
      1565, 1563, 1566, -1,
      1565, 1566, 1567, -1,
      1567, 1566, 1568, -1,
      1566, 1569, 1568, -1,
      1568, 1569, 1570, -1,
      1570, 1569, 1571, -1,
      1571, 1569, 1572, -1,
      1571, 1572, 1573, -1,
      1573, 1572, 1574, -1,
      1572, 1575, 1574, -1,
      1574, 1575, 1576, -1,
      1576, 1575, 1577, -1,
      1577, 1575, 1179, -1,
      1577, 1179, 1578, -1,
      1578, 1179, 1176, -1,
      1578, 1176, 1537, -1,
      1537, 1176, 1536, -1,
      1176, 1175, 1536, -1,
      1536, 1175, 1535, -1,
      1535, 1175, 1534, -1,
      1534, 1175, 1174, -1,
      1534, 1174, 1533, -1,
      1533, 1174, 1532, -1,
      1174, 1173, 1532, -1,
      1532, 1173, 1531, -1,
      1531, 1173, 1530, -1,
      1530, 1173, 1172, -1,
      1530, 1172, 1529, -1,
      1529, 1172, 1528, -1,
      1172, 1171, 1528, -1,
      1528, 1171, 1527, -1,
      1527, 1171, 1526, -1,
      1526, 1171, 701, -1,
      1526, 701, 1525, -1,
      1525, 701, 772, -1,
      1525, 772, 1579, -1,
      1579, 772, 1580, -1,
      772, 1581, 1580, -1,
      1580, 1581, 1582, -1,
      1582, 1581, 1583, -1,
      1583, 1581, 1584, -1,
      1583, 1584, 1585, -1,
      1585, 1584, 1586, -1,
      1584, 1587, 1586, -1,
      1586, 1587, 1588, -1,
      1588, 1587, 1589, -1,
      1589, 1587, 1590, -1,
      1589, 1590, 1591, -1,
      1591, 1590, 1592, -1,
      1590, 1593, 1592, -1,
      1592, 1593, 1594, -1,
      1594, 1593, 1595, -1,
      1595, 1593, 1596, -1,
      1595, 1596, 1597, -1,
      1597, 1596, 1598, -1,
      1597, 1598, 1599, -1,
      103, 187, 1544, -1,
      1544, 187, 1542, -1,
      1542, 187, 1540, -1,
      1540, 187, 1600, -1,
      1540, 1600, 1538, -1,
      1538, 1600, 1546, -1,
      1600, 1601, 1546, -1,
      1546, 1601, 1548, -1,
      1548, 1601, 1549, -1,
      1549, 1601, 1602, -1,
      1549, 1602, 1551, -1,
      1551, 1602, 1552, -1,
      1602, 1603, 1552, -1,
      1552, 1603, 1554, -1,
      1554, 1603, 1555, -1,
      1555, 1603, 1604, -1,
      1555, 1604, 1557, -1,
      1557, 1604, 1558, -1,
      1604, 1605, 1558, -1,
      1558, 1605, 1560, -1,
      1562, 1560, 1606, -1,
      1606, 1560, 1605, -1,
      1607, 1608, 1606, -1,
      1606, 1608, 1609, -1,
      1606, 1609, 1561, -1,
      1607, 1610, 1608, -1,
      1561, 1562, 1606, -1,
      1611, 1612, 1613, -1,
      1613, 1612, 1614, -1,
      1613, 1614, 1615, -1,
      1615, 1614, 1616, -1,
      1615, 1616, 1617, -1,
      1611, 1613, 1618, -1,
      1618, 1613, 1619, -1,
      1618, 1619, 1620, -1,
      1620, 1619, 1621, -1,
      1620, 1621, 1622, -1,
      1622, 1621, 1623, -1,
      1619, 1624, 1621, -1,
      1621, 1625, 1623, -1,
      1623, 1625, 1626, -1,
      1622, 1627, 1620, -1,
      1617, 1628, 1615, -1,
      1615, 1628, 1629, -1,
      1615, 1629, 1630, -1,
      1631, 1632, 1633, -1,
      1633, 1632, 1634, -1,
      1633, 1634, 1635, -1,
      1635, 1634, 1636, -1,
      1635, 1636, 1637, -1,
      1637, 1636, 1638, -1,
      1637, 1638, 1639, -1,
      1639, 1638, 1640, -1,
      1639, 1640, 1641, -1,
      1641, 1640, 1642, -1,
      1641, 1642, 1630, -1,
      1630, 1642, 1643, -1,
      1630, 1643, 1644, -1,
      1644, 1643, 1645, -1,
      1644, 1645, 1646, -1,
      1646, 1645, 1647, -1,
      1646, 1647, 1648, -1,
      1634, 1649, 1636, -1,
      1636, 1649, 1650, -1,
      1649, 1651, 1650, -1,
      1650, 1651, 1652, -1,
      1650, 1652, 1653, -1,
      1653, 1654, 1650, -1,
      1648, 1655, 1646, -1,
      1646, 1655, 1656, -1,
      1646, 1656, 1657, -1,
      1657, 1658, 1646, -1,
      1646, 1658, 1659, -1,
      1658, 1660, 1659, -1,
      1659, 1660, 1661, -1,
      1661, 1660, 1662, -1,
      1662, 1660, 1663, -1,
      1662, 1663, 1664, -1,
      1664, 1663, 1665, -1,
      1664, 1665, 1666, -1,
      1667, 1561, 1663, -1,
      1663, 1561, 1668, -1,
      1663, 1668, 1665, -1,
      1667, 1669, 1561, -1,
      1561, 1669, 1670, -1,
      1561, 1670, 1671, -1,
      1671, 1672, 1561, -1,
      1561, 1672, 1673, -1,
      1561, 1673, 1559, -1,
      1559, 1673, 1674, -1,
      1559, 1674, 1675, -1,
      1675, 1676, 1559, -1,
      1559, 1676, 1677, -1,
      1559, 1677, 1678, -1,
      1678, 1679, 1559, -1,
      1559, 1679, 1680, -1,
      1559, 1680, 1681, -1,
      1681, 1680, 1682, -1,
      1681, 1682, 1683, -1,
      1683, 1682, 1684, -1,
      1683, 1684, 1685, -1,
      1685, 1686, 1683, -1,
      1683, 1686, 1687, -1,
      1683, 1687, 1688, -1,
      1561, 1609, 1668, -1,
      1666, 1689, 1664, -1,
      1690, 1691, 1644, -1,
      1644, 1691, 1615, -1,
      1644, 1615, 1630, -1,
      1691, 1692, 1615, -1,
      1615, 1692, 1693, -1,
      1694, 1695, 1692, -1,
      1692, 1695, 1693, -1,
      1696, 1697, 1698, -1,
      1698, 1697, 1699, -1,
      1698, 1699, 1695, -1,
      1695, 1699, 1700, -1,
      1695, 1700, 1701, -1,
      1702, 1703, 1698, -1,
      1698, 1703, 1704, -1,
      1698, 1704, 1705, -1,
      1702, 1706, 1703, -1,
      1703, 1706, 1707, -1,
      1703, 1707, 1708, -1,
      1708, 1707, 1709, -1,
      1708, 1709, 1710, -1,
      1710, 1709, 1711, -1,
      1710, 1711, 1712, -1,
      1710, 1713, 1708, -1,
      1708, 1713, 1598, -1,
      1708, 1598, 1714, -1,
      1714, 1598, 1715, -1,
      1713, 1716, 1598, -1,
      1717, 1718, 1596, -1,
      1596, 1718, 1719, -1,
      1596, 1719, 1598, -1,
      1598, 1719, 1720, -1,
      1598, 1720, 1721, -1,
      1722, 1723, 1724, -1,
      1724, 1723, 1725, -1,
      1724, 1725, 1726, -1,
      1726, 1725, 1727, -1,
      1726, 1727, 1596, -1,
      1596, 1727, 1728, -1,
      1596, 1728, 1729, -1,
      1730, 1731, 1724, -1,
      1724, 1731, 1732, -1,
      1724, 1732, 1722, -1,
      1729, 1733, 1596, -1,
      1596, 1733, 1734, -1,
      1596, 1734, 1717, -1,
      1721, 1735, 1598, -1,
      1598, 1735, 1715, -1,
      1705, 1696, 1698, -1,
      1701, 1736, 1695, -1,
      1695, 1736, 1693, -1,
      1737, 1738, 1739, -1,
      1739, 1738, 1740, -1,
      1739, 1740, 1741, -1,
      1741, 1740, 1742, -1,
      1741, 1742, 1743, -1,
      1743, 1742, 1744, -1,
      1743, 1744, 1745, -1,
      1745, 1744, 1746, -1,
      1745, 1746, 1736, -1,
      1736, 1746, 1747, -1,
      1736, 1747, 1693, -1,
      1693, 1747, 1748, -1,
      1693, 1748, 1749, -1,
      1739, 1750, 1737, -1,
      1737, 1750, 1751, -1,
      1752, 1753, 1750, -1,
      1750, 1753, 1754, -1,
      1750, 1754, 1751, -1,
      1740, 1738, 1755, -1,
      1755, 1738, 1756, -1,
      1755, 1756, 1757, -1,
      1749, 1758, 1693, -1,
      1693, 1758, 1759, -1,
      1693, 1759, 1760, -1,
      1693, 1760, 1761, -1,
      1761, 1760, 1762, -1,
      1761, 1762, 1763, -1,
      1763, 1764, 1761, -1,
      1761, 1764, 1765, -1,
      1764, 1766, 1765, -1,
      1765, 1766, 1767, -1,
      1765, 1767, 1768, -1,
      1768, 1767, 1769, -1,
      1766, 1770, 1767, -1,
      1767, 1771, 1769, -1,
      1769, 1771, 1772, -1,
      1768, 1773, 1765, -1,
      1774, 1775, 1776, -1,
      1776, 1775, 1777, -1,
      1776, 1777, 1615, -1,
      1615, 1693, 1776, -1,
      1776, 1693, 921, -1,
      1693, 1778, 921, -1,
      921, 1778, 1779, -1,
      921, 1779, 912, -1,
      921, 540, 1776, -1,
      1776, 540, 1780, -1,
      1776, 1780, 1781, -1,
      921, 539, 540, -1,
      1782, 1774, 1783, -1,
      1783, 1774, 1784, -1,
      1774, 1776, 1784, -1,
      1784, 1776, 1781, -1,
      1783, 1785, 1782, -1,
      1786, 1787, 1785, -1,
      1785, 1787, 1782, -1,
      1787, 1788, 1782, -1,
      1782, 1788, 1774, -1,
      1785, 1783, 1786, -1,
      1786, 1783, 1784, -1,
      1786, 1784, 1789, -1,
      1786, 1789, 1790, -1,
      1790, 1789, 1791, -1,
      1790, 1791, 1792, -1,
      1792, 1791, 1793, -1,
      1791, 1794, 1793, -1,
      1790, 1795, 1786, -1,
      1786, 1795, 1796, -1,
      1786, 1796, 1787, -1,
      1787, 1796, 1797, -1,
      1787, 1797, 1788, -1,
      1788, 1797, 1774, -1,
      1790, 1792, 1795, -1,
      1795, 1792, 1798, -1,
      1792, 1793, 1798, -1,
      1798, 1793, 1799, -1,
      1794, 1800, 1793, -1,
      1793, 1800, 1799, -1,
      1797, 1613, 1774, -1,
      1774, 1613, 1775, -1,
      1615, 1777, 1613, -1,
      1613, 1777, 1775, -1,
      1801, 116, 1800, -1,
      1800, 116, 102, -1,
      1800, 102, 1799, -1,
      1799, 102, 101, -1,
      1799, 101, 100, -1,
      1799, 100, 1798, -1,
      1798, 100, 99, -1,
      1798, 99, 1795, -1,
      1795, 99, 98, -1,
      1795, 98, 1796, -1,
      1796, 98, 97, -1,
      1796, 97, 1797, -1,
      1797, 97, 96, -1,
      1797, 96, 1613, -1,
      1613, 96, 1619, -1,
      96, 1802, 1619, -1,
      1620, 1627, 1803, -1,
      1803, 1627, 1804, -1,
      1804, 1627, 1805, -1,
      1805, 1627, 1622, -1,
      1805, 1622, 1623, -1,
      1626, 1806, 1623, -1,
      1623, 1806, 1807, -1,
      1623, 1807, 1805, -1,
      1626, 1625, 1806, -1,
      1806, 1625, 1808, -1,
      1808, 1625, 1809, -1,
      1809, 1625, 1621, -1,
      1809, 1621, 1624, -1,
      1619, 1802, 1624, -1,
      1624, 1802, 1810, -1,
      1624, 1810, 1809, -1,
      1811, 1812, 1813, -1,
      1813, 1812, 1814, -1,
      1813, 1814, 1815, -1,
      1815, 1814, 1816, -1,
      1815, 1816, 1817, -1,
      1817, 1816, 1818, -1,
      1817, 1818, 1819, -1,
      1819, 1818, 1820, -1,
      1819, 1820, 1821, -1,
      1821, 1820, 1822, -1,
      1811, 1823, 1812, -1,
      1812, 1823, 1824, -1,
      1823, 1825, 1824, -1,
      1824, 1825, 1826, -1,
      1825, 1827, 1826, -1,
      1826, 1827, 1828, -1,
      1827, 1829, 1828, -1,
      1828, 1829, 1830, -1,
      1828, 1830, 1831, -1,
      1831, 1830, 1832, -1,
      1831, 1832, 1833, -1,
      1833, 1832, 1834, -1,
      1829, 1835, 1830, -1,
      1830, 1835, 1836, -1,
      1830, 1836, 1837, -1,
      1837, 1836, 1838, -1,
      1839, 1840, 1836, -1,
      1836, 1840, 1841, -1,
      1836, 1841, 1842, -1,
      1839, 1843, 1840, -1,
      1842, 1838, 1836, -1,
      1844, 1845, 1832, -1,
      1832, 1845, 1846, -1,
      1832, 1846, 1847, -1,
      1832, 1847, 1848, -1,
      1848, 1847, 1849, -1,
      1848, 1849, 1850, -1,
      1850, 1849, 1851, -1,
      1848, 1834, 1832, -1,
      1833, 1852, 1831, -1,
      1831, 1852, 1853, -1,
      1831, 1853, 1854, -1,
      1854, 1855, 1831, -1,
      1831, 1855, 1856, -1,
      1831, 1856, 1857, -1,
      1831, 1857, 1858, -1,
      1858, 1857, 1859, -1,
      1858, 1859, 1860, -1,
      1860, 1861, 1858, -1,
      1858, 1861, 1862, -1,
      1858, 1862, 1863, -1,
      1863, 1864, 1858, -1,
      1858, 1864, 1865, -1,
      1858, 1865, 1866, -1,
      1858, 1866, 1606, -1,
      1606, 1866, 1867, -1,
      1606, 1867, 1607, -1,
      1607, 1867, 1868, -1,
      1607, 1868, 1869, -1,
      1870, 1871, 1869, -1,
      1869, 1871, 1872, -1,
      1869, 1872, 1873, -1,
      1870, 1874, 1871, -1,
      1873, 1875, 1869, -1,
      1869, 1875, 1876, -1,
      1869, 1876, 1607, -1,
      1877, 1878, 1605, -1,
      1605, 1878, 1879, -1,
      1605, 1879, 1606, -1,
      1606, 1879, 1880, -1,
      1606, 1880, 1881, -1,
      1882, 1883, 1884, -1,
      1884, 1883, 1885, -1,
      1884, 1885, 1886, -1,
      1886, 1885, 1887, -1,
      1886, 1887, 1605, -1,
      1605, 1887, 1888, -1,
      1605, 1888, 1889, -1,
      1890, 1891, 1884, -1,
      1884, 1891, 1892, -1,
      1884, 1892, 1882, -1,
      1889, 1893, 1605, -1,
      1605, 1893, 1894, -1,
      1605, 1894, 1877, -1,
      1881, 1895, 1606, -1,
      1606, 1895, 1896, -1,
      1606, 1896, 1897, -1,
      1897, 1858, 1606, -1,
      1820, 1898, 1822, -1,
      1822, 1898, 1899, -1,
      1898, 1900, 1899, -1,
      1899, 1900, 1901, -1,
      1900, 1902, 1901, -1,
      1901, 1902, 1903, -1,
      1902, 1904, 1903, -1,
      1903, 1904, 1905, -1,
      1903, 1905, 1906, -1,
      1906, 1905, 1907, -1,
      1906, 1907, 1908, -1,
      1905, 1904, 1909, -1,
      1909, 1904, 1910, -1,
      1909, 1910, 1911, -1,
      1911, 1910, 1912, -1,
      1913, 1914, 1910, -1,
      1910, 1914, 1912, -1,
      1819, 1821, 72, -1,
      72, 1821, 1915, -1,
      72, 1915, 1916, -1,
      1916, 1917, 72, -1,
      72, 1917, 1918, -1,
      72, 1918, 1919, -1,
      72, 1919, 96, -1,
      96, 1919, 1920, -1,
      96, 1920, 1921, -1,
      1921, 1922, 96, -1,
      96, 1922, 1802, -1,
      1922, 1803, 1802, -1,
      1802, 1803, 1805, -1,
      1802, 1805, 1809, -1,
      1809, 1805, 1808, -1,
      1803, 1804, 1805, -1,
      1805, 1807, 1808, -1,
      1808, 1807, 1806, -1,
      1809, 1810, 1802, -1,
      1819, 72, 1923, -1,
      1923, 72, 87, -1,
      1923, 87, 1924, -1,
      1924, 87, 1925, -1,
      1926, 1927, 1928, -1,
      1928, 1927, 1929, -1,
      1928, 1929, 87, -1,
      87, 1929, 1930, -1,
      87, 1930, 1931, -1,
      1926, 1928, 1932, -1,
      1932, 1928, 1933, -1,
      1932, 1933, 1934, -1,
      1934, 1933, 1935, -1,
      1934, 1935, 1936, -1,
      1936, 1935, 1937, -1,
      1933, 1938, 1935, -1,
      1935, 1939, 1937, -1,
      1937, 1939, 1940, -1,
      1936, 1941, 1934, -1,
      1931, 1942, 87, -1,
      87, 1942, 1943, -1,
      87, 1943, 1944, -1,
      1945, 1946, 1947, -1,
      1947, 1946, 1948, -1,
      1947, 1948, 1949, -1,
      1949, 1948, 1950, -1,
      1949, 1950, 1951, -1,
      1951, 1950, 1952, -1,
      1951, 1952, 1953, -1,
      1953, 1952, 1954, -1,
      1953, 1954, 1955, -1,
      1955, 1954, 1956, -1,
      1955, 1956, 1944, -1,
      1944, 1956, 1957, -1,
      1944, 1957, 87, -1,
      87, 1957, 1958, -1,
      87, 1958, 1959, -1,
      1959, 1958, 1960, -1,
      1948, 1961, 1950, -1,
      1950, 1961, 1962, -1,
      1961, 1963, 1962, -1,
      1962, 1963, 1964, -1,
      1962, 1964, 1965, -1,
      1965, 1966, 1962, -1,
      1958, 1967, 1960, -1,
      1960, 1967, 1968, -1,
      1967, 1969, 1968, -1,
      1968, 1969, 1970, -1,
      1969, 1971, 1970, -1,
      1970, 1971, 1972, -1,
      1970, 1972, 1973, -1,
      1973, 1974, 1970, -1,
      1970, 1974, 1975, -1,
      1970, 1975, 1976, -1,
      1976, 1975, 1977, -1,
      1976, 1977, 1978, -1,
      1978, 1977, 1979, -1,
      1978, 1979, 1980, -1,
      1981, 1982, 1977, -1,
      1977, 1982, 1983, -1,
      1977, 1983, 1979, -1,
      1981, 1984, 1982, -1,
      1982, 1984, 1985, -1,
      1982, 1985, 1986, -1,
      1986, 1987, 1982, -1,
      1982, 1987, 1988, -1,
      1982, 1988, 1989, -1,
      1989, 1988, 1990, -1,
      1989, 1990, 1991, -1,
      1991, 1992, 1989, -1,
      1989, 1992, 1993, -1,
      1989, 1993, 1994, -1,
      1994, 1995, 1989, -1,
      1989, 1995, 1996, -1,
      1989, 1996, 1997, -1,
      1997, 1996, 1998, -1,
      1997, 1998, 1999, -1,
      1999, 1998, 2000, -1,
      1999, 2000, 2001, -1,
      2001, 2002, 1999, -1,
      1999, 2002, 2003, -1,
      1999, 2003, 2004, -1,
      1978, 1980, 2005, -1,
      2005, 1980, 2006, -1,
      2005, 2006, 2007, -1,
      2007, 2006, 2008, -1,
      2007, 2008, 2009, -1,
      2009, 2008, 2010, -1,
      2009, 2010, 2011, -1,
      2011, 2010, 2012, -1,
      2011, 2012, 2013, -1,
      2013, 2012, 2014, -1,
      2013, 2014, 2015, -1,
      2015, 2014, 2016, -1,
      2015, 2016, 2017, -1,
      2017, 2016, 2018, -1,
      2017, 2018, 2019, -1,
      2016, 2020, 2018, -1,
      2018, 2020, 2021, -1,
      2022, 2023, 2020, -1,
      2020, 2023, 2024, -1,
      2020, 2024, 2021, -1,
      2021, 2024, 2025, -1,
      2021, 2025, 2026, -1,
      2022, 2027, 2023, -1,
      2017, 2019, 2028, -1,
      2028, 2019, 2029, -1,
      2028, 2029, 2030, -1,
      2030, 2031, 2028, -1,
      2028, 2031, 2032, -1,
      2028, 2032, 2033, -1,
      2034, 2035, 2033, -1,
      2033, 2035, 2028, -1,
      1959, 1925, 87, -1,
      1924, 2036, 1923, -1,
      1923, 2036, 2037, -1,
      1923, 2037, 2038, -1,
      2038, 2039, 1923, -1,
      1923, 2039, 2040, -1,
      2041, 2042, 2039, -1,
      2039, 2042, 2043, -1,
      2039, 2043, 2044, -1,
      2044, 2043, 2045, -1,
      2044, 2045, 2046, -1,
      2041, 2047, 2042, -1,
      2044, 2040, 2039, -1,
      2048, 1817, 2049, -1,
      2049, 1817, 1819, -1,
      2049, 1819, 1691, -1,
      1691, 1690, 2049, -1,
      2050, 2051, 2052, -1,
      2052, 2051, 2053, -1,
      2052, 2053, 2054, -1,
      2054, 2055, 2052, -1,
      2052, 2055, 2056, -1,
      2052, 2056, 2057, -1,
      2057, 2058, 2052, -1,
      2052, 2058, 2059, -1,
      2052, 2060, 2050, -1,
      2050, 2060, 2061, -1,
      2050, 2061, 2062, -1,
      2062, 2061, 2063, -1,
      2062, 2063, 2064, -1,
      2064, 2065, 2062, -1,
      2062, 2065, 2066, -1,
      2062, 2066, 2067, -1,
      2067, 2068, 2062, -1,
      2062, 2068, 2069, -1,
      2068, 2048, 2069, -1,
      2069, 2048, 2049, -1,
      1659, 1661, 2050, -1,
      2050, 1661, 2070, -1,
      2050, 2070, 1830, -1,
      1830, 2070, 1832, -1,
      2070, 2071, 1832, -1,
      1830, 2051, 2050, -1,
      1830, 1837, 2051, -1,
      2051, 1837, 2053, -1,
      2053, 1837, 2054, -1,
      2054, 1837, 1838, -1,
      2054, 1838, 1842, -1,
      2054, 1842, 2055, -1,
      2055, 1842, 1841, -1,
      2055, 1841, 2056, -1,
      2056, 1841, 2057, -1,
      1841, 1840, 2057, -1,
      2057, 1840, 1843, -1,
      2057, 1843, 2058, -1,
      2058, 1843, 1839, -1,
      2058, 1839, 2059, -1,
      2059, 1839, 2052, -1,
      1839, 1836, 2052, -1,
      2052, 1836, 2060, -1,
      2060, 1836, 1835, -1,
      2060, 1835, 2061, -1,
      2061, 1835, 1829, -1,
      2061, 1829, 1827, -1,
      2061, 1827, 2063, -1,
      2063, 1827, 1825, -1,
      2063, 1825, 2064, -1,
      2064, 1825, 2065, -1,
      1825, 1823, 2065, -1,
      2065, 1823, 1811, -1,
      2065, 1811, 2066, -1,
      2066, 1811, 1813, -1,
      2066, 1813, 2067, -1,
      2067, 1813, 2068, -1,
      1813, 1815, 2068, -1,
      2068, 1815, 1817, -1,
      2068, 1817, 2048, -1,
      1848, 1850, 2072, -1,
      2072, 1850, 2073, -1,
      2073, 1850, 2074, -1,
      2074, 1850, 1851, -1,
      2074, 1851, 1849, -1,
      2074, 1849, 2075, -1,
      2075, 1849, 1847, -1,
      2075, 1847, 2076, -1,
      2076, 1847, 2077, -1,
      1847, 1846, 2077, -1,
      2077, 1846, 1845, -1,
      2077, 1845, 2078, -1,
      2078, 1845, 1844, -1,
      2078, 1844, 2079, -1,
      2079, 1844, 2071, -1,
      1844, 1832, 2071, -1,
      2080, 2081, 2082, -1,
      2082, 2081, 2083, -1,
      2082, 2083, 2070, -1,
      2070, 2083, 2084, -1,
      2070, 2084, 2072, -1,
      2085, 2086, 2087, -1,
      2087, 2086, 2088, -1,
      2087, 2088, 2082, -1,
      2082, 2088, 2089, -1,
      2082, 2089, 2090, -1,
      2090, 2091, 2082, -1,
      2082, 2091, 2080, -1,
      2073, 2074, 2072, -1,
      2072, 2074, 2075, -1,
      2072, 2075, 2076, -1,
      2076, 2077, 2072, -1,
      2072, 2077, 2078, -1,
      2072, 2078, 2079, -1,
      2079, 2071, 2072, -1,
      2072, 2071, 2070, -1,
      2084, 1834, 2072, -1,
      2072, 1834, 1848, -1,
      2086, 1859, 2088, -1,
      2088, 1859, 1857, -1,
      2088, 1857, 1856, -1,
      2088, 1856, 2089, -1,
      2089, 1856, 1855, -1,
      2089, 1855, 2090, -1,
      2090, 1855, 1854, -1,
      2090, 1854, 2091, -1,
      2091, 1854, 1853, -1,
      2091, 1853, 2080, -1,
      2080, 1853, 1852, -1,
      2080, 1852, 2081, -1,
      2081, 1852, 2083, -1,
      1852, 1833, 2083, -1,
      2083, 1833, 1834, -1,
      2083, 1834, 2084, -1,
      2092, 1860, 2093, -1,
      2093, 1860, 1859, -1,
      2093, 1859, 2085, -1,
      2085, 1859, 2086, -1,
      1689, 1666, 2085, -1,
      2085, 1666, 2093, -1,
      1608, 1610, 2094, -1,
      2094, 1610, 2095, -1,
      2094, 2095, 2096, -1,
      2096, 2097, 2094, -1,
      2094, 2097, 2098, -1,
      2094, 2098, 2099, -1,
      2099, 2100, 2094, -1,
      2094, 2100, 2101, -1,
      2094, 2102, 1608, -1,
      1608, 2102, 2103, -1,
      1608, 2103, 2104, -1,
      2104, 2103, 2105, -1,
      2104, 2105, 2106, -1,
      2106, 2107, 2104, -1,
      2104, 2107, 2108, -1,
      2104, 2108, 2109, -1,
      2109, 2110, 2104, -1,
      2104, 2110, 2111, -1,
      2110, 2092, 2111, -1,
      2111, 2092, 2093, -1,
      1609, 1608, 1668, -1,
      1668, 1608, 2104, -1,
      2104, 2111, 1668, -1,
      1668, 2111, 1665, -1,
      2111, 2093, 1665, -1,
      1665, 2093, 1666, -1,
      2102, 1868, 2103, -1,
      2103, 1868, 1867, -1,
      2103, 1867, 1866, -1,
      2103, 1866, 2105, -1,
      2105, 1866, 1865, -1,
      2105, 1865, 2106, -1,
      2106, 1865, 2107, -1,
      1865, 1864, 2107, -1,
      2107, 1864, 1863, -1,
      2107, 1863, 2108, -1,
      2108, 1863, 1862, -1,
      2108, 1862, 2109, -1,
      2109, 1862, 2110, -1,
      1862, 1861, 2110, -1,
      2110, 1861, 1860, -1,
      2110, 1860, 2092, -1,
      2094, 1869, 2102, -1,
      2102, 1869, 1868, -1,
      1607, 1876, 1610, -1,
      1610, 1876, 2095, -1,
      2095, 1876, 2096, -1,
      2096, 1876, 1875, -1,
      2096, 1875, 1873, -1,
      2096, 1873, 2097, -1,
      2097, 1873, 1872, -1,
      2097, 1872, 2098, -1,
      2098, 1872, 2099, -1,
      1872, 1871, 2099, -1,
      2099, 1871, 1874, -1,
      2099, 1874, 2100, -1,
      2100, 1874, 1870, -1,
      2100, 1870, 2101, -1,
      2101, 1870, 2094, -1,
      1870, 1869, 2094, -1,
      1689, 2085, 1664, -1,
      1664, 2085, 2087, -1,
      2087, 2082, 1664, -1,
      1664, 2082, 1662, -1,
      2082, 2070, 1662, -1,
      1662, 2070, 1661, -1,
      1659, 2050, 1646, -1,
      1646, 2050, 2062, -1,
      2062, 2069, 1646, -1,
      1646, 2069, 1644, -1,
      2069, 2049, 1644, -1,
      1644, 2049, 1690, -1,
      1691, 1819, 1692, -1,
      1692, 1819, 1923, -1,
      1692, 1923, 2112, -1,
      2112, 1923, 2040, -1,
      2112, 2040, 2113, -1,
      2112, 1694, 1692, -1,
      2112, 2114, 1694, -1,
      1694, 2114, 1695, -1,
      1695, 2114, 1698, -1,
      1698, 2114, 2115, -1,
      1698, 2115, 1702, -1,
      1702, 2115, 2116, -1,
      2117, 1970, 2116, -1,
      2116, 1970, 1976, -1,
      2116, 1976, 2118, -1,
      2118, 1976, 2119, -1,
      2118, 1706, 2116, -1,
      2116, 1706, 1702, -1,
      2116, 2115, 2117, -1,
      2117, 2115, 2120, -1,
      2115, 2114, 2120, -1,
      2120, 2114, 2121, -1,
      2122, 2123, 2112, -1,
      2112, 2123, 2124, -1,
      2112, 2124, 2114, -1,
      2114, 2124, 2125, -1,
      2114, 2125, 2126, -1,
      2112, 2113, 2122, -1,
      2122, 2113, 2127, -1,
      2128, 2129, 2113, -1,
      2113, 2129, 2130, -1,
      2113, 2130, 2131, -1,
      2131, 2132, 2113, -1,
      2113, 2132, 2133, -1,
      2113, 2133, 2127, -1,
      2126, 2134, 2114, -1,
      2114, 2134, 2135, -1,
      2114, 2135, 2121, -1,
      2038, 2037, 2123, -1,
      2123, 2037, 2124, -1,
      2124, 2037, 2125, -1,
      2125, 2037, 2036, -1,
      2125, 2036, 1924, -1,
      2125, 1924, 2126, -1,
      2126, 1924, 1925, -1,
      2126, 1925, 2134, -1,
      2134, 1925, 1959, -1,
      2134, 1959, 2135, -1,
      2135, 1959, 1960, -1,
      2135, 1960, 2121, -1,
      2121, 1960, 1968, -1,
      2121, 1968, 2120, -1,
      2120, 1968, 2117, -1,
      1968, 1970, 2117, -1,
      2122, 2039, 2123, -1,
      2123, 2039, 2038, -1,
      2040, 2044, 2113, -1,
      2113, 2044, 2128, -1,
      2128, 2044, 2129, -1,
      2129, 2044, 2046, -1,
      2129, 2046, 2045, -1,
      2129, 2045, 2130, -1,
      2130, 2045, 2043, -1,
      2130, 2043, 2131, -1,
      2131, 2043, 2132, -1,
      2043, 2042, 2132, -1,
      2132, 2042, 2047, -1,
      2132, 2047, 2133, -1,
      2133, 2047, 2041, -1,
      2133, 2041, 2127, -1,
      2127, 2041, 2122, -1,
      2041, 2039, 2122, -1,
      2118, 2136, 1706, -1,
      1706, 2136, 1707, -1,
      1707, 2136, 1709, -1,
      1709, 2136, 2137, -1,
      1709, 2137, 1711, -1,
      1711, 2137, 2138, -1,
      2139, 2019, 2138, -1,
      2138, 2019, 2018, -1,
      2138, 2018, 2140, -1,
      2140, 2018, 2141, -1,
      1712, 1711, 2140, -1,
      2140, 1711, 2138, -1,
      2118, 2119, 2136, -1,
      2136, 2119, 2142, -1,
      2136, 2142, 2137, -1,
      2137, 2142, 2143, -1,
      2137, 2143, 2144, -1,
      2144, 2145, 2137, -1,
      2137, 2145, 2146, -1,
      2137, 2146, 2147, -1,
      2147, 2148, 2137, -1,
      2137, 2148, 2138, -1,
      2148, 2149, 2138, -1,
      2138, 2149, 2150, -1,
      2138, 2150, 2139, -1,
      2139, 2150, 2151, -1,
      2139, 2151, 2152, -1,
      2152, 2153, 2139, -1,
      2139, 2153, 2154, -1,
      2139, 2154, 2155, -1,
      2155, 2156, 2139, -1,
      2139, 2156, 2157, -1,
      2028, 2035, 2150, -1,
      2150, 2035, 2151, -1,
      2151, 2035, 2152, -1,
      2152, 2035, 2034, -1,
      2152, 2034, 2033, -1,
      2152, 2033, 2153, -1,
      2153, 2033, 2032, -1,
      2153, 2032, 2154, -1,
      2154, 2032, 2155, -1,
      2032, 2031, 2155, -1,
      2155, 2031, 2030, -1,
      2155, 2030, 2156, -1,
      2156, 2030, 2029, -1,
      2156, 2029, 2157, -1,
      2157, 2029, 2139, -1,
      2029, 2019, 2139, -1,
      2149, 2017, 2150, -1,
      2150, 2017, 2028, -1,
      1976, 1978, 2119, -1,
      2119, 1978, 2142, -1,
      2142, 1978, 2143, -1,
      2143, 1978, 2005, -1,
      2143, 2005, 2007, -1,
      2143, 2007, 2144, -1,
      2144, 2007, 2009, -1,
      2144, 2009, 2145, -1,
      2145, 2009, 2146, -1,
      2009, 2011, 2146, -1,
      2146, 2011, 2013, -1,
      2146, 2013, 2147, -1,
      2147, 2013, 2015, -1,
      2147, 2015, 2148, -1,
      2148, 2015, 2149, -1,
      2015, 2017, 2149, -1,
      2140, 2158, 1712, -1,
      1712, 2158, 1710, -1,
      1710, 2158, 1713, -1,
      1713, 2158, 2159, -1,
      1713, 2159, 1716, -1,
      1716, 2159, 2160, -1,
      1599, 1598, 1982, -1,
      1982, 1598, 1716, -1,
      1982, 1716, 2160, -1,
      2161, 1983, 2160, -1,
      2160, 1983, 1982, -1,
      1599, 1982, 1597, -1,
      1597, 1982, 1989, -1,
      1597, 1989, 1595, -1,
      1595, 1989, 2162, -1,
      1595, 2162, 1594, -1,
      1594, 2162, 1592, -1,
      2162, 2163, 1592, -1,
      1592, 2163, 1591, -1,
      1591, 2163, 1589, -1,
      1589, 2163, 2164, -1,
      1589, 2164, 1588, -1,
      1588, 2164, 1586, -1,
      2164, 2165, 1586, -1,
      1586, 2165, 1585, -1,
      1585, 2165, 1583, -1,
      1583, 2165, 2166, -1,
      1583, 2166, 1582, -1,
      1582, 2166, 1580, -1,
      2166, 1010, 1580, -1,
      1580, 1010, 1579, -1,
      1579, 1010, 1525, -1,
      1525, 1010, 1005, -1,
      1989, 1997, 2162, -1,
      2162, 1997, 2167, -1,
      2162, 2167, 2168, -1,
      2162, 2168, 2163, -1,
      2163, 2168, 2169, -1,
      2163, 2169, 2164, -1,
      2164, 2169, 2170, -1,
      2164, 2170, 2165, -1,
      2165, 2170, 2171, -1,
      2165, 2171, 2166, -1,
      2166, 2171, 1016, -1,
      2166, 1016, 1010, -1,
      1999, 1726, 1997, -1,
      1997, 1726, 2172, -1,
      1997, 2172, 2167, -1,
      2167, 2172, 2173, -1,
      2167, 2173, 2168, -1,
      2168, 2173, 2174, -1,
      2168, 2174, 2169, -1,
      2169, 2174, 2175, -1,
      2169, 2175, 2170, -1,
      2170, 2175, 2176, -1,
      2170, 2176, 2171, -1,
      2171, 2176, 770, -1,
      2171, 770, 1016, -1,
      1016, 770, 1014, -1,
      1999, 1724, 1726, -1,
      770, 769, 1014, -1,
      769, 768, 1014, -1,
      1014, 768, 1020, -1,
      1020, 768, 1021, -1,
      1021, 768, 767, -1,
      1021, 767, 766, -1,
      1021, 766, 1022, -1,
      1022, 766, 765, -1,
      1022, 765, 1023, -1,
      1023, 765, 764, -1,
      1023, 764, 1024, -1,
      1024, 764, 1025, -1,
      764, 762, 1025, -1,
      1025, 762, 761, -1,
      1025, 761, 1027, -1,
      1027, 761, 760, -1,
      1027, 760, 1028, -1,
      1028, 760, 1029, -1,
      760, 759, 1029, -1,
      1029, 759, 758, -1,
      1029, 758, 1030, -1,
      1030, 758, 717, -1,
      1030, 717, 1031, -1,
      1031, 717, 1034, -1,
      717, 718, 1034, -1,
      742, 1041, 718, -1,
      718, 1041, 1034, -1,
      1045, 1050, 747, -1,
      747, 1050, 754, -1,
      754, 1050, 755, -1,
      755, 1050, 1049, -1,
      755, 1049, 1048, -1,
      755, 1048, 756, -1,
      756, 1048, 1047, -1,
      756, 1047, 757, -1,
      757, 1047, 1046, -1,
      757, 1046, 748, -1,
      748, 1046, 742, -1,
      1046, 1041, 742, -1,
      746, 1051, 747, -1,
      747, 1051, 1045, -1,
      1052, 1057, 745, -1,
      745, 1057, 749, -1,
      749, 1057, 750, -1,
      750, 1057, 1056, -1,
      750, 1056, 1055, -1,
      750, 1055, 751, -1,
      751, 1055, 1054, -1,
      751, 1054, 752, -1,
      752, 1054, 1053, -1,
      752, 1053, 753, -1,
      753, 1053, 746, -1,
      1053, 1051, 746, -1,
      1052, 745, 1039, -1,
      1039, 745, 744, -1,
      730, 1064, 722, -1,
      722, 1064, 1062, -1,
      722, 1062, 1061, -1,
      722, 1061, 723, -1,
      723, 1061, 1059, -1,
      723, 1059, 725, -1,
      725, 1059, 726, -1,
      1059, 1058, 726, -1,
      726, 1058, 1033, -1,
      726, 1033, 720, -1,
      720, 1033, 1032, -1,
      720, 1032, 721, -1,
      721, 1032, 739, -1,
      1032, 1044, 739, -1,
      739, 1044, 1043, -1,
      739, 1043, 740, -1,
      740, 1043, 1042, -1,
      740, 1042, 741, -1,
      741, 1042, 743, -1,
      1042, 1040, 743, -1,
      743, 1040, 1039, -1,
      743, 1039, 744, -1,
      1064, 730, 1065, -1,
      1065, 730, 738, -1,
      1065, 738, 737, -1,
      736, 1067, 737, -1,
      737, 1067, 1066, -1,
      737, 1066, 1065, -1,
      736, 735, 1067, -1,
      1067, 735, 1068, -1,
      729, 1063, 735, -1,
      735, 1063, 1068, -1,
      1063, 729, 1069, -1,
      1069, 729, 728, -1,
      728, 734, 1069, -1,
      1069, 734, 1071, -1,
      1071, 734, 1072, -1,
      1072, 734, 733, -1,
      1072, 733, 732, -1,
      1072, 732, 1073, -1,
      1073, 732, 731, -1,
      1073, 731, 1074, -1,
      1074, 731, 727, -1,
      1074, 727, 1070, -1,
      1070, 727, 1060, -1,
      727, 724, 1060, -1,
      724, 719, 1060, -1,
      1060, 719, 1035, -1,
      719, 716, 1035, -1,
      1035, 716, 1036, -1,
      1036, 716, 1037, -1,
      1037, 716, 715, -1,
      1037, 715, 713, -1,
      1037, 713, 1038, -1,
      1038, 713, 711, -1,
      1038, 711, 1076, -1,
      1076, 711, 709, -1,
      1076, 709, 1078, -1,
      1078, 709, 1080, -1,
      709, 706, 1080, -1,
      1080, 706, 704, -1,
      1080, 704, 1083, -1,
      1083, 704, 703, -1,
      1083, 703, 1085, -1,
      1085, 703, 1086, -1,
      703, 686, 1086, -1,
      1086, 686, 683, -1,
      1086, 683, 1090, -1,
      1090, 683, 682, -1,
      1090, 682, 1091, -1,
      1091, 682, 1092, -1,
      682, 681, 1092, -1,
      1092, 681, 1093, -1,
      1093, 681, 679, -1,
      1093, 679, 2177, -1,
      2177, 679, 2178, -1,
      2177, 2178, 2179, -1,
      2179, 2178, 2180, -1,
      2179, 2180, 2181, -1,
      2181, 2180, 2182, -1,
      2181, 2182, 2183, -1,
      2183, 2182, 2184, -1,
      2183, 2184, 2185, -1,
      2185, 2184, 2186, -1,
      2185, 2186, 1761, -1,
      1765, 1933, 1761, -1,
      1761, 1933, 1928, -1,
      1761, 1928, 2185, -1,
      1093, 2177, 86, -1,
      86, 2177, 89, -1,
      89, 2177, 90, -1,
      90, 2177, 2179, -1,
      90, 2179, 2181, -1,
      90, 2181, 91, -1,
      91, 2181, 2183, -1,
      91, 2183, 92, -1,
      92, 2183, 2185, -1,
      92, 2185, 88, -1,
      88, 2185, 87, -1,
      2185, 1928, 87, -1,
      1765, 1773, 1933, -1,
      1933, 1773, 1938, -1,
      1938, 1773, 1935, -1,
      1935, 1773, 1768, -1,
      1935, 1768, 1769, -1,
      1772, 1940, 1769, -1,
      1769, 1940, 1939, -1,
      1769, 1939, 1935, -1,
      1772, 1771, 1940, -1,
      1940, 1771, 1937, -1,
      1937, 1771, 1936, -1,
      1936, 1771, 1767, -1,
      1936, 1767, 1770, -1,
      1766, 1934, 1770, -1,
      1770, 1934, 1941, -1,
      1770, 1941, 1936, -1,
      1764, 1932, 1766, -1,
      1766, 1932, 1934, -1,
      1932, 1764, 1926, -1,
      1926, 1764, 1763, -1,
      1926, 1763, 1762, -1,
      1926, 1762, 1927, -1,
      1927, 1762, 1760, -1,
      1927, 1760, 1929, -1,
      1929, 1760, 1930, -1,
      1760, 1759, 1930, -1,
      1930, 1759, 1758, -1,
      1930, 1758, 1931, -1,
      1931, 1758, 1749, -1,
      1931, 1749, 1942, -1,
      1942, 1749, 1943, -1,
      1749, 1748, 1943, -1,
      1943, 1748, 1747, -1,
      1943, 1747, 1944, -1,
      1944, 1747, 1746, -1,
      1944, 1746, 1955, -1,
      1955, 1746, 1744, -1,
      1955, 1744, 1953, -1,
      1953, 1744, 1951, -1,
      1744, 1742, 1951, -1,
      1951, 1742, 1740, -1,
      1951, 1740, 1949, -1,
      1949, 1740, 1947, -1,
      1947, 1740, 1755, -1,
      1947, 1755, 1945, -1,
      1945, 1755, 1757, -1,
      1945, 1757, 1946, -1,
      1946, 1757, 1756, -1,
      1946, 1756, 1948, -1,
      1948, 1756, 1738, -1,
      1737, 1961, 1738, -1,
      1738, 1961, 1948, -1,
      1961, 1737, 1963, -1,
      1963, 1737, 1751, -1,
      1963, 1751, 1964, -1,
      1964, 1751, 1754, -1,
      1964, 1754, 1965, -1,
      1965, 1754, 1753, -1,
      1965, 1753, 1966, -1,
      1966, 1753, 1752, -1,
      1966, 1752, 2187, -1,
      2187, 1752, 2188, -1,
      2187, 2188, 2189, -1,
      2189, 2188, 2190, -1,
      2189, 2190, 2191, -1,
      2191, 2190, 2192, -1,
      2191, 2192, 2193, -1,
      2193, 2192, 2194, -1,
      2193, 2194, 2195, -1,
      2195, 2194, 2196, -1,
      2195, 2196, 2197, -1,
      2197, 2196, 2198, -1,
      2197, 2198, 2199, -1,
      2199, 2198, 2200, -1,
      2199, 2200, 2201, -1,
      2201, 2200, 2202, -1,
      2201, 2202, 2203, -1,
      2201, 2203, 2204, -1,
      2204, 2203, 2205, -1,
      2204, 2205, 2206, -1,
      2206, 2205, 2207, -1,
      2206, 2207, 2208, -1,
      2209, 2193, 2210, -1,
      2210, 2193, 2195, -1,
      2210, 2195, 2211, -1,
      2211, 2195, 2197, -1,
      2211, 2197, 2212, -1,
      2212, 2197, 2199, -1,
      2212, 2199, 2213, -1,
      2213, 2199, 2214, -1,
      2199, 2201, 2214, -1,
      2214, 2201, 2215, -1,
      2201, 2204, 2215, -1,
      2215, 2204, 2216, -1,
      2204, 2206, 2216, -1,
      2216, 2206, 2217, -1,
      2217, 2218, 2216, -1,
      2216, 2218, 2219, -1,
      2216, 2219, 2215, -1,
      2215, 2219, 2220, -1,
      2215, 2220, 2221, -1,
      2222, 2211, 2223, -1,
      2223, 2211, 2212, -1,
      2223, 2212, 2224, -1,
      2224, 2212, 2213, -1,
      2224, 2213, 2221, -1,
      2221, 2213, 2214, -1,
      2221, 2214, 2215, -1,
      2222, 2225, 2211, -1,
      2211, 2225, 2210, -1,
      2225, 2226, 2210, -1,
      2210, 2226, 2209, -1,
      2209, 2226, 2227, -1,
      2227, 2226, 2228, -1,
      2227, 2191, 2209, -1,
      2209, 2191, 2193, -1,
      1962, 1966, 2229, -1,
      2229, 1966, 2187, -1,
      2229, 2187, 2230, -1,
      2230, 2187, 2189, -1,
      2230, 2189, 2231, -1,
      2231, 2189, 2191, -1,
      2231, 2191, 2227, -1,
      2228, 2232, 2227, -1,
      2227, 2232, 2231, -1,
      2232, 2233, 2231, -1,
      2231, 2233, 2230, -1,
      2233, 2234, 2230, -1,
      2230, 2234, 2229, -1,
      1750, 1962, 2234, -1,
      2234, 1962, 2229, -1,
      1750, 1739, 1962, -1,
      1962, 1739, 1950, -1,
      1950, 1739, 1952, -1,
      1952, 1739, 1741, -1,
      1952, 1741, 1743, -1,
      1952, 1743, 1954, -1,
      1954, 1743, 1745, -1,
      1954, 1745, 1956, -1,
      1956, 1745, 1957, -1,
      1745, 1736, 1957, -1,
      1957, 1736, 1701, -1,
      1957, 1701, 1958, -1,
      1958, 1701, 1700, -1,
      1958, 1700, 1967, -1,
      1967, 1700, 1969, -1,
      1700, 1699, 1969, -1,
      1969, 1699, 1697, -1,
      1969, 1697, 1971, -1,
      1971, 1697, 1696, -1,
      1971, 1696, 1972, -1,
      1972, 1696, 1705, -1,
      1972, 1705, 1973, -1,
      1973, 1705, 1974, -1,
      1705, 1704, 1974, -1,
      1974, 1704, 1703, -1,
      1974, 1703, 1975, -1,
      1975, 1703, 1977, -1,
      1977, 1703, 1708, -1,
      1977, 1708, 1981, -1,
      1981, 1708, 1714, -1,
      1981, 1714, 1715, -1,
      1721, 1986, 1735, -1,
      1735, 1986, 1985, -1,
      1735, 1985, 1715, -1,
      1715, 1985, 1984, -1,
      1715, 1984, 1981, -1,
      1721, 1720, 1986, -1,
      1986, 1720, 1987, -1,
      1719, 1988, 1720, -1,
      1720, 1988, 1987, -1,
      1719, 1718, 1988, -1,
      1988, 1718, 1990, -1,
      1990, 1718, 1991, -1,
      1991, 1718, 1717, -1,
      1991, 1717, 1734, -1,
      1729, 1994, 1733, -1,
      1733, 1994, 1993, -1,
      1733, 1993, 1734, -1,
      1734, 1993, 1992, -1,
      1734, 1992, 1991, -1,
      1729, 1728, 1994, -1,
      1994, 1728, 1995, -1,
      1727, 1996, 1728, -1,
      1728, 1996, 1995, -1,
      1996, 1727, 1998, -1,
      1998, 1727, 1725, -1,
      1998, 1725, 2000, -1,
      2000, 1725, 1723, -1,
      2000, 1723, 1722, -1,
      1731, 2003, 1732, -1,
      1732, 2003, 2002, -1,
      1732, 2002, 1722, -1,
      1722, 2002, 2001, -1,
      1722, 2001, 2000, -1,
      1731, 1730, 2003, -1,
      2003, 1730, 2004, -1,
      1724, 1999, 1730, -1,
      1730, 1999, 2004, -1,
      2228, 2192, 2232, -1,
      2232, 2192, 2190, -1,
      2232, 2190, 2233, -1,
      2233, 2190, 2188, -1,
      2233, 2188, 2234, -1,
      2234, 2188, 1752, -1,
      2234, 1752, 1750, -1,
      2194, 2192, 2226, -1,
      2226, 2192, 2228, -1,
      2218, 2205, 2219, -1,
      2219, 2205, 2203, -1,
      2219, 2203, 2220, -1,
      2220, 2203, 2202, -1,
      2220, 2202, 2221, -1,
      2221, 2202, 2200, -1,
      2221, 2200, 2224, -1,
      2224, 2200, 2223, -1,
      2200, 2198, 2223, -1,
      2223, 2198, 2222, -1,
      2198, 2196, 2222, -1,
      2222, 2196, 2225, -1,
      2196, 2194, 2225, -1,
      2225, 2194, 2226, -1,
      2235, 2207, 2236, -1,
      2236, 2207, 2205, -1,
      2236, 2205, 2237, -1,
      2237, 2205, 2218, -1,
      2235, 2238, 2207, -1,
      2207, 2238, 2239, -1,
      2207, 2239, 2240, -1,
      2240, 2241, 2207, -1,
      2207, 2241, 2242, -1,
      2243, 2244, 2237, -1,
      2237, 2244, 2245, -1,
      2237, 2245, 2246, -1,
      2246, 2247, 2237, -1,
      2237, 2247, 2236, -1,
      2236, 2247, 2248, -1,
      2248, 2247, 2249, -1,
      2249, 2247, 2250, -1,
      2250, 2247, 2246, -1,
      2250, 2246, 2245, -1,
      2250, 2245, 2251, -1,
      2251, 2245, 2244, -1,
      2251, 2244, 2252, -1,
      2252, 2244, 2253, -1,
      2244, 2243, 2253, -1,
      2253, 2243, 2237, -1,
      2253, 2237, 2254, -1,
      2217, 2206, 2254, -1,
      2254, 2206, 2248, -1,
      2254, 2248, 2249, -1,
      2206, 2208, 2248, -1,
      2248, 2208, 2255, -1,
      2256, 2257, 2208, -1,
      2208, 2257, 2258, -1,
      2208, 2258, 2259, -1,
      2259, 2260, 2208, -1,
      2208, 2260, 2255, -1,
      2249, 2250, 2254, -1,
      2254, 2250, 2251, -1,
      2254, 2251, 2252, -1,
      2252, 2253, 2254, -1,
      2248, 2255, 2236, -1,
      2236, 2255, 2235, -1,
      2207, 2242, 2208, -1,
      2208, 2242, 2256, -1,
      2256, 2242, 2257, -1,
      2257, 2242, 2241, -1,
      2257, 2241, 2240, -1,
      2257, 2240, 2258, -1,
      2258, 2240, 2239, -1,
      2258, 2239, 2259, -1,
      2259, 2239, 2238, -1,
      2259, 2238, 2260, -1,
      2260, 2238, 2255, -1,
      2238, 2235, 2255, -1,
      2218, 2217, 2237, -1,
      2237, 2217, 2254, -1,
      1779, 1761, 912, -1,
      912, 1761, 2186, -1,
      912, 2186, 913, -1,
      913, 2186, 2184, -1,
      913, 2184, 916, -1,
      916, 2184, 2182, -1,
      916, 2182, 917, -1,
      917, 2182, 2180, -1,
      917, 2180, 918, -1,
      918, 2180, 2178, -1,
      918, 2178, 919, -1,
      919, 2178, 679, -1,
      919, 679, 678, -1,
      1779, 1778, 1761, -1,
      1761, 1778, 1693, -1,
      1726, 1596, 2172, -1,
      2172, 1596, 1593, -1,
      2172, 1593, 1590, -1,
      2172, 1590, 2173, -1,
      2173, 1590, 1587, -1,
      2173, 1587, 2174, -1,
      2174, 1587, 1584, -1,
      2174, 1584, 2175, -1,
      2175, 1584, 2176, -1,
      1584, 1581, 2176, -1,
      2176, 1581, 772, -1,
      2176, 772, 770, -1,
      2016, 2014, 2261, -1,
      2261, 2014, 2262, -1,
      2262, 2014, 2263, -1,
      2263, 2014, 2012, -1,
      2263, 2012, 2010, -1,
      2263, 2010, 2264, -1,
      2264, 2010, 2008, -1,
      2264, 2008, 2265, -1,
      2265, 2008, 2266, -1,
      2008, 2006, 2266, -1,
      2266, 2006, 1980, -1,
      2266, 1980, 2267, -1,
      2267, 1980, 1979, -1,
      2267, 1979, 2268, -1,
      2268, 1979, 2161, -1,
      1979, 1983, 2161, -1,
      2266, 2267, 2158, -1,
      2158, 2267, 2268, -1,
      2158, 2268, 2159, -1,
      2159, 2268, 2161, -1,
      2159, 2161, 2160, -1,
      2269, 2261, 2140, -1,
      2140, 2261, 2262, -1,
      2140, 2262, 2158, -1,
      2158, 2262, 2263, -1,
      2158, 2263, 2264, -1,
      2140, 2141, 2269, -1,
      2269, 2141, 2270, -1,
      2271, 2272, 2141, -1,
      2141, 2272, 2273, -1,
      2141, 2273, 2274, -1,
      2274, 2275, 2141, -1,
      2141, 2275, 2276, -1,
      2141, 2276, 2270, -1,
      2264, 2265, 2158, -1,
      2158, 2265, 2266, -1,
      2269, 2020, 2261, -1,
      2261, 2020, 2016, -1,
      2018, 2021, 2141, -1,
      2141, 2021, 2271, -1,
      2271, 2021, 2272, -1,
      2272, 2021, 2026, -1,
      2272, 2026, 2025, -1,
      2272, 2025, 2273, -1,
      2273, 2025, 2024, -1,
      2273, 2024, 2274, -1,
      2274, 2024, 2275, -1,
      2024, 2023, 2275, -1,
      2275, 2023, 2027, -1,
      2275, 2027, 2276, -1,
      2276, 2027, 2022, -1,
      2276, 2022, 2270, -1,
      2270, 2022, 2269, -1,
      2022, 2020, 2269, -1,
      1922, 1618, 1803, -1,
      1803, 1618, 1620, -1,
      1903, 1635, 1901, -1,
      1901, 1635, 1637, -1,
      1901, 1637, 1639, -1,
      1901, 1639, 1899, -1,
      1899, 1639, 1641, -1,
      1899, 1641, 1822, -1,
      1822, 1641, 1821, -1,
      1641, 1630, 1821, -1,
      1821, 1630, 1629, -1,
      1821, 1629, 1915, -1,
      1915, 1629, 1628, -1,
      1915, 1628, 1916, -1,
      1916, 1628, 1917, -1,
      1628, 1617, 1917, -1,
      1917, 1617, 1616, -1,
      1917, 1616, 1918, -1,
      1918, 1616, 1614, -1,
      1918, 1614, 1919, -1,
      1919, 1614, 1612, -1,
      1919, 1612, 1920, -1,
      1920, 1612, 1921, -1,
      1612, 1611, 1921, -1,
      1921, 1611, 1618, -1,
      1921, 1618, 1922, -1,
      1633, 1635, 1906, -1,
      1906, 1635, 1903, -1,
      1905, 1634, 1907, -1,
      1907, 1634, 1632, -1,
      1907, 1632, 1908, -1,
      1908, 1632, 1631, -1,
      1908, 1631, 1906, -1,
      1906, 1631, 1633, -1,
      1909, 1649, 1905, -1,
      1905, 1649, 1634, -1,
      1914, 1653, 1912, -1,
      1912, 1653, 1652, -1,
      1912, 1652, 1911, -1,
      1911, 1652, 1651, -1,
      1911, 1651, 1909, -1,
      1909, 1651, 1649, -1,
      2277, 2278, 2279, -1,
      2279, 2278, 2280, -1,
      2279, 2280, 2281, -1,
      2281, 2280, 2282, -1,
      2281, 2282, 2283, -1,
      2283, 2282, 2284, -1,
      2283, 2284, 2285, -1,
      2285, 2284, 2286, -1,
      2285, 2286, 2287, -1,
      2287, 2286, 2288, -1,
      2287, 2288, 2289, -1,
      2289, 2288, 2290, -1,
      2289, 2290, 2291, -1,
      2291, 2290, 1913, -1,
      2279, 2292, 2277, -1,
      2277, 2292, 2293, -1,
      2292, 2294, 2293, -1,
      2293, 2294, 2295, -1,
      2294, 2296, 2295, -1,
      2295, 2296, 2297, -1,
      2296, 2298, 2297, -1,
      2290, 1654, 1913, -1,
      1913, 1654, 1914, -1,
      1654, 1653, 1914, -1,
      2299, 2287, 2300, -1,
      2300, 2287, 2289, -1,
      2300, 2289, 2301, -1,
      2301, 2289, 2291, -1,
      2301, 2291, 2302, -1,
      2302, 2291, 1913, -1,
      2302, 1913, 1910, -1,
      1650, 2303, 1910, -1,
      1910, 2303, 2302, -1,
      2303, 2304, 2302, -1,
      2302, 2304, 2301, -1,
      2304, 2305, 2301, -1,
      2301, 2305, 2300, -1,
      2306, 2299, 2305, -1,
      2305, 2299, 2300, -1,
      2299, 2306, 2307, -1,
      2307, 2306, 2308, -1,
      2285, 2287, 2307, -1,
      2307, 2287, 2299, -1,
      2309, 2296, 2310, -1,
      2310, 2296, 2294, -1,
      2310, 2294, 2311, -1,
      2311, 2294, 2292, -1,
      2311, 2292, 2312, -1,
      2312, 2292, 2279, -1,
      2312, 2279, 2313, -1,
      2313, 2279, 2314, -1,
      2279, 2281, 2314, -1,
      2314, 2281, 2315, -1,
      2281, 2283, 2315, -1,
      2315, 2283, 2316, -1,
      2283, 2285, 2316, -1,
      2316, 2285, 2307, -1,
      2307, 2308, 2316, -1,
      2316, 2308, 2317, -1,
      2316, 2317, 2315, -1,
      2315, 2317, 2318, -1,
      2315, 2318, 2319, -1,
      2320, 2311, 2321, -1,
      2321, 2311, 2312, -1,
      2321, 2312, 2322, -1,
      2322, 2312, 2313, -1,
      2322, 2313, 2319, -1,
      2319, 2313, 2314, -1,
      2319, 2314, 2315, -1,
      2320, 2323, 2311, -1,
      2311, 2323, 2310, -1,
      2323, 2324, 2310, -1,
      2310, 2324, 2309, -1,
      2309, 2324, 2325, -1,
      2325, 2324, 2326, -1,
      2326, 2327, 2325, -1,
      2325, 2327, 2328, -1,
      2328, 2327, 2329, -1,
      2329, 2327, 2330, -1,
      2329, 2330, 2331, -1,
      2329, 2331, 2332, -1,
      2332, 2331, 2333, -1,
      2332, 2333, 2334, -1,
      2334, 2333, 2335, -1,
      2333, 2336, 2335, -1,
      2335, 2336, 2337, -1,
      2335, 2337, 2338, -1,
      2339, 2298, 2338, -1,
      2338, 2298, 2296, -1,
      2338, 2296, 2325, -1,
      2325, 2296, 2309, -1,
      2339, 2340, 2298, -1,
      2298, 2340, 2341, -1,
      2298, 2341, 2342, -1,
      2342, 2343, 2298, -1,
      2298, 2343, 2344, -1,
      2328, 2329, 2325, -1,
      2325, 2329, 2332, -1,
      2325, 2332, 2334, -1,
      2334, 2335, 2325, -1,
      2325, 2335, 2338, -1,
      2345, 2346, 2339, -1,
      2339, 2346, 2340, -1,
      2340, 2346, 2341, -1,
      2341, 2346, 2347, -1,
      2341, 2347, 2348, -1,
      2341, 2348, 2342, -1,
      2342, 2348, 2349, -1,
      2342, 2349, 2343, -1,
      2343, 2349, 2350, -1,
      2343, 2350, 2344, -1,
      2344, 2350, 2298, -1,
      2350, 2297, 2298, -1,
      2324, 2295, 2326, -1,
      2326, 2295, 2337, -1,
      2326, 2337, 2336, -1,
      2295, 2297, 2337, -1,
      2337, 2297, 2345, -1,
      2350, 2349, 2297, -1,
      2297, 2349, 2348, -1,
      2297, 2348, 2347, -1,
      2347, 2346, 2297, -1,
      2297, 2346, 2345, -1,
      2336, 2333, 2326, -1,
      2326, 2333, 2331, -1,
      2326, 2331, 2330, -1,
      2330, 2327, 2326, -1,
      2337, 2345, 2338, -1,
      2338, 2345, 2339, -1,
      2308, 2284, 2317, -1,
      2317, 2284, 2282, -1,
      2317, 2282, 2318, -1,
      2318, 2282, 2280, -1,
      2318, 2280, 2319, -1,
      2319, 2280, 2278, -1,
      2319, 2278, 2322, -1,
      2322, 2278, 2321, -1,
      2278, 2277, 2321, -1,
      2321, 2277, 2320, -1,
      2277, 2293, 2320, -1,
      2320, 2293, 2323, -1,
      2293, 2295, 2323, -1,
      2323, 2295, 2324, -1,
      2306, 2286, 2308, -1,
      2308, 2286, 2284, -1,
      1650, 1654, 2303, -1,
      2303, 1654, 2290, -1,
      2303, 2290, 2304, -1,
      2304, 2290, 2288, -1,
      2304, 2288, 2305, -1,
      2305, 2288, 2286, -1,
      2305, 2286, 2306, -1,
      1904, 1636, 1910, -1,
      1910, 1636, 1650, -1,
      1831, 1660, 1828, -1,
      1828, 1660, 1658, -1,
      1828, 1658, 1657, -1,
      1828, 1657, 1826, -1,
      1826, 1657, 1656, -1,
      1826, 1656, 1824, -1,
      1824, 1656, 1812, -1,
      1656, 1655, 1812, -1,
      1812, 1655, 1648, -1,
      1812, 1648, 1814, -1,
      1814, 1648, 1647, -1,
      1814, 1647, 1816, -1,
      1816, 1647, 1818, -1,
      1647, 1645, 1818, -1,
      1818, 1645, 1643, -1,
      1818, 1643, 1820, -1,
      1820, 1643, 1642, -1,
      1820, 1642, 1898, -1,
      1898, 1642, 1640, -1,
      1898, 1640, 1900, -1,
      1900, 1640, 1902, -1,
      1640, 1638, 1902, -1,
      1902, 1638, 1636, -1,
      1902, 1636, 1904, -1,
      1858, 1663, 1831, -1,
      1831, 1663, 1660, -1,
      1879, 1673, 1880, -1,
      1880, 1673, 1672, -1,
      1880, 1672, 1671, -1,
      1669, 1896, 1670, -1,
      1670, 1896, 1895, -1,
      1670, 1895, 1671, -1,
      1671, 1895, 1881, -1,
      1671, 1881, 1880, -1,
      1669, 1667, 1896, -1,
      1896, 1667, 1897, -1,
      1663, 1858, 1667, -1,
      1667, 1858, 1897, -1,
      1674, 1673, 1878, -1,
      1878, 1673, 1879, -1,
      1887, 1680, 1888, -1,
      1888, 1680, 1679, -1,
      1888, 1679, 1678, -1,
      1676, 1894, 1677, -1,
      1677, 1894, 1893, -1,
      1677, 1893, 1678, -1,
      1678, 1893, 1889, -1,
      1678, 1889, 1888, -1,
      1676, 1675, 1894, -1,
      1894, 1675, 1877, -1,
      1674, 1878, 1675, -1,
      1675, 1878, 1877, -1,
      1680, 1887, 1682, -1,
      1682, 1887, 1885, -1,
      1884, 1683, 1890, -1,
      1890, 1683, 1688, -1,
      1890, 1688, 1687, -1,
      1685, 1882, 1686, -1,
      1686, 1882, 1892, -1,
      1686, 1892, 1687, -1,
      1687, 1892, 1891, -1,
      1687, 1891, 1890, -1,
      1685, 1684, 1882, -1,
      1882, 1684, 1883, -1,
      1682, 1885, 1684, -1,
      1684, 1885, 1883, -1,
      184, 2351, 185, -1,
      185, 2351, 2352, -1,
      185, 2352, 2353, -1,
      2353, 2352, 2354, -1,
      2353, 2354, 2355, -1,
      2355, 2354, 2356, -1,
      2355, 2356, 2357, -1,
      2357, 2356, 2358, -1,
      2357, 2358, 2359, -1,
      2359, 2358, 2360, -1,
      2359, 2360, 2361, -1,
      2361, 2360, 2362, -1,
      2361, 2362, 1681, -1,
      2361, 1681, 1886, -1,
      1886, 1681, 1683, -1,
      1886, 1683, 1884, -1,
      185, 2353, 187, -1,
      187, 2353, 1600, -1,
      2353, 2355, 1600, -1,
      1600, 2355, 1601, -1,
      2355, 2357, 1601, -1,
      1601, 2357, 1602, -1,
      2357, 2359, 1602, -1,
      1602, 2359, 1603, -1,
      2359, 2361, 1603, -1,
      1603, 2361, 1604, -1,
      2361, 1886, 1604, -1,
      1604, 1886, 1605, -1,
      2352, 1541, 2354, -1,
      2354, 1541, 1539, -1,
      2354, 1539, 1547, -1,
      2354, 1547, 2356, -1,
      2356, 1547, 1550, -1,
      2356, 1550, 2358, -1,
      2358, 1550, 2360, -1,
      1550, 1553, 2360, -1,
      2360, 1553, 1556, -1,
      2360, 1556, 2362, -1,
      2362, 1556, 1559, -1,
      2362, 1559, 1681, -1,
      2363, 2364, 1541, -1,
      1541, 2364, 2365, -1,
      1541, 2365, 1543, -1,
      1543, 2365, 2366, -1,
      1543, 2366, 2367, -1,
      2351, 2368, 2352, -1,
      2352, 2368, 2369, -1,
      2352, 2369, 1541, -1,
      1541, 2369, 2370, -1,
      1541, 2370, 2371, -1,
      2351, 2372, 2368, -1,
      2368, 2372, 2373, -1,
      2368, 2373, 2374, -1,
      2374, 2375, 2368, -1,
      2368, 2375, 2376, -1,
      2368, 2376, 2377, -1,
      2368, 2377, 2378, -1,
      2378, 2377, 2379, -1,
      2378, 2379, 2380, -1,
      2380, 2381, 2378, -1,
      2378, 2381, 2382, -1,
      2378, 2382, 2383, -1,
      2384, 2385, 2386, -1,
      2386, 2385, 2387, -1,
      2386, 2387, 2383, -1,
      2383, 2387, 2388, -1,
      2383, 2388, 2378, -1,
      2378, 2388, 2389, -1,
      2378, 2389, 2390, -1,
      2391, 2392, 2393, -1,
      2393, 2392, 2394, -1,
      2393, 2394, 2386, -1,
      2386, 2394, 2395, -1,
      2386, 2395, 2396, -1,
      2391, 2393, 2397, -1,
      2397, 2393, 2398, -1,
      2397, 2398, 2399, -1,
      2399, 2400, 2397, -1,
      2397, 2400, 2401, -1,
      2397, 2401, 2402, -1,
      2397, 2403, 2391, -1,
      2391, 2403, 2404, -1,
      2405, 2406, 2403, -1,
      2403, 2406, 2407, -1,
      2403, 2407, 2408, -1,
      2408, 2409, 2403, -1,
      2403, 2409, 2404, -1,
      2396, 2384, 2386, -1,
      2385, 2410, 2387, -1,
      2387, 2410, 2411, -1,
      2387, 2411, 2412, -1,
      2412, 2411, 2413, -1,
      2412, 2413, 2414, -1,
      2412, 2414, 2415, -1,
      2415, 2414, 2416, -1,
      2415, 2416, 2417, -1,
      2417, 2418, 2415, -1,
      2415, 2418, 2419, -1,
      2415, 2419, 2420, -1,
      2415, 2421, 2412, -1,
      2412, 2421, 2422, -1,
      2423, 2424, 2421, -1,
      2421, 2424, 2425, -1,
      2421, 2425, 2426, -1,
      2426, 2422, 2421, -1,
      2378, 2390, 2427, -1,
      2427, 2390, 2428, -1,
      2427, 2428, 2429, -1,
      2429, 2428, 2430, -1,
      2429, 2430, 2431, -1,
      2431, 2430, 2432, -1,
      2431, 2432, 2433, -1,
      2433, 2432, 2434, -1,
      2432, 2435, 2434, -1,
      2434, 2435, 2436, -1,
      2435, 2437, 2436, -1,
      2436, 2437, 2438, -1,
      2436, 2438, 2439, -1,
      2439, 2438, 2440, -1,
      2439, 2440, 2441, -1,
      2438, 2442, 2440, -1,
      2440, 2442, 1794, -1,
      2440, 1794, 2443, -1,
      2443, 1794, 2444, -1,
      2442, 2445, 1794, -1,
      1794, 2445, 1801, -1,
      1794, 1801, 1800, -1,
      1791, 2446, 1794, -1,
      1794, 2446, 2447, -1,
      1794, 2447, 2448, -1,
      2449, 2450, 2446, -1,
      2446, 2450, 2451, -1,
      2446, 2451, 2452, -1,
      2453, 2454, 2455, -1,
      2455, 2454, 2456, -1,
      2455, 2456, 2457, -1,
      2457, 2456, 2458, -1,
      2457, 2458, 2450, -1,
      2450, 2458, 2459, -1,
      2450, 2459, 2451, -1,
      2455, 2460, 2453, -1,
      2453, 2460, 2461, -1,
      2460, 2462, 2461, -1,
      2461, 2462, 2463, -1,
      2462, 2464, 2463, -1,
      2463, 2464, 2465, -1,
      2463, 2465, 2466, -1,
      2466, 2465, 2467, -1,
      2466, 2467, 2468, -1,
      2468, 2467, 2469, -1,
      2468, 2469, 2470, -1,
      2470, 2469, 2471, -1,
      2469, 2467, 2472, -1,
      2472, 2467, 2473, -1,
      2472, 2473, 2474, -1,
      2474, 2475, 2472, -1,
      2472, 2475, 2476, -1,
      2472, 2476, 2477, -1,
      2478, 2479, 2469, -1,
      2469, 2479, 2480, -1,
      2469, 2480, 2471, -1,
      2466, 2481, 2463, -1,
      2463, 2481, 2482, -1,
      2481, 2483, 2482, -1,
      2482, 2483, 2484, -1,
      2482, 2484, 2485, -1,
      2485, 2486, 2482, -1,
      2482, 2486, 2487, -1,
      2482, 2487, 2488, -1,
      2488, 2487, 2489, -1,
      2488, 2489, 2490, -1,
      2490, 2489, 2491, -1,
      2492, 2493, 2489, -1,
      2489, 2493, 2494, -1,
      2489, 2494, 2491, -1,
      2482, 2488, 2495, -1,
      2495, 2488, 2496, -1,
      2495, 2496, 2497, -1,
      2497, 2496, 2498, -1,
      2496, 2499, 2498, -1,
      2498, 2499, 2500, -1,
      2499, 2501, 2500, -1,
      2500, 2501, 2502, -1,
      2501, 2503, 2502, -1,
      2502, 2503, 2504, -1,
      2503, 2505, 2504, -1,
      2504, 2505, 2506, -1,
      2504, 2506, 2507, -1,
      2507, 2506, 2508, -1,
      2505, 2509, 2506, -1,
      2506, 2509, 2510, -1,
      375, 282, 2506, -1,
      2506, 282, 2511, -1,
      2506, 2511, 2512, -1,
      375, 378, 282, -1,
      279, 248, 282, -1,
      282, 248, 2513, -1,
      282, 2513, 2514, -1,
      2513, 248, 2515, -1,
      2515, 248, 246, -1,
      2515, 246, 2516, -1,
      2516, 246, 244, -1,
      2516, 244, 2517, -1,
      2517, 244, 242, -1,
      2517, 242, 2518, -1,
      2518, 242, 240, -1,
      2518, 240, 241, -1,
      241, 238, 2518, -1,
      2518, 238, 2519, -1,
      238, 237, 2519, -1,
      2519, 237, 2520, -1,
      2520, 237, 2521, -1,
      2521, 237, 1543, -1,
      2521, 1543, 2522, -1,
      2522, 1543, 2523, -1,
      2452, 2447, 2446, -1,
      2448, 2524, 1794, -1,
      1794, 2524, 2525, -1,
      1794, 2525, 2526, -1,
      2526, 2525, 2527, -1,
      2526, 2527, 2528, -1,
      2528, 2527, 2529, -1,
      2528, 2529, 2530, -1,
      2530, 2531, 2528, -1,
      2528, 2531, 2532, -1,
      2528, 2532, 2497, -1,
      2497, 2532, 2495, -1,
      2533, 2534, 2535, -1,
      2535, 2534, 2536, -1,
      2535, 2536, 2537, -1,
      2537, 2536, 2538, -1,
      2537, 2538, 2539, -1,
      2539, 2538, 2540, -1,
      2539, 2540, 2541, -1,
      2541, 2540, 2542, -1,
      2533, 2365, 2534, -1,
      2534, 2365, 2364, -1,
      2367, 2543, 1543, -1,
      1543, 2543, 2544, -1,
      1543, 2544, 2545, -1,
      2545, 2546, 1543, -1,
      1543, 2546, 2523, -1,
      2521, 2547, 2520, -1,
      2520, 2547, 2548, -1,
      2547, 2549, 2548, -1,
      2548, 2549, 2550, -1,
      2549, 2551, 2550, -1,
      2550, 2551, 2552, -1,
      2551, 2553, 2552, -1,
      2552, 2553, 2554, -1,
      2553, 2555, 2554, -1,
      2554, 2555, 2441, -1,
      2555, 2439, 2441, -1,
      2371, 2556, 1541, -1,
      1541, 2556, 2557, -1,
      1541, 2557, 2558, -1,
      2558, 2363, 1541, -1,
      2512, 2559, 2560, -1,
      2560, 2559, 2561, -1,
      2560, 2561, 2562, -1,
      2562, 2561, 2563, -1,
      2562, 2563, 2564, -1,
      2564, 2563, 2565, -1,
      2564, 2565, 2566, -1,
      2560, 2567, 2512, -1,
      2512, 2567, 2506, -1,
      2567, 2568, 2506, -1,
      2506, 2568, 2569, -1,
      2506, 2569, 2508, -1,
      2526, 2570, 1794, -1,
      1794, 2570, 2571, -1,
      1794, 2571, 2444, -1,
      2514, 2572, 282, -1,
      282, 2572, 2573, -1,
      282, 2573, 2511, -1,
      1543, 237, 1563, -1,
      1563, 237, 236, -1,
      1563, 236, 235, -1,
      1563, 235, 1566, -1,
      1566, 235, 234, -1,
      1566, 234, 1569, -1,
      1569, 234, 1572, -1,
      234, 233, 1572, -1,
      1572, 233, 232, -1,
      1572, 232, 1575, -1,
      1575, 232, 231, -1,
      1575, 231, 1179, -1,
      248, 279, 249, -1,
      249, 279, 250, -1,
      281, 280, 286, -1,
      286, 280, 379, -1,
      379, 280, 380, -1,
      380, 280, 278, -1,
      380, 278, 277, -1,
      380, 277, 381, -1,
      381, 277, 284, -1,
      381, 284, 382, -1,
      382, 284, 283, -1,
      382, 283, 383, -1,
      383, 283, 378, -1,
      283, 282, 378, -1,
      2506, 2574, 375, -1,
      375, 2574, 384, -1,
      384, 2574, 385, -1,
      385, 2574, 2575, -1,
      385, 2575, 2576, -1,
      385, 2576, 386, -1,
      386, 2576, 2577, -1,
      386, 2577, 387, -1,
      387, 2577, 2578, -1,
      387, 2578, 388, -1,
      388, 2578, 377, -1,
      2578, 2579, 377, -1,
      377, 2579, 376, -1,
      376, 2579, 2580, -1,
      2580, 2581, 376, -1,
      376, 2581, 374, -1,
      374, 2581, 363, -1,
      363, 2581, 2582, -1,
      363, 2582, 2583, -1,
      363, 2583, 365, -1,
      365, 2583, 2584, -1,
      365, 2584, 366, -1,
      366, 2584, 2585, -1,
      366, 2585, 309, -1,
      309, 2585, 308, -1,
      2585, 2586, 308, -1,
      308, 2586, 2587, -1,
      308, 2587, 296, -1,
      296, 2587, 2588, -1,
      296, 2588, 295, -1,
      295, 2588, 293, -1,
      2588, 2589, 293, -1,
      293, 2589, 2590, -1,
      293, 2590, 291, -1,
      291, 2590, 2591, -1,
      291, 2591, 290, -1,
      290, 2591, 289, -1,
      2591, 389, 289, -1,
      2506, 2510, 2574, -1,
      2574, 2510, 2575, -1,
      2580, 2579, 2592, -1,
      2592, 2579, 2578, -1,
      2592, 2578, 2510, -1,
      2510, 2578, 2577, -1,
      2510, 2577, 2576, -1,
      390, 389, 2592, -1,
      2592, 389, 2591, -1,
      2592, 2591, 2590, -1,
      2590, 2589, 2592, -1,
      2592, 2589, 2588, -1,
      2592, 2588, 2587, -1,
      2587, 2586, 2592, -1,
      2592, 2586, 2585, -1,
      2592, 2585, 2584, -1,
      2584, 2583, 2592, -1,
      2592, 2583, 2582, -1,
      2592, 2582, 2581, -1,
      2581, 2580, 2592, -1,
      2576, 2575, 2510, -1,
      2593, 2594, 390, -1,
      390, 2594, 2595, -1,
      390, 2595, 468, -1,
      468, 2595, 2596, -1,
      468, 2596, 2597, -1,
      2597, 2598, 468, -1,
      468, 2598, 2599, -1,
      468, 2599, 2600, -1,
      468, 2600, 494, -1,
      494, 2600, 2601, -1,
      494, 2601, 2602, -1,
      2602, 2601, 2603, -1,
      2602, 2603, 2604, -1,
      2604, 2605, 2602, -1,
      2602, 2605, 2606, -1,
      2602, 2606, 2607, -1,
      2607, 2608, 2602, -1,
      2592, 2609, 390, -1,
      390, 2609, 2610, -1,
      390, 2610, 2611, -1,
      2611, 2612, 390, -1,
      390, 2612, 2593, -1,
      2592, 2510, 2609, -1,
      2609, 2510, 2509, -1,
      2609, 2509, 2505, -1,
      2609, 2505, 2610, -1,
      2610, 2505, 2503, -1,
      2610, 2503, 2611, -1,
      2611, 2503, 2612, -1,
      2503, 2501, 2612, -1,
      2612, 2501, 2499, -1,
      2612, 2499, 2593, -1,
      2593, 2499, 2496, -1,
      2593, 2496, 2594, -1,
      2496, 2488, 2594, -1,
      2594, 2488, 2595, -1,
      2488, 2490, 2595, -1,
      2595, 2490, 2596, -1,
      2596, 2490, 2597, -1,
      2597, 2490, 2491, -1,
      2597, 2491, 2494, -1,
      2597, 2494, 2598, -1,
      2598, 2494, 2493, -1,
      2598, 2493, 2599, -1,
      2599, 2493, 2492, -1,
      2599, 2492, 2600, -1,
      2600, 2492, 2601, -1,
      2492, 2489, 2601, -1,
      2487, 2603, 2489, -1,
      2489, 2603, 2601, -1,
      2487, 2486, 2603, -1,
      2603, 2486, 2604, -1,
      2604, 2486, 2605, -1,
      2605, 2486, 2485, -1,
      2605, 2485, 2484, -1,
      2605, 2484, 2606, -1,
      2606, 2484, 2483, -1,
      2606, 2483, 2607, -1,
      2607, 2483, 2481, -1,
      2607, 2481, 2608, -1,
      2608, 2481, 2602, -1,
      2481, 2466, 2602, -1,
      2602, 2466, 494, -1,
      494, 2466, 2468, -1,
      494, 2468, 2613, -1,
      494, 2613, 496, -1,
      496, 2613, 2614, -1,
      2614, 2613, 2615, -1,
      2615, 2613, 2616, -1,
      2615, 2616, 2617, -1,
      2617, 2618, 2615, -1,
      2615, 2618, 2619, -1,
      2615, 2619, 2620, -1,
      2615, 2621, 2614, -1,
      2614, 2621, 2622, -1,
      2614, 2622, 2623, -1,
      2623, 2624, 2614, -1,
      2614, 2624, 2625, -1,
      2614, 2625, 2626, -1,
      2614, 2467, 496, -1,
      496, 2467, 2465, -1,
      496, 2465, 2627, -1,
      2628, 1784, 2629, -1,
      2629, 1784, 1781, -1,
      2629, 1781, 499, -1,
      499, 1781, 1780, -1,
      496, 2627, 499, -1,
      499, 2627, 2630, -1,
      499, 2630, 2629, -1,
      2627, 2631, 2630, -1,
      2630, 2631, 2632, -1,
      2630, 2632, 2633, -1,
      2633, 2634, 2630, -1,
      2630, 2634, 2635, -1,
      2628, 2446, 1784, -1,
      1784, 2446, 1791, -1,
      1784, 1791, 1789, -1,
      2628, 2629, 2446, -1,
      2446, 2629, 2449, -1,
      2630, 2450, 2629, -1,
      2629, 2450, 2449, -1,
      2465, 2464, 2627, -1,
      2627, 2464, 2631, -1,
      2631, 2464, 2632, -1,
      2632, 2464, 2462, -1,
      2632, 2462, 2460, -1,
      2632, 2460, 2633, -1,
      2633, 2460, 2455, -1,
      2633, 2455, 2634, -1,
      2634, 2455, 2457, -1,
      2634, 2457, 2635, -1,
      2635, 2457, 2630, -1,
      2457, 2450, 2630, -1,
      540, 503, 1780, -1,
      1780, 503, 499, -1,
      2621, 2472, 2622, -1,
      2622, 2472, 2477, -1,
      2622, 2477, 2476, -1,
      2622, 2476, 2623, -1,
      2623, 2476, 2475, -1,
      2623, 2475, 2624, -1,
      2624, 2475, 2474, -1,
      2624, 2474, 2625, -1,
      2625, 2474, 2626, -1,
      2474, 2473, 2626, -1,
      2626, 2473, 2467, -1,
      2626, 2467, 2614, -1,
      2615, 2469, 2621, -1,
      2621, 2469, 2472, -1,
      2613, 2468, 2616, -1,
      2616, 2468, 2470, -1,
      2616, 2470, 2471, -1,
      2616, 2471, 2617, -1,
      2617, 2471, 2480, -1,
      2617, 2480, 2618, -1,
      2618, 2480, 2479, -1,
      2618, 2479, 2619, -1,
      2619, 2479, 2620, -1,
      2479, 2478, 2620, -1,
      2620, 2478, 2469, -1,
      2620, 2469, 2615, -1,
      1801, 2445, 116, -1,
      116, 2445, 111, -1,
      111, 2445, 112, -1,
      112, 2445, 2442, -1,
      112, 2442, 2438, -1,
      112, 2438, 113, -1,
      113, 2438, 2437, -1,
      113, 2437, 118, -1,
      118, 2437, 2435, -1,
      118, 2435, 119, -1,
      119, 2435, 121, -1,
      2435, 2432, 121, -1,
      121, 2432, 2430, -1,
      121, 2430, 124, -1,
      124, 2430, 2428, -1,
      124, 2428, 126, -1,
      126, 2428, 128, -1,
      2428, 2390, 128, -1,
      128, 2390, 2389, -1,
      128, 2389, 130, -1,
      130, 2389, 2388, -1,
      130, 2388, 131, -1,
      131, 2388, 133, -1,
      2388, 2387, 133, -1,
      139, 133, 2412, -1,
      2412, 133, 2387, -1,
      2412, 2422, 139, -1,
      139, 2422, 142, -1,
      142, 2422, 146, -1,
      146, 2422, 2426, -1,
      146, 2426, 2425, -1,
      146, 2425, 147, -1,
      147, 2425, 2424, -1,
      147, 2424, 148, -1,
      148, 2424, 2423, -1,
      148, 2423, 149, -1,
      149, 2423, 143, -1,
      2423, 2421, 143, -1,
      2421, 2415, 143, -1,
      143, 2415, 144, -1,
      144, 2415, 150, -1,
      150, 2415, 2420, -1,
      150, 2420, 2419, -1,
      2418, 152, 2419, -1,
      2419, 152, 151, -1,
      2419, 151, 150, -1,
      2418, 2417, 152, -1,
      152, 2417, 153, -1,
      2417, 2416, 153, -1,
      153, 2416, 145, -1,
      2416, 2414, 145, -1,
      145, 2414, 137, -1,
      2414, 2413, 137, -1,
      137, 2413, 138, -1,
      2413, 2411, 138, -1,
      138, 2411, 140, -1,
      2411, 2410, 140, -1,
      140, 2410, 141, -1,
      2410, 2385, 141, -1,
      141, 2385, 135, -1,
      135, 2385, 136, -1,
      136, 2385, 2384, -1,
      136, 2384, 2396, -1,
      136, 2396, 154, -1,
      154, 2396, 2395, -1,
      154, 2395, 155, -1,
      155, 2395, 2394, -1,
      155, 2394, 156, -1,
      156, 2394, 2392, -1,
      156, 2392, 158, -1,
      158, 2392, 159, -1,
      2392, 2391, 159, -1,
      2391, 2404, 159, -1,
      159, 2404, 160, -1,
      161, 169, 2403, -1,
      2403, 169, 2405, -1,
      2405, 169, 2406, -1,
      2406, 169, 168, -1,
      2406, 168, 167, -1,
      2406, 167, 2407, -1,
      2407, 167, 166, -1,
      2407, 166, 2408, -1,
      2408, 166, 165, -1,
      2408, 165, 2409, -1,
      2409, 165, 2404, -1,
      165, 160, 2404, -1,
      2397, 162, 2403, -1,
      2403, 162, 161, -1,
      157, 172, 2393, -1,
      2393, 172, 2398, -1,
      2398, 172, 2399, -1,
      2399, 172, 171, -1,
      2399, 171, 170, -1,
      2399, 170, 2400, -1,
      2400, 170, 164, -1,
      2400, 164, 2401, -1,
      2401, 164, 163, -1,
      2401, 163, 2402, -1,
      2402, 163, 2397, -1,
      163, 162, 2397, -1,
      2386, 134, 2393, -1,
      2393, 134, 157, -1,
      2386, 2383, 134, -1,
      134, 2383, 132, -1,
      132, 2383, 173, -1,
      173, 2383, 2382, -1,
      173, 2382, 2381, -1,
      173, 2381, 174, -1,
      174, 2381, 2380, -1,
      174, 2380, 175, -1,
      175, 2380, 2379, -1,
      175, 2379, 176, -1,
      176, 2379, 177, -1,
      2379, 2377, 177, -1,
      177, 2377, 2376, -1,
      177, 2376, 179, -1,
      179, 2376, 2375, -1,
      179, 2375, 180, -1,
      180, 2375, 181, -1,
      2375, 2374, 181, -1,
      181, 2374, 2373, -1,
      181, 2373, 182, -1,
      182, 2373, 2372, -1,
      182, 2372, 183, -1,
      183, 2372, 184, -1,
      2372, 2351, 184, -1,
      2636, 2463, 2637, -1,
      2637, 2463, 2482, -1,
      2482, 2495, 2637, -1,
      2637, 2495, 2638, -1,
      2639, 2640, 2641, -1,
      2641, 2640, 2642, -1,
      2641, 2642, 2643, -1,
      2643, 2642, 2644, -1,
      2643, 2644, 2645, -1,
      2645, 2644, 2636, -1,
      2645, 2636, 2637, -1,
      2643, 2646, 2641, -1,
      2640, 2647, 2642, -1,
      2644, 2648, 2636, -1,
      2636, 2648, 2649, -1,
      2636, 2649, 2650, -1,
      2650, 2649, 2651, -1,
      2650, 2651, 2652, -1,
      2652, 2651, 2653, -1,
      2649, 2654, 2651, -1,
      2652, 2655, 2650, -1,
      2637, 2638, 2645, -1,
      2495, 2532, 2638, -1,
      2638, 2532, 2645, -1,
      2644, 2642, 2447, -1,
      2447, 2642, 2448, -1,
      2642, 2647, 2448, -1,
      2448, 2647, 2524, -1,
      2647, 2640, 2524, -1,
      2524, 2640, 2525, -1,
      2640, 2639, 2525, -1,
      2525, 2639, 2527, -1,
      2639, 2641, 2527, -1,
      2527, 2641, 2529, -1,
      2641, 2646, 2529, -1,
      2529, 2646, 2530, -1,
      2646, 2643, 2530, -1,
      2530, 2643, 2531, -1,
      2643, 2645, 2531, -1,
      2531, 2645, 2532, -1,
      2452, 2648, 2447, -1,
      2447, 2648, 2644, -1,
      2636, 2650, 2463, -1,
      2463, 2650, 2461, -1,
      2650, 2655, 2461, -1,
      2461, 2655, 2453, -1,
      2655, 2652, 2453, -1,
      2453, 2652, 2454, -1,
      2652, 2653, 2454, -1,
      2454, 2653, 2456, -1,
      2653, 2651, 2456, -1,
      2456, 2651, 2458, -1,
      2651, 2654, 2458, -1,
      2458, 2654, 2459, -1,
      2654, 2649, 2459, -1,
      2459, 2649, 2451, -1,
      2649, 2648, 2451, -1,
      2451, 2648, 2452, -1,
      2539, 2541, 202, -1,
      202, 2541, 204, -1,
      2541, 2656, 204, -1,
      204, 2656, 2657, -1,
      2656, 2658, 2657, -1,
      2657, 2658, 2659, -1,
      2659, 2658, 2660, -1,
      2660, 2658, 2661, -1,
      2660, 2661, 2662, -1,
      2662, 2661, 2663, -1,
      203, 204, 2664, -1,
      2664, 204, 2657, -1,
      2664, 2657, 2659, -1,
      2664, 2659, 2665, -1,
      2665, 2659, 2660, -1,
      2665, 2660, 2666, -1,
      2666, 2660, 2667, -1,
      2660, 2662, 2667, -1,
      2668, 2669, 2667, -1,
      2667, 2669, 2666, -1,
      2669, 2670, 2666, -1,
      2666, 2670, 2665, -1,
      2665, 2670, 2664, -1,
      2664, 2670, 2671, -1,
      2664, 2671, 203, -1,
      203, 2671, 2542, -1,
      203, 2542, 201, -1,
      201, 2542, 2540, -1,
      201, 2540, 199, -1,
      199, 2540, 2538, -1,
      199, 2538, 2536, -1,
      199, 2536, 197, -1,
      197, 2536, 2534, -1,
      197, 2534, 195, -1,
      195, 2534, 192, -1,
      2534, 2364, 192, -1,
      192, 2364, 2363, -1,
      192, 2363, 193, -1,
      193, 2363, 2558, -1,
      193, 2558, 194, -1,
      194, 2558, 205, -1,
      2558, 2557, 205, -1,
      205, 2557, 2556, -1,
      205, 2556, 206, -1,
      206, 2556, 2371, -1,
      206, 2371, 189, -1,
      189, 2371, 2370, -1,
      189, 2370, 188, -1,
      188, 2370, 186, -1,
      2370, 2369, 186, -1,
      186, 2369, 2368, -1,
      186, 2368, 178, -1,
      178, 2368, 129, -1,
      129, 2368, 2378, -1,
      129, 2378, 127, -1,
      127, 2378, 2427, -1,
      127, 2427, 2429, -1,
      2433, 122, 2431, -1,
      2431, 122, 123, -1,
      2431, 123, 2429, -1,
      2429, 123, 125, -1,
      2429, 125, 127, -1,
      2433, 2434, 122, -1,
      122, 2434, 120, -1,
      2436, 117, 2434, -1,
      2434, 117, 120, -1,
      2436, 2439, 117, -1,
      117, 2439, 114, -1,
      114, 2439, 115, -1,
      115, 2439, 2555, -1,
      115, 2555, 2553, -1,
      2549, 209, 2551, -1,
      2551, 209, 208, -1,
      2551, 208, 2553, -1,
      2553, 208, 207, -1,
      2553, 207, 115, -1,
      2549, 2547, 209, -1,
      209, 2547, 210, -1,
      2521, 211, 2547, -1,
      2547, 211, 210, -1,
      2521, 2522, 211, -1,
      211, 2522, 212, -1,
      212, 2522, 213, -1,
      213, 2522, 2523, -1,
      213, 2523, 2546, -1,
      213, 2546, 214, -1,
      214, 2546, 2545, -1,
      214, 2545, 215, -1,
      215, 2545, 216, -1,
      2545, 2544, 216, -1,
      216, 2544, 2543, -1,
      216, 2543, 217, -1,
      217, 2543, 2367, -1,
      217, 2367, 218, -1,
      218, 2367, 190, -1,
      2367, 2366, 190, -1,
      190, 2366, 2365, -1,
      190, 2365, 191, -1,
      191, 2365, 2533, -1,
      191, 2533, 196, -1,
      196, 2533, 2535, -1,
      196, 2535, 198, -1,
      198, 2535, 200, -1,
      2535, 2537, 200, -1,
      200, 2537, 2539, -1,
      200, 2539, 202, -1,
      2668, 2663, 2669, -1,
      2669, 2663, 2661, -1,
      2669, 2661, 2658, -1,
      2669, 2658, 2670, -1,
      2670, 2658, 2656, -1,
      2670, 2656, 2671, -1,
      2671, 2656, 2542, -1,
      2656, 2541, 2542, -1,
      2672, 2673, 2668, -1,
      2668, 2673, 2663, -1,
      2674, 2672, 2667, -1,
      2667, 2672, 2668, -1,
      2667, 2662, 2674, -1,
      2674, 2662, 2675, -1,
      2674, 2675, 2676, -1,
      2676, 2675, 2677, -1,
      2676, 2677, 2678, -1,
      2679, 2680, 2678, -1,
      2678, 2680, 2681, -1,
      2678, 2681, 2676, -1,
      2679, 2682, 2680, -1,
      2680, 2682, 2683, -1,
      2682, 2684, 2683, -1,
      2683, 2684, 2685, -1,
      2685, 2684, 2686, -1,
      2686, 2684, 2687, -1,
      2686, 2687, 2688, -1,
      2689, 2690, 2688, -1,
      2688, 2690, 2691, -1,
      2688, 2691, 2686, -1,
      2690, 2692, 2691, -1,
      2691, 2692, 2693, -1,
      2691, 2693, 2694, -1,
      2691, 2694, 2686, -1,
      2686, 2694, 2695, -1,
      2686, 2695, 2685, -1,
      2685, 2695, 2696, -1,
      2685, 2696, 2683, -1,
      2683, 2696, 2680, -1,
      2696, 2697, 2680, -1,
      2680, 2697, 2681, -1,
      2697, 2698, 2681, -1,
      2681, 2698, 2699, -1,
      2681, 2699, 2676, -1,
      2676, 2699, 2672, -1,
      2676, 2672, 2674, -1,
      2692, 2700, 2693, -1,
      2693, 2700, 2701, -1,
      2693, 2701, 2702, -1,
      2703, 2695, 2702, -1,
      2702, 2695, 2694, -1,
      2702, 2694, 2693, -1,
      2703, 2704, 2695, -1,
      2695, 2704, 2696, -1,
      2704, 2705, 2696, -1,
      2696, 2705, 2697, -1,
      2697, 2705, 2698, -1,
      2698, 2705, 2706, -1,
      2698, 2706, 2707, -1,
      2673, 2672, 2707, -1,
      2707, 2672, 2699, -1,
      2707, 2699, 2698, -1,
      2675, 2673, 2677, -1,
      2677, 2673, 2707, -1,
      2677, 2707, 2706, -1,
      2677, 2706, 2678, -1,
      2678, 2706, 2705, -1,
      2678, 2705, 2679, -1,
      2679, 2705, 2704, -1,
      2679, 2704, 2682, -1,
      2682, 2704, 2684, -1,
      2704, 2703, 2684, -1,
      2684, 2703, 2687, -1,
      2703, 2702, 2687, -1,
      2687, 2702, 2701, -1,
      2687, 2701, 2688, -1,
      2688, 2701, 2700, -1,
      2688, 2700, 2689, -1,
      2689, 2700, 2708, -1,
      2708, 2700, 2709, -1,
      2709, 2710, 2708, -1,
      2708, 2710, 2711, -1,
      2711, 2710, 2712, -1,
      2712, 2710, 2713, -1,
      2712, 2713, 2714, -1,
      2712, 2714, 2715, -1,
      2715, 2714, 2716, -1,
      2715, 2716, 2717, -1,
      2717, 2716, 2718, -1,
      2716, 2719, 2718, -1,
      2718, 2719, 2720, -1,
      2718, 2720, 2721, -1,
      2689, 2721, 2690, -1,
      2690, 2721, 2722, -1,
      2690, 2722, 2723, -1,
      2723, 2722, 2724, -1,
      2723, 2724, 2725, -1,
      2689, 2708, 2721, -1,
      2721, 2708, 2711, -1,
      2721, 2711, 2712, -1,
      2712, 2715, 2721, -1,
      2721, 2715, 2717, -1,
      2721, 2717, 2718, -1,
      2725, 2726, 2723, -1,
      2723, 2726, 2727, -1,
      2723, 2727, 2728, -1,
      2729, 2730, 2722, -1,
      2722, 2730, 2724, -1,
      2724, 2730, 2725, -1,
      2725, 2730, 2731, -1,
      2725, 2731, 2732, -1,
      2725, 2732, 2726, -1,
      2726, 2732, 2733, -1,
      2726, 2733, 2727, -1,
      2727, 2733, 2728, -1,
      2733, 2734, 2728, -1,
      2728, 2734, 2735, -1,
      2728, 2735, 2723, -1,
      2692, 2690, 2735, -1,
      2735, 2690, 2723, -1,
      2709, 2700, 2720, -1,
      2720, 2700, 2692, -1,
      2720, 2692, 2729, -1,
      2729, 2692, 2735, -1,
      2729, 2735, 2730, -1,
      2730, 2735, 2731, -1,
      2719, 2716, 2720, -1,
      2720, 2716, 2714, -1,
      2720, 2714, 2713, -1,
      2713, 2710, 2720, -1,
      2720, 2710, 2709, -1,
      2734, 2733, 2735, -1,
      2735, 2733, 2732, -1,
      2735, 2732, 2731, -1,
      2722, 2721, 2729, -1,
      2729, 2721, 2720, -1,
      2662, 2663, 2675, -1,
      2675, 2663, 2673, -1,
      2736, 2737, 2738, -1,
      2738, 2737, 2739, -1,
      2738, 2739, 2566, -1,
      2566, 2739, 2564, -1,
      2566, 2565, 2738, -1,
      2738, 2565, 2740, -1,
      2741, 2742, 2743, -1,
      2743, 2742, 2744, -1,
      2743, 2744, 2740, -1,
      2740, 2744, 2745, -1,
      2740, 2745, 2738, -1,
      2738, 2745, 2736, -1,
      2746, 2747, 2743, -1,
      2743, 2747, 2748, -1,
      2743, 2748, 2741, -1,
      2749, 2750, 2745, -1,
      2745, 2750, 2751, -1,
      2745, 2751, 2752, -1,
      2752, 2753, 2745, -1,
      2745, 2753, 2736, -1,
      2754, 2755, 2745, -1,
      2745, 2755, 2749, -1,
      2749, 2755, 2750, -1,
      2750, 2755, 2756, -1,
      2750, 2756, 2757, -1,
      2750, 2757, 2751, -1,
      2751, 2757, 2758, -1,
      2751, 2758, 2752, -1,
      2752, 2758, 2759, -1,
      2752, 2759, 2753, -1,
      2753, 2759, 2736, -1,
      2759, 2737, 2736, -1,
      2760, 2761, 2762, -1,
      2762, 2761, 2763, -1,
      2762, 2763, 2764, -1,
      2764, 2763, 2765, -1,
      2764, 2765, 2766, -1,
      2766, 2765, 2767, -1,
      2766, 2767, 2768, -1,
      2768, 2767, 2769, -1,
      2768, 2769, 2770, -1,
      2770, 2769, 2771, -1,
      2770, 2771, 2772, -1,
      2772, 2771, 2773, -1,
      2772, 2773, 2774, -1,
      2774, 2773, 2775, -1,
      2774, 2775, 2776, -1,
      2777, 2778, 2762, -1,
      2762, 2778, 2779, -1,
      2762, 2779, 2760, -1,
      2777, 2780, 2778, -1,
      2778, 2780, 2781, -1,
      2778, 2781, 2782, -1,
      2782, 2783, 2778, -1,
      2755, 2754, 2784, -1,
      2784, 2754, 2785, -1,
      2784, 2785, 2778, -1,
      2778, 2785, 2786, -1,
      2778, 2786, 2787, -1,
      2788, 2789, 2784, -1,
      2784, 2789, 2790, -1,
      2784, 2790, 2791, -1,
      2791, 2792, 2784, -1,
      2784, 2792, 2793, -1,
      2784, 2793, 2757, -1,
      2757, 2793, 2758, -1,
      2794, 2739, 2795, -1,
      2795, 2739, 2737, -1,
      2795, 2737, 2793, -1,
      2793, 2737, 2759, -1,
      2793, 2759, 2758, -1,
      2795, 2796, 2794, -1,
      2794, 2796, 2797, -1,
      2796, 2798, 2797, -1,
      2797, 2798, 2799, -1,
      2798, 2800, 2799, -1,
      2799, 2800, 2801, -1,
      2800, 2802, 2801, -1,
      2801, 2802, 2803, -1,
      2802, 2804, 2803, -1,
      2803, 2804, 2805, -1,
      2757, 2756, 2784, -1,
      2784, 2756, 2755, -1,
      2787, 2779, 2778, -1,
      2765, 2563, 2767, -1,
      2767, 2563, 2561, -1,
      2767, 2561, 2559, -1,
      2767, 2559, 2769, -1,
      2769, 2559, 2512, -1,
      2769, 2512, 2771, -1,
      2771, 2512, 2773, -1,
      2512, 2511, 2773, -1,
      2773, 2511, 2573, -1,
      2773, 2573, 2775, -1,
      2775, 2573, 2572, -1,
      2775, 2572, 2776, -1,
      2776, 2572, 2774, -1,
      2572, 2514, 2774, -1,
      2774, 2514, 2513, -1,
      2774, 2513, 2772, -1,
      2772, 2513, 2515, -1,
      2772, 2515, 2770, -1,
      2770, 2515, 2516, -1,
      2770, 2516, 2768, -1,
      2768, 2516, 2766, -1,
      2516, 2517, 2766, -1,
      2766, 2517, 2518, -1,
      2766, 2518, 2764, -1,
      2518, 2519, 2764, -1,
      2764, 2519, 2762, -1,
      2762, 2519, 2777, -1,
      2777, 2519, 2520, -1,
      2777, 2520, 2548, -1,
      2777, 2548, 2780, -1,
      2780, 2548, 2550, -1,
      2780, 2550, 2781, -1,
      2781, 2550, 2552, -1,
      2781, 2552, 2782, -1,
      2782, 2552, 2783, -1,
      2552, 2554, 2783, -1,
      2783, 2554, 2441, -1,
      2783, 2441, 2778, -1,
      2778, 2441, 2784, -1,
      2784, 2441, 2440, -1,
      2784, 2440, 2788, -1,
      2788, 2440, 2443, -1,
      2788, 2443, 2444, -1,
      2788, 2444, 2789, -1,
      2789, 2444, 2571, -1,
      2789, 2571, 2790, -1,
      2790, 2571, 2570, -1,
      2790, 2570, 2791, -1,
      2791, 2570, 2792, -1,
      2570, 2526, 2792, -1,
      2792, 2526, 2528, -1,
      2792, 2528, 2793, -1,
      2793, 2528, 2795, -1,
      2795, 2528, 2497, -1,
      2795, 2497, 2796, -1,
      2796, 2497, 2498, -1,
      2796, 2498, 2500, -1,
      2796, 2500, 2798, -1,
      2798, 2500, 2502, -1,
      2798, 2502, 2800, -1,
      2800, 2502, 2802, -1,
      2502, 2504, 2802, -1,
      2802, 2504, 2507, -1,
      2802, 2507, 2804, -1,
      2804, 2507, 2508, -1,
      2804, 2508, 2805, -1,
      2805, 2508, 2803, -1,
      2508, 2569, 2803, -1,
      2803, 2569, 2568, -1,
      2803, 2568, 2801, -1,
      2801, 2568, 2567, -1,
      2801, 2567, 2799, -1,
      2799, 2567, 2560, -1,
      2799, 2560, 2797, -1,
      2797, 2560, 2794, -1,
      2560, 2562, 2794, -1,
      2794, 2562, 2564, -1,
      2794, 2564, 2739, -1,
      2563, 2765, 2565, -1,
      2565, 2765, 2740, -1,
      2765, 2763, 2740, -1,
      2740, 2763, 2743, -1,
      2763, 2761, 2743, -1,
      2743, 2761, 2746, -1,
      2746, 2761, 2747, -1,
      2747, 2761, 2760, -1,
      2747, 2760, 2779, -1,
      2747, 2779, 2748, -1,
      2748, 2779, 2787, -1,
      2748, 2787, 2741, -1,
      2741, 2787, 2786, -1,
      2741, 2786, 2742, -1,
      2742, 2786, 2744, -1,
      2786, 2785, 2744, -1,
      2754, 2745, 2785, -1,
      2785, 2745, 2744, -1,
      1578, 229, 1577, -1,
      1577, 229, 227, -1,
      1577, 227, 1576, -1,
      1576, 227, 1574, -1,
      227, 226, 1574, -1,
      1574, 226, 1573, -1,
      1573, 226, 1571, -1,
      1571, 226, 223, -1,
      1571, 223, 1570, -1,
      1570, 223, 1568, -1,
      223, 221, 1568, -1,
      1568, 221, 1567, -1,
      1567, 221, 1565, -1,
      1565, 221, 219, -1,
      1565, 219, 1564, -1,
      1564, 219, 1545, -1,
      219, 103, 1545, -1,
      1545, 103, 1544, -1,
      1537, 1396, 1578, -1,
      1578, 1396, 229, -1,
      272, 273, 1390, -1,
      1390, 273, 1188, -1,
      1390, 1188, 1183, -1,
      231, 230, 1183, -1,
      1183, 230, 1391, -1,
      1183, 1391, 1390, -1,
      67, 66, 1384, -1,
      76, 67, 1379, -1,
      1379, 67, 1384, -1,
      76, 1379, 79, -1,
      1281, 1416, 1280, -1,
      1280, 1416, 1418, -1,
      1411, 1217, 1472, -1,
      1472, 1217, 1269, -1,
      1472, 1269, 1474, -1,
      1474, 1269, 1271, -1,
      1474, 1271, 1475, -1,
      1475, 1271, 1477, -1,
      1271, 1273, 1477, -1,
      1477, 1273, 1479, -1,
      1273, 1275, 1479, -1,
      1479, 1275, 1277, -1,
      1479, 1277, 1419, -1,
      1419, 1277, 1279, -1,
      1419, 1279, 1418, -1,
      1418, 1279, 1280, -1,
      1411, 1378, 1217, -1,
      1217, 1378, 1202, -1,
      1202, 1378, 1308, -1,
      1308, 1378, 1469, -1,
      1308, 1469, 1468, -1,
      1308, 1468, 1313, -1,
      1313, 1468, 1466, -1,
      1313, 1466, 1315, -1,
      1466, 1471, 1315, -1,
      1315, 1471, 1317, -1,
      1317, 1471, 1318, -1,
      1318, 1471, 1470, -1,
      1318, 1470, 1316, -1,
      1316, 1470, 1465, -1,
      1316, 1465, 1314, -1,
      1314, 1465, 1467, -1,
      1314, 1467, 1309, -1,
      1309, 1467, 1464, -1,
      1309, 1464, 1311, -1,
      1311, 1464, 1463, -1,
      1311, 1463, 1461, -1,
      1457, 1322, 1459, -1,
      1459, 1322, 1320, -1,
      1459, 1320, 1461, -1,
      1461, 1320, 1312, -1,
      1461, 1312, 1311, -1,
      1457, 1455, 1322, -1,
      1322, 1455, 1324, -1,
      1454, 1326, 1455, -1,
      1455, 1326, 1324, -1,
      1452, 1327, 1454, -1,
      1454, 1327, 1326, -1,
      1345, 1343, 1441, -1,
      1441, 1343, 1439, -1,
      1439, 1343, 1437, -1,
      1437, 1343, 1341, -1,
      1437, 1341, 1339, -1,
      1437, 1339, 1435, -1,
      1435, 1339, 1336, -1,
      1435, 1336, 1432, -1,
      1432, 1336, 1286, -1,
      1432, 1286, 1430, -1,
      1430, 1286, 1431, -1,
      1286, 1285, 1431, -1,
      1431, 1285, 1334, -1,
      1431, 1334, 1445, -1,
      1445, 1334, 1332, -1,
      1445, 1332, 1447, -1,
      1447, 1332, 1449, -1,
      1332, 1331, 1449, -1,
      1449, 1331, 1330, -1,
      1449, 1330, 1450, -1,
      1450, 1330, 1329, -1,
      1450, 1329, 1451, -1,
      1451, 1329, 1452, -1,
      1329, 1327, 1452, -1,
      1443, 1347, 1441, -1,
      1441, 1347, 1345, -1,
      2806, 2807, 2808, -1,
      2808, 2807, 2809, -1,
      2807, 2810, 2809, -1,
      2809, 2810, 2811, -1,
      2810, 2812, 2811, -1,
      2811, 2812, 2813, -1,
      1347, 1443, 2812, -1,
      2812, 1443, 2813, -1,
      1443, 1442, 2813, -1,
      2813, 1442, 2814, -1,
      2813, 2814, 2811, -1,
      2811, 2814, 2815, -1,
      2811, 2815, 2816, -1,
      2817, 2808, 2816, -1,
      2816, 2808, 2809, -1,
      2816, 2809, 2811, -1,
      2808, 2817, 2818, -1,
      2818, 2817, 2819, -1,
      2818, 2820, 2808, -1,
      2808, 2820, 2806, -1,
      2820, 2821, 2806, -1,
      2806, 2821, 2822, -1,
      2806, 2822, 2807, -1,
      2807, 2822, 2823, -1,
      2807, 2823, 2824, -1,
      1346, 1347, 2825, -1,
      2825, 1347, 2812, -1,
      2825, 2812, 2824, -1,
      2824, 2812, 2810, -1,
      2824, 2810, 2807, -1,
      1346, 2825, 1442, -1,
      1442, 2825, 2814, -1,
      2825, 2824, 2814, -1,
      2814, 2824, 2815, -1,
      2824, 2823, 2815, -1,
      2815, 2823, 2816, -1,
      2822, 2817, 2823, -1,
      2823, 2817, 2816, -1,
      2817, 2822, 2819, -1,
      2819, 2822, 2821, -1,
      2819, 2821, 2826, -1,
      2826, 2821, 2827, -1,
      2826, 2827, 2828, -1,
      2828, 2827, 2829, -1,
      2828, 2829, 2830, -1,
      2831, 2832, 2833, -1,
      2833, 2832, 2834, -1,
      2833, 2834, 2835, -1,
      2835, 2834, 2836, -1,
      2835, 2836, 2830, -1,
      2830, 2836, 2837, -1,
      2830, 2837, 2828, -1,
      2831, 2838, 2832, -1,
      2832, 2838, 2839, -1,
      2838, 2840, 2839, -1,
      2839, 2840, 2841, -1,
      2819, 2826, 2818, -1,
      2818, 2826, 2842, -1,
      2826, 2828, 2842, -1,
      2842, 2828, 2843, -1,
      2828, 2837, 2843, -1,
      2843, 2837, 2844, -1,
      2837, 2836, 2844, -1,
      2844, 2836, 2845, -1,
      2836, 2834, 2845, -1,
      2845, 2834, 2846, -1,
      2834, 2832, 2846, -1,
      2846, 2832, 2847, -1,
      2832, 2839, 2847, -1,
      2847, 2839, 2848, -1,
      2841, 2849, 2839, -1,
      2839, 2849, 2848, -1,
      2849, 2850, 2848, -1,
      2848, 2850, 2851, -1,
      2848, 2851, 2847, -1,
      2847, 2851, 2852, -1,
      2847, 2852, 2853, -1,
      2854, 2843, 2855, -1,
      2855, 2843, 2844, -1,
      2855, 2844, 2856, -1,
      2856, 2844, 2845, -1,
      2856, 2845, 2853, -1,
      2853, 2845, 2846, -1,
      2853, 2846, 2847, -1,
      2854, 2857, 2843, -1,
      2843, 2857, 2842, -1,
      2857, 2820, 2842, -1,
      2842, 2820, 2818, -1,
      2850, 2840, 2851, -1,
      2851, 2840, 2838, -1,
      2851, 2838, 2831, -1,
      2851, 2831, 2852, -1,
      2852, 2831, 2833, -1,
      2852, 2833, 2853, -1,
      2853, 2833, 2835, -1,
      2853, 2835, 2856, -1,
      2856, 2835, 2830, -1,
      2856, 2830, 2855, -1,
      2855, 2830, 2829, -1,
      2855, 2829, 2854, -1,
      2854, 2829, 2827, -1,
      2854, 2827, 2857, -1,
      2857, 2827, 2821, -1,
      2857, 2821, 2820, -1,
      2858, 2859, 2860, -1,
      2860, 2859, 2861, -1,
      2860, 2861, 2862, -1,
      2862, 2861, 2863, -1,
      2862, 2863, 2864, -1,
      2864, 2863, 2865, -1,
      2864, 2865, 2866, -1,
      2866, 2865, 2867, -1,
      2866, 2867, 2868, -1,
      2868, 2867, 2869, -1,
      2868, 2869, 2850, -1,
      2850, 2869, 2840, -1,
      2858, 2870, 2859, -1,
      2871, 2868, 2849, -1,
      2849, 2868, 2850, -1,
      2849, 2841, 2871, -1,
      2871, 2841, 2872, -1,
      2871, 2872, 2873, -1,
      2873, 2872, 2874, -1,
      2873, 2874, 2875, -1,
      2875, 2874, 2876, -1,
      2875, 2876, 2877, -1,
      2877, 2876, 2878, -1,
      2877, 2878, 2879, -1,
      2879, 2878, 2880, -1,
      2879, 2880, 2881, -1,
      2881, 2880, 2882, -1,
      2881, 2882, 2883, -1,
      2869, 2867, 2872, -1,
      2872, 2867, 2874, -1,
      2874, 2867, 2876, -1,
      2876, 2867, 2865, -1,
      2876, 2865, 2863, -1,
      2876, 2863, 2878, -1,
      2878, 2863, 2861, -1,
      2878, 2861, 2880, -1,
      2880, 2861, 2882, -1,
      2861, 2859, 2882, -1,
      2882, 2859, 2870, -1,
      2882, 2870, 2883, -1,
      2883, 2870, 2858, -1,
      2883, 2858, 2881, -1,
      2881, 2858, 2879, -1,
      2858, 2860, 2879, -1,
      2879, 2860, 2862, -1,
      2879, 2862, 2877, -1,
      2877, 2862, 2864, -1,
      2877, 2864, 2875, -1,
      2875, 2864, 2873, -1,
      2864, 2866, 2873, -1,
      2873, 2866, 2868, -1,
      2873, 2868, 2871, -1,
      2840, 2869, 2841, -1,
      2841, 2869, 2872, -1,
      1344, 1346, 1440, -1,
      1440, 1346, 1442, -1,
      1281, 1283, 1416, -1,
      1416, 1283, 1414, -1,
      1414, 1283, 1420, -1,
      1420, 1283, 1284, -1,
      1420, 1284, 1295, -1,
      1420, 1295, 1421, -1,
      1421, 1295, 1294, -1,
      1421, 1294, 1422, -1,
      1422, 1294, 1292, -1,
      1422, 1292, 1424, -1,
      1424, 1292, 1426, -1,
      1292, 1290, 1426, -1,
      1426, 1290, 1288, -1,
      1426, 1288, 1428, -1,
      1428, 1288, 1337, -1,
      1428, 1337, 1433, -1,
      1433, 1337, 1434, -1,
      1337, 1338, 1434, -1,
      1434, 1338, 1340, -1,
      1434, 1340, 1436, -1,
      1436, 1340, 1342, -1,
      1436, 1342, 1438, -1,
      1438, 1342, 1440, -1,
      1342, 1344, 1440, -1,
      1398, 1178, 1399, -1,
      1399, 1178, 1177, -1,
      1399, 1177, 1481, -1,
      1481, 1177, 1364, -1,
      1481, 1364, 1363, -1,
      1361, 1484, 1362, -1,
      1362, 1484, 1483, -1,
      1362, 1483, 1363, -1,
      1363, 1483, 1482, -1,
      1363, 1482, 1481, -1,
      1361, 1360, 1484, -1,
      1484, 1360, 1485, -1,
      1187, 1486, 1360, -1,
      1360, 1486, 1485, -1,
      1187, 1186, 1486, -1,
      1486, 1186, 1392, -1,
      1186, 1359, 1392, -1,
      1392, 1359, 1393, -1,
      1393, 1359, 1388, -1,
      1388, 1359, 1358, -1,
      1388, 1358, 1357, -1,
      1388, 1357, 1389, -1,
      1389, 1357, 1250, -1,
      1389, 1250, 1382, -1,
      1382, 1250, 1249, -1,
      1382, 1249, 1383, -1,
      1383, 1249, 1385, -1,
      1249, 1248, 1385, -1,
      1385, 1248, 1247, -1,
      1385, 1247, 1386, -1,
      1386, 1247, 1246, -1,
      1386, 1246, 1387, -1,
      1387, 1246, 1487, -1,
      1246, 1348, 1487, -1,
      1487, 1348, 1350, -1,
      1487, 1350, 1490, -1,
      1490, 1350, 1352, -1,
      1490, 1352, 1492, -1,
      1492, 1352, 1494, -1,
      1352, 1354, 1494, -1,
      1494, 1354, 1496, -1,
      1496, 1354, 1367, -1,
      1367, 2884, 1496, -1,
      1496, 2884, 2885, -1,
      2884, 2886, 2885, -1,
      2885, 2886, 2887, -1,
      2886, 2888, 2887, -1,
      2887, 2888, 2889, -1,
      2890, 2891, 2888, -1,
      2888, 2891, 2889, -1,
      1497, 1496, 2892, -1,
      2892, 1496, 2885, -1,
      2892, 2885, 2893, -1,
      2893, 2885, 2887, -1,
      2893, 2887, 2889, -1,
      2891, 2894, 2889, -1,
      2889, 2894, 2895, -1,
      2889, 2895, 2893, -1,
      2896, 2897, 2894, -1,
      2894, 2897, 2895, -1,
      2897, 2898, 2895, -1,
      2895, 2898, 2893, -1,
      2898, 2899, 2893, -1,
      2893, 2899, 2892, -1,
      1356, 1497, 2899, -1,
      2899, 1497, 2892, -1,
      1497, 1356, 1495, -1,
      1495, 1356, 1355, -1,
      1355, 1353, 1495, -1,
      1495, 1353, 1493, -1,
      1493, 1353, 1491, -1,
      1491, 1353, 1351, -1,
      1491, 1351, 1349, -1,
      1491, 1349, 1488, -1,
      1488, 1349, 1366, -1,
      1488, 1366, 1489, -1,
      1489, 1366, 1365, -1,
      1489, 1365, 1498, -1,
      1498, 1365, 1381, -1,
      1365, 1201, 1381, -1,
      1381, 1201, 1200, -1,
      1381, 1200, 1380, -1,
      1380, 1200, 1310, -1,
      1380, 1310, 1462, -1,
      1462, 1310, 1460, -1,
      1310, 1319, 1460, -1,
      1460, 1319, 1321, -1,
      1460, 1321, 1458, -1,
      1458, 1321, 1323, -1,
      1458, 1323, 1456, -1,
      1456, 1323, 1453, -1,
      1323, 1325, 1453, -1,
      1453, 1325, 1448, -1,
      1448, 1325, 1328, -1,
      1448, 1328, 1446, -1,
      1446, 1328, 1333, -1,
      1446, 1333, 1335, -1,
      1296, 1499, 1287, -1,
      1287, 1499, 1429, -1,
      1287, 1429, 1335, -1,
      1335, 1429, 1444, -1,
      1335, 1444, 1446, -1,
      1296, 1298, 1499, -1,
      1499, 1298, 1501, -1,
      1178, 1398, 1298, -1,
      1298, 1398, 1501, -1,
      2896, 2890, 2897, -1,
      2897, 2890, 2888, -1,
      2897, 2888, 2886, -1,
      1367, 1356, 2884, -1,
      2884, 1356, 2899, -1,
      2884, 2899, 2886, -1,
      2886, 2899, 2898, -1,
      2886, 2898, 2897, -1,
      2900, 2901, 2896, -1,
      2896, 2901, 2890, -1,
      2900, 2896, 2902, -1,
      2902, 2896, 2894, -1,
      2894, 2891, 2902, -1,
      2902, 2891, 2903, -1,
      2903, 2904, 2902, -1,
      2902, 2904, 2905, -1,
      2904, 2906, 2905, -1,
      2905, 2906, 2907, -1,
      2906, 2908, 2907, -1,
      2907, 2908, 2909, -1,
      2908, 2910, 2909, -1,
      2909, 2910, 2911, -1,
      2910, 2912, 2911, -1,
      2911, 2912, 2913, -1,
      2912, 2914, 2913, -1,
      2913, 2914, 2915, -1,
      2914, 2916, 2915, -1,
      2915, 2916, 2917, -1,
      2918, 2919, 2916, -1,
      2916, 2919, 2917, -1,
      2919, 2920, 2917, -1,
      2917, 2920, 2921, -1,
      2917, 2921, 2915, -1,
      2915, 2921, 2922, -1,
      2915, 2922, 2923, -1,
      2924, 2907, 2925, -1,
      2925, 2907, 2909, -1,
      2925, 2909, 2926, -1,
      2926, 2909, 2911, -1,
      2926, 2911, 2923, -1,
      2923, 2911, 2913, -1,
      2923, 2913, 2915, -1,
      2924, 2927, 2907, -1,
      2907, 2927, 2905, -1,
      2927, 2900, 2905, -1,
      2905, 2900, 2902, -1,
      2920, 2928, 2921, -1,
      2921, 2928, 2929, -1,
      2921, 2929, 2930, -1,
      2921, 2930, 2922, -1,
      2922, 2930, 2931, -1,
      2922, 2931, 2923, -1,
      2923, 2931, 2932, -1,
      2923, 2932, 2926, -1,
      2926, 2932, 2933, -1,
      2926, 2933, 2925, -1,
      2925, 2933, 2934, -1,
      2925, 2934, 2924, -1,
      2924, 2934, 2935, -1,
      2924, 2935, 2927, -1,
      2927, 2935, 2901, -1,
      2927, 2901, 2900, -1,
      2903, 2901, 2904, -1,
      2904, 2901, 2935, -1,
      2904, 2935, 2906, -1,
      2906, 2935, 2934, -1,
      2906, 2934, 2933, -1,
      2930, 2914, 2931, -1,
      2931, 2914, 2912, -1,
      2931, 2912, 2932, -1,
      2932, 2912, 2910, -1,
      2932, 2910, 2933, -1,
      2933, 2910, 2908, -1,
      2933, 2908, 2906, -1,
      2930, 2929, 2914, -1,
      2914, 2929, 2916, -1,
      2929, 2928, 2916, -1,
      2916, 2928, 2918, -1,
      2918, 2928, 2936, -1,
      2936, 2928, 2937, -1,
      2937, 2938, 2936, -1,
      2936, 2938, 2939, -1,
      2939, 2938, 2940, -1,
      2940, 2938, 2941, -1,
      2940, 2941, 2942, -1,
      2940, 2942, 2943, -1,
      2943, 2942, 2944, -1,
      2943, 2944, 2945, -1,
      2945, 2944, 2946, -1,
      2944, 2947, 2946, -1,
      2946, 2947, 2948, -1,
      2946, 2948, 2949, -1,
      2919, 2936, 2950, -1,
      2950, 2936, 2951, -1,
      2950, 2951, 2952, -1,
      2919, 2918, 2936, -1,
      2939, 2940, 2936, -1,
      2936, 2940, 2943, -1,
      2936, 2943, 2945, -1,
      2945, 2946, 2936, -1,
      2936, 2946, 2949, -1,
      2936, 2949, 2951, -1,
      2952, 2953, 2950, -1,
      2950, 2953, 2954, -1,
      2950, 2954, 2955, -1,
      2955, 2956, 2950, -1,
      2957, 2958, 2951, -1,
      2951, 2958, 2952, -1,
      2952, 2958, 2953, -1,
      2953, 2958, 2959, -1,
      2953, 2959, 2960, -1,
      2953, 2960, 2954, -1,
      2954, 2960, 2961, -1,
      2954, 2961, 2955, -1,
      2955, 2961, 2956, -1,
      2961, 2962, 2956, -1,
      2956, 2962, 2963, -1,
      2956, 2963, 2950, -1,
      2920, 2919, 2963, -1,
      2963, 2919, 2950, -1,
      2958, 2957, 2963, -1,
      2963, 2957, 2948, -1,
      2963, 2948, 2937, -1,
      2937, 2948, 2947, -1,
      2937, 2947, 2944, -1,
      2944, 2942, 2937, -1,
      2937, 2942, 2941, -1,
      2937, 2941, 2938, -1,
      2928, 2920, 2937, -1,
      2937, 2920, 2963, -1,
      2962, 2961, 2963, -1,
      2963, 2961, 2960, -1,
      2963, 2960, 2959, -1,
      2959, 2958, 2963, -1,
      2951, 2949, 2957, -1,
      2957, 2949, 2948, -1,
      2890, 2901, 2891, -1,
      2891, 2901, 2903, -1,
      1503, 1268, 1504, -1,
      1504, 1268, 1267, -1,
      1267, 1265, 1504, -1,
      1504, 1265, 1506, -1,
      1506, 1265, 1508, -1,
      1508, 1265, 1263, -1,
      1508, 1263, 1261, -1,
      1508, 1261, 1510, -1,
      1510, 1261, 1258, -1,
      1510, 1258, 1405, -1,
      1405, 1258, 1257, -1,
      1405, 1257, 1406, -1,
      1406, 1257, 1408, -1,
      1257, 1256, 1408, -1,
      1408, 1256, 1255, -1,
      1408, 1255, 1409, -1,
      1409, 1255, 1254, -1,
      1409, 1254, 1410, -1,
      1410, 1254, 1514, -1,
      1254, 1306, 1514, -1,
      1514, 1306, 1305, -1,
      1514, 1305, 1403, -1,
      1403, 1305, 1304, -1,
      1403, 1304, 1404, -1,
      1404, 1304, 1400, -1,
      1304, 1242, 1400, -1,
      1400, 1242, 1401, -1,
      1401, 1242, 1241, -1,
      1401, 1241, 1515, -1,
      1515, 1241, 1303, -1,
      1515, 1303, 1302, -1,
      1300, 1518, 1301, -1,
      1301, 1518, 1517, -1,
      1301, 1517, 1302, -1,
      1302, 1517, 1516, -1,
      1302, 1516, 1515, -1,
      1300, 1182, 1518, -1,
      1518, 1182, 1394, -1,
      1181, 1395, 1182, -1,
      1182, 1395, 1394, -1,
      1395, 1181, 1397, -1,
      1397, 1181, 1180, -1,
      1397, 1180, 1502, -1,
      1502, 1180, 1299, -1,
      1502, 1299, 1297, -1,
      1291, 1425, 1289, -1,
      1289, 1425, 1427, -1,
      1289, 1427, 1297, -1,
      1297, 1427, 1500, -1,
      1297, 1500, 1502, -1,
      1291, 1293, 1425, -1,
      1425, 1293, 1423, -1,
      1282, 1415, 1293, -1,
      1293, 1415, 1423, -1,
      1282, 1278, 1415, -1,
      1415, 1278, 1417, -1,
      1278, 1276, 1417, -1,
      1417, 1276, 1480, -1,
      1480, 1276, 1478, -1,
      1478, 1276, 1274, -1,
      1478, 1274, 1272, -1,
      1478, 1272, 1476, -1,
      1476, 1272, 1270, -1,
      1476, 1270, 1473, -1,
      1473, 1270, 1219, -1,
      1473, 1219, 1412, -1,
      1412, 1219, 1413, -1,
      1219, 1221, 1413, -1,
      1413, 1221, 1222, -1,
      1413, 1222, 1513, -1,
      1513, 1222, 1259, -1,
      1513, 1259, 1512, -1,
      1512, 1259, 1511, -1,
      1259, 1260, 1511, -1,
      1511, 1260, 1262, -1,
      1511, 1262, 1509, -1,
      1509, 1262, 1264, -1,
      1509, 1264, 1507, -1,
      1507, 1264, 1505, -1,
      1264, 1266, 1505, -1,
      1505, 1266, 1519, -1,
      1519, 1266, 1307, -1,
      1307, 2964, 1519, -1,
      1519, 2964, 2965, -1,
      2964, 2966, 2965, -1,
      2965, 2966, 2967, -1,
      2966, 2968, 2967, -1,
      2967, 2968, 2969, -1,
      2970, 2971, 2968, -1,
      2968, 2971, 2969, -1,
      1503, 1519, 2972, -1,
      2972, 1519, 2965, -1,
      2972, 2965, 2973, -1,
      2973, 2965, 2967, -1,
      2973, 2967, 2969, -1,
      2971, 2974, 2969, -1,
      2969, 2974, 2975, -1,
      2969, 2975, 2973, -1,
      2976, 2977, 2974, -1,
      2974, 2977, 2975, -1,
      2977, 2978, 2975, -1,
      2975, 2978, 2973, -1,
      2978, 2979, 2973, -1,
      2973, 2979, 2972, -1,
      1268, 1503, 2979, -1,
      2979, 1503, 2972, -1,
      2976, 2970, 2977, -1,
      2977, 2970, 2968, -1,
      2977, 2968, 2966, -1,
      1307, 1268, 2964, -1,
      2964, 1268, 2979, -1,
      2964, 2979, 2966, -1,
      2966, 2979, 2978, -1,
      2966, 2978, 2977, -1,
      2980, 2981, 2976, -1,
      2976, 2981, 2970, -1,
      2980, 2976, 2982, -1,
      2982, 2976, 2974, -1,
      2974, 2971, 2982, -1,
      2982, 2971, 2983, -1,
      2983, 2984, 2982, -1,
      2982, 2984, 2985, -1,
      2984, 2986, 2985, -1,
      2985, 2986, 2987, -1,
      2986, 2988, 2987, -1,
      2987, 2988, 2989, -1,
      2988, 2990, 2989, -1,
      2989, 2990, 2991, -1,
      2990, 2992, 2991, -1,
      2991, 2992, 2993, -1,
      2992, 2994, 2993, -1,
      2993, 2994, 2995, -1,
      2994, 2996, 2995, -1,
      2995, 2996, 2997, -1,
      2998, 2999, 2996, -1,
      2996, 2999, 2997, -1,
      2999, 3000, 2997, -1,
      2997, 3000, 3001, -1,
      2997, 3001, 2995, -1,
      2995, 3001, 3002, -1,
      2995, 3002, 3003, -1,
      3004, 2987, 3005, -1,
      3005, 2987, 2989, -1,
      3005, 2989, 3006, -1,
      3006, 2989, 2991, -1,
      3006, 2991, 3003, -1,
      3003, 2991, 2993, -1,
      3003, 2993, 2995, -1,
      3004, 3007, 2987, -1,
      2987, 3007, 2985, -1,
      3007, 2980, 2985, -1,
      2985, 2980, 2982, -1,
      3000, 3008, 3001, -1,
      3001, 3008, 3009, -1,
      3001, 3009, 3010, -1,
      3001, 3010, 3002, -1,
      3002, 3010, 3011, -1,
      3002, 3011, 3003, -1,
      3003, 3011, 3012, -1,
      3003, 3012, 3006, -1,
      3006, 3012, 3013, -1,
      3006, 3013, 3005, -1,
      3005, 3013, 3014, -1,
      3005, 3014, 3004, -1,
      3004, 3014, 3015, -1,
      3004, 3015, 3007, -1,
      3007, 3015, 2981, -1,
      3007, 2981, 2980, -1,
      2983, 2981, 2984, -1,
      2984, 2981, 3015, -1,
      2984, 3015, 2986, -1,
      2986, 3015, 3014, -1,
      2986, 3014, 3013, -1,
      3010, 2994, 3011, -1,
      3011, 2994, 2992, -1,
      3011, 2992, 3012, -1,
      3012, 2992, 2990, -1,
      3012, 2990, 3013, -1,
      3013, 2990, 2988, -1,
      3013, 2988, 2986, -1,
      3010, 3009, 2994, -1,
      2994, 3009, 2996, -1,
      3009, 3008, 2996, -1,
      2996, 3008, 2998, -1,
      2998, 3008, 3016, -1,
      3016, 3008, 3017, -1,
      3017, 3018, 3016, -1,
      3016, 3018, 3019, -1,
      3019, 3018, 3020, -1,
      3020, 3018, 3021, -1,
      3020, 3021, 3022, -1,
      3020, 3022, 3023, -1,
      3023, 3022, 3024, -1,
      3023, 3024, 3025, -1,
      3025, 3024, 3026, -1,
      3024, 3027, 3026, -1,
      3026, 3027, 3028, -1,
      3026, 3028, 3029, -1,
      2999, 3016, 3030, -1,
      3030, 3016, 3031, -1,
      3030, 3031, 3032, -1,
      2999, 2998, 3016, -1,
      3019, 3020, 3016, -1,
      3016, 3020, 3023, -1,
      3016, 3023, 3025, -1,
      3025, 3026, 3016, -1,
      3016, 3026, 3029, -1,
      3016, 3029, 3031, -1,
      3032, 3033, 3030, -1,
      3030, 3033, 3034, -1,
      3030, 3034, 3035, -1,
      3035, 3036, 3030, -1,
      3037, 3038, 3031, -1,
      3031, 3038, 3032, -1,
      3032, 3038, 3033, -1,
      3033, 3038, 3039, -1,
      3033, 3039, 3040, -1,
      3033, 3040, 3034, -1,
      3034, 3040, 3041, -1,
      3034, 3041, 3035, -1,
      3035, 3041, 3036, -1,
      3041, 3042, 3036, -1,
      3036, 3042, 3043, -1,
      3036, 3043, 3030, -1,
      3000, 2999, 3043, -1,
      3043, 2999, 3030, -1,
      3038, 3037, 3043, -1,
      3043, 3037, 3028, -1,
      3043, 3028, 3017, -1,
      3017, 3028, 3027, -1,
      3017, 3027, 3024, -1,
      3024, 3022, 3017, -1,
      3017, 3022, 3021, -1,
      3017, 3021, 3018, -1,
      3008, 3000, 3017, -1,
      3017, 3000, 3043, -1,
      3042, 3041, 3043, -1,
      3043, 3041, 3040, -1,
      3043, 3040, 3039, -1,
      3039, 3038, 3043, -1,
      3031, 3029, 3037, -1,
      3037, 3029, 3028, -1,
      2970, 2981, 2971, -1,
      2971, 2981, 2983, -1,
      1371, 1372, 1139, -1,
      1139, 1372, 1374, -1,
      1139, 1374, 1141, -1,
      1141, 1374, 3044, -1,
      1141, 3044, 3045, -1,
      3045, 3044, 3046, -1,
      1139, 1138, 1371, -1,
      1374, 3047, 3044, -1,
      3044, 3047, 3048, -1,
      3049, 359, 1140, -1,
      1140, 359, 357, -1,
      1140, 357, 1142, -1,
      1141, 3045, 1140, -1,
      1140, 3045, 3050, -1,
      1140, 3050, 3049, -1,
      358, 359, 3051, -1,
      3051, 359, 3049, -1,
      3051, 3049, 3050, -1,
      3045, 3046, 3050, -1,
      3050, 3046, 3052, -1,
      3050, 3052, 3051, -1,
      3053, 312, 3054, -1,
      3054, 312, 358, -1,
      3054, 358, 3051, -1,
      3051, 3052, 3054, -1,
      3054, 3052, 3046, -1,
      3054, 3046, 3044, -1,
      3054, 3044, 3055, -1,
      3055, 3044, 3048, -1,
      3056, 3057, 3055, -1,
      3055, 3057, 3053, -1,
      3055, 3053, 3054, -1,
      312, 3053, 304, -1,
      304, 3053, 3057, -1,
      3058, 3059, 3060, -1,
      3060, 3059, 360, -1,
      3060, 360, 3056, -1,
      3056, 360, 304, -1,
      3056, 304, 3057, -1,
      3058, 3061, 3059, -1,
      3059, 3061, 3062, -1,
      3061, 3063, 3062, -1,
      3062, 3063, 3064, -1,
      3063, 3065, 3064, -1,
      3064, 3065, 3066, -1,
      3065, 3067, 3066, -1,
      3066, 3067, 3068, -1,
      3068, 3067, 1216, -1,
      1216, 3067, 3069, -1,
      1216, 3069, 3070, -1,
      3070, 1214, 1216, -1,
      360, 3059, 361, -1,
      361, 3059, 3071, -1,
      3071, 3059, 3072, -1,
      3072, 3059, 3062, -1,
      3072, 3062, 3064, -1,
      3072, 3064, 3073, -1,
      3073, 3064, 3066, -1,
      3073, 3066, 3074, -1,
      3074, 3066, 3068, -1,
      3074, 3068, 3075, -1,
      3075, 3068, 1215, -1,
      3068, 1216, 1215, -1,
      3076, 306, 3077, -1,
      3077, 306, 361, -1,
      3077, 361, 3078, -1,
      3078, 361, 3071, -1,
      3078, 3071, 3079, -1,
      3079, 3071, 3072, -1,
      3079, 3072, 3080, -1,
      3080, 3072, 3073, -1,
      3080, 3073, 3081, -1,
      3081, 3073, 3074, -1,
      3081, 3074, 3082, -1,
      3082, 3074, 3075, -1,
      3082, 3075, 3083, -1,
      3083, 3075, 1215, -1,
      3083, 1215, 3084, -1,
      3084, 1215, 3085, -1,
      1215, 1213, 3085, -1,
      3076, 3077, 3086, -1,
      3086, 3077, 3087, -1,
      3086, 3087, 3088, -1,
      3088, 3087, 3089, -1,
      3090, 3091, 3087, -1,
      3087, 3091, 3092, -1,
      3087, 3092, 3093, -1,
      3093, 3094, 3087, -1,
      3087, 3094, 3095, -1,
      3087, 3095, 3089, -1,
      3086, 307, 3076, -1,
      3076, 307, 306, -1,
      3090, 371, 3091, -1,
      3091, 371, 370, -1,
      3091, 370, 3092, -1,
      3092, 370, 369, -1,
      3092, 369, 3093, -1,
      3093, 369, 368, -1,
      3093, 368, 3094, -1,
      3094, 368, 3095, -1,
      368, 367, 3095, -1,
      3095, 367, 3089, -1,
      367, 364, 3089, -1,
      3089, 364, 3088, -1,
      364, 307, 3088, -1,
      3088, 307, 3086, -1,
      3096, 3097, 3098, -1,
      3098, 3097, 372, -1,
      3098, 372, 3090, -1,
      3090, 372, 371, -1,
      3096, 3099, 3097, -1,
      3097, 3099, 3100, -1,
      3099, 3101, 3100, -1,
      3100, 3101, 3102, -1,
      3101, 3103, 3102, -1,
      3102, 3103, 3104, -1,
      3103, 3105, 3104, -1,
      3104, 3105, 3106, -1,
      3106, 3105, 1194, -1,
      1194, 3105, 3107, -1,
      1194, 3107, 3108, -1,
      3108, 1191, 1194, -1,
      3098, 3090, 259, -1,
      259, 3090, 257, -1,
      3087, 3109, 3090, -1,
      3090, 3109, 3110, -1,
      3090, 3110, 257, -1,
      257, 3110, 254, -1,
      257, 254, 252, -1,
      3110, 3111, 254, -1,
      254, 3111, 271, -1,
      259, 261, 3098, -1,
      3098, 261, 3096, -1,
      3096, 261, 3099, -1,
      3099, 261, 263, -1,
      3099, 263, 265, -1,
      3099, 265, 3101, -1,
      3101, 265, 267, -1,
      3101, 267, 3103, -1,
      3103, 267, 269, -1,
      3103, 269, 3105, -1,
      3105, 269, 3111, -1,
      3105, 3111, 3107, -1,
      269, 271, 3111, -1,
      3112, 3113, 3114, -1,
      3114, 3113, 3115, -1,
      3113, 3116, 3115, -1,
      3115, 3116, 3117, -1,
      3115, 3117, 3118, -1,
      3115, 3118, 3111, -1,
      3111, 3118, 3119, -1,
      3111, 3119, 3120, -1,
      3120, 3108, 3111, -1,
      3111, 3108, 3107, -1,
      3121, 3112, 3122, -1,
      3122, 3112, 3114, -1,
      3123, 3124, 3115, -1,
      3115, 3124, 1184, -1,
      3115, 1184, 1197, -1,
      3115, 1197, 3114, -1,
      3114, 1197, 3125, -1,
      3114, 3125, 3122, -1,
      3124, 3123, 3126, -1,
      3126, 3123, 3127, -1,
      3110, 3128, 3123, -1,
      3123, 3128, 3122, -1,
      3123, 3122, 3127, -1,
      3127, 3122, 3125, -1,
      3110, 3109, 3128, -1,
      3128, 3121, 3122, -1,
      3127, 3129, 3126, -1,
      3126, 3129, 3130, -1,
      3130, 3131, 1184, -1,
      1184, 3131, 3132, -1,
      1184, 3132, 3133, -1,
      3133, 3134, 1184, -1,
      1184, 3134, 1185, -1,
      1184, 3124, 3130, -1,
      3130, 3124, 3126, -1,
      3129, 3135, 3130, -1,
      3130, 3135, 3131, -1,
      3136, 3132, 3135, -1,
      3135, 3132, 3131, -1,
      3132, 3136, 3133, -1,
      3133, 3136, 3137, -1,
      3133, 3137, 3138, -1,
      1199, 1185, 3138, -1,
      3138, 1185, 3134, -1,
      3138, 3134, 3133, -1,
      1199, 3138, 1197, -1,
      1197, 3138, 3137, -1,
      1197, 3137, 3136, -1,
      3136, 3135, 1197, -1,
      1197, 3135, 3129, -1,
      1197, 3129, 3125, -1,
      3125, 3129, 3127, -1,
      3139, 1225, 3047, -1,
      3047, 1225, 1218, -1,
      3047, 1218, 3140, -1,
      3141, 3142, 3140, -1,
      3140, 3142, 3143, -1,
      3140, 3143, 3047, -1,
      3141, 1198, 3142, -1,
      3142, 1198, 1196, -1,
      3142, 1196, 3112, -1,
      3112, 1196, 3113, -1,
      3112, 3121, 3142, -1,
      3142, 3121, 3144, -1,
      3128, 3145, 3121, -1,
      3121, 3145, 3144, -1,
      3047, 1374, 3139, -1,
      3139, 1374, 1373, -1,
      3146, 3147, 3139, -1,
      3139, 3147, 3148, -1,
      3139, 3148, 3149, -1,
      3149, 1229, 3139, -1,
      3139, 1229, 1225, -1,
      1233, 1229, 3150, -1,
      3150, 1229, 3149, -1,
      3150, 3149, 3148, -1,
      3150, 3148, 3151, -1,
      3151, 3148, 3147, -1,
      3151, 3147, 3152, -1,
      3152, 3147, 3153, -1,
      3147, 3146, 3153, -1,
      1230, 1233, 1377, -1,
      1377, 1233, 3150, -1,
      1377, 3150, 3151, -1,
      3151, 3152, 1377, -1,
      1377, 3152, 3153, -1,
      1373, 1375, 3139, -1,
      3139, 1375, 1376, -1,
      3139, 1376, 1377, -1,
      3153, 3146, 1377, -1,
      1377, 3146, 3139, -1,
      3154, 3055, 3143, -1,
      3143, 3055, 3048, -1,
      3143, 3048, 3047, -1,
      3143, 3155, 3154, -1,
      3055, 3154, 3056, -1,
      3056, 3154, 3156, -1,
      3056, 3156, 3077, -1,
      3077, 3156, 3144, -1,
      3077, 3144, 3087, -1,
      3087, 3144, 3145, -1,
      3087, 3145, 3109, -1,
      3109, 3145, 3128, -1,
      3144, 3156, 3142, -1,
      3142, 3156, 3157, -1,
      3157, 3155, 3142, -1,
      3142, 3155, 3143, -1,
      3157, 3156, 3155, -1,
      3155, 3156, 3154, -1,
      3078, 3060, 3077, -1,
      3077, 3060, 3056, -1,
      3084, 3069, 3083, -1,
      3083, 3069, 3067, -1,
      3083, 3067, 3065, -1,
      3083, 3065, 3082, -1,
      3082, 3065, 3063, -1,
      3082, 3063, 3081, -1,
      3081, 3063, 3061, -1,
      3081, 3061, 3080, -1,
      3080, 3061, 3079, -1,
      3061, 3058, 3079, -1,
      3079, 3058, 3060, -1,
      3079, 3060, 3078, -1,
      3140, 3158, 3141, -1,
      3141, 3158, 3159, -1,
      3158, 3160, 3159, -1,
      3159, 3160, 3161, -1,
      3160, 3162, 3161, -1,
      3161, 3162, 3163, -1,
      3162, 3164, 3163, -1,
      3163, 3164, 3165, -1,
      3164, 3166, 3165, -1,
      3165, 3166, 3167, -1,
      3166, 3070, 3167, -1,
      3167, 3070, 3085, -1,
      3070, 3069, 3085, -1,
      3085, 3069, 3084, -1,
      1198, 3141, 1203, -1,
      1203, 3141, 3159, -1,
      1203, 3159, 3161, -1,
      1203, 3161, 1205, -1,
      1205, 3161, 3163, -1,
      1205, 3163, 1207, -1,
      1207, 3163, 3165, -1,
      1207, 3165, 1209, -1,
      1209, 3165, 1211, -1,
      3165, 3167, 1211, -1,
      1211, 3167, 3085, -1,
      1211, 3085, 1213, -1,
      1218, 1204, 3140, -1,
      3140, 1204, 3158, -1,
      3158, 1204, 3160, -1,
      3160, 1204, 1206, -1,
      3160, 1206, 1208, -1,
      3160, 1208, 3162, -1,
      3162, 1208, 1210, -1,
      3162, 1210, 3164, -1,
      3164, 1210, 1212, -1,
      3164, 1212, 3166, -1,
      3166, 1212, 3070, -1,
      1212, 1214, 3070, -1,
      1196, 1195, 3113, -1,
      3113, 1195, 3116, -1,
      3116, 1195, 3117, -1,
      3117, 1195, 1189, -1,
      3117, 1189, 1190, -1,
      3117, 1190, 3118, -1,
      3118, 1190, 1193, -1,
      3118, 1193, 3119, -1,
      3119, 1193, 1192, -1,
      3119, 1192, 3120, -1,
      3120, 1192, 3108, -1,
      1192, 1191, 3108, -1,
      3110, 3123, 3111, -1,
      3111, 3123, 3115, -1,
      1194, 270, 3106, -1,
      3106, 270, 268, -1,
      3106, 268, 266, -1,
      3106, 266, 3104, -1,
      3104, 266, 264, -1,
      3104, 264, 3102, -1,
      3102, 264, 262, -1,
      3102, 262, 3100, -1,
      3100, 262, 3097, -1,
      262, 260, 3097, -1,
      3097, 260, 258, -1,
      3097, 258, 372, -1,
      1143, 1148, 338, -1,
      338, 1148, 336, -1,
      336, 1148, 335, -1,
      335, 1148, 1147, -1,
      335, 1147, 1146, -1,
      335, 1146, 354, -1,
      354, 1146, 1145, -1,
      354, 1145, 355, -1,
      355, 1145, 1144, -1,
      355, 1144, 356, -1,
      356, 1144, 357, -1,
      1144, 1142, 357, -1,
      3168, 3169, 3170, -1,
      3170, 3169, 1244, -1,
      3170, 1244, 1243, -1,
      3171, 3170, 1220, -1,
      1220, 3170, 1243, -1,
      3172, 3168, 3171, -1,
      3171, 3168, 3170, -1,
      3169, 3168, 3173, -1,
      3173, 3168, 3172, -1,
      3173, 3172, 3174, -1,
      3174, 3172, 3175, -1,
      3174, 3175, 3176, -1,
      3176, 3175, 3177, -1,
      3178, 3179, 3173, -1,
      3173, 3179, 3180, -1,
      3173, 3180, 3181, -1,
      3181, 3182, 3173, -1,
      3173, 3182, 3169, -1,
      3183, 3184, 3175, -1,
      3175, 3184, 3185, -1,
      3175, 3185, 3177, -1,
      1253, 1252, 3175, -1,
      3175, 1252, 3183, -1,
      3183, 1252, 3184, -1,
      3184, 1252, 1228, -1,
      3184, 1228, 1227, -1,
      3184, 1227, 3185, -1,
      3185, 1227, 1226, -1,
      3185, 1226, 3177, -1,
      3177, 1226, 1224, -1,
      3177, 1224, 3176, -1,
      3176, 1224, 3174, -1,
      1224, 1223, 3174, -1,
      1220, 1253, 3171, -1,
      3171, 1253, 3175, -1,
      3171, 3175, 3172, -1,
      3173, 3174, 1251, -1,
      1251, 3174, 1223, -1,
      1251, 1236, 3173, -1,
      3173, 1236, 3178, -1,
      3178, 1236, 3179, -1,
      3179, 1236, 1237, -1,
      3179, 1237, 1239, -1,
      3179, 1239, 3180, -1,
      3180, 1239, 1240, -1,
      3180, 1240, 3181, -1,
      3181, 1240, 1245, -1,
      3181, 1245, 3182, -1,
      3182, 1245, 3169, -1,
      1245, 1244, 3169, -1,
      677, 676, 797, -1,
      797, 676, 675, -1,
      797, 675, 674, -1,
      674, 673, 797, -1,
      797, 673, 672, -1,
      797, 672, 980, -1,
      980, 672, 670, -1,
      980, 670, 671, -1,
      807, 805, 950, -1,
      950, 805, 971, -1,
      971, 805, 973, -1,
      973, 805, 803, -1,
      973, 803, 801, -1,
      973, 801, 975, -1,
      975, 801, 799, -1,
      975, 799, 977, -1,
      977, 799, 798, -1,
      977, 798, 979, -1,
      979, 798, 980, -1,
      798, 797, 980, -1,
      811, 807, 963, -1,
      963, 807, 950, -1,
      814, 821, 965, -1,
      965, 821, 968, -1,
      968, 821, 969, -1,
      969, 821, 820, -1,
      969, 820, 819, -1,
      969, 819, 970, -1,
      970, 819, 818, -1,
      970, 818, 967, -1,
      967, 818, 813, -1,
      967, 813, 966, -1,
      966, 813, 963, -1,
      813, 811, 963, -1,
      965, 964, 814, -1,
      814, 964, 815, -1,
      826, 824, 941, -1,
      941, 824, 943, -1,
      943, 824, 945, -1,
      945, 824, 823, -1,
      945, 823, 822, -1,
      945, 822, 947, -1,
      947, 822, 817, -1,
      947, 817, 949, -1,
      949, 817, 816, -1,
      949, 816, 962, -1,
      962, 816, 964, -1,
      816, 815, 964, -1,
      939, 829, 941, -1,
      941, 829, 826, -1,
      833, 838, 938, -1,
      938, 838, 959, -1,
      959, 838, 960, -1,
      960, 838, 837, -1,
      960, 837, 836, -1,
      960, 836, 961, -1,
      961, 836, 835, -1,
      961, 835, 936, -1,
      936, 835, 834, -1,
      936, 834, 937, -1,
      937, 834, 939, -1,
      834, 829, 939, -1,
      830, 833, 953, -1,
      953, 833, 938, -1,
      828, 831, 940, -1,
      940, 831, 954, -1,
      954, 831, 955, -1,
      955, 831, 832, -1,
      955, 832, 841, -1,
      955, 841, 956, -1,
      956, 841, 840, -1,
      956, 840, 957, -1,
      957, 840, 839, -1,
      957, 839, 958, -1,
      958, 839, 953, -1,
      839, 830, 953, -1,
      827, 828, 942, -1,
      942, 828, 940, -1,
      933, 852, 934, -1,
      934, 852, 850, -1,
      934, 850, 847, -1,
      934, 847, 935, -1,
      935, 847, 845, -1,
      935, 845, 948, -1,
      948, 845, 843, -1,
      948, 843, 946, -1,
      946, 843, 944, -1,
      843, 842, 944, -1,
      944, 842, 827, -1,
      944, 827, 942, -1,
      856, 852, 928, -1,
      928, 852, 933, -1,
      857, 855, 926, -1,
      926, 855, 927, -1,
      927, 855, 929, -1,
      929, 855, 854, -1,
      929, 854, 861, -1,
      929, 861, 930, -1,
      930, 861, 860, -1,
      930, 860, 931, -1,
      931, 860, 859, -1,
      931, 859, 932, -1,
      932, 859, 928, -1,
      859, 856, 928, -1,
      1087, 687, 1084, -1,
      1084, 687, 702, -1,
      1084, 702, 1082, -1,
      1082, 702, 705, -1,
      1082, 705, 707, -1,
      710, 1077, 708, -1,
      708, 1077, 1079, -1,
      708, 1079, 707, -1,
      707, 1079, 1081, -1,
      707, 1081, 1082, -1,
      710, 712, 1077, -1,
      1077, 712, 1075, -1,
      714, 1026, 712, -1,
      712, 1026, 1075, -1,
      1026, 714, 1015, -1,
      1015, 714, 763, -1,
      763, 771, 1015, -1,
      1015, 771, 1017, -1,
      1017, 771, 1018, -1,
      1018, 771, 773, -1,
      1018, 773, 774, -1,
      1018, 774, 1019, -1,
      1019, 774, 895, -1,
      1019, 895, 1099, -1,
      1099, 895, 894, -1,
      1099, 894, 1100, -1,
      1100, 894, 1101, -1,
      894, 893, 1101, -1,
      1101, 893, 779, -1,
      1101, 779, 1008, -1,
      1008, 779, 778, -1,
      1008, 778, 1009, -1,
      1009, 778, 1102, -1,
      778, 883, 1102, -1,
      1102, 883, 886, -1,
      1102, 886, 1105, -1,
      1105, 886, 888, -1,
      1105, 888, 1107, -1,
      1107, 888, 1109, -1,
      888, 890, 1109, -1,
      1109, 890, 1111, -1,
      1111, 890, 892, -1,
      892, 3186, 1111, -1,
      1111, 3186, 3187, -1,
      3186, 3188, 3187, -1,
      3187, 3188, 3189, -1,
      3189, 3188, 3190, -1,
      3190, 3188, 3191, -1,
      3190, 3191, 3192, -1,
      3192, 3191, 3193, -1,
      1110, 1111, 3194, -1,
      3194, 1111, 3187, -1,
      3194, 3187, 3189, -1,
      3194, 3189, 3195, -1,
      3195, 3189, 3190, -1,
      3195, 3190, 3196, -1,
      3196, 3190, 3197, -1,
      3190, 3192, 3197, -1,
      3198, 3199, 3197, -1,
      3197, 3199, 3196, -1,
      3199, 3200, 3196, -1,
      3196, 3200, 3195, -1,
      3195, 3200, 3194, -1,
      3194, 3200, 3201, -1,
      3194, 3201, 1110, -1,
      1110, 3201, 891, -1,
      1110, 891, 1108, -1,
      1108, 891, 889, -1,
      889, 887, 1108, -1,
      1108, 887, 1106, -1,
      1106, 887, 1104, -1,
      1104, 887, 885, -1,
      1104, 885, 884, -1,
      1104, 884, 1103, -1,
      1103, 884, 777, -1,
      1103, 777, 1011, -1,
      1011, 777, 776, -1,
      1011, 776, 1012, -1,
      1012, 776, 1013, -1,
      776, 775, 1013, -1,
      1013, 775, 882, -1,
      1013, 882, 1112, -1,
      1112, 882, 881, -1,
      1112, 881, 1113, -1,
      1113, 881, 1114, -1,
      881, 880, 1114, -1,
      1114, 880, 879, -1,
      1114, 879, 1115, -1,
      1115, 879, 878, -1,
      1115, 878, 1116, -1,
      1116, 878, 1117, -1,
      878, 877, 1117, -1,
      1117, 877, 1006, -1,
      1006, 877, 699, -1,
      1006, 699, 1007, -1,
      1007, 699, 697, -1,
      1007, 697, 695, -1,
      691, 1089, 693, -1,
      693, 1089, 1119, -1,
      693, 1119, 695, -1,
      695, 1119, 1118, -1,
      695, 1118, 1007, -1,
      691, 689, 1089, -1,
      1089, 689, 1088, -1,
      687, 1087, 689, -1,
      689, 1087, 1088, -1,
      3198, 3193, 3199, -1,
      3199, 3193, 3191, -1,
      3199, 3191, 3188, -1,
      3199, 3188, 3200, -1,
      3200, 3188, 3186, -1,
      3200, 3186, 3201, -1,
      3201, 3186, 891, -1,
      3186, 892, 891, -1,
      3202, 3203, 3198, -1,
      3198, 3203, 3193, -1,
      3204, 3202, 3197, -1,
      3197, 3202, 3198, -1,
      3197, 3192, 3204, -1,
      3204, 3192, 3205, -1,
      3204, 3205, 3206, -1,
      3206, 3205, 3207, -1,
      3206, 3207, 3208, -1,
      3209, 3210, 3208, -1,
      3208, 3210, 3211, -1,
      3208, 3211, 3206, -1,
      3209, 3212, 3210, -1,
      3210, 3212, 3213, -1,
      3212, 3214, 3213, -1,
      3213, 3214, 3215, -1,
      3215, 3214, 3216, -1,
      3216, 3214, 3217, -1,
      3216, 3217, 3218, -1,
      3219, 3220, 3218, -1,
      3218, 3220, 3221, -1,
      3218, 3221, 3216, -1,
      3220, 3222, 3221, -1,
      3221, 3222, 3223, -1,
      3221, 3223, 3224, -1,
      3221, 3224, 3216, -1,
      3216, 3224, 3225, -1,
      3216, 3225, 3215, -1,
      3215, 3225, 3226, -1,
      3215, 3226, 3213, -1,
      3213, 3226, 3210, -1,
      3226, 3227, 3210, -1,
      3210, 3227, 3211, -1,
      3227, 3228, 3211, -1,
      3211, 3228, 3229, -1,
      3211, 3229, 3206, -1,
      3206, 3229, 3202, -1,
      3206, 3202, 3204, -1,
      3222, 3230, 3223, -1,
      3223, 3230, 3231, -1,
      3223, 3231, 3232, -1,
      3233, 3225, 3232, -1,
      3232, 3225, 3224, -1,
      3232, 3224, 3223, -1,
      3233, 3234, 3225, -1,
      3225, 3234, 3226, -1,
      3234, 3235, 3226, -1,
      3226, 3235, 3227, -1,
      3227, 3235, 3228, -1,
      3228, 3235, 3236, -1,
      3228, 3236, 3237, -1,
      3203, 3202, 3237, -1,
      3237, 3202, 3229, -1,
      3237, 3229, 3228, -1,
      3205, 3203, 3207, -1,
      3207, 3203, 3237, -1,
      3207, 3237, 3236, -1,
      3207, 3236, 3208, -1,
      3208, 3236, 3235, -1,
      3208, 3235, 3209, -1,
      3209, 3235, 3234, -1,
      3209, 3234, 3212, -1,
      3212, 3234, 3214, -1,
      3234, 3233, 3214, -1,
      3214, 3233, 3217, -1,
      3233, 3232, 3217, -1,
      3217, 3232, 3231, -1,
      3217, 3231, 3218, -1,
      3218, 3231, 3230, -1,
      3218, 3230, 3219, -1,
      3219, 3230, 3238, -1,
      3238, 3230, 3239, -1,
      3240, 3241, 3242, -1,
      3242, 3241, 3243, -1,
      3243, 3241, 3244, -1,
      3244, 3241, 3245, -1,
      3244, 3245, 3246, -1,
      3244, 3246, 3247, -1,
      3247, 3246, 3248, -1,
      3247, 3248, 3249, -1,
      3249, 3248, 3250, -1,
      3248, 3251, 3250, -1,
      3250, 3251, 3238, -1,
      3250, 3238, 3239, -1,
      3239, 3230, 3242, -1,
      3242, 3230, 3222, -1,
      3242, 3222, 3252, -1,
      3252, 3222, 3253, -1,
      3252, 3253, 3254, -1,
      3243, 3244, 3242, -1,
      3242, 3244, 3247, -1,
      3242, 3247, 3249, -1,
      3249, 3250, 3242, -1,
      3242, 3250, 3239, -1,
      3254, 3255, 3252, -1,
      3252, 3255, 3256, -1,
      3252, 3256, 3257, -1,
      3257, 3258, 3252, -1,
      3252, 3258, 3259, -1,
      3259, 3258, 3260, -1,
      3260, 3258, 3261, -1,
      3261, 3258, 3257, -1,
      3261, 3257, 3256, -1,
      3261, 3256, 3262, -1,
      3262, 3256, 3255, -1,
      3262, 3255, 3263, -1,
      3263, 3255, 3264, -1,
      3255, 3254, 3264, -1,
      3264, 3254, 3253, -1,
      3264, 3253, 3265, -1,
      3252, 3259, 3242, -1,
      3242, 3259, 3240, -1,
      3265, 3220, 3259, -1,
      3259, 3220, 3219, -1,
      3259, 3219, 3240, -1,
      3240, 3219, 3238, -1,
      3240, 3238, 3251, -1,
      3260, 3261, 3259, -1,
      3259, 3261, 3262, -1,
      3259, 3262, 3263, -1,
      3263, 3264, 3259, -1,
      3259, 3264, 3265, -1,
      3251, 3248, 3240, -1,
      3240, 3248, 3246, -1,
      3240, 3246, 3245, -1,
      3245, 3241, 3240, -1,
      3222, 3220, 3253, -1,
      3253, 3220, 3265, -1,
      3192, 3193, 3205, -1,
      3205, 3193, 3203, -1,
      907, 905, 1133, -1,
      1133, 905, 1131, -1,
      1131, 905, 1129, -1,
      1129, 905, 902, -1,
      1129, 902, 900, -1,
      1129, 900, 987, -1,
      987, 900, 899, -1,
      987, 899, 986, -1,
      986, 899, 898, -1,
      986, 898, 1136, -1,
      1136, 898, 1137, -1,
      898, 897, 1137, -1,
      1137, 897, 896, -1,
      1137, 896, 978, -1,
      978, 896, 800, -1,
      978, 800, 976, -1,
      976, 800, 974, -1,
      800, 802, 974, -1,
      974, 802, 804, -1,
      974, 804, 972, -1,
      972, 804, 806, -1,
      972, 806, 952, -1,
      952, 806, 951, -1,
      806, 808, 951, -1,
      808, 870, 951, -1,
      951, 870, 1120, -1,
      870, 869, 1120, -1,
      1120, 869, 1121, -1,
      1121, 869, 1122, -1,
      1122, 869, 868, -1,
      1122, 868, 867, -1,
      1122, 867, 1123, -1,
      1123, 867, 866, -1,
      1123, 866, 1094, -1,
      1094, 866, 685, -1,
      1094, 685, 1095, -1,
      1095, 685, 1096, -1,
      685, 684, 1096, -1,
      684, 688, 1096, -1,
      1096, 688, 1097, -1,
      688, 690, 1097, -1,
      1097, 690, 1098, -1,
      1098, 690, 1124, -1,
      1124, 690, 692, -1,
      1124, 692, 694, -1,
      1124, 694, 1125, -1,
      1125, 694, 696, -1,
      1125, 696, 1126, -1,
      1126, 696, 698, -1,
      1126, 698, 1003, -1,
      1003, 698, 1002, -1,
      698, 780, 1002, -1,
      1002, 780, 997, -1,
      997, 780, 782, -1,
      782, 786, 997, -1,
      997, 786, 995, -1,
      995, 786, 993, -1,
      993, 786, 788, -1,
      993, 788, 790, -1,
      993, 790, 991, -1,
      991, 790, 792, -1,
      991, 792, 990, -1,
      990, 792, 911, -1,
      990, 911, 981, -1,
      981, 911, 982, -1,
      911, 910, 982, -1,
      982, 910, 796, -1,
      982, 796, 984, -1,
      984, 796, 795, -1,
      984, 795, 985, -1,
      985, 795, 1127, -1,
      795, 901, 1127, -1,
      1127, 901, 903, -1,
      1127, 903, 1128, -1,
      1128, 903, 904, -1,
      1128, 904, 1130, -1,
      1130, 904, 1132, -1,
      904, 906, 1132, -1,
      3266, 3267, 3268, -1,
      3268, 3267, 3269, -1,
      3267, 3270, 3269, -1,
      3269, 3270, 3271, -1,
      3269, 3271, 3272, -1,
      3269, 3272, 3273, -1,
      3273, 3272, 3274, -1,
      3273, 3274, 3275, -1,
      3273, 3275, 3276, -1,
      3276, 3275, 3277, -1,
      3276, 3277, 3278, -1,
      3278, 3277, 1134, -1,
      3278, 1134, 909, -1,
      909, 1134, 1132, -1,
      909, 1132, 906, -1,
      3279, 3280, 3281, -1,
      3281, 3280, 3282, -1,
      3281, 3282, 3283, -1,
      3283, 3282, 3284, -1,
      3283, 3284, 3269, -1,
      3269, 3284, 3268, -1,
      3285, 3286, 3281, -1,
      3281, 3286, 3287, -1,
      3281, 3287, 3279, -1,
      3288, 3289, 3284, -1,
      3284, 3289, 3290, -1,
      3284, 3290, 3291, -1,
      3291, 3292, 3284, -1,
      3284, 3292, 3268, -1,
      3273, 3293, 3269, -1,
      3269, 3293, 3283, -1,
      1133, 1135, 908, -1,
      908, 1135, 3294, -1,
      908, 3294, 3295, -1,
      3295, 3294, 3296, -1,
      3295, 3296, 3297, -1,
      3297, 3296, 3298, -1,
      3297, 3298, 3293, -1,
      3293, 3298, 3299, -1,
      3293, 3299, 3283, -1,
      3283, 3299, 3300, -1,
      3283, 3300, 3301, -1,
      908, 907, 1133, -1,
      3301, 3302, 3283, -1,
      3283, 3302, 3281, -1,
      3302, 3303, 3281, -1,
      3303, 3304, 3281, -1,
      3281, 3304, 3285, -1,
      3285, 3304, 3286, -1,
      3286, 3304, 3305, -1,
      3286, 3305, 3306, -1,
      3286, 3306, 3287, -1,
      3287, 3306, 3307, -1,
      3287, 3307, 3279, -1,
      3279, 3307, 3308, -1,
      3279, 3308, 3280, -1,
      3280, 3308, 3282, -1,
      3308, 3309, 3282, -1,
      3310, 3284, 3309, -1,
      3309, 3284, 3282, -1,
      3310, 3311, 3284, -1,
      3284, 3311, 3288, -1,
      3288, 3311, 3289, -1,
      3289, 3311, 3312, -1,
      3289, 3312, 3313, -1,
      3289, 3313, 3290, -1,
      3290, 3313, 3314, -1,
      3290, 3314, 3291, -1,
      3291, 3314, 3315, -1,
      3291, 3315, 3292, -1,
      3292, 3315, 3268, -1,
      3315, 3266, 3268, -1,
      3267, 3310, 3302, -1,
      3302, 3310, 3309, -1,
      3302, 3309, 3303, -1,
      3303, 3309, 3308, -1,
      3303, 3308, 3307, -1,
      3267, 3266, 3310, -1,
      3310, 3266, 3315, -1,
      3310, 3315, 3314, -1,
      3314, 3313, 3310, -1,
      3310, 3313, 3312, -1,
      3310, 3312, 3311, -1,
      3307, 3306, 3303, -1,
      3303, 3306, 3305, -1,
      3303, 3305, 3304, -1,
      3267, 3302, 3270, -1,
      3270, 3302, 3301, -1,
      3270, 3301, 3300, -1,
      3299, 3272, 3300, -1,
      3300, 3272, 3271, -1,
      3300, 3271, 3270, -1,
      3272, 3299, 3274, -1,
      3274, 3299, 3298, -1,
      3274, 3298, 3275, -1,
      3275, 3298, 3296, -1,
      3275, 3296, 3277, -1,
      3277, 3296, 3294, -1,
      3277, 3294, 1134, -1,
      1134, 3294, 1135, -1,
      909, 908, 3278, -1,
      3278, 908, 3295, -1,
      3278, 3295, 3276, -1,
      3276, 3295, 3297, -1,
      3276, 3297, 3273, -1,
      3273, 3297, 3293, -1,
      920, 680, 925, -1,
      925, 680, 863, -1,
      920, 925, 915, -1,
      915, 925, 924, -1,
      812, 825, 3316, -1,
      3316, 825, 3317, -1,
      809, 812, 3318, -1,
      3318, 812, 3316, -1,
      3319, 810, 3318, -1,
      3318, 810, 809, -1,
      3319, 3320, 810, -1,
      810, 3320, 871, -1,
      3320, 3321, 871, -1,
      871, 3321, 872, -1,
      3321, 3322, 872, -1,
      872, 3322, 873, -1,
      3322, 3323, 873, -1,
      873, 3323, 874, -1,
      3323, 3324, 874, -1,
      874, 3324, 875, -1,
      3324, 3325, 875, -1,
      875, 3325, 876, -1,
      3325, 3326, 876, -1,
      876, 3326, 865, -1,
      3326, 3327, 865, -1,
      865, 3327, 864, -1,
      864, 3327, 862, -1,
      862, 3327, 3328, -1,
      3328, 3329, 862, -1,
      862, 3329, 858, -1,
      3329, 3330, 858, -1,
      858, 3330, 853, -1,
      3330, 3331, 853, -1,
      853, 3331, 851, -1,
      3331, 3332, 851, -1,
      851, 3332, 849, -1,
      3332, 3333, 849, -1,
      849, 3333, 848, -1,
      3333, 3334, 848, -1,
      848, 3334, 846, -1,
      3334, 3335, 846, -1,
      846, 3335, 844, -1,
      3335, 3317, 844, -1,
      844, 3317, 825, -1,
      3332, 3331, 3333, -1,
      3333, 3331, 3329, -1,
      3333, 3329, 3335, -1,
      3335, 3329, 3328, -1,
      3335, 3328, 3317, -1,
      3317, 3328, 3327, -1,
      3317, 3327, 3319, -1,
      3319, 3327, 3320, -1,
      3335, 3334, 3333, -1,
      3331, 3330, 3329, -1,
      3327, 3326, 3320, -1,
      3320, 3326, 3322, -1,
      3320, 3322, 3321, -1,
      3325, 3324, 3326, -1,
      3326, 3324, 3322, -1,
      3324, 3323, 3322, -1,
      3318, 3316, 3319, -1,
      3319, 3316, 3317, -1,
      527, 529, 3336, -1,
      3336, 529, 3337, -1,
      3336, 3337, 3338, -1,
      3338, 3337, 3339, -1,
      3338, 3339, 3340, -1,
      3340, 3339, 3341, -1,
      3340, 3341, 3342, -1,
      3342, 3341, 3336, -1,
      3342, 3336, 3343, -1,
      3343, 3336, 3338, -1,
      3341, 517, 3336, -1,
      3336, 517, 527, -1,
      3339, 518, 3341, -1,
      3341, 518, 517, -1,
      3337, 529, 3339, -1,
      3339, 529, 518, -1,
      3344, 3345, 3342, -1,
      3342, 3345, 3340, -1,
      3340, 3345, 3338, -1,
      3338, 3345, 3346, -1,
      3347, 3348, 3345, -1,
      3345, 3348, 3346, -1,
      3338, 3346, 3343, -1,
      3343, 3346, 3349, -1,
      3343, 3349, 3342, -1,
      3342, 3349, 3344, -1,
      3349, 3350, 3344, -1,
      3344, 3350, 3351, -1,
      3351, 3347, 3344, -1,
      3344, 3347, 3345, -1,
      3348, 3347, 3350, -1,
      3350, 3347, 3351, -1,
      3349, 3346, 3350, -1,
      3350, 3346, 3348, -1,
      504, 3352, 505, -1,
      505, 3352, 3353, -1,
      3354, 3355, 3352, -1,
      3352, 3355, 3353, -1,
      505, 3353, 506, -1,
      506, 3353, 3356, -1,
      506, 3356, 531, -1,
      531, 3356, 3357, -1,
      3356, 3358, 3357, -1,
      3357, 3358, 3359, -1,
      3357, 3352, 531, -1,
      531, 3352, 504, -1,
      3359, 3354, 3357, -1,
      3357, 3354, 3352, -1,
      3355, 3354, 3358, -1,
      3358, 3354, 3359, -1,
      3356, 3353, 3358, -1,
      3358, 3353, 3355, -1,
      520, 532, 3360, -1,
      3360, 532, 3361, -1,
      3361, 3362, 3360, -1,
      3360, 3362, 3363, -1,
      3360, 3363, 3364, -1,
      3361, 3365, 3362, -1,
      3362, 3365, 3366, -1,
      3365, 3367, 3366, -1,
      3366, 3367, 3364, -1,
      3367, 3360, 3364, -1,
      3367, 521, 3360, -1,
      3360, 521, 520, -1,
      3365, 523, 3367, -1,
      3367, 523, 521, -1,
      3361, 532, 3365, -1,
      3365, 532, 523, -1,
      3363, 3362, 3368, -1,
      3368, 3362, 3369, -1,
      3369, 3370, 3368, -1,
      3368, 3370, 3371, -1,
      3364, 3363, 3372, -1,
      3372, 3363, 3368, -1,
      3372, 3368, 3373, -1,
      3373, 3368, 3371, -1,
      3373, 3374, 3372, -1,
      3372, 3374, 3375, -1,
      3375, 3366, 3372, -1,
      3372, 3366, 3364, -1,
      3374, 3370, 3375, -1,
      3375, 3370, 3369, -1,
      3375, 3369, 3366, -1,
      3366, 3369, 3362, -1,
      3371, 3370, 3373, -1,
      3373, 3370, 3374, -1,
      510, 508, 3376, -1,
      3376, 508, 3377, -1,
      3377, 3378, 3376, -1,
      3376, 3378, 3379, -1,
      3376, 3379, 3380, -1,
      3377, 3381, 3378, -1,
      3378, 3381, 3382, -1,
      3381, 3383, 3382, -1,
      3382, 3383, 3380, -1,
      3383, 3376, 3380, -1,
      3383, 519, 3376, -1,
      3376, 519, 510, -1,
      3381, 530, 3383, -1,
      3383, 530, 519, -1,
      3377, 508, 3381, -1,
      3381, 508, 530, -1,
      3380, 3379, 3384, -1,
      3384, 3379, 3385, -1,
      3384, 3385, 3386, -1,
      3386, 3385, 3387, -1,
      3386, 3388, 3384, -1,
      3384, 3388, 3389, -1,
      3389, 3382, 3384, -1,
      3384, 3382, 3380, -1,
      3388, 3390, 3389, -1,
      3389, 3390, 3391, -1,
      3389, 3391, 3382, -1,
      3382, 3391, 3378, -1,
      3379, 3378, 3385, -1,
      3385, 3378, 3391, -1,
      3391, 3390, 3385, -1,
      3385, 3390, 3387, -1,
      3387, 3390, 3386, -1,
      3386, 3390, 3388, -1,
      533, 3392, 525, -1,
      525, 3392, 3393, -1,
      3392, 3394, 3393, -1,
      3393, 3394, 3395, -1,
      3393, 3396, 525, -1,
      525, 3396, 501, -1,
      501, 3396, 502, -1,
      502, 3396, 3397, -1,
      3398, 3399, 3396, -1,
      3396, 3399, 3397, -1,
      502, 3397, 533, -1,
      533, 3397, 3392, -1,
      3392, 3397, 3394, -1,
      3394, 3397, 3399, -1,
      3399, 3398, 3394, -1,
      3394, 3398, 3395, -1,
      3395, 3398, 3393, -1,
      3393, 3398, 3396, -1,
      3400, 3401, 3402, -1,
      3402, 3401, 3403, -1,
      3402, 3403, 493, -1,
      493, 3403, 511, -1,
      3404, 3402, 495, -1,
      495, 3402, 493, -1,
      3404, 3405, 3402, -1,
      3402, 3405, 3400, -1,
      3400, 3405, 3401, -1,
      3401, 3405, 3406, -1,
      3401, 3406, 3403, -1,
      3403, 3406, 3407, -1,
      3407, 509, 3403, -1,
      3403, 509, 511, -1,
      495, 509, 3404, -1,
      3404, 509, 3407, -1,
      3404, 3407, 3405, -1,
      3405, 3407, 3406, -1,
      500, 3408, 498, -1,
      498, 3408, 3409, -1,
      3410, 3411, 3408, -1,
      3408, 3411, 3409, -1,
      498, 3409, 497, -1,
      497, 3409, 3412, -1,
      497, 3412, 507, -1,
      507, 3412, 3413, -1,
      3412, 3414, 3413, -1,
      3413, 3414, 3415, -1,
      3413, 3408, 507, -1,
      507, 3408, 500, -1,
      3415, 3410, 3413, -1,
      3413, 3410, 3408, -1,
      3411, 3410, 3414, -1,
      3414, 3410, 3415, -1,
      3412, 3409, 3414, -1,
      3414, 3409, 3411, -1,
      513, 528, 3416, -1,
      3416, 528, 3417, -1,
      3417, 3418, 3416, -1,
      3416, 3418, 3419, -1,
      3416, 3419, 3420, -1,
      3417, 3421, 3418, -1,
      3418, 3421, 3422, -1,
      3421, 3423, 3422, -1,
      3422, 3423, 3420, -1,
      3423, 3416, 3420, -1,
      3423, 514, 3416, -1,
      3416, 514, 513, -1,
      3421, 516, 3423, -1,
      3423, 516, 514, -1,
      3417, 528, 3421, -1,
      3421, 528, 516, -1,
      3419, 3418, 3424, -1,
      3424, 3418, 3425, -1,
      3425, 3426, 3424, -1,
      3424, 3426, 3427, -1,
      3420, 3419, 3428, -1,
      3428, 3419, 3424, -1,
      3428, 3424, 3429, -1,
      3429, 3424, 3427, -1,
      3429, 3430, 3428, -1,
      3428, 3430, 3431, -1,
      3431, 3422, 3428, -1,
      3428, 3422, 3420, -1,
      3430, 3426, 3431, -1,
      3431, 3426, 3425, -1,
      3431, 3425, 3422, -1,
      3422, 3425, 3418, -1,
      3427, 3426, 3429, -1,
      3429, 3426, 3430, -1,
      3432, 524, 3433, -1,
      3433, 524, 526, -1,
      3432, 3434, 3435, -1,
      3435, 3434, 3436, -1,
      3435, 3436, 3437, -1,
      3432, 3433, 3434, -1,
      3434, 3433, 3438, -1,
      3433, 3439, 3438, -1,
      3438, 3439, 3437, -1,
      3439, 3435, 3437, -1,
      3439, 512, 3435, -1,
      3435, 512, 522, -1,
      522, 524, 3435, -1,
      3435, 524, 3432, -1,
      3433, 526, 3439, -1,
      3439, 526, 512, -1,
      3437, 3436, 3440, -1,
      3440, 3436, 3441, -1,
      3440, 3441, 3442, -1,
      3442, 3441, 3443, -1,
      3442, 3444, 3440, -1,
      3440, 3444, 3445, -1,
      3440, 3445, 3437, -1,
      3437, 3445, 3438, -1,
      3444, 3446, 3445, -1,
      3445, 3446, 3447, -1,
      3445, 3447, 3438, -1,
      3438, 3447, 3434, -1,
      3436, 3434, 3441, -1,
      3441, 3434, 3447, -1,
      3447, 3446, 3441, -1,
      3441, 3446, 3443, -1,
      3443, 3446, 3442, -1,
      3442, 3446, 3444, -1,
      402, 400, 467, -1,
      467, 400, 466, -1,
      466, 400, 465, -1,
      465, 400, 398, -1,
      465, 398, 396, -1,
      465, 396, 464, -1,
      464, 396, 394, -1,
      464, 394, 463, -1,
      463, 394, 393, -1,
      463, 393, 462, -1,
      462, 393, 461, -1,
      393, 391, 461, -1,
      3448, 3449, 3450, -1,
      3450, 3449, 3451, -1,
      3450, 3451, 453, -1,
      453, 3451, 3452, -1,
      453, 3452, 3453, -1,
      3454, 3455, 3450, -1,
      3450, 3455, 3456, -1,
      3450, 3456, 3457, -1,
      3457, 3458, 3450, -1,
      3450, 3458, 404, -1,
      3450, 404, 3459, -1,
      3459, 404, 3460, -1,
      3461, 3462, 402, -1,
      402, 3462, 3463, -1,
      402, 3463, 404, -1,
      404, 3463, 3464, -1,
      404, 3464, 3465, -1,
      3466, 3467, 467, -1,
      467, 3467, 3468, -1,
      467, 3468, 402, -1,
      402, 3468, 3469, -1,
      402, 3469, 3470, -1,
      3471, 3472, 459, -1,
      459, 3472, 3473, -1,
      459, 3473, 467, -1,
      467, 3473, 3474, -1,
      467, 3474, 3475, -1,
      458, 457, 459, -1,
      459, 457, 456, -1,
      459, 456, 455, -1,
      455, 454, 459, -1,
      459, 454, 453, -1,
      459, 453, 3453, -1,
      3465, 3460, 404, -1,
      3459, 3448, 3450, -1,
      3453, 3476, 459, -1,
      459, 3476, 3471, -1,
      3475, 3477, 467, -1,
      467, 3477, 3478, -1,
      467, 3478, 3466, -1,
      3470, 3479, 402, -1,
      402, 3479, 3480, -1,
      402, 3480, 3481, -1,
      3481, 3461, 402, -1,
      404, 3458, 405, -1,
      405, 3458, 428, -1,
      428, 3458, 432, -1,
      432, 3458, 3457, -1,
      432, 3457, 3456, -1,
      432, 3456, 433, -1,
      433, 3456, 3455, -1,
      433, 3455, 434, -1,
      434, 3455, 3454, -1,
      434, 3454, 435, -1,
      435, 3454, 429, -1,
      3454, 3450, 429, -1,
      438, 429, 453, -1,
      453, 429, 3450, -1,
      3462, 426, 3463, -1,
      3463, 426, 425, -1,
      425, 424, 3463, -1,
      3463, 424, 3464, -1,
      3464, 424, 3465, -1,
      3465, 424, 423, -1,
      3465, 423, 431, -1,
      3465, 431, 3460, -1,
      3460, 431, 430, -1,
      3460, 430, 3459, -1,
      3459, 430, 441, -1,
      3459, 441, 3448, -1,
      3448, 441, 3449, -1,
      441, 440, 3449, -1,
      440, 439, 3449, -1,
      3449, 439, 3451, -1,
      439, 437, 3451, -1,
      3451, 437, 3452, -1,
      3452, 437, 3453, -1,
      3453, 437, 436, -1,
      3453, 436, 452, -1,
      3453, 452, 3476, -1,
      3476, 452, 417, -1,
      3476, 417, 3471, -1,
      3471, 417, 416, -1,
      3471, 416, 3472, -1,
      3472, 416, 3473, -1,
      416, 414, 3473, -1,
      414, 413, 3473, -1,
      3473, 413, 3474, -1,
      413, 412, 3474, -1,
      3474, 412, 3475, -1,
      3475, 412, 3477, -1,
      3477, 412, 451, -1,
      3477, 451, 450, -1,
      3477, 450, 3478, -1,
      3478, 450, 422, -1,
      3478, 422, 3466, -1,
      3466, 422, 421, -1,
      3466, 421, 3467, -1,
      3467, 421, 3468, -1,
      421, 420, 3468, -1,
      3468, 420, 3469, -1,
      3469, 420, 419, -1,
      419, 418, 3469, -1,
      3469, 418, 3470, -1,
      3470, 418, 3479, -1,
      3479, 418, 449, -1,
      3479, 449, 448, -1,
      3479, 448, 3480, -1,
      3480, 448, 447, -1,
      3480, 447, 3481, -1,
      3481, 447, 427, -1,
      3481, 427, 3461, -1,
      3461, 427, 3462, -1,
      427, 426, 3462, -1,
      256, 255, 362, -1,
      362, 255, 276, -1,
      362, 276, 274, -1,
      275, 285, 274, -1,
      274, 285, 373, -1,
      274, 373, 362, -1,
      4, 69, 2, -1,
      2, 69, 3482, -1,
      3483, 7, 3484, -1,
      3484, 7, 2, -1,
      3484, 2, 3482, -1,
      3483, 3485, 7, -1,
      69, 77, 3482, -1,
      3482, 77, 3486, -1,
      3482, 3486, 3484, -1,
      3484, 3486, 3487, -1,
      3488, 3483, 3487, -1,
      3487, 3483, 3484, -1,
      3485, 3483, 3489, -1,
      3489, 3483, 3488, -1,
      3486, 33, 3487, -1,
      3487, 33, 34, -1,
      3487, 34, 3488, -1,
      3488, 34, 3489, -1,
      40, 33, 77, -1,
      77, 33, 3486, -1,
      7, 3485, 10, -1,
      10, 3485, 3490, -1,
      3491, 3492, 3489, -1,
      3489, 3492, 3493, -1,
      3489, 3493, 3485, -1,
      3485, 3493, 3494, -1,
      3485, 3494, 3495, -1,
      3495, 3494, 3496, -1,
      3495, 3496, 3497, -1,
      3497, 3496, 20, -1,
      3497, 20, 19, -1,
      34, 37, 3489, -1,
      3489, 37, 3498, -1,
      3489, 3498, 3499, -1,
      3499, 3500, 3489, -1,
      3489, 3500, 3491, -1,
      3500, 3501, 3491, -1,
      3491, 3501, 3502, -1,
      3501, 36, 3502, -1,
      3502, 36, 35, -1,
      3492, 3503, 3493, -1,
      3493, 3503, 3504, -1,
      3503, 26, 3504, -1,
      3504, 26, 21, -1,
      3495, 3505, 3485, -1,
      3485, 3505, 3506, -1,
      3485, 3506, 3507, -1,
      3505, 3508, 3506, -1,
      3506, 3508, 3509, -1,
      3508, 15, 3509, -1,
      3509, 15, 14, -1,
      3507, 3490, 3485, -1,
      8, 10, 3510, -1,
      3510, 10, 3490, -1,
      11, 8, 3511, -1,
      3511, 8, 3510, -1,
      3511, 3510, 3512, -1,
      3512, 3510, 3513, -1,
      3506, 3509, 3512, -1,
      3512, 3509, 3511, -1,
      3509, 14, 3511, -1,
      3511, 14, 11, -1,
      3506, 3512, 3507, -1,
      3507, 3512, 3513, -1,
      3510, 3490, 3513, -1,
      3513, 3490, 3507, -1,
      13, 15, 3514, -1,
      3514, 15, 3508, -1,
      17, 13, 3515, -1,
      3515, 13, 3514, -1,
      3515, 3514, 3516, -1,
      3516, 3514, 3517, -1,
      3495, 3497, 3516, -1,
      3516, 3497, 3515, -1,
      3497, 19, 3515, -1,
      3515, 19, 17, -1,
      3495, 3516, 3505, -1,
      3505, 3516, 3517, -1,
      3514, 3508, 3517, -1,
      3517, 3508, 3505, -1,
      18, 20, 3518, -1,
      3518, 20, 3496, -1,
      23, 18, 3519, -1,
      3519, 18, 3518, -1,
      3519, 3518, 3520, -1,
      3520, 3518, 3521, -1,
      3504, 21, 3519, -1,
      3519, 21, 23, -1,
      3493, 3504, 3520, -1,
      3520, 3504, 3519, -1,
      3493, 3520, 3494, -1,
      3494, 3520, 3521, -1,
      3518, 3496, 3521, -1,
      3521, 3496, 3494, -1,
      22, 26, 3522, -1,
      3522, 26, 3503, -1,
      3523, 3524, 3522, -1,
      3522, 3524, 3525, -1,
      3522, 3525, 22, -1,
      22, 3525, 28, -1,
      3491, 3524, 3492, -1,
      3492, 3524, 3523, -1,
      3522, 3503, 3523, -1,
      3523, 3503, 3492, -1,
      3491, 3502, 3524, -1,
      3524, 3502, 3525, -1,
      3502, 35, 3525, -1,
      3525, 35, 28, -1,
      30, 36, 3526, -1,
      3526, 36, 3501, -1,
      3527, 3528, 3526, -1,
      3526, 3528, 3529, -1,
      3526, 3529, 30, -1,
      30, 3529, 32, -1,
      3498, 37, 3529, -1,
      3529, 37, 32, -1,
      3499, 3498, 3528, -1,
      3528, 3498, 3529, -1,
      3499, 3528, 3500, -1,
      3500, 3528, 3527, -1,
      3526, 3501, 3527, -1,
      3527, 3501, 3500, -1,
      51, 61, 3530, -1,
      3530, 61, 3531, -1,
      61, 3532, 3531, -1,
      3531, 3532, 3533, -1,
      3531, 3533, 3534, -1,
      3534, 3533, 3535, -1,
      3534, 3535, 3536, -1,
      3536, 3535, 3537, -1,
      3536, 3537, 3538, -1,
      3538, 3537, 3539, -1,
      3537, 3540, 3539, -1,
      3539, 3540, 3541, -1,
      3540, 3542, 3541, -1,
      3541, 3542, 60, -1,
      3541, 60, 45, -1,
      3543, 16, 3544, -1,
      3544, 16, 25, -1,
      3544, 25, 3531, -1,
      3531, 25, 3530, -1,
      55, 3543, 57, -1,
      57, 3543, 3544, -1,
      57, 3544, 3545, -1,
      3545, 3544, 3546, -1,
      3545, 3546, 3547, -1,
      3547, 3546, 3548, -1,
      3547, 3548, 3549, -1,
      3549, 3548, 3550, -1,
      3548, 3551, 3550, -1,
      3550, 3551, 3552, -1,
      3551, 3553, 3552, -1,
      3552, 3553, 3554, -1,
      3553, 3555, 3554, -1,
      3554, 3555, 59, -1,
      3555, 44, 59, -1,
      57, 3545, 61, -1,
      61, 3545, 3532, -1,
      3554, 3542, 3552, -1,
      3552, 3542, 3540, -1,
      3552, 3540, 3537, -1,
      3552, 3537, 3550, -1,
      3550, 3537, 3535, -1,
      3550, 3535, 3549, -1,
      3549, 3535, 3533, -1,
      3549, 3533, 3547, -1,
      3547, 3533, 3545, -1,
      3533, 3532, 3545, -1,
      59, 60, 3554, -1,
      3554, 60, 3542, -1,
      3555, 3541, 44, -1,
      44, 3541, 45, -1,
      3544, 3531, 3546, -1,
      3546, 3531, 3534, -1,
      3546, 3534, 3536, -1,
      3546, 3536, 3548, -1,
      3548, 3536, 3538, -1,
      3548, 3538, 3551, -1,
      3551, 3538, 3539, -1,
      3551, 3539, 3553, -1,
      3553, 3539, 3555, -1,
      3539, 3541, 3555, -1,
      16, 3543, 55, -1,
      51, 3530, 25, -1,
      3556, 3557, 46, -1,
      46, 3557, 47, -1,
      52, 3558, 53, -1,
      53, 3558, 3559, -1,
      53, 3559, 3560, -1,
      3560, 3559, 3561, -1,
      3560, 3561, 3562, -1,
      3562, 3561, 3563, -1,
      3562, 3563, 3564, -1,
      3564, 3563, 3565, -1,
      3563, 3566, 3565, -1,
      3565, 3566, 3567, -1,
      3566, 3568, 3567, -1,
      3567, 3568, 3569, -1,
      3568, 3556, 3569, -1,
      3569, 3556, 62, -1,
      3556, 46, 62, -1,
      53, 3560, 63, -1,
      63, 3560, 3570, -1,
      65, 63, 3571, -1,
      3571, 63, 3572, -1,
      63, 3570, 3572, -1,
      3572, 3570, 3573, -1,
      3572, 3573, 3574, -1,
      3574, 3573, 3575, -1,
      3574, 3575, 3576, -1,
      3576, 3575, 3577, -1,
      3576, 3577, 3578, -1,
      3578, 3577, 3579, -1,
      3577, 3580, 3579, -1,
      3579, 3580, 3557, -1,
      3580, 3581, 3557, -1,
      3557, 3581, 48, -1,
      3557, 48, 47, -1,
      3558, 24, 3559, -1,
      3559, 24, 27, -1,
      3559, 27, 3572, -1,
      3572, 27, 3571, -1,
      3559, 3572, 3561, -1,
      3561, 3572, 3574, -1,
      3561, 3574, 3576, -1,
      3561, 3576, 3563, -1,
      3563, 3576, 3578, -1,
      3563, 3578, 3566, -1,
      3566, 3578, 3579, -1,
      3566, 3579, 3568, -1,
      3568, 3579, 3556, -1,
      3579, 3557, 3556, -1,
      65, 3571, 27, -1,
      24, 3558, 52, -1,
      62, 48, 3569, -1,
      3569, 48, 3581, -1,
      3569, 3581, 3567, -1,
      3567, 3581, 3580, -1,
      3567, 3580, 3577, -1,
      3567, 3577, 3565, -1,
      3565, 3577, 3575, -1,
      3565, 3575, 3564, -1,
      3564, 3575, 3573, -1,
      3564, 3573, 3562, -1,
      3562, 3573, 3560, -1,
      3573, 3570, 3560, -1,
      49, 41, 3582, -1,
      3582, 41, 3583, -1,
      64, 3584, 50, -1,
      50, 3584, 3585, -1,
      50, 3585, 3586, -1,
      3586, 3585, 3587, -1,
      3586, 3587, 3588, -1,
      3588, 3587, 3589, -1,
      3588, 3589, 3590, -1,
      3590, 3589, 3591, -1,
      3589, 3592, 3591, -1,
      3591, 3592, 3593, -1,
      3592, 3594, 3593, -1,
      3593, 3594, 3582, -1,
      3594, 3595, 3582, -1,
      3582, 3595, 49, -1,
      3595, 38, 49, -1,
      50, 3586, 42, -1,
      42, 3586, 3596, -1,
      43, 42, 3597, -1,
      3597, 42, 3598, -1,
      42, 3596, 3598, -1,
      3598, 3596, 3599, -1,
      3598, 3599, 3600, -1,
      3600, 3599, 3601, -1,
      3600, 3601, 3602, -1,
      3602, 3601, 3603, -1,
      3602, 3603, 3604, -1,
      3604, 3603, 3605, -1,
      3603, 3606, 3605, -1,
      3605, 3606, 3607, -1,
      3606, 3583, 3607, -1,
      3607, 3583, 41, -1,
      3607, 41, 39, -1,
      3584, 29, 3585, -1,
      3585, 29, 31, -1,
      3585, 31, 3598, -1,
      3598, 31, 3597, -1,
      3585, 3598, 3587, -1,
      3587, 3598, 3600, -1,
      3587, 3600, 3602, -1,
      3587, 3602, 3589, -1,
      3589, 3602, 3604, -1,
      3589, 3604, 3592, -1,
      3592, 3604, 3605, -1,
      3592, 3605, 3594, -1,
      3594, 3605, 3595, -1,
      3605, 3607, 3595, -1,
      3595, 3607, 38, -1,
      38, 3607, 39, -1,
      43, 3597, 31, -1,
      29, 3584, 64, -1,
      3582, 3583, 3593, -1,
      3593, 3583, 3606, -1,
      3593, 3606, 3603, -1,
      3593, 3603, 3591, -1,
      3591, 3603, 3601, -1,
      3591, 3601, 3590, -1,
      3590, 3601, 3599, -1,
      3590, 3599, 3588, -1,
      3588, 3599, 3586, -1,
      3599, 3596, 3586, -1,
      3, 58, 3608, -1,
      3608, 58, 3609, -1,
      0, 3610, 1, -1,
      1, 3610, 3611, -1,
      1, 3611, 3612, -1,
      3612, 3611, 3613, -1,
      3612, 3613, 3614, -1,
      3614, 3613, 3615, -1,
      3614, 3615, 3616, -1,
      3616, 3615, 3617, -1,
      3615, 3618, 3617, -1,
      3617, 3618, 3619, -1,
      3618, 3620, 3619, -1,
      3619, 3620, 3608, -1,
      3620, 3621, 3608, -1,
      3608, 3621, 3, -1,
      3621, 5, 3, -1,
      1, 3612, 56, -1,
      56, 3612, 3622, -1,
      54, 56, 3623, -1,
      3623, 56, 3624, -1,
      56, 3622, 3624, -1,
      3624, 3622, 3625, -1,
      3624, 3625, 3626, -1,
      3626, 3625, 3627, -1,
      3626, 3627, 3628, -1,
      3628, 3627, 3629, -1,
      3628, 3629, 3630, -1,
      3630, 3629, 3631, -1,
      3629, 3632, 3631, -1,
      3631, 3632, 3633, -1,
      3632, 3609, 3633, -1,
      3633, 3609, 58, -1,
      3633, 58, 6, -1,
      3610, 9, 3611, -1,
      3611, 9, 12, -1,
      3611, 12, 3624, -1,
      3624, 12, 3623, -1,
      3611, 3624, 3613, -1,
      3613, 3624, 3626, -1,
      3613, 3626, 3628, -1,
      3613, 3628, 3615, -1,
      3615, 3628, 3630, -1,
      3615, 3630, 3618, -1,
      3618, 3630, 3631, -1,
      3618, 3631, 3620, -1,
      3620, 3631, 3621, -1,
      3631, 3633, 3621, -1,
      3621, 3633, 5, -1,
      5, 3633, 6, -1,
      54, 3623, 12, -1,
      9, 3610, 0, -1,
      3608, 3609, 3619, -1,
      3619, 3609, 3632, -1,
      3619, 3632, 3629, -1,
      3619, 3629, 3617, -1,
      3617, 3629, 3627, -1,
      3617, 3627, 3616, -1,
      3616, 3627, 3625, -1,
      3616, 3625, 3614, -1,
      3614, 3625, 3612, -1,
      3625, 3622, 3612, -1,
    ]
  }
}
