#VRML V2.0 utf8
# 3D model generated by easyeda2kicad.py (https://github.com/uPesy/easyeda2kicad.py)

Shape{
    appearance Appearance {
        material  Material 	{
            diffuseColor 1.0 1.0 1.0
            specularColor 0.5019607843137255 0.5019607843137255 0.5019607843137255
            ambientIntensity 1.0
            transparency 0.0
            shininess 0.5
        }
    }
    geometry IndexedFaceSet {
        ccw TRUE
        solid FALSE
        coord DEF co Coordinate {
            point [
                -2.6772 0.9823 0.6739, -2.6772 1.1398 0.4331, -2.6772 0.9823 1.2158, -2.6772 1.1398 1.4567, -2.6772 0.628 1.2158, -2.6772 0.4705 1.4567, -2.6772 0.628 0.6739, -2.6772 0.4705 0.4331, -2.7953 0.9823 0.6739, -2.7953 1.1398 0.4331, -2.7953 0.628 0.6739, -2.7953 0.4705 0.4331, -2.7953 0.628 1.2158, -2.7953 0.4705 1.4567, -2.7953 0.9823 1.2158, -2.7953 1.1398 1.4567, 2.5787 1.1398 0.1575, 2.5787 1.1398 0.3543, 2.5787 1.061 0.3543, 2.5787 -2.0912 1.3166, 2.5787 -2.1053 1.304, 2.5787 -1.2421 0.748, 2.5787 -2.122 1.2951, 2.5787 0.8051 1.1962, 2.5787 1.1398 2.5984, 2.5787 1.061 2.5984, 2.5787 -0.3366 0.1575, 2.5787 -0.4412 2.1088, 2.5787 -1.2169 2.1088, 2.5787 -1.2421 0.9449, 2.5787 0.6083 1.1962, 2.5787 1.1398 1.5354, 2.5787 1.061 1.5354, 2.5787 0.6083 0.6503, 2.5787 0.8051 0.6503, 2.5787 -4.6545 1.2233, 2.5787 -4.6277 1.2502, 2.5787 -4.5948 2.0771, 2.5787 -4.5948 1.2694, 2.5787 -4.5581 1.2794, 2.5787 -2.0715 1.3686, 2.5787 -2.0738 1.3498, 2.5787 -1.0846 0.9449, 2.5787 -1.0846 0.1575, 2.5787 -0.4667 -1.0322, 2.5787 -0.9545 -1.0322, 2.5787 -5.3563 0.748, 2.5787 -4.6277 2.0962, 2.5787 -4.6545 2.3008, 2.5787 -5.3563 2.5984, 2.5787 -4.6735 2.2678, 2.5787 -4.6833 2.231, 2.5787 -4.6277 2.3277, 2.5787 -4.5948 2.3469, 2.5787 -4.5581 2.3568, 2.5787 -2.0804 1.3321, 2.5787 -4.6735 1.1903, 2.5787 -4.6833 1.1535, 2.5787 -4.4516 1.2795, 2.5787 -4.4516 2.0669, 2.5787 -4.52 1.2795, 2.5787 -4.52 2.0669, 2.5787 -4.5581 2.0671, 2.5787 -0.8762 -1.1024, 2.5787 -0.9501 -1.0508, 2.5787 -0.526 -1.1, 2.5787 -0.5081 -1.0932, 2.5787 -0.4924 -1.0822, 2.5787 -0.4711 -1.0508, 2.5787 -0.4798 -1.0678, 2.5787 -4.5581 0.9896, 2.5787 -4.52 0.9894, 2.5787 -2.1403 1.2905, 2.5787 -4.5948 0.9996, 2.5787 -4.6277 1.0187, 2.5787 -4.6545 1.0457, 2.5787 -4.6735 1.0787, 2.5787 -4.6833 1.1155, 2.5787 -1.2169 2.2771, 2.5787 -2.1053 2.0425, 2.5787 -2.0912 2.0299, 2.5787 -0.545 -1.1024, 2.5787 -4.6545 2.1232, 2.5787 -4.6735 2.1562, 2.5787 -4.6833 2.193, 2.5787 -4.52 2.357, 2.5787 -2.1403 2.056, 2.5787 -2.122 2.0513, 2.5787 -2.0804 2.0143, 2.5787 -2.0738 1.9966, 2.5787 -2.0715 1.9778, 2.5787 -0.9414 -1.0678, 2.5787 -0.9288 -1.0822, 2.5787 -0.8952 -1.1, 2.5787 -0.9131 -1.0932, 2.5787 -0.4412 2.2771, -2.3031 1.1398 2.5197, -2.3031 1.2579 2.5197, -2.3031 1.1398 1.4567, -2.3031 1.2579 1.4567, 2.3031 1.1398 0.1575, 2.3031 1.2579 0.1575, 2.3031 1.1398 0.4331, 2.3031 1.2579 0.4331, 0.3543 1.1398 2.5197, 1.7323 1.1398 2.5197, 0.3543 1.2579 2.5197, 1.7323 1.2579 2.5197, -2.185 1.2579 2.5197, -2.185 1.1398 2.5197, 2.3031 1.1398 2.5197, 2.3031 1.2579 2.5197, 2.185 1.1398 2.5197, 2.185 1.2579 2.5197, 2.3031 1.2579 1.4567, 2.3031 1.1398 1.4567, -2.3031 1.2579 0.1575, -2.3031 1.1398 0.1575, -2.3031 1.2579 0.4331, -2.3031 1.1398 0.4331, -0.3543 1.2579 2.5197, -1.7323 1.2579 2.5197, -0.3543 1.1398 2.5197, -1.7323 1.1398 2.5197, 2.6772 1.2579 1.4567, 2.6772 1.2579 0.4331, -2.6772 1.2579 1.4567, -2.6772 1.2579 0.4331, -0.3543 1.2579 2.6772, 0.3543 1.2579 2.6772, 1.7323 1.2579 2.6772, 2.185 1.2579 2.6772, -2.185 1.2579 2.6772, -1.7323 1.2579 2.6772, -1.7323 1.1398 2.6772, -2.185 1.1398 2.6772, 0.3543 1.1398 2.6772, -0.3543 1.1398 2.6772, 2.6772 1.1398 0.4331, 2.6772 1.1398 1.4567, 1.7323 1.1398 2.6772, 2.185 1.1398 2.6772, 2.185 1.2233 2.7607, 2.185 1.1988 2.7795, 2.185 1.061 2.7953, 2.185 1.061 2.6772, 2.185 1.1398 2.7953, 2.185 1.1703 2.7913, 2.185 1.2539 2.7077, 2.185 1.2421 2.7362, -0.5347 -2.3908 2.7953, -0.5085 -2.3746 2.7953, -1.8064 -2.4133 2.7953, 1.9712 -2.3864 2.7953, 1.9937 -2.4075 2.7953, 2.3819 1.061 2.7953, 1.7323 1.1398 2.7953, 1.7323 1.061 2.7953, -1.7323 1.061 2.7953, -1.7323 1.1398 2.7953, -2.185 1.1398 2.7953, -1.7823 -4.8563 2.7953, -2.0197 -2.4941 2.7953, -2.3819 -5.3563 2.7953, -2.0099 -2.4337 2.7953, -1.9937 -2.4075 2.7953, -2.3819 1.061 2.7953, -1.8832 -2.3657 2.7953, -1.8537 -2.3746 2.7953, -2.185 1.061 2.7953, 1.7918 -2.4404 2.7953, 1.8064 -2.4133 2.7953, 1.8275 -2.3908 2.7953, 1.8537 -2.3746 2.7953, 1.7847 -2.4705 2.7953, 0.3543 1.061 2.7953, -2.0188 -2.4633 2.7953, 1.8832 -2.3657 2.7953, 1.914 -2.3648 2.7953, 1.9441 -2.3718 2.7953, 2.0099 -2.4337 2.7953, 2.0188 -2.4633 2.7953, 2.3819 -5.3563 2.7953, 2.0197 -2.4941 2.7953, 1.7823 -4.8563 2.7953, 1.776 -4.8844 2.7953, 1.7629 -4.9102 2.7953, -1.7204 -4.9487 2.7953, -1.744 -4.9321 2.7953, -1.9712 -2.3864 2.7953, -1.9441 -2.3718 2.7953, -1.914 -2.3648 2.7953, 0.3543 1.1398 2.7953, -0.3543 1.1398 2.7953, -0.3543 1.061 2.7953, 1.744 -4.9321 2.7953, 1.7204 -4.9487 2.7953, 1.6935 -4.9591 2.7953, -1.7629 -4.9102 2.7953, -1.776 -4.8844 2.7953, -0.479 -2.3657 2.7953, -0.4482 -2.3648 2.7953, -0.3685 -2.4075 2.7953, 0.3685 -2.4075 2.7953, 0.391 -2.3864 2.7953, 0.7093 -3.7815 2.7953, 1.6529 -3.7815 2.7953, 0.5775 -2.4705 2.7953, 0.5704 -2.4404 2.7953, 0.5558 -2.4133 2.7953, -1.6529 -3.7815 2.7953, -0.7093 -3.7815 2.7953, -1.7847 -2.4705 2.7953, -0.5775 -2.4705 2.7953, -1.7918 -2.4404 2.7953, -0.5704 -2.4404 2.7953, -0.5558 -2.4133 2.7953, -0.6974 -4.9626 2.7953, -1.6648 -4.9626 2.7953, -1.6935 -4.9591 2.7953, -0.6687 -4.9591 2.7953, 0.6687 -4.9591 2.7953, 0.6418 -4.9487 2.7953, -0.5862 -4.8844 2.7953, -0.5993 -4.9102 2.7953, 0.5993 -4.9102 2.7953, -0.6182 -4.9321 2.7953, -1.8275 -2.3908 2.7953, 0.4482 -2.3648 2.7953, 0.479 -2.3657 2.7953, 0.5085 -2.3746 2.7953, 0.5347 -2.3908 2.7953, 0.3523 -2.4337 2.7953, -0.3523 -2.4337 2.7953, -0.3434 -2.4633 2.7953, 0.6182 -4.9321 2.7953, -0.6418 -4.9487 2.7953, 1.6648 -4.9626 2.7953, 0.6974 -4.9626 2.7953, -0.5799 -4.8563 2.7953, 0.5862 -4.8844 2.7953, -0.3425 -2.4941 2.7953, 0.4182 -2.3718 2.7953, -0.391 -2.3864 2.7953, -0.4182 -2.3718 2.7953, 0.5799 -4.8563 2.7953, 0.3425 -2.4941 2.7953, 0.3434 -2.4633 2.7953, 1.7323 1.061 2.6772, 1.7323 1.1703 2.7913, 1.7323 1.2539 2.7077, 1.7323 1.2421 2.7362, 1.7323 1.1988 2.7795, 1.7323 1.2233 2.7607, 2.4606 1.1398 1.5354, 2.4606 1.1398 2.5984, -2.4606 1.1398 2.5984, -2.4606 1.1398 1.5354, -2.5787 1.1398 2.5984, -2.5787 1.1398 1.5354, -2.4606 1.1398 0.3543, -2.4606 1.1398 0.1575, -2.5787 1.1398 0.3543, -2.5787 1.1398 0.1575, 2.4606 -1.2421 0.9449, 2.4606 -1.0846 0.9449, -2.4606 -1.2421 0.9449, -2.5787 -1.2421 0.9449, -2.4606 -1.0846 0.9449, -2.5787 -1.0846 0.9449, 2.4606 1.1398 0.3543, 2.4606 1.1398 0.1575, 2.4606 -5.3563 0.748, 2.4606 -5.3563 2.5984, 2.4579 -5.3563 2.6188, 2.572 -5.3563 2.6494, 2.4501 -5.3563 2.6378, 2.5524 -5.3563 2.6969, 2.4376 -5.3563 2.6541, 2.5211 -5.3563 2.7376, 2.4213 -5.3563 2.6666, 2.4803 -5.3563 2.7689, 2.4023 -5.3563 2.6745, 2.4328 -5.3563 2.7886, 2.3819 -5.3563 2.6772, -2.3819 -5.3563 2.6772, -2.4023 -5.3563 2.6745, -2.4328 -5.3563 2.7886, -2.4213 -5.3563 2.6666, -2.4803 -5.3563 2.7689, -2.4376 -5.3563 2.6541, -2.5211 -5.3563 2.7376, -2.4501 -5.3563 2.6378, -2.5524 -5.3563 2.6969, -2.4579 -5.3563 2.6188, -2.572 -5.3563 2.6494, -2.4606 -5.3563 2.5984, -2.5787 -5.3563 2.5984, -2.4606 -5.3563 0.748, -2.5787 -5.3563 0.748, -2.4579 -5.3563 0.7277, -2.572 -5.3563 0.6971, -2.4501 -5.3563 0.7087, -2.5524 -5.3563 0.6496, -2.4376 -5.3563 0.6924, -2.5211 -5.3563 0.6088, -2.4213 -5.3563 0.6798, -2.4803 -5.3563 0.5776, -2.4023 -5.3563 0.672, -2.4328 -5.3563 0.5579, -2.3819 -5.3563 0.6693, -2.3819 -5.3563 0.5512, 2.3819 -5.3563 0.6693, 2.3819 -5.3563 0.5512, 2.4023 -5.3563 0.672, 2.4328 -5.3563 0.5579, 2.4213 -5.3563 0.6798, 2.4803 -5.3563 0.5776, 2.4376 -5.3563 0.6924, 2.5211 -5.3563 0.6088, 2.4501 -5.3563 0.7087, 2.5524 -5.3563 0.6496, 2.4579 -5.3563 0.7277, 2.572 -5.3563 0.6971, -2.5787 1.061 0.3543, -2.5787 0.6083 1.1962, -2.5787 -1.2169 2.1088, -2.5787 -0.4412 2.1088, -2.5787 1.061 2.5984, -2.5787 1.061 1.5354, -2.5787 0.8051 0.6503, -2.5787 0.8051 1.1962, -2.5787 -1.2169 2.2771, -2.5787 0.6083 0.6503, -2.5787 -0.4412 2.2771, -2.5787 -1.0846 0.1575, -2.5787 -0.3366 0.1575, -2.5787 -2.0804 1.3321, -2.5787 -2.0738 1.3498, -2.5787 -0.9501 -1.0508, -2.5787 -0.9545 -1.0322, -2.5787 -0.8762 -1.1024, -2.5787 -2.1053 2.0425, -2.5787 -2.122 2.0513, -2.5787 -4.5948 2.3469, -2.5787 -4.6277 2.3277, -2.5787 -2.0715 1.3686, -2.5787 -2.0715 1.9778, -2.5787 -2.0738 1.9966, -2.5787 -2.0804 2.0143, -2.5787 -2.0912 2.0299, -2.5787 -4.6545 2.3008, -2.5787 -4.6735 2.2678, -2.5787 -4.6833 2.231, -2.5787 -2.1403 2.056, -2.5787 -4.52 2.357, -2.5787 -4.5581 2.3568, -2.5787 -4.5948 1.2694, -2.5787 -4.6277 1.2502, -2.5787 -4.6833 1.1155, -2.5787 -4.6735 1.0787, -2.5787 -4.6545 1.0457, -2.5787 -4.6277 1.0187, -2.5787 -4.5948 0.9996, -2.5787 -2.122 1.2951, -2.5787 -2.1053 1.304, -2.5787 -1.2421 0.748, -2.5787 -2.0912 1.3166, -2.5787 -0.4798 -1.0678, -2.5787 -0.4924 -1.0822, -2.5787 -0.545 -1.1024, -2.5787 -0.5081 -1.0932, -2.5787 -0.526 -1.1, -2.5787 -0.9131 -1.0932, -2.5787 -0.9288 -1.0822, -2.5787 -0.9414 -1.0678, -2.5787 -0.4667 -1.0322, -2.5787 -0.4711 -1.0508, -2.5787 -4.5581 2.0671, -2.5787 -4.5948 2.0771, -2.5787 -4.6277 2.0962, -2.5787 -0.8952 -1.1, -2.5787 -4.6833 2.193, -2.5787 -4.6735 2.1562, -2.5787 -4.6545 2.1232, -2.5787 -4.6545 1.2233, -2.5787 -4.6735 1.1903, -2.5787 -4.6833 1.1535, -2.5787 -4.5581 0.9896, -2.5787 -4.52 0.9894, -2.5787 -2.1403 1.2905, -2.5787 -4.4516 2.0669, -2.5787 -4.4516 1.2795, -2.5787 -4.52 2.0669, -2.5787 -4.52 1.2795, -2.5787 -4.5581 1.2794, -2.4606 1.061 1.5354, -2.4606 -0.3366 0.1575, -2.4606 1.061 0.3543, -2.4606 1.061 2.5984, -2.4606 -1.2421 0.748, -2.4606 -2.1053 1.304, -2.4606 -2.122 1.2951, -2.4606 -4.6277 1.2502, -2.4606 -4.5948 1.2694, -2.4606 -4.6277 2.3277, -2.4606 -4.5948 2.3469, -2.4606 -4.5581 2.3568, -2.4606 -2.0715 1.3686, -2.4606 -2.0715 1.9778, -2.4606 -2.0738 1.9966, -2.4606 -2.0912 2.0299, -2.4606 -2.0804 2.0143, -2.4606 -2.0738 1.3498, -2.4606 -2.0804 1.3321, -2.4606 -2.0912 1.3166, -2.4606 -2.1403 1.2905, -2.4606 -4.52 0.9894, -2.4606 -4.5581 0.9896, -2.4606 -4.5948 0.9996, -2.4606 -0.9545 -1.0322, -2.4606 -0.4667 -1.0322, -2.4606 -1.0846 0.1575, -2.4606 -2.1053 2.0425, -2.4606 -4.6277 1.0187, -2.4606 -4.6545 1.0457, -2.4606 -4.6735 1.0787, -2.4606 -4.6545 1.2233, -2.4606 -4.6833 2.193, -2.4606 -4.6833 2.231, -2.4606 -0.526 -1.1, -2.4606 -0.5081 -1.0932, -2.4606 -0.4924 -1.0822, -2.4606 -0.4711 -1.0508, -2.4606 -0.4798 -1.0678, -2.4606 -4.6735 2.2678, -2.4606 -4.6545 2.3008, -2.4606 -4.52 2.357, -2.4606 -2.1403 2.056, -2.4606 -2.122 2.0513, -2.4606 -0.9414 -1.0678, -2.4606 -0.8762 -1.1024, -2.4606 -0.9501 -1.0508, -2.4606 -0.545 -1.1024, -2.4606 -4.4551 1.2795, -2.4606 -4.4551 2.0669, -2.4606 -4.52 1.2795, -2.4606 -4.52 2.0669, -2.4606 -4.5581 1.2794, -2.4606 -4.5581 2.0671, -2.4606 -4.5948 2.0771, -2.4606 -4.6277 2.0962, -2.4606 -4.6545 2.1232, -2.4606 -4.6735 2.1562, -2.4606 -0.9288 -1.0822, -2.4606 -0.9131 -1.0932, -2.4606 -0.8952 -1.1, -2.4606 -4.6833 1.1155, -2.4606 -4.6833 1.1535, -2.4606 -4.6735 1.1903, -2.4396 -2.5466 1.5369, -2.4418 -2.544 1.5459, -2.4197 -2.5703 1.5162, -2.4426 -2.5431 1.5556, -2.2148 -2.8145 1.4853, -2.2148 -2.8145 1.8611, -2.4426 -2.5431 1.7909, -2.4197 -2.5703 1.8302, -2.4418 -2.544 1.8005, -2.4396 -2.5466 1.8095, -2.4257 -2.5631 1.5183, -2.4313 -2.5565 1.5227, -2.436 -2.5509 1.529, -2.436 -2.5509 1.8175, -2.4313 -2.5565 1.8238, -2.4257 -2.5631 1.8281, -2.533 -2.619 1.5459, -2.533 -2.619 1.8005, -2.53 -2.6226 1.8192, -2.5323 -2.6199 1.8101, -2.5102 -2.6462 1.8398, -2.3171 -2.8764 1.8689, -2.3171 -2.8764 1.4775, -2.5102 -2.6462 1.5066, -2.5323 -2.6199 1.5363, -2.53 -2.6226 1.5273, -2.5265 -2.6268 1.5194, -2.5218 -2.6324 1.5131, -2.5162 -2.639 1.5087, -2.5162 -2.639 1.8377, -2.5218 -2.6324 1.8334, -2.5265 -2.6268 1.8271, -2.5769 -4.4311 1.2808, -2.5769 -4.4311 2.0656, -2.3085 -2.9085 1.4735, -2.3085 -2.9085 1.873, -2.189 -2.9109 1.4731, -2.189 -2.9109 1.8733, -2.4588 -4.4413 1.2795, -2.4588 -4.4413 2.0669, -2.46 -4.4482 1.2795, -2.46 -4.4482 2.0669, -2.3123 -2.8835 1.4766, -2.3123 -2.8835 1.8698, -2.3092 -2.8915 1.4756, -2.3092 -2.8915 1.8709, -2.3079 -2.8999 1.4745, -2.3079 -2.8999 1.8719, -2.1873 -2.8853 1.4764, -2.1873 -2.8853 1.8701, -2.1912 -2.8598 1.4796, -2.1912 -2.8598 1.8669, -2.2005 -2.8359 1.4826, -2.2005 -2.8359 1.8638, -2.5783 -4.4413 2.0669, -2.5783 -4.4413 1.2795, -2.572 1.061 2.6494, -2.5524 1.061 2.6969, -2.5211 1.061 2.7376, -2.4803 1.061 2.7689, -2.4328 1.061 2.7886, -2.3819 1.061 2.6772, -2.4023 1.061 2.6745, -2.4213 1.061 2.6666, -2.4376 1.061 2.6541, -2.4501 1.061 2.6378, -2.4579 1.061 2.6188, 1.7918 -2.4404 2.6772, 1.7847 -2.4705 2.6772, -2.185 1.061 2.6772, 2.3819 1.061 2.6772, -0.479 -2.3657 2.6772, -0.5085 -2.3746 2.6772, -1.9937 -2.4075 2.6772, -1.9712 -2.3864 2.6772, -1.9441 -2.3718 2.6772, -1.7323 1.061 2.6772, -1.914 -2.3648 2.6772, -1.8832 -2.3657 2.6772, -0.3543 1.061 2.6772, 0.3543 1.061 2.6772, 1.9441 -2.3718 2.6772, 1.914 -2.3648 2.6772, -1.7823 -4.8563 2.6772, -1.776 -4.8844 2.6772, -2.0099 -2.4337 2.6772, -2.0188 -2.4633 2.6772, -2.0197 -2.4941 2.6772, 1.6567 -3.7442 2.6772, 0.7055 -3.7442 2.6772, 0.5775 -2.4705 2.6772, 0.5704 -2.4404 2.6772, -1.8064 -2.4133 2.6772, -1.8275 -2.3908 2.6772, -1.8537 -2.3746 2.6772, 1.7823 -4.8563 2.6772, 2.0197 -2.4941 2.6772, 2.0188 -2.4633 2.6772, 2.0099 -2.4337 2.6772, 1.9937 -2.4075 2.6772, 1.9712 -2.3864 2.6772, 1.8832 -2.3657 2.6772, 1.8537 -2.3746 2.6772, 1.8275 -2.3908 2.6772, 1.8064 -2.4133 2.6772, 0.4482 -2.3648 2.6772, 0.4182 -2.3718 2.6772, -0.3685 -2.4075 2.6772, 0.391 -2.3864 2.6772, 0.3685 -2.4075 2.6772, 0.3523 -2.4337 2.6772, 0.3434 -2.4633 2.6772, -0.3523 -2.4337 2.6772, -1.7629 -4.9102 2.6772, -1.744 -4.9321 2.6772, -1.7204 -4.9487 2.6772, 1.744 -4.9321 2.6772, 1.7629 -4.9102 2.6772, 1.776 -4.8844 2.6772, 0.479 -2.3657 2.6772, -0.5775 -2.4705 2.6772, -0.7055 -3.7442 2.6772, -1.6567 -3.7442 2.6772, 0.5558 -2.4133 2.6772, 0.5347 -2.3908 2.6772, 0.5085 -2.3746 2.6772, -0.391 -2.3864 2.6772, -0.4182 -2.3718 2.6772, -0.4482 -2.3648 2.6772, -0.5347 -2.3908 2.6772, -0.5558 -2.4133 2.6772, -0.5704 -2.4404 2.6772, -1.7918 -2.4404 2.6772, -1.7847 -2.4705 2.6772, 1.6648 -4.9626 2.6772, 1.6935 -4.9591 2.6772, 1.7204 -4.9487 2.6772, 0.3425 -2.4941 2.6772, -0.3425 -2.4941 2.6772, -0.3434 -2.4633 2.6772, -1.6935 -4.9591 2.6772, -1.6648 -4.9626 2.6772, -0.6974 -4.9626 2.6772, 0.6687 -4.9591 2.6772, -0.6687 -4.9591 2.6772, -0.6418 -4.9487 2.6772, 0.5862 -4.8844 2.6772, 0.5993 -4.9102 2.6772, -0.5993 -4.9102 2.6772, 0.6182 -4.9321 2.6772, 0.6974 -4.9626 2.6772, -0.6182 -4.9321 2.6772, 0.6418 -4.9487 2.6772, 0.5799 -4.8563 2.6772, -0.5862 -4.8844 2.6772, -0.5799 -4.8563 2.6772, -1.5566 -4.7405 2.6419, -1.5616 -4.6906 2.749, -1.6136 -4.1727 2.3771, -1.6124 -4.1846 2.513, -0.7486 -4.1727 2.3771, -0.7498 -4.1846 2.513, -0.8056 -4.7405 2.6419, -0.8006 -4.6906 2.749, -0.8468 -4.7969 2.6682, -0.8649 -4.8033 2.6712, -0.8841 -4.8054 2.6722, -1.4781 -4.8054 2.6722, -1.4973 -4.8033 2.6712, -1.5154 -4.7969 2.6682, -1.5312 -4.7868 2.6635, -1.5438 -4.7734 2.6573, -1.5524 -4.7577 2.6499, -0.8098 -4.7577 2.6499, -0.8184 -4.7734 2.6573, -0.831 -4.7868 2.6635, -1.4831 -4.7555 2.7792, -0.8791 -4.7555 2.7792, -1.5204 -4.747 2.7753, -1.5023 -4.7534 2.7782, -0.8599 -4.7534 2.7782, -0.8418 -4.747 2.7753, -1.5575 -4.7078 2.757, -1.5488 -4.7235 2.7643, -1.5362 -4.7368 2.7705, -0.826 -4.7368 2.7705, -0.8134 -4.7235 2.7643, -0.8047 -4.7078 2.757, -2.3819 -1.2421 0.5512, -2.4328 -1.2421 0.5579, -2.4803 -1.2421 0.5776, -2.5211 -1.2421 0.6088, -2.5524 -1.2421 0.6496, -2.572 -1.2421 0.6971, 1.7847 -2.4705 0.5512, 1.6529 -3.7815 0.5512, 0.7093 -3.7815 0.5512, -0.479 -2.3657 0.5512, -0.5085 -2.3746 0.5512, 0.391 -2.3864 0.5512, 0.3685 -2.4075 0.5512, -1.8064 -2.4133 0.5512, -1.8275 -2.3908 0.5512, -0.5704 -2.4404 0.5512, 2.0188 -2.4633 0.5512, 2.0099 -2.4337 0.5512, 2.3819 -1.2421 0.5512, 1.9937 -2.4075 0.5512, 0.4182 -2.3718 0.5512, -1.776 -4.8844 0.5512, -1.7629 -4.9102 0.5512, 2.0197 -2.4941 0.5512, 1.7823 -4.8563 0.5512, 1.9712 -2.3864 0.5512, 1.9441 -2.3718 0.5512, 1.914 -2.3648 0.5512, 0.5704 -2.4404 0.5512, 0.5558 -2.4133 0.5512, 0.5347 -2.3908 0.5512, 0.5085 -2.3746 0.5512, 0.479 -2.3657 0.5512, 0.4482 -2.3648 0.5512, -0.5347 -2.3908 0.5512, -0.5558 -2.4133 0.5512, -1.8832 -2.3657 0.5512, -1.914 -2.3648 0.5512, -1.9441 -2.3718 0.5512, -2.0099 -2.4337 0.5512, -2.0188 -2.4633 0.5512, -2.0197 -2.4941 0.5512, -1.7823 -4.8563 0.5512, -1.744 -4.9321 0.5512, -1.7204 -4.9487 0.5512, -1.6935 -4.9591 0.5512, 1.7204 -4.9487 0.5512, 1.744 -4.9321 0.5512, -1.8537 -2.3746 0.5512, -1.9712 -2.3864 0.5512, -1.9937 -2.4075 0.5512, 1.7629 -4.9102 0.5512, 1.776 -4.8844 0.5512, -0.3685 -2.4075 0.5512, -0.3523 -2.4337 0.5512, 0.3523 -2.4337 0.5512, 0.3434 -2.4633 0.5512, -0.391 -2.3864 0.5512, -0.4182 -2.3718 0.5512, -0.4482 -2.3648 0.5512, -0.7093 -3.7815 0.5512, -1.6529 -3.7815 0.5512, -0.5775 -2.4705 0.5512, -1.7847 -2.4705 0.5512, -1.7918 -2.4404 0.5512, 0.6974 -4.9626 0.5512, 1.6648 -4.9626 0.5512, 1.6935 -4.9591 0.5512, 1.8832 -2.3657 0.5512, 1.8537 -2.3746 0.5512, 1.8275 -2.3908 0.5512, 0.5775 -2.4705 0.5512, 1.8064 -2.4133 0.5512, 1.7918 -2.4404 0.5512, 0.6687 -4.9591 0.5512, -0.6687 -4.9591 0.5512, -0.6418 -4.9487 0.5512, 0.5862 -4.8844 0.5512, 0.5993 -4.9102 0.5512, -0.5993 -4.9102 0.5512, 0.6182 -4.9321 0.5512, 0.3425 -2.4941 0.5512, -0.3425 -2.4941 0.5512, -0.3434 -2.4633 0.5512, -0.6182 -4.9321 0.5512, 0.6418 -4.9487 0.5512, -1.6648 -4.9626 0.5512, -0.6974 -4.9626 0.5512, 0.5799 -4.8563 0.5512, -0.5862 -4.8844 0.5512, -0.5799 -4.8563 0.5512, -2.4579 -1.2421 0.7277, -2.4501 -1.2421 0.7087, -2.4376 -1.2421 0.6924, -2.4213 -1.2421 0.6798, -2.4023 -1.2421 0.672, -2.3819 -1.2421 0.6693, 1.914 -2.3648 0.6693, 1.9441 -2.3718 0.6693, 2.3819 -1.2421 0.6693, -2.0099 -2.4337 0.6693, -1.9937 -2.4075 0.6693, 1.8832 -2.3657 0.6693, 0.7055 -3.7442 0.6693, 1.6567 -3.7442 0.6693, 0.5775 -2.4705 0.6693, 1.7847 -2.4705 0.6693, 0.5704 -2.4404 0.6693, 0.5558 -2.4133 0.6693, 1.7918 -2.4404 0.6693, 1.8064 -2.4133 0.6693, 1.8275 -2.3908 0.6693, 1.8537 -2.3746 0.6693, 1.9712 -2.3864 0.6693, 1.9937 -2.4075 0.6693, 2.0099 -2.4337 0.6693, -1.6567 -3.7442 0.6693, -0.7055 -3.7442 0.6693, -1.7847 -2.4705 0.6693, -0.5775 -2.4705 0.6693, -1.7918 -2.4404 0.6693, 0.3685 -2.4075 0.6693, 0.391 -2.3864 0.6693, 0.4182 -2.3718 0.6693, 0.479 -2.3657 0.6693, 0.5085 -2.3746 0.6693, 0.5347 -2.3908 0.6693, -1.9712 -2.3864 0.6693, -1.9441 -2.3718 0.6693, -1.914 -2.3648 0.6693, -0.3685 -2.4075 0.6693, -0.3523 -2.4337 0.6693, -0.3434 -2.4633 0.6693, 0.3523 -2.4337 0.6693, -1.8832 -2.3657 0.6693, -1.8537 -2.3746 0.6693, -1.8275 -2.3908 0.6693, -0.5558 -2.4133 0.6693, -0.5347 -2.3908 0.6693, -0.5085 -2.3746 0.6693, -0.479 -2.3657 0.6693, -0.4482 -2.3648 0.6693, -0.4182 -2.3718 0.6693, -0.391 -2.3864 0.6693, 0.4482 -2.3648 0.6693, 2.0188 -2.4633 0.6693, 2.0197 -2.4941 0.6693, 1.7823 -4.8563 0.6693, 1.776 -4.8844 0.6693, -1.7629 -4.9102 0.6693, -1.776 -4.8844 0.6693, -0.5704 -2.4404 0.6693, -1.8064 -2.4133 0.6693, -1.744 -4.9321 0.6693, -0.3425 -2.4941 0.6693, 0.3425 -2.4941 0.6693, 0.3434 -2.4633 0.6693, 1.7629 -4.9102 0.6693, 1.744 -4.9321 0.6693, 1.7204 -4.9487 0.6693, -1.6648 -4.9626 0.6693, -1.6935 -4.9591 0.6693, -1.7204 -4.9487 0.6693, -1.7823 -4.8563 0.6693, -2.0197 -2.4941 0.6693, -2.0188 -2.4633 0.6693, -0.5862 -4.8844 0.6693, -0.5993 -4.9102 0.6693, 0.5993 -4.9102 0.6693, -0.6182 -4.9321 0.6693, -0.6687 -4.9591 0.6693, 0.6687 -4.9591 0.6693, 0.6418 -4.9487 0.6693, 0.6182 -4.9321 0.6693, -0.6418 -4.9487 0.6693, 1.6935 -4.9591 0.6693, 1.6648 -4.9626 0.6693, 0.6974 -4.9626 0.6693, -0.5799 -4.8563 0.6693, 0.5862 -4.8844 0.6693, 0.5799 -4.8563 0.6693, -0.6974 -4.9626 0.6693, -1.6136 -4.1727 0.9693, -1.6124 -4.1846 0.8335, -1.5566 -4.7405 0.7045, -1.5616 -4.6906 0.5975, -0.8056 -4.7405 0.7045, -0.8006 -4.6906 0.5975, -0.7486 -4.1727 0.9693, -0.7498 -4.1846 0.8335, -1.5154 -4.7969 0.6783, -1.4973 -4.8033 0.6753, -1.4781 -4.8054 0.6743, -0.8841 -4.8054 0.6743, -0.8649 -4.8033 0.6753, -0.8468 -4.7969 0.6783, -1.5524 -4.7577 0.6965, -1.5438 -4.7734 0.6892, -1.5312 -4.7868 0.683, -0.831 -4.7868 0.683, -0.8184 -4.7734 0.6892, -0.8098 -4.7577 0.6965, -0.8791 -4.7555 0.5672, -1.4831 -4.7555 0.5672, -0.8418 -4.747 0.5712, -0.8599 -4.7534 0.5682, -1.5023 -4.7534 0.5682, -1.5204 -4.747 0.5712, -1.5362 -4.7368 0.5759, -1.5488 -4.7235 0.5822, -1.5575 -4.7078 0.5895, -0.8047 -4.7078 0.5895, -0.8134 -4.7235 0.5822, -0.826 -4.7368 0.5759, 2.4606 -2.0738 1.3498, 2.4606 -2.0715 1.3686, 2.4606 1.061 2.5984, 2.4606 1.061 1.5354, 2.4606 -1.0846 0.1575, 2.4606 -0.3366 0.1575, 2.4606 -4.6277 2.0962, 2.4606 -4.5948 2.0771, 2.4606 -2.0738 1.9966, 2.4606 -2.0804 2.0143, 2.4606 -2.122 2.0513, 2.4606 -2.1403 2.056, 2.4606 -4.52 2.357, 2.4606 -4.5581 2.3568, 2.4606 -4.5948 2.3469, 2.4606 1.061 0.3543, 2.4606 -0.5081 -1.0932, 2.4606 -0.526 -1.1, 2.4606 -0.545 -1.1024, 2.4606 -2.0715 1.9778, 2.4606 -2.0912 2.0299, 2.4606 -2.1053 2.0425, 2.4606 -4.6277 2.3277, 2.4606 -4.6545 2.3008, 2.4606 -4.6735 2.2678, 2.4606 -4.6545 2.1232, 2.4606 -0.9501 -1.0508, 2.4606 -0.9545 -1.0322, 2.4606 -0.8762 -1.1024, 2.4606 -4.4551 2.0669, 2.4606 -4.4551 1.2795, 2.4606 -4.52 2.0669, 2.4606 -4.52 1.2795, 2.4606 -4.5581 2.0671, 2.4606 -4.5581 1.2794, 2.4606 -4.5948 1.2694, 2.4606 -4.6277 1.2502, 2.4606 -4.6545 1.2233, 2.4606 -4.6735 1.1903, 2.4606 -0.4667 -1.0322, 2.4606 -0.4711 -1.0508, 2.4606 -4.6833 1.1535, 2.4606 -4.6833 1.1155, 2.4606 -4.6735 1.0787, 2.4606 -4.6545 1.0457, 2.4606 -4.6277 1.0187, 2.4606 -4.5948 0.9996, 2.4606 -0.4798 -1.0678, 2.4606 -0.4924 -1.0822, 2.4606 -0.8952 -1.1, 2.4606 -0.9131 -1.0932, 2.4606 -0.9288 -1.0822, 2.4606 -4.6833 2.231, 2.4606 -4.6833 2.193, 2.4606 -4.6735 2.1562, 2.4606 -0.9414 -1.0678, 2.4606 -4.5581 0.9896, 2.4606 -4.52 0.9894, 2.4606 -1.2421 0.748, 2.4606 -2.1403 1.2905, 2.4606 -2.122 1.2951, 2.4606 -2.1053 1.304, 2.4606 -2.0912 1.3166, 2.4606 -2.0804 1.3321, 2.4396 -2.5466 1.8095, 2.4418 -2.544 1.8005, 2.4197 -2.5703 1.8302, 2.4426 -2.5431 1.7909, 2.2148 -2.8145 1.8611, 2.2148 -2.8145 1.4853, 2.4426 -2.5431 1.5556, 2.4197 -2.5703 1.5162, 2.4418 -2.544 1.5459, 2.4396 -2.5466 1.5369, 2.4257 -2.5631 1.8281, 2.4313 -2.5565 1.8238, 2.436 -2.5509 1.8175, 2.436 -2.5509 1.529, 2.4313 -2.5565 1.5227, 2.4257 -2.5631 1.5183, 2.533 -2.619 1.8005, 2.533 -2.619 1.5459, 2.53 -2.6226 1.5273, 2.5323 -2.6199 1.5363, 2.5102 -2.6462 1.5066, 2.3171 -2.8764 1.4775, 2.3171 -2.8764 1.8689, 2.5102 -2.6462 1.8398, 2.5323 -2.6199 1.8101, 2.53 -2.6226 1.8192, 2.5265 -2.6268 1.8271, 2.5218 -2.6324 1.8334, 2.5162 -2.639 1.8377, 2.5162 -2.639 1.5087, 2.5218 -2.6324 1.5131, 2.5265 -2.6268 1.5194, 2.5769 -4.4311 2.0656, 2.5769 -4.4311 1.2808, 2.3085 -2.9085 1.873, 2.3085 -2.9085 1.4735, 2.46 -4.4482 1.2795, 2.46 -4.4482 2.0669, 2.4588 -4.4413 2.0669, 2.4588 -4.4413 1.2795, 2.189 -2.9109 1.8733, 2.189 -2.9109 1.4731, 2.3123 -2.8835 1.8698, 2.3123 -2.8835 1.4766, 2.3092 -2.8915 1.8709, 2.3092 -2.8915 1.4756, 2.3079 -2.8999 1.8719, 2.3079 -2.8999 1.4745, 2.1873 -2.8853 1.8701, 2.1873 -2.8853 1.4764, 2.1912 -2.8598 1.8669, 2.1912 -2.8598 1.4796, 2.2005 -2.8359 1.8638, 2.2005 -2.8359 1.4826, 2.5783 -4.4413 1.2795, 2.5783 -4.4413 2.0669, 2.4328 1.061 2.7886, 2.4803 1.061 2.7689, 2.5211 1.061 2.7376, 2.5524 1.061 2.6969, 2.572 1.061 2.6494, 2.4579 1.061 2.6188, 2.4501 1.061 2.6378, 2.4376 1.061 2.6541, 2.4213 1.061 2.6666, 2.4023 1.061 2.6745, 1.6136 -4.1727 2.3771, 1.6124 -4.1846 2.513, 1.5566 -4.7405 2.6419, 1.5616 -4.6906 2.749, 0.8056 -4.7405 2.6419, 0.8006 -4.6906 2.749, 0.7486 -4.1727 2.3771, 0.7498 -4.1846 2.513, 1.5154 -4.7969 2.6682, 1.4973 -4.8033 2.6712, 1.4781 -4.8054 2.6722, 0.8841 -4.8054 2.6722, 0.8649 -4.8033 2.6712, 0.8468 -4.7969 2.6682, 1.5524 -4.7577 2.6499, 1.5438 -4.7734 2.6573, 1.5312 -4.7868 2.6635, 0.831 -4.7868 2.6635, 0.8184 -4.7734 2.6573, 0.8098 -4.7577 2.6499, 0.8791 -4.7555 2.7792, 1.4831 -4.7555 2.7792, 0.8418 -4.747 2.7753, 0.8599 -4.7534 2.7782, 1.5023 -4.7534 2.7782, 1.5204 -4.747 2.7753, 1.5362 -4.7368 2.7705, 1.5488 -4.7235 2.7643, 1.5575 -4.7078 2.757, 0.8047 -4.7078 2.757, 0.8134 -4.7235 2.7643, 0.826 -4.7368 2.7705, 2.572 -1.2421 0.6971, 2.5524 -1.2421 0.6496, 2.5211 -1.2421 0.6088, 2.4803 -1.2421 0.5776, 2.4328 -1.2421 0.5579, 2.4023 -1.2421 0.672, 2.4213 -1.2421 0.6798, 2.4376 -1.2421 0.6924, 2.4501 -1.2421 0.7087, 2.4579 -1.2421 0.7277, 1.5566 -4.7405 0.7045, 1.5616 -4.6906 0.5975, 1.6136 -4.1727 0.9693, 1.6124 -4.1846 0.8335, 0.7486 -4.1727 0.9693, 0.7498 -4.1846 0.8335, 0.8056 -4.7405 0.7045, 0.8006 -4.6906 0.5975, 0.8468 -4.7969 0.6783, 0.8649 -4.8033 0.6753, 0.8841 -4.8054 0.6743, 1.4781 -4.8054 0.6743, 1.4973 -4.8033 0.6753, 1.5154 -4.7969 0.6783, 1.5312 -4.7868 0.683, 1.5438 -4.7734 0.6892, 1.5524 -4.7577 0.6965, 0.8098 -4.7577 0.6965, 0.8184 -4.7734 0.6892, 0.831 -4.7868 0.683, 1.4831 -4.7555 0.5672, 0.8791 -4.7555 0.5672, 1.5204 -4.747 0.5712, 1.5023 -4.7534 0.5682, 0.8599 -4.7534 0.5682, 0.8418 -4.747 0.5712, 1.5575 -4.7078 0.5895, 1.5488 -4.7235 0.5822, 1.5362 -4.7368 0.5759, 0.826 -4.7368 0.5759, 0.8134 -4.7235 0.5822, 0.8047 -4.7078 0.5895, -2.5 -0.5199 2.1876, -2.5 -1.1382 2.1876, -2.5 -0.5199 2.1983, -2.5 -1.1382 2.1983, -2.5027 -1.1586 2.1672, -2.5027 -1.1586 2.2187, -2.5105 -1.1775 2.1482, -2.5105 -1.1775 2.2377, -2.5231 -1.1939 2.1319, -2.5231 -1.1939 2.254, -2.5308 -1.2006 2.2608, -2.5308 -1.2006 2.1251, -2.5394 -1.2064 2.2665, -2.5394 -1.2064 2.1194, -2.5486 -1.2109 2.2711, -2.5486 -1.2109 2.1148, -2.5584 -1.2142 2.2744, -2.5584 -1.2142 2.1115, -2.5685 -1.2162 2.1095, -2.5685 -1.2162 2.2764, -2.5105 -0.4806 2.2377, -2.5027 -0.4996 2.2187, -2.5685 -0.4419 2.2764, -2.5584 -0.4439 2.2744, -2.5486 -0.4472 2.2711, -2.5394 -0.4517 2.2665, -2.5308 -0.4575 2.2608, -2.5231 -0.4643 2.254, -2.5231 -0.4643 2.1319, -2.5308 -0.4575 2.1251, -2.5394 -0.4517 2.1194, -2.5486 -0.4472 2.1148, -2.5584 -0.4439 2.1115, -2.5685 -0.4419 2.1095, -2.5105 -0.4806 2.1482, -2.5027 -0.4996 2.1672, 2.5 -1.1382 2.1876, 2.5 -0.5199 2.1876, 2.5 -1.1382 2.1983, 2.5 -0.5199 2.1983, 2.5685 -0.4419 2.2764, 2.5685 -0.4419 2.1095, 2.5584 -0.4439 2.2744, 2.5584 -0.4439 2.1115, 2.5486 -0.4472 2.1148, 2.5486 -0.4472 2.2711, 2.5394 -0.4517 2.1194, 2.5394 -0.4517 2.2665, 2.5308 -0.4575 2.1251, 2.5308 -0.4575 2.2608, 2.5231 -0.4643 2.1319, 2.5231 -0.4643 2.254, 2.5105 -0.4806 2.2377, 2.5105 -0.4806 2.1482, 2.5027 -0.4996 2.2187, 2.5027 -0.4996 2.1672, 2.5231 -1.1939 2.1319, 2.5308 -1.2006 2.1251, 2.5394 -1.2064 2.1194, 2.5486 -1.2109 2.1148, 2.5584 -1.2142 2.1115, 2.5685 -1.2162 2.1095, 2.5105 -1.1775 2.1482, 2.5027 -1.1586 2.1672, 2.5105 -1.1775 2.2377, 2.5027 -1.1586 2.2187, 2.5685 -1.2162 2.2764, 2.5584 -1.2142 2.2744, 2.5486 -1.2109 2.2711, 2.5394 -1.2064 2.2665, 2.5308 -1.2006 2.2608, 2.5231 -1.1939 2.254, 0.3543 1.2233 2.7607, 0.3543 1.1988 2.7795, 0.3543 1.1703 2.7913, 0.3543 1.2539 2.7077, 0.3543 1.2421 2.7362, -1.7323 1.2233 2.7607, -1.7323 1.1988 2.7795, -1.7323 1.1703 2.7913, -1.7323 1.2539 2.7077, -1.7323 1.2421 2.7362, -0.3543 1.2233 2.7607, -0.3543 1.2421 2.7362, -0.3543 1.2539 2.7077, -0.3543 1.1703 2.7913, -0.3543 1.1988 2.7795, -2.185 1.2233 2.7607, -2.185 1.2421 2.7362, -2.185 1.2539 2.7077, -2.185 1.1703 2.7913, -2.185 1.1988 2.7795, 2.7953 0.4705 0.4331, 2.6772 0.4705 0.4331, 2.7953 1.1398 0.4331, 2.7607 1.2233 0.4331, 2.7795 1.1988 0.4331, 2.7913 1.1703 0.4331, 2.7077 1.2539 0.4331, 2.7362 1.2421 0.4331, 2.6772 0.4705 1.4567, 2.7953 0.4705 1.4567, 2.7953 1.1398 1.4567, 2.7913 1.1703 1.4567, 2.7077 1.2539 1.4567, 2.7362 1.2421 1.4567, 2.7795 1.1988 1.4567, 2.7607 1.2233 1.4567, -2.7607 1.2233 1.4567, -2.7795 1.1988 1.4567, -2.7913 1.1703 1.4567, -2.7077 1.2539 1.4567, -2.7362 1.2421 1.4567, -2.7913 1.1703 0.4331, -2.7077 1.2539 0.4331, -2.7362 1.2421 0.4331, -2.7795 1.1988 0.4331, -2.7607 1.2233 0.4331, 2.6772 0.9823 0.6739, 2.6772 0.628 0.6739, 2.6772 0.628 1.2158, 2.6772 0.9823 1.2158, 2.7953 0.9823 0.6739, 2.7953 0.9823 1.2158, 2.7953 0.628 1.2158, 2.7953 0.628 0.6739, 2.6181 0.6083 0.6503, 2.6181 0.8051 0.6503, 2.6181 0.8051 1.1962, 2.6181 0.6083 1.1962, 2.6575 0.6477 0.6897, 2.6575 0.7658 0.6897, 2.6575 0.6477 1.1568, 2.6575 0.7658 1.1568, 2.6421 0.797 1.188, 2.6459 0.7936 1.1846, 2.6459 0.7936 0.6618, 2.6522 0.7854 1.1765, 2.6522 0.7854 0.67, 2.6561 0.776 1.167, 2.6561 0.776 0.6795, 2.6421 0.797 0.6584, 2.6378 0.7999 0.6556, 2.6378 0.7999 1.1909, 2.6332 0.8021 0.6533, 2.6332 0.8021 1.1932, 2.6283 0.8038 0.6516, 2.6283 0.8038 1.1948, 2.6232 0.8048 0.6506, 2.6232 0.8048 1.1958, 2.6561 0.6375 1.167, 2.6522 0.628 1.1765, 2.6459 0.6198 1.1846, 2.6421 0.6164 1.188, 2.6232 0.6086 1.1958, 2.6283 0.6096 1.1948, 2.6332 0.6113 1.1932, 2.6378 0.6136 1.1909, 2.6232 0.6086 0.6506, 2.6283 0.6096 0.6516, 2.6332 0.6113 0.6533, 2.6378 0.6136 0.6556, 2.6421 0.6164 0.6584, 2.6459 0.6198 0.6618, 2.6522 0.628 0.67, 2.6561 0.6375 0.6795, -2.6181 0.8051 0.6503, -2.6181 0.6083 0.6503, -2.6181 0.6083 1.1962, -2.6181 0.8051 1.1962, -2.6575 0.7658 0.6897, -2.6575 0.6477 0.6897, -2.6575 0.7658 1.1568, -2.6575 0.6477 1.1568, -2.6225 0.6085 1.1959, -2.6225 0.6085 0.6506, -2.6269 0.6093 1.1952, -2.6269 0.6094 0.6514, -2.6283 0.6096 1.1948, -2.6283 0.6096 0.6516, -2.6352 0.6122 1.1923, -2.6352 0.6122 0.6542, -2.6377 0.6137 1.1907, -2.6377 0.6137 0.6558, -2.6427 0.6169 1.1876, -2.6427 0.6169 0.6589, -2.6458 0.62 0.662, -2.6459 0.6198 1.1846, -2.6489 0.6231 0.6651, -2.6486 0.6233 1.1811, -2.652 0.6281 0.6701, -2.6522 0.628 1.1765, -2.6536 0.6306 0.6726, -2.6533 0.6307 1.1738, -2.656 0.6375 0.6795, -2.6561 0.6375 1.167, -2.6565 0.6389 0.6809, -2.6563 0.6389 1.1655, -2.6232 0.8048 0.6506, -2.6283 0.8038 0.6516, -2.6332 0.8021 0.6533, -2.6378 0.7999 0.6556, -2.6421 0.797 0.6584, -2.6459 0.7936 0.6618, -2.6522 0.7854 0.67, -2.6561 0.776 0.6795, -2.6561 0.776 1.167, -2.6522 0.7854 1.1765, -2.6459 0.7936 1.1846, -2.6421 0.797 1.188, -2.6378 0.7999 1.1909, -2.6332 0.8021 1.1932, -2.6283 0.8038 1.1948, -2.6232 0.8048 1.1958
            ]
        }
        coordIndex [
            0,1,2,-1,2,1,3,-1,2,3,4,-1,4,3,5,-1,4,5,6,-1,6,5,7,-1,6,7,0,-1,0,7,1,-1,8,9,10,-1,10,9,11,-1,10,11,12,-1,12,11,13,-1,12,13,14,-1,14,13,15,-1,14,15,8,-1,8,15,9,-1,16,17,18,-1,19,20,21,-1,21,20,22,-1,23,24,25,-1,16,18,26,-1,27,28,29,-1,23,25,30,-1,31,24,32,-1,32,24,23,-1,32,23,18,-1,30,26,33,-1,33,26,18,-1,33,18,34,-1,34,18,23,-1,35,36,37,-1,37,36,38,-1,37,38,39,-1,40,41,28,-1,30,42,26,-1,26,42,43,-1,26,43,44,-1,44,43,45,-1,46,37,47,-1,48,49,50,-1,50,49,51,-1,48,52,49,-1,49,52,53,-1,49,53,54,-1,21,29,19,-1,19,29,28,-1,19,28,55,-1,55,28,41,-1,35,37,56,-1,56,37,46,-1,56,46,57,-1,58,59,60,-1,60,59,61,-1,60,61,39,-1,39,61,62,-1,39,62,37,-1,63,45,64,-1,65,66,44,-1,44,66,67,-1,44,67,68,-1,68,67,69,-1,70,46,71,-1,71,46,21,-1,71,21,72,-1,72,21,22,-1,70,73,46,-1,46,73,74,-1,46,74,75,-1,75,76,46,-1,46,76,77,-1,46,77,57,-1,78,79,80,-1,45,63,44,-1,44,63,81,-1,44,81,65,-1,47,82,46,-1,46,82,83,-1,46,83,49,-1,49,83,84,-1,49,84,51,-1,85,86,78,-1,78,86,87,-1,78,87,79,-1,80,88,78,-1,78,88,89,-1,78,89,28,-1,28,89,90,-1,28,90,40,-1,64,91,63,-1,63,91,92,-1,63,92,93,-1,93,92,94,-1,54,85,49,-1,49,85,78,-1,49,78,25,-1,25,78,95,-1,25,95,30,-1,30,95,27,-1,30,27,42,-1,42,27,29,-1,96,97,98,-1,98,97,99,-1,100,101,102,-1,102,101,103,-1,104,105,106,-1,106,105,107,-1,108,97,109,-1,109,97,96,-1,110,111,112,-1,112,111,113,-1,114,111,115,-1,115,111,110,-1,116,101,117,-1,117,101,100,-1,118,116,119,-1,119,116,117,-1,120,121,122,-1,122,121,123,-1,114,124,125,-1,108,101,118,-1,118,101,116,-1,97,108,99,-1,99,108,118,-1,99,118,126,-1,126,118,127,-1,128,129,120,-1,120,129,106,-1,130,131,107,-1,107,131,113,-1,132,133,108,-1,108,133,121,-1,108,121,101,-1,101,121,120,-1,101,120,103,-1,103,120,106,-1,103,106,125,-1,125,106,107,-1,125,107,114,-1,114,107,113,-1,114,113,111,-1,98,3,1,-1,123,134,135,-1,115,110,112,-1,1,119,98,-1,98,119,109,-1,98,109,96,-1,136,137,104,-1,104,137,122,-1,100,104,117,-1,117,104,122,-1,117,122,119,-1,119,122,123,-1,119,123,109,-1,109,123,135,-1,138,139,102,-1,102,139,115,-1,100,102,104,-1,104,102,115,-1,104,115,105,-1,105,115,112,-1,105,112,140,-1,140,112,141,-1,141,142,143,-1,112,113,141,-1,141,113,131,-1,144,145,146,-1,146,145,141,-1,146,141,147,-1,147,141,143,-1,131,148,141,-1,141,148,149,-1,141,149,142,-1,150,151,152,-1,153,154,155,-1,156,157,146,-1,146,157,144,-1,158,159,160,-1,161,162,163,-1,164,165,166,-1,167,168,169,-1,170,171,144,-1,144,171,172,-1,144,172,173,-1,170,144,174,-1,174,144,157,-1,174,157,175,-1,163,162,166,-1,166,162,176,-1,166,176,164,-1,173,177,144,-1,144,177,178,-1,144,178,155,-1,155,178,179,-1,155,179,153,-1,154,180,155,-1,155,180,181,-1,155,181,182,-1,182,181,183,-1,183,184,182,-1,182,184,185,-1,182,185,186,-1,163,187,188,-1,165,189,166,-1,166,189,190,-1,166,190,169,-1,169,190,191,-1,169,191,167,-1,192,193,175,-1,175,193,194,-1,175,194,174,-1,174,194,158,-1,174,158,169,-1,169,158,160,-1,186,195,182,-1,182,195,196,-1,182,196,197,-1,188,198,163,-1,163,198,199,-1,163,199,161,-1,200,201,169,-1,202,203,204,-1,205,206,207,-1,207,206,174,-1,207,174,208,-1,208,174,209,-1,210,211,212,-1,212,211,213,-1,212,213,214,-1,214,213,215,-1,214,215,152,-1,152,215,216,-1,152,216,150,-1,217,218,163,-1,163,218,219,-1,163,219,187,-1,220,221,222,-1,223,224,225,-1,225,224,226,-1,151,200,152,-1,152,200,169,-1,152,169,227,-1,227,169,168,-1,228,229,169,-1,169,229,230,-1,169,230,174,-1,174,230,231,-1,174,231,209,-1,203,202,232,-1,232,202,233,-1,232,233,234,-1,222,235,220,-1,220,235,225,-1,220,225,236,-1,236,225,226,-1,197,237,182,-1,182,237,238,-1,182,238,163,-1,163,238,221,-1,163,221,217,-1,217,221,220,-1,223,225,239,-1,239,225,240,-1,239,240,241,-1,204,242,202,-1,202,242,228,-1,202,228,243,-1,243,228,169,-1,243,169,244,-1,244,169,201,-1,240,245,241,-1,241,245,246,-1,241,246,234,-1,234,246,247,-1,234,247,232,-1,248,157,140,-1,140,157,156,-1,140,156,249,-1,107,105,130,-1,130,105,140,-1,130,140,250,-1,250,140,251,-1,249,252,140,-1,140,252,253,-1,140,253,251,-1,254,255,31,-1,31,255,24,-1,256,257,258,-1,258,257,259,-1,260,261,262,-1,262,261,263,-1,29,264,42,-1,42,264,265,-1,266,267,268,-1,268,267,269,-1,17,16,270,-1,270,16,271,-1,272,46,273,-1,273,46,49,-1,273,49,274,-1,274,49,275,-1,274,275,276,-1,276,275,277,-1,276,277,278,-1,278,277,279,-1,278,279,280,-1,280,279,281,-1,280,281,282,-1,282,281,283,-1,282,283,284,-1,284,283,182,-1,284,182,285,-1,285,182,163,-1,285,163,286,-1,286,163,287,-1,286,287,288,-1,288,287,289,-1,288,289,290,-1,290,289,291,-1,290,291,292,-1,292,291,293,-1,292,293,294,-1,294,293,295,-1,294,295,296,-1,296,295,297,-1,296,297,298,-1,298,297,299,-1,298,299,300,-1,300,299,301,-1,300,301,302,-1,302,301,303,-1,302,303,304,-1,304,303,305,-1,304,305,306,-1,306,305,307,-1,306,307,308,-1,308,307,309,-1,308,309,310,-1,310,309,311,-1,310,311,312,-1,312,311,313,-1,312,313,314,-1,314,313,315,-1,314,315,316,-1,316,315,317,-1,316,317,318,-1,318,317,319,-1,318,319,320,-1,320,319,321,-1,320,321,322,-1,322,321,323,-1,322,323,272,-1,272,323,46,-1,324,262,263,-1,325,326,327,-1,258,259,328,-1,328,259,329,-1,330,331,329,-1,332,297,328,-1,269,325,333,-1,331,325,329,-1,329,325,327,-1,329,327,328,-1,328,327,334,-1,328,334,332,-1,335,269,336,-1,336,269,333,-1,336,333,263,-1,263,333,330,-1,263,330,324,-1,324,330,329,-1,337,338,332,-1,339,340,341,-1,332,342,343,-1,297,344,345,-1,338,346,332,-1,332,346,347,-1,332,347,348,-1,348,349,332,-1,332,349,350,-1,332,350,342,-1,345,351,297,-1,297,351,352,-1,297,352,353,-1,343,354,332,-1,332,354,355,-1,332,355,297,-1,297,355,356,-1,297,356,344,-1,297,357,358,-1,299,359,360,-1,360,361,299,-1,299,361,362,-1,299,362,363,-1,364,365,366,-1,366,365,367,-1,366,367,267,-1,368,369,370,-1,370,369,371,-1,370,371,372,-1,341,340,370,-1,373,374,375,-1,325,269,326,-1,326,269,267,-1,326,267,332,-1,332,267,367,-1,332,367,337,-1,335,336,340,-1,340,336,376,-1,340,376,370,-1,370,376,377,-1,370,377,368,-1,378,357,379,-1,379,357,380,-1,339,341,375,-1,375,341,381,-1,375,381,373,-1,353,382,297,-1,297,382,383,-1,297,383,357,-1,357,383,384,-1,357,384,380,-1,358,385,297,-1,297,385,386,-1,297,386,299,-1,299,386,387,-1,299,387,359,-1,363,388,299,-1,299,388,389,-1,299,389,366,-1,366,389,390,-1,366,390,364,-1,391,392,393,-1,393,392,394,-1,393,394,378,-1,378,394,395,-1,378,395,357,-1,396,397,398,-1,398,397,261,-1,398,261,260,-1,296,396,399,-1,399,396,257,-1,399,257,256,-1,400,401,402,-1,403,404,296,-1,405,406,296,-1,296,406,407,-1,408,266,409,-1,409,266,410,-1,268,411,266,-1,266,411,412,-1,266,412,410,-1,408,413,266,-1,266,413,414,-1,266,414,400,-1,400,414,415,-1,400,415,401,-1,402,416,400,-1,400,416,417,-1,400,417,298,-1,298,417,418,-1,298,418,419,-1,420,421,422,-1,422,421,397,-1,422,397,268,-1,268,397,396,-1,268,396,411,-1,411,396,423,-1,419,424,298,-1,298,424,425,-1,298,425,426,-1,403,296,427,-1,296,428,429,-1,430,431,421,-1,421,431,432,-1,421,432,433,-1,433,432,434,-1,429,435,296,-1,296,435,436,-1,296,436,405,-1,407,437,296,-1,296,437,438,-1,296,438,396,-1,396,438,439,-1,396,439,423,-1,440,441,442,-1,442,441,420,-1,420,441,421,-1,421,441,443,-1,421,443,430,-1,444,445,446,-1,446,445,447,-1,446,447,448,-1,448,447,449,-1,448,449,404,-1,404,449,450,-1,450,451,404,-1,404,451,452,-1,404,452,296,-1,296,452,453,-1,296,453,428,-1,454,455,440,-1,440,455,456,-1,440,456,441,-1,426,457,298,-1,298,457,458,-1,298,458,296,-1,296,458,459,-1,296,459,427,-1,408,409,346,-1,346,409,347,-1,460,461,462,-1,462,461,463,-1,462,463,464,-1,464,463,465,-1,465,463,466,-1,465,466,467,-1,467,466,468,-1,467,468,469,-1,470,471,462,-1,462,471,472,-1,462,472,460,-1,469,473,467,-1,467,473,474,-1,467,474,475,-1,476,477,463,-1,463,477,466,-1,478,479,480,-1,480,479,477,-1,480,477,481,-1,481,477,482,-1,482,477,476,-1,482,476,483,-1,483,476,484,-1,483,484,485,-1,485,486,483,-1,483,486,487,-1,483,487,488,-1,489,490,480,-1,480,490,491,-1,480,491,478,-1,492,493,494,-1,494,493,495,-1,496,497,498,-1,498,497,499,-1,498,499,500,-1,500,499,501,-1,445,444,501,-1,501,444,500,-1,481,482,502,-1,481,502,503,-1,503,502,504,-1,503,504,505,-1,505,504,506,-1,505,506,507,-1,507,506,494,-1,507,494,495,-1,497,496,508,-1,497,508,509,-1,509,508,510,-1,509,510,511,-1,511,510,512,-1,511,512,513,-1,513,512,464,-1,513,464,465,-1,493,492,514,-1,514,492,515,-1,514,515,391,-1,391,515,392,-1,328,297,295,-1,328,295,516,-1,516,295,293,-1,516,293,517,-1,517,293,291,-1,517,291,518,-1,518,291,289,-1,518,289,519,-1,519,289,287,-1,519,287,520,-1,520,287,163,-1,520,163,166,-1,521,285,522,-1,522,285,286,-1,522,286,523,-1,523,286,288,-1,523,288,524,-1,524,288,290,-1,524,290,525,-1,525,290,292,-1,525,292,526,-1,526,292,294,-1,526,294,399,-1,399,294,296,-1,527,528,529,-1,530,284,145,-1,145,284,248,-1,145,248,141,-1,141,248,140,-1,531,532,529,-1,533,521,534,-1,534,521,535,-1,135,134,529,-1,529,134,536,-1,535,521,537,-1,537,521,529,-1,537,529,538,-1,137,136,539,-1,539,136,540,-1,541,542,539,-1,543,544,285,-1,533,545,521,-1,521,545,546,-1,521,546,285,-1,285,546,547,-1,285,547,543,-1,548,549,528,-1,528,549,550,-1,528,550,551,-1,552,553,529,-1,529,553,554,-1,529,554,538,-1,555,556,284,-1,284,556,557,-1,284,557,248,-1,248,557,558,-1,248,558,540,-1,540,558,559,-1,540,559,539,-1,539,559,560,-1,539,560,541,-1,542,561,539,-1,539,561,562,-1,539,562,536,-1,536,562,563,-1,536,563,529,-1,529,563,564,-1,529,564,527,-1,565,566,567,-1,567,566,568,-1,567,568,569,-1,569,570,567,-1,567,570,571,-1,567,571,572,-1,544,573,285,-1,285,573,574,-1,285,574,575,-1,576,577,284,-1,284,577,578,-1,284,578,555,-1,579,565,529,-1,580,581,582,-1,551,583,528,-1,528,583,584,-1,528,584,529,-1,529,584,585,-1,529,585,579,-1,567,586,565,-1,565,586,587,-1,565,587,529,-1,529,587,588,-1,529,588,531,-1,532,589,529,-1,529,589,590,-1,529,590,552,-1,552,590,591,-1,552,591,592,-1,592,591,580,-1,592,580,593,-1,593,580,582,-1,594,595,284,-1,284,595,596,-1,284,596,576,-1,597,598,571,-1,571,598,599,-1,571,599,572,-1,575,600,285,-1,285,600,601,-1,285,601,602,-1,603,604,605,-1,606,607,608,-1,608,607,609,-1,594,284,610,-1,610,284,285,-1,610,285,603,-1,603,285,602,-1,603,602,604,-1,605,611,603,-1,603,611,608,-1,603,608,612,-1,612,608,609,-1,606,608,613,-1,613,608,614,-1,613,614,597,-1,597,614,615,-1,597,615,598,-1,438,354,439,-1,439,354,343,-1,439,343,423,-1,423,343,342,-1,423,342,411,-1,411,342,350,-1,411,350,412,-1,412,350,349,-1,412,349,410,-1,410,349,348,-1,410,348,409,-1,409,348,347,-1,355,354,437,-1,437,354,438,-1,447,393,449,-1,449,393,378,-1,449,378,450,-1,450,378,379,-1,450,379,451,-1,451,379,380,-1,451,380,452,-1,452,380,384,-1,452,384,453,-1,453,384,383,-1,453,383,428,-1,428,383,382,-1,428,382,429,-1,429,382,353,-1,429,353,435,-1,435,353,352,-1,435,352,436,-1,436,352,351,-1,436,351,405,-1,405,351,345,-1,405,345,406,-1,406,345,344,-1,406,344,407,-1,407,344,356,-1,407,356,437,-1,437,356,355,-1,393,447,391,-1,391,447,445,-1,391,445,514,-1,514,445,501,-1,514,501,499,-1,467,480,465,-1,465,480,481,-1,465,481,513,-1,513,481,503,-1,513,503,511,-1,511,503,505,-1,511,505,509,-1,509,505,507,-1,509,507,497,-1,514,499,493,-1,493,499,497,-1,493,497,495,-1,495,497,507,-1,480,467,475,-1,480,475,489,-1,489,475,474,-1,489,474,490,-1,490,474,473,-1,490,473,491,-1,491,473,469,-1,491,469,478,-1,478,469,468,-1,478,468,479,-1,479,468,466,-1,479,466,477,-1,543,547,161,-1,161,547,162,-1,593,212,592,-1,592,212,214,-1,592,214,552,-1,552,214,152,-1,552,152,553,-1,553,152,227,-1,553,227,554,-1,554,227,168,-1,554,168,538,-1,538,168,167,-1,538,167,537,-1,537,167,191,-1,537,191,535,-1,535,191,190,-1,535,190,534,-1,534,190,189,-1,534,189,533,-1,533,189,165,-1,533,165,545,-1,545,165,164,-1,545,164,546,-1,546,164,176,-1,546,176,547,-1,547,176,162,-1,616,617,618,-1,618,617,619,-1,618,619,582,-1,582,619,210,-1,582,210,593,-1,593,210,212,-1,580,213,581,-1,581,213,211,-1,581,211,620,-1,620,211,621,-1,620,621,622,-1,622,621,623,-1,598,241,599,-1,599,241,234,-1,599,234,572,-1,572,234,233,-1,572,233,567,-1,567,233,202,-1,567,202,586,-1,586,202,243,-1,586,243,587,-1,587,243,244,-1,587,244,588,-1,588,244,201,-1,588,201,531,-1,531,201,200,-1,531,200,532,-1,532,200,151,-1,532,151,589,-1,589,151,150,-1,589,150,590,-1,590,150,216,-1,590,216,591,-1,591,216,215,-1,591,215,580,-1,580,215,213,-1,239,241,615,-1,615,241,598,-1,602,601,217,-1,217,601,218,-1,624,625,622,-1,622,625,626,-1,622,626,620,-1,620,626,618,-1,618,626,627,-1,618,627,616,-1,616,627,628,-1,616,628,629,-1,629,630,616,-1,616,630,631,-1,616,631,632,-1,633,634,622,-1,622,634,635,-1,622,635,624,-1,627,626,636,-1,636,626,637,-1,638,639,617,-1,617,639,636,-1,617,636,619,-1,619,636,621,-1,621,636,637,-1,621,637,623,-1,623,637,640,-1,623,640,641,-1,642,643,617,-1,617,643,644,-1,617,644,638,-1,641,645,623,-1,623,645,646,-1,623,646,647,-1,210,619,211,-1,211,619,621,-1,620,618,581,-1,581,618,582,-1,617,616,632,-1,617,632,642,-1,642,632,631,-1,642,631,643,-1,643,631,630,-1,643,630,644,-1,644,630,629,-1,644,629,638,-1,638,629,628,-1,638,628,639,-1,639,628,627,-1,639,627,636,-1,622,623,647,-1,622,647,633,-1,633,647,646,-1,633,646,634,-1,634,646,645,-1,634,645,635,-1,635,645,641,-1,635,641,624,-1,624,641,640,-1,624,640,625,-1,625,640,637,-1,625,637,626,-1,239,615,223,-1,223,615,614,-1,223,614,224,-1,224,614,608,-1,224,608,226,-1,226,608,611,-1,226,611,236,-1,236,611,605,-1,236,605,220,-1,220,605,604,-1,220,604,217,-1,217,604,602,-1,218,601,219,-1,219,601,600,-1,219,600,187,-1,187,600,575,-1,187,575,188,-1,188,575,574,-1,188,574,198,-1,198,574,573,-1,198,573,199,-1,199,573,544,-1,199,544,161,-1,161,544,543,-1,648,311,309,-1,648,309,649,-1,649,309,307,-1,649,307,650,-1,650,307,305,-1,650,305,651,-1,651,305,303,-1,651,303,652,-1,652,303,301,-1,652,301,653,-1,653,301,299,-1,653,299,366,-1,654,655,656,-1,657,658,648,-1,659,660,648,-1,661,662,663,-1,664,665,666,-1,666,665,667,-1,659,648,668,-1,311,669,670,-1,664,666,671,-1,671,666,313,-1,671,313,672,-1,667,673,666,-1,666,673,674,-1,666,674,675,-1,676,677,666,-1,666,677,678,-1,678,679,666,-1,666,679,680,-1,666,680,648,-1,648,680,681,-1,648,681,668,-1,658,682,662,-1,662,682,683,-1,662,683,663,-1,684,685,648,-1,648,685,686,-1,687,688,648,-1,648,688,689,-1,648,689,311,-1,311,689,690,-1,311,690,669,-1,670,691,311,-1,311,691,692,-1,311,692,693,-1,313,694,695,-1,658,662,648,-1,648,662,696,-1,648,696,684,-1,686,697,648,-1,648,697,698,-1,648,698,687,-1,695,699,313,-1,313,699,700,-1,313,700,672,-1,701,660,702,-1,702,660,703,-1,702,703,704,-1,701,705,660,-1,660,705,706,-1,660,706,648,-1,648,706,707,-1,648,707,657,-1,708,709,710,-1,710,709,711,-1,710,711,663,-1,663,711,712,-1,663,712,661,-1,713,714,313,-1,313,714,715,-1,313,715,694,-1,675,716,666,-1,666,716,717,-1,666,717,676,-1,676,717,718,-1,676,718,719,-1,719,718,720,-1,719,720,656,-1,656,720,721,-1,656,721,654,-1,722,723,724,-1,725,726,727,-1,727,726,728,-1,729,730,704,-1,704,730,731,-1,704,731,702,-1,724,732,722,-1,722,732,727,-1,722,727,733,-1,733,727,728,-1,693,734,311,-1,311,734,735,-1,311,735,313,-1,313,735,723,-1,313,723,713,-1,713,723,722,-1,725,727,736,-1,736,727,737,-1,736,737,729,-1,729,737,738,-1,729,738,730,-1,400,298,739,-1,739,298,300,-1,739,300,740,-1,740,300,302,-1,740,302,741,-1,741,302,304,-1,741,304,742,-1,742,304,306,-1,742,306,743,-1,743,306,308,-1,743,308,744,-1,744,308,310,-1,745,746,747,-1,748,749,744,-1,745,747,750,-1,751,752,753,-1,753,752,754,-1,753,754,755,-1,755,754,756,-1,757,758,744,-1,744,758,759,-1,744,759,747,-1,747,759,760,-1,747,760,750,-1,746,761,747,-1,747,761,762,-1,747,762,763,-1,764,765,766,-1,766,765,767,-1,766,767,768,-1,769,770,744,-1,744,770,771,-1,772,773,754,-1,754,773,774,-1,754,774,756,-1,749,775,744,-1,744,775,776,-1,744,776,777,-1,778,779,769,-1,769,779,780,-1,769,780,781,-1,777,782,744,-1,744,782,783,-1,744,783,784,-1,785,786,744,-1,744,786,787,-1,744,787,788,-1,788,789,744,-1,744,789,790,-1,744,790,769,-1,769,790,791,-1,769,791,778,-1,771,792,744,-1,744,792,772,-1,744,772,757,-1,757,772,754,-1,763,793,747,-1,747,793,794,-1,747,794,312,-1,312,794,795,-1,312,795,796,-1,797,798,310,-1,785,744,799,-1,799,744,784,-1,799,784,767,-1,767,784,800,-1,767,800,768,-1,797,310,801,-1,802,803,780,-1,780,803,804,-1,780,804,781,-1,796,805,312,-1,312,805,806,-1,312,806,807,-1,808,809,310,-1,310,809,810,-1,310,810,801,-1,798,811,310,-1,310,811,812,-1,310,812,744,-1,744,812,813,-1,744,813,748,-1,814,815,816,-1,816,815,817,-1,818,819,820,-1,820,821,818,-1,818,821,816,-1,818,816,822,-1,822,816,817,-1,807,823,312,-1,312,823,824,-1,312,824,825,-1,814,816,826,-1,826,816,827,-1,826,827,802,-1,802,827,828,-1,802,828,803,-1,808,310,829,-1,829,310,312,-1,829,312,818,-1,818,312,825,-1,818,825,819,-1,408,346,413,-1,413,346,338,-1,413,338,414,-1,414,338,337,-1,414,337,415,-1,415,337,367,-1,415,367,401,-1,401,367,365,-1,401,365,402,-1,402,365,364,-1,402,364,416,-1,416,364,390,-1,390,389,416,-1,416,389,417,-1,417,389,418,-1,418,389,388,-1,418,388,419,-1,419,388,363,-1,419,363,424,-1,424,363,362,-1,424,362,425,-1,425,362,361,-1,425,361,426,-1,426,361,360,-1,426,360,457,-1,457,360,359,-1,457,359,458,-1,458,359,387,-1,458,387,459,-1,459,387,386,-1,459,386,427,-1,427,386,385,-1,427,385,403,-1,403,385,358,-1,403,358,404,-1,404,358,357,-1,404,357,448,-1,448,357,395,-1,448,395,446,-1,446,395,394,-1,446,394,444,-1,444,394,392,-1,444,392,500,-1,500,392,515,-1,500,515,498,-1,483,462,482,-1,482,462,464,-1,482,464,502,-1,502,464,512,-1,502,512,504,-1,504,512,510,-1,504,510,506,-1,506,510,508,-1,506,508,494,-1,494,508,496,-1,494,496,492,-1,492,496,498,-1,492,498,515,-1,476,463,461,-1,476,461,484,-1,484,461,460,-1,484,460,485,-1,485,460,472,-1,485,472,486,-1,486,472,471,-1,486,471,487,-1,487,471,470,-1,487,470,488,-1,488,470,462,-1,488,462,483,-1,812,811,689,-1,689,811,690,-1,812,689,813,-1,813,689,688,-1,813,688,748,-1,748,688,687,-1,748,687,749,-1,749,687,698,-1,749,698,775,-1,775,698,697,-1,775,697,776,-1,776,697,686,-1,776,686,777,-1,777,686,685,-1,777,685,782,-1,782,685,684,-1,782,684,783,-1,783,684,696,-1,783,696,784,-1,784,696,662,-1,784,662,800,-1,800,662,661,-1,800,661,768,-1,768,661,712,-1,768,712,766,-1,766,712,711,-1,766,711,764,-1,764,711,709,-1,764,709,830,-1,830,709,831,-1,830,831,832,-1,832,831,833,-1,834,835,836,-1,836,835,837,-1,836,837,765,-1,765,837,708,-1,765,708,767,-1,767,708,710,-1,767,710,799,-1,799,710,663,-1,799,663,785,-1,785,663,683,-1,785,683,786,-1,786,683,682,-1,786,682,787,-1,787,682,658,-1,787,658,788,-1,788,658,657,-1,788,657,789,-1,789,657,707,-1,789,707,790,-1,790,707,706,-1,790,706,791,-1,791,706,705,-1,791,705,778,-1,778,705,701,-1,778,701,779,-1,779,701,702,-1,779,702,780,-1,780,702,731,-1,780,731,802,-1,802,731,730,-1,730,738,802,-1,802,738,826,-1,808,829,734,-1,734,829,735,-1,838,839,832,-1,832,839,840,-1,832,840,830,-1,830,840,836,-1,836,840,841,-1,836,841,834,-1,834,841,842,-1,834,842,843,-1,844,845,832,-1,832,845,846,-1,832,846,838,-1,843,847,834,-1,834,847,848,-1,834,848,849,-1,841,840,850,-1,850,840,851,-1,852,853,835,-1,835,853,850,-1,835,850,837,-1,837,850,831,-1,831,850,851,-1,831,851,833,-1,833,851,854,-1,833,854,855,-1,855,856,833,-1,833,856,857,-1,833,857,858,-1,859,860,835,-1,835,860,861,-1,835,861,852,-1,831,709,837,-1,837,709,708,-1,830,836,764,-1,764,836,765,-1,851,840,839,-1,851,839,854,-1,854,839,838,-1,854,838,855,-1,855,838,846,-1,855,846,856,-1,856,846,845,-1,856,845,857,-1,857,845,844,-1,857,844,858,-1,858,844,832,-1,858,832,833,-1,841,850,853,-1,841,853,842,-1,842,853,852,-1,842,852,843,-1,843,852,861,-1,843,861,847,-1,847,861,860,-1,847,860,848,-1,848,860,859,-1,848,859,849,-1,849,859,835,-1,849,835,834,-1,735,829,723,-1,723,829,818,-1,723,818,724,-1,724,818,822,-1,724,822,732,-1,732,822,817,-1,732,817,727,-1,727,817,815,-1,727,815,737,-1,737,815,814,-1,737,814,738,-1,738,814,826,-1,690,811,669,-1,669,811,798,-1,669,798,670,-1,670,798,797,-1,670,797,691,-1,691,797,801,-1,691,801,692,-1,692,801,810,-1,692,810,693,-1,693,810,809,-1,693,809,734,-1,734,809,808,-1,862,863,264,-1,255,254,864,-1,864,254,865,-1,866,265,867,-1,868,869,272,-1,864,870,871,-1,872,873,864,-1,864,873,874,-1,864,874,273,-1,273,874,875,-1,273,875,876,-1,270,271,877,-1,877,271,867,-1,877,867,865,-1,865,867,265,-1,865,265,864,-1,864,265,264,-1,878,879,880,-1,264,863,864,-1,864,863,881,-1,864,881,870,-1,871,882,864,-1,864,882,883,-1,864,883,872,-1,876,884,273,-1,273,884,885,-1,273,885,886,-1,868,272,887,-1,888,889,890,-1,890,889,866,-1,890,866,880,-1,891,892,893,-1,893,892,894,-1,893,894,895,-1,895,894,896,-1,895,896,869,-1,869,896,897,-1,897,898,869,-1,869,898,899,-1,869,899,272,-1,272,899,900,-1,866,867,880,-1,880,867,901,-1,880,901,902,-1,900,903,272,-1,272,903,904,-1,272,904,905,-1,905,906,272,-1,272,906,907,-1,272,907,908,-1,902,909,880,-1,880,909,910,-1,880,910,878,-1,911,912,913,-1,886,914,273,-1,273,914,915,-1,273,915,272,-1,272,915,916,-1,272,916,887,-1,911,913,890,-1,890,913,917,-1,890,917,888,-1,908,918,272,-1,272,918,919,-1,272,919,920,-1,920,919,921,-1,920,921,922,-1,922,923,920,-1,920,923,924,-1,920,924,264,-1,264,924,925,-1,264,925,862,-1,881,863,90,-1,90,863,40,-1,926,927,928,-1,928,927,929,-1,928,929,930,-1,930,929,931,-1,931,929,932,-1,931,932,933,-1,933,932,934,-1,933,934,935,-1,936,937,928,-1,928,937,938,-1,928,938,926,-1,935,939,933,-1,933,939,940,-1,933,940,941,-1,942,943,929,-1,929,943,932,-1,944,945,946,-1,946,945,943,-1,946,943,947,-1,947,943,948,-1,948,943,942,-1,948,942,949,-1,949,942,950,-1,949,950,951,-1,951,952,949,-1,949,952,953,-1,949,953,954,-1,955,956,946,-1,946,956,957,-1,946,957,944,-1,958,959,960,-1,960,959,961,-1,962,963,964,-1,962,964,965,-1,965,964,966,-1,965,966,967,-1,963,962,891,-1,891,962,892,-1,947,948,968,-1,947,968,969,-1,969,968,970,-1,969,970,971,-1,971,970,972,-1,971,972,973,-1,973,972,960,-1,973,960,961,-1,967,966,974,-1,967,974,975,-1,975,974,976,-1,975,976,977,-1,977,976,978,-1,977,978,979,-1,979,978,930,-1,979,930,931,-1,59,58,980,-1,59,980,981,-1,981,980,959,-1,981,959,958,-1,155,182,283,-1,155,283,982,-1,982,283,281,-1,982,281,983,-1,983,281,279,-1,983,279,984,-1,984,279,277,-1,984,277,985,-1,985,277,275,-1,985,275,986,-1,986,275,49,-1,986,49,25,-1,864,273,987,-1,987,273,274,-1,987,274,988,-1,988,274,276,-1,988,276,989,-1,989,276,278,-1,989,278,990,-1,990,278,280,-1,990,280,991,-1,991,280,282,-1,991,282,530,-1,530,282,284,-1,881,90,870,-1,870,90,89,-1,870,89,871,-1,871,89,88,-1,871,88,882,-1,882,88,80,-1,882,80,883,-1,883,80,79,-1,883,79,872,-1,872,79,87,-1,872,87,873,-1,873,87,86,-1,86,85,873,-1,873,85,874,-1,874,85,875,-1,875,85,54,-1,875,54,876,-1,876,54,53,-1,876,53,884,-1,884,53,52,-1,884,52,885,-1,885,52,48,-1,885,48,886,-1,886,48,50,-1,886,50,914,-1,914,50,51,-1,914,51,915,-1,915,51,84,-1,915,84,916,-1,916,84,83,-1,916,83,887,-1,887,83,82,-1,887,82,868,-1,868,82,47,-1,868,47,869,-1,869,47,37,-1,869,37,895,-1,895,37,62,-1,895,62,893,-1,893,62,61,-1,893,61,891,-1,891,61,59,-1,891,59,963,-1,963,59,981,-1,963,981,964,-1,949,928,948,-1,948,928,930,-1,948,930,968,-1,968,930,978,-1,968,978,970,-1,970,978,976,-1,970,976,972,-1,972,976,974,-1,972,974,960,-1,960,974,966,-1,960,966,958,-1,958,966,964,-1,958,964,981,-1,942,929,927,-1,942,927,950,-1,950,927,926,-1,950,926,951,-1,951,926,938,-1,951,938,952,-1,952,938,937,-1,952,937,953,-1,953,937,936,-1,953,936,954,-1,954,936,928,-1,954,928,949,-1,556,555,183,-1,183,555,184,-1,556,183,557,-1,557,183,181,-1,557,181,558,-1,558,181,180,-1,558,180,559,-1,559,180,154,-1,559,154,560,-1,560,154,153,-1,560,153,541,-1,541,153,179,-1,541,179,542,-1,542,179,178,-1,542,178,561,-1,561,178,177,-1,561,177,562,-1,562,177,173,-1,562,173,563,-1,563,173,172,-1,563,172,564,-1,564,172,171,-1,564,171,527,-1,527,171,170,-1,527,170,528,-1,528,170,174,-1,528,174,548,-1,548,174,206,-1,548,206,992,-1,992,206,993,-1,992,993,994,-1,994,993,995,-1,996,997,998,-1,998,997,999,-1,998,999,549,-1,549,999,205,-1,549,205,550,-1,550,205,207,-1,550,207,551,-1,551,207,208,-1,551,208,583,-1,583,208,209,-1,583,209,584,-1,584,209,231,-1,584,231,585,-1,585,231,230,-1,585,230,579,-1,579,230,229,-1,579,229,565,-1,565,229,228,-1,565,228,566,-1,566,228,242,-1,566,242,568,-1,568,242,204,-1,568,204,569,-1,569,204,203,-1,569,203,570,-1,570,203,232,-1,570,232,571,-1,571,232,247,-1,571,247,597,-1,597,247,246,-1,246,245,597,-1,597,245,613,-1,594,610,237,-1,237,610,238,-1,1000,1001,994,-1,994,1001,1002,-1,994,1002,992,-1,992,1002,998,-1,998,1002,1003,-1,998,1003,996,-1,996,1003,1004,-1,996,1004,1005,-1,1006,1007,994,-1,994,1007,1008,-1,994,1008,1000,-1,1005,1009,996,-1,996,1009,1010,-1,996,1010,1011,-1,1003,1002,1012,-1,1012,1002,1013,-1,1014,1015,997,-1,997,1015,1012,-1,997,1012,999,-1,999,1012,993,-1,993,1012,1013,-1,993,1013,995,-1,995,1013,1016,-1,995,1016,1017,-1,1017,1018,995,-1,995,1018,1019,-1,995,1019,1020,-1,1021,1022,997,-1,997,1022,1023,-1,997,1023,1014,-1,993,206,999,-1,999,206,205,-1,992,998,548,-1,548,998,549,-1,1013,1002,1001,-1,1013,1001,1016,-1,1016,1001,1000,-1,1016,1000,1017,-1,1017,1000,1008,-1,1017,1008,1018,-1,1018,1008,1007,-1,1018,1007,1019,-1,1019,1007,1006,-1,1019,1006,1020,-1,1020,1006,994,-1,1020,994,995,-1,1003,1012,1015,-1,1003,1015,1004,-1,1004,1015,1014,-1,1004,1014,1005,-1,1005,1014,1023,-1,1005,1023,1009,-1,1009,1023,1022,-1,1009,1022,1010,-1,1010,1022,1021,-1,1010,1021,1011,-1,1011,1021,997,-1,1011,997,996,-1,238,610,221,-1,221,610,603,-1,221,603,222,-1,222,603,612,-1,222,612,235,-1,235,612,609,-1,235,609,225,-1,225,609,607,-1,225,607,240,-1,240,607,606,-1,240,606,245,-1,245,606,613,-1,184,555,185,-1,185,555,578,-1,185,578,186,-1,186,578,577,-1,186,577,195,-1,195,577,576,-1,195,576,196,-1,196,576,596,-1,196,596,197,-1,197,596,595,-1,197,595,237,-1,237,595,594,-1,21,46,323,-1,21,323,1024,-1,1024,323,321,-1,1024,321,1025,-1,1025,321,319,-1,1025,319,1026,-1,1026,319,317,-1,1026,317,1027,-1,1027,317,315,-1,1027,315,1028,-1,1028,315,313,-1,1028,313,666,-1,747,312,1029,-1,1029,312,314,-1,1029,314,1030,-1,1030,314,316,-1,1030,316,1031,-1,1031,316,318,-1,1031,318,1032,-1,1032,318,320,-1,1032,320,1033,-1,1033,320,322,-1,1033,322,920,-1,920,322,272,-1,921,72,922,-1,922,72,22,-1,922,22,923,-1,923,22,20,-1,923,20,924,-1,924,20,19,-1,924,19,925,-1,925,19,55,-1,925,55,862,-1,862,55,41,-1,862,41,863,-1,863,41,40,-1,71,72,919,-1,919,72,921,-1,894,60,896,-1,896,60,39,-1,896,39,897,-1,897,39,38,-1,897,38,898,-1,898,38,36,-1,898,36,899,-1,899,36,35,-1,899,35,900,-1,900,35,56,-1,900,56,903,-1,903,56,57,-1,903,57,904,-1,904,57,77,-1,904,77,905,-1,905,77,76,-1,905,76,906,-1,906,76,75,-1,906,75,907,-1,907,75,74,-1,907,74,908,-1,908,74,73,-1,908,73,918,-1,918,73,70,-1,918,70,919,-1,919,70,71,-1,60,894,58,-1,58,894,892,-1,58,892,980,-1,980,892,962,-1,980,962,965,-1,933,946,931,-1,931,946,947,-1,931,947,979,-1,979,947,969,-1,979,969,977,-1,977,969,971,-1,977,971,975,-1,975,971,973,-1,975,973,967,-1,980,965,959,-1,959,965,967,-1,959,967,961,-1,961,967,973,-1,946,933,941,-1,946,941,955,-1,955,941,940,-1,955,940,956,-1,956,940,939,-1,956,939,957,-1,957,939,935,-1,957,935,944,-1,944,935,934,-1,944,934,945,-1,945,934,932,-1,945,932,943,-1,795,794,672,-1,672,794,671,-1,754,654,757,-1,757,654,721,-1,757,721,758,-1,758,721,720,-1,758,720,759,-1,759,720,718,-1,759,718,760,-1,760,718,717,-1,760,717,750,-1,750,717,716,-1,750,716,745,-1,745,716,675,-1,745,675,746,-1,746,675,674,-1,746,674,761,-1,761,674,673,-1,761,673,762,-1,762,673,667,-1,762,667,763,-1,763,667,665,-1,763,665,793,-1,793,665,664,-1,793,664,794,-1,794,664,671,-1,1034,1035,1036,-1,1036,1035,1037,-1,1036,1037,752,-1,752,1037,655,-1,752,655,754,-1,754,655,654,-1,753,719,751,-1,751,719,656,-1,751,656,1038,-1,1038,656,1039,-1,1038,1039,1040,-1,1040,1039,1041,-1,803,729,804,-1,804,729,704,-1,804,704,781,-1,781,704,703,-1,781,703,769,-1,769,703,660,-1,769,660,770,-1,770,660,659,-1,770,659,771,-1,771,659,668,-1,771,668,792,-1,792,668,681,-1,792,681,772,-1,772,681,680,-1,772,680,773,-1,773,680,679,-1,773,679,774,-1,774,679,678,-1,774,678,756,-1,756,678,677,-1,756,677,755,-1,755,677,676,-1,755,676,753,-1,753,676,719,-1,736,729,828,-1,828,729,803,-1,825,824,713,-1,713,824,714,-1,1042,1043,1040,-1,1040,1043,1044,-1,1040,1044,1038,-1,1038,1044,1036,-1,1036,1044,1045,-1,1036,1045,1034,-1,1034,1045,1046,-1,1034,1046,1047,-1,1047,1048,1034,-1,1034,1048,1049,-1,1034,1049,1050,-1,1051,1052,1040,-1,1040,1052,1053,-1,1040,1053,1042,-1,1045,1044,1054,-1,1054,1044,1055,-1,1056,1057,1035,-1,1035,1057,1054,-1,1035,1054,1037,-1,1037,1054,1039,-1,1039,1054,1055,-1,1039,1055,1041,-1,1041,1055,1058,-1,1041,1058,1059,-1,1060,1061,1035,-1,1035,1061,1062,-1,1035,1062,1056,-1,1059,1063,1041,-1,1041,1063,1064,-1,1041,1064,1065,-1,655,1037,656,-1,656,1037,1039,-1,1038,1036,751,-1,751,1036,752,-1,1035,1034,1050,-1,1035,1050,1060,-1,1060,1050,1049,-1,1060,1049,1061,-1,1061,1049,1048,-1,1061,1048,1062,-1,1062,1048,1047,-1,1062,1047,1056,-1,1056,1047,1046,-1,1056,1046,1057,-1,1057,1046,1045,-1,1057,1045,1054,-1,1040,1041,1065,-1,1040,1065,1051,-1,1051,1065,1064,-1,1051,1064,1052,-1,1052,1064,1063,-1,1052,1063,1053,-1,1053,1063,1059,-1,1053,1059,1042,-1,1042,1059,1058,-1,1042,1058,1043,-1,1043,1058,1055,-1,1043,1055,1044,-1,736,828,725,-1,725,828,827,-1,725,827,726,-1,726,827,816,-1,726,816,728,-1,728,816,821,-1,728,821,733,-1,733,821,820,-1,733,820,722,-1,722,820,819,-1,722,819,713,-1,713,819,825,-1,714,824,715,-1,715,824,823,-1,715,823,694,-1,694,823,807,-1,694,807,695,-1,695,807,806,-1,695,806,699,-1,699,806,805,-1,699,805,700,-1,700,805,796,-1,700,796,672,-1,672,796,795,-1,264,29,920,-1,920,29,21,-1,920,21,1033,-1,1033,21,1024,-1,1033,1024,1032,-1,1032,1024,1025,-1,1032,1025,1031,-1,1031,1025,1026,-1,1031,1026,1030,-1,1030,1026,1027,-1,1030,1027,1029,-1,1029,1027,1028,-1,1029,1028,747,-1,747,1028,666,-1,747,666,744,-1,744,666,648,-1,744,648,743,-1,743,648,649,-1,743,649,742,-1,742,649,650,-1,742,650,741,-1,741,650,651,-1,741,651,740,-1,740,651,652,-1,740,652,739,-1,739,652,653,-1,739,653,400,-1,400,653,366,-1,400,366,266,-1,266,366,267,-1,422,268,335,-1,335,268,269,-1,336,263,397,-1,397,263,261,-1,43,42,866,-1,866,42,265,-1,867,271,26,-1,26,271,16,-1,341,370,441,-1,441,370,443,-1,81,63,880,-1,880,63,890,-1,901,867,44,-1,44,867,26,-1,45,43,889,-1,889,43,866,-1,376,336,421,-1,421,336,397,-1,420,422,340,-1,340,422,335,-1,81,880,879,-1,81,879,65,-1,65,879,878,-1,65,878,66,-1,66,878,910,-1,66,910,67,-1,67,910,909,-1,67,909,69,-1,69,909,902,-1,69,902,68,-1,68,902,901,-1,68,901,44,-1,45,889,888,-1,45,888,64,-1,64,888,917,-1,64,917,91,-1,91,917,913,-1,91,913,92,-1,92,913,912,-1,92,912,94,-1,94,912,911,-1,94,911,93,-1,93,911,890,-1,93,890,63,-1,341,441,456,-1,341,456,381,-1,381,456,455,-1,381,455,373,-1,373,455,454,-1,373,454,374,-1,374,454,440,-1,374,440,375,-1,375,440,442,-1,375,442,339,-1,339,442,420,-1,339,420,340,-1,376,421,433,-1,376,433,377,-1,377,433,434,-1,377,434,368,-1,368,434,432,-1,368,432,369,-1,369,432,431,-1,369,431,371,-1,371,431,430,-1,371,430,372,-1,372,430,443,-1,372,443,370,-1,1066,1067,1068,-1,1068,1067,1069,-1,1069,1067,1070,-1,1069,1070,1071,-1,1071,1070,1072,-1,1071,1072,1073,-1,1073,1072,1074,-1,1073,1074,1075,-1,1075,1074,1076,-1,1076,1074,1077,-1,1076,1077,1078,-1,1078,1077,1079,-1,1078,1079,1080,-1,1080,1079,1081,-1,1080,1081,1082,-1,1081,1083,1082,-1,1082,1083,1084,-1,1082,1084,1085,-1,1085,1084,326,-1,1085,326,332,-1,1075,1086,1073,-1,1073,1086,1087,-1,1073,1087,1071,-1,1071,1087,1068,-1,1071,1068,1069,-1,332,334,1085,-1,1085,334,1088,-1,1085,1088,1082,-1,1082,1088,1089,-1,1082,1089,1080,-1,1080,1089,1090,-1,1080,1090,1078,-1,1078,1090,1091,-1,1078,1091,1076,-1,1076,1091,1092,-1,1076,1092,1075,-1,1075,1092,1093,-1,1075,1093,1086,-1,1094,1095,1077,-1,1077,1095,1096,-1,1077,1096,1079,-1,1079,1096,1097,-1,1079,1097,1081,-1,1081,1097,1098,-1,1081,1098,1083,-1,1083,1098,1099,-1,1083,1099,1084,-1,1084,1099,327,-1,1084,327,326,-1,1077,1074,1094,-1,1094,1074,1072,-1,1094,1072,1100,-1,1100,1072,1070,-1,1100,1070,1101,-1,1101,1070,1067,-1,1101,1067,1066,-1,1066,1068,1087,-1,1066,1087,1101,-1,1101,1087,1086,-1,1101,1086,1100,-1,1100,1086,1093,-1,1100,1093,1094,-1,1094,1093,1095,-1,1095,1093,1092,-1,1095,1092,1096,-1,1092,1091,1096,-1,1096,1091,1090,-1,1096,1090,1097,-1,1097,1090,1089,-1,1097,1089,1098,-1,1098,1089,1088,-1,1098,1088,1099,-1,1099,1088,334,-1,1099,334,327,-1,1102,1103,1104,-1,1104,1103,1105,-1,27,95,1106,-1,27,1106,1107,-1,1107,1106,1108,-1,1107,1108,1109,-1,1109,1108,1110,-1,1110,1108,1111,-1,1110,1111,1112,-1,1112,1111,1113,-1,1112,1113,1114,-1,1114,1113,1115,-1,1114,1115,1116,-1,1115,1117,1116,-1,1116,1117,1118,-1,1116,1118,1119,-1,1119,1118,1120,-1,1119,1120,1121,-1,1121,1120,1105,-1,1121,1105,1103,-1,1122,1123,1114,-1,1114,1123,1124,-1,1114,1124,1112,-1,1112,1124,1125,-1,1112,1125,1110,-1,1110,1125,1126,-1,1110,1126,1109,-1,1109,1126,1127,-1,1109,1127,1107,-1,1107,1127,28,-1,1107,28,27,-1,1114,1116,1122,-1,1122,1116,1119,-1,1122,1119,1128,-1,1128,1119,1121,-1,1128,1121,1129,-1,1129,1121,1103,-1,1129,1103,1102,-1,1117,1130,1118,-1,1118,1130,1131,-1,1118,1131,1120,-1,1120,1131,1104,-1,1120,1104,1105,-1,95,78,1106,-1,1106,78,1132,-1,1106,1132,1108,-1,1108,1132,1133,-1,1108,1133,1111,-1,1111,1133,1134,-1,1111,1134,1113,-1,1113,1134,1135,-1,1113,1135,1115,-1,1115,1135,1136,-1,1115,1136,1117,-1,1117,1136,1137,-1,1117,1137,1130,-1,1137,1136,1123,-1,1123,1136,1135,-1,1123,1135,1124,-1,1124,1135,1134,-1,1124,1134,1125,-1,1125,1134,1133,-1,1125,1133,1126,-1,1126,1133,1132,-1,1126,1132,1127,-1,1127,1132,78,-1,1127,78,28,-1,1123,1122,1137,-1,1137,1122,1128,-1,1137,1128,1130,-1,1130,1128,1129,-1,1130,1129,1131,-1,1131,1129,1102,-1,1131,1102,1104,-1,25,24,864,-1,864,24,255,-1,145,144,530,-1,530,144,155,-1,530,155,991,-1,991,155,982,-1,991,982,990,-1,990,982,983,-1,990,983,989,-1,989,983,984,-1,989,984,988,-1,988,984,985,-1,988,985,987,-1,987,985,986,-1,987,986,864,-1,864,986,25,-1,865,254,32,-1,32,254,31,-1,18,17,877,-1,877,17,270,-1,18,877,32,-1,32,877,865,-1,136,1138,1139,-1,104,106,136,-1,136,106,129,-1,175,540,192,-1,192,540,136,-1,192,136,1140,-1,1140,136,1139,-1,129,1141,136,-1,136,1141,1142,-1,136,1142,1138,-1,157,248,175,-1,175,248,540,-1,158,536,159,-1,159,536,134,-1,123,121,134,-1,134,121,133,-1,1143,1144,134,-1,134,1144,1145,-1,134,1145,159,-1,133,1146,134,-1,134,1146,1147,-1,134,1147,1143,-1,137,1148,1149,-1,539,194,137,-1,137,194,193,-1,120,122,128,-1,128,122,137,-1,128,137,1150,-1,1150,137,1149,-1,193,1151,137,-1,137,1151,1152,-1,137,1152,1148,-1,158,194,536,-1,536,194,539,-1,399,256,328,-1,328,256,258,-1,108,109,132,-1,132,109,135,-1,529,169,135,-1,135,169,160,-1,1153,1154,135,-1,135,1154,1155,-1,135,1155,132,-1,160,1156,135,-1,135,1156,1157,-1,135,1157,1153,-1,399,328,526,-1,526,328,516,-1,526,516,525,-1,525,516,517,-1,525,517,524,-1,524,517,518,-1,524,518,523,-1,523,518,519,-1,523,519,522,-1,522,519,520,-1,522,520,521,-1,521,520,166,-1,521,166,529,-1,529,166,169,-1,398,260,324,-1,324,260,262,-1,329,259,396,-1,396,259,257,-1,324,329,398,-1,398,329,396,-1,133,132,1155,-1,133,1155,1146,-1,1146,1155,1154,-1,1146,1154,1147,-1,1147,1154,1153,-1,1147,1153,1143,-1,1143,1153,1157,-1,1143,1157,1144,-1,1144,1157,1156,-1,1144,1156,1145,-1,1145,1156,160,-1,1145,160,159,-1,129,128,1150,-1,129,1150,1141,-1,1141,1150,1149,-1,1141,1149,1142,-1,1142,1149,1148,-1,1142,1148,1138,-1,1138,1148,1152,-1,1138,1152,1139,-1,1139,1152,1151,-1,1139,1151,1140,-1,1140,1151,193,-1,1140,193,192,-1,131,130,250,-1,131,250,148,-1,148,250,251,-1,148,251,149,-1,149,251,253,-1,149,253,142,-1,142,253,252,-1,142,252,143,-1,143,252,249,-1,143,249,147,-1,147,249,156,-1,147,156,146,-1,1158,1159,1160,-1,1160,1159,138,-1,102,103,138,-1,138,103,125,-1,1161,1162,138,-1,138,1162,1163,-1,138,1163,1160,-1,125,1164,138,-1,138,1164,1165,-1,138,1165,1161,-1,1166,1167,139,-1,139,1167,1168,-1,139,1168,1169,-1,114,115,124,-1,124,115,139,-1,124,139,1170,-1,1170,139,1171,-1,1169,1172,139,-1,139,1172,1173,-1,139,1173,1171,-1,13,5,15,-1,15,5,3,-1,98,99,3,-1,3,99,126,-1,1174,1175,3,-1,3,1175,1176,-1,3,1176,15,-1,126,1177,3,-1,3,1177,1178,-1,3,1178,1174,-1,7,11,1,-1,1,11,9,-1,1,9,1179,-1,118,119,127,-1,127,119,1,-1,127,1,1180,-1,1180,1,1181,-1,1179,1182,1,-1,1,1182,1183,-1,1,1183,1181,-1,1184,138,1185,-1,1185,138,1159,-1,1185,1159,1186,-1,1186,1159,1166,-1,1186,1166,1187,-1,1187,1166,139,-1,1187,139,1184,-1,1184,139,138,-1,1158,1167,1159,-1,1159,1167,1166,-1,1188,1160,1189,-1,1189,1160,1168,-1,1189,1168,1190,-1,1190,1168,1167,-1,1190,1167,1191,-1,1191,1167,1158,-1,1191,1158,1188,-1,1188,1158,1160,-1,1168,1160,1163,-1,1168,1163,1169,-1,1169,1163,1162,-1,1169,1162,1172,-1,1172,1162,1161,-1,1172,1161,1173,-1,1173,1161,1165,-1,1173,1165,1171,-1,1171,1165,1164,-1,1171,1164,1170,-1,1170,1164,125,-1,1170,125,124,-1,1184,1185,1188,-1,1188,1185,1191,-1,1185,1186,1191,-1,1191,1186,1190,-1,1186,1187,1190,-1,1190,1187,1189,-1,1187,1184,1189,-1,1189,1184,1188,-1,1192,33,1193,-1,1193,33,34,-1,1193,34,1194,-1,1194,34,23,-1,1194,23,1195,-1,1195,23,30,-1,1195,30,1192,-1,1192,30,33,-1,1196,1197,1198,-1,1198,1197,1199,-1,1200,1201,1202,-1,1202,1201,1203,-1,1202,1203,1204,-1,1204,1203,1205,-1,1204,1205,1206,-1,1206,1205,1199,-1,1206,1199,1197,-1,1202,1207,1200,-1,1200,1207,1208,-1,1200,1208,1209,-1,1209,1208,1210,-1,1209,1210,1211,-1,1211,1210,1212,-1,1211,1212,1213,-1,1213,1212,1214,-1,1213,1214,1215,-1,1215,1214,1193,-1,1215,1193,1194,-1,1198,1199,1205,-1,1198,1205,1216,-1,1216,1205,1203,-1,1216,1203,1217,-1,1217,1203,1201,-1,1217,1201,1218,-1,1218,1201,1219,-1,1219,1201,1200,-1,1219,1200,1209,-1,1194,1195,1215,-1,1215,1195,1220,-1,1215,1220,1213,-1,1213,1220,1221,-1,1213,1221,1211,-1,1211,1221,1222,-1,1211,1222,1209,-1,1209,1222,1223,-1,1209,1223,1219,-1,1192,1193,1214,-1,1192,1214,1224,-1,1224,1214,1212,-1,1224,1212,1225,-1,1225,1212,1210,-1,1225,1210,1226,-1,1226,1210,1208,-1,1226,1208,1227,-1,1227,1208,1228,-1,1228,1208,1207,-1,1228,1207,1229,-1,1207,1202,1229,-1,1229,1202,1204,-1,1229,1204,1230,-1,1230,1204,1206,-1,1230,1206,1231,-1,1231,1206,1197,-1,1231,1197,1196,-1,1196,1198,1216,-1,1196,1216,1231,-1,1231,1216,1217,-1,1231,1217,1230,-1,1230,1217,1218,-1,1230,1218,1229,-1,1229,1218,1228,-1,1228,1218,1219,-1,1228,1219,1223,-1,1195,1192,1220,-1,1220,1192,1224,-1,1220,1224,1221,-1,1221,1224,1225,-1,1221,1225,1222,-1,1222,1225,1226,-1,1222,1226,1223,-1,1223,1226,1227,-1,1223,1227,1228,-1,13,11,5,-1,5,11,7,-1,126,127,1180,-1,126,1180,1177,-1,1177,1180,1181,-1,1177,1181,1178,-1,1178,1181,1183,-1,1178,1183,1174,-1,1174,1183,1182,-1,1174,1182,1175,-1,1175,1182,1179,-1,1175,1179,1176,-1,1176,1179,9,-1,1176,9,15,-1,6,0,10,-1,10,0,8,-1,0,2,8,-1,8,2,14,-1,2,4,14,-1,14,4,12,-1,4,6,12,-1,12,6,10,-1,1232,330,1233,-1,1233,330,333,-1,1233,333,1234,-1,1234,333,325,-1,1234,325,1235,-1,1235,325,331,-1,1235,331,1232,-1,1232,331,330,-1,1236,1237,1238,-1,1238,1237,1239,-1,1233,1234,1240,-1,1233,1240,1241,-1,1241,1240,1242,-1,1241,1242,1243,-1,1243,1242,1244,-1,1243,1244,1245,-1,1245,1244,1246,-1,1245,1246,1247,-1,1247,1246,1248,-1,1247,1248,1249,-1,1249,1248,1250,-1,1249,1250,1251,-1,1251,1250,1252,-1,1252,1250,1253,-1,1252,1253,1254,-1,1254,1253,1255,-1,1254,1255,1256,-1,1256,1255,1257,-1,1256,1257,1258,-1,1258,1257,1259,-1,1258,1259,1260,-1,1260,1259,1261,-1,1260,1261,1262,-1,1261,1263,1262,-1,1262,1263,1239,-1,1262,1239,1237,-1,1233,1241,1232,-1,1232,1241,1243,-1,1232,1243,1264,-1,1264,1243,1245,-1,1264,1245,1265,-1,1265,1245,1266,-1,1266,1245,1247,-1,1266,1247,1267,-1,1267,1247,1249,-1,1267,1249,1268,-1,1268,1249,1251,-1,1268,1251,1269,-1,1251,1252,1269,-1,1269,1252,1254,-1,1269,1254,1270,-1,1254,1256,1270,-1,1270,1256,1258,-1,1270,1258,1271,-1,1237,1236,1262,-1,1262,1236,1271,-1,1262,1271,1260,-1,1260,1271,1258,-1,1272,1238,1239,-1,1239,1263,1272,-1,1272,1263,1261,-1,1272,1261,1273,-1,1261,1259,1273,-1,1273,1259,1257,-1,1273,1257,1274,-1,1257,1255,1274,-1,1274,1255,1253,-1,1274,1253,1275,-1,1253,1250,1275,-1,1275,1250,1248,-1,1275,1248,1276,-1,1276,1248,1246,-1,1276,1246,1277,-1,1277,1246,1244,-1,1277,1244,1278,-1,1278,1244,1279,-1,1279,1244,1242,-1,1279,1242,1235,-1,1235,1242,1240,-1,1235,1240,1234,-1,1235,1232,1279,-1,1279,1232,1264,-1,1279,1264,1278,-1,1278,1264,1265,-1,1278,1265,1277,-1,1277,1265,1266,-1,1277,1266,1276,-1,1266,1267,1276,-1,1276,1267,1268,-1,1276,1268,1275,-1,1275,1268,1274,-1,1268,1269,1274,-1,1274,1269,1270,-1,1274,1270,1273,-1,1273,1270,1271,-1,1273,1271,1272,-1,1272,1271,1236,-1,1272,1236,1238,-1,
        ]
    }
}
Shape{
    appearance Appearance {
        material  Material 	{
            diffuseColor 0.15294117647058825 0.7215686274509804 1.0
            specularColor 0.0784313725490196 0.3607843137254902 0.5019607843137255
            ambientIntensity 0.5833
            transparency 0.0
            shininess 0.5
        }
    }
    geometry IndexedFaceSet {
        ccw TRUE
        solid FALSE
        coord DEF co Coordinate {
            point [
                -2.1872 -4.4705 2.3771, -2.1872 -4.3917 2.3771, -2.1872 -4.4705 1.6685, -2.1872 -4.3917 1.6685, 2.1872 -4.4705 1.6685, 2.1872 -4.3917 1.6685, 2.1872 -4.4705 2.3771, 2.1872 -4.3917 2.3771, -2.0691 -4.5886 2.259, -2.0691 -4.5886 1.7866, 2.0691 -4.5886 2.259, 2.0691 -4.5886 1.7866
            ]
        }
        coordIndex [
            0,1,2,-1,2,1,3,-1,2,3,4,-1,4,3,5,-1,4,5,6,-1,6,5,7,-1,6,7,0,-1,0,7,1,-1,8,9,10,-1,10,9,11,-1,7,5,1,-1,1,5,3,-1,4,11,2,-1,2,11,9,-1,6,10,4,-1,4,10,11,-1,8,0,9,-1,9,0,2,-1,0,8,6,-1,6,8,10,-1,
        ]
    }
}
Shape{
    appearance Appearance {
        material  Material 	{
            diffuseColor 1.0 1.0 0.0
            specularColor 0.5019607843137255 0.5019607843137255 0.0
            ambientIntensity 0.886
            transparency 0.0
            shininess 0.5
        }
    }
    geometry IndexedFaceSet {
        ccw TRUE
        solid FALSE
        coord DEF co Coordinate {
            point [
                -1.8898 -2.0669 1.5897, -1.8898 -2.0295 1.5897, -1.6535 -2.0669 1.5897, -1.6535 -2.0295 1.5897, -1.6535 -2.0295 1.6685, -1.8898 -2.0295 1.6685, -1.6535 -2.0669 1.6685, -1.8898 -2.0669 1.6685, -1.8898 -2.0786 1.6679, -1.8898 -2.6468 1.6114, -1.6535 -2.0786 1.6679, -1.6535 -2.6468 1.6114, -1.6535 -3.1869 1.7437, -1.6535 -2.6603 1.6124, -1.8898 -3.1869 1.7437, -1.8898 -2.6603 1.6124, -1.8898 -3.2154 1.7472, -1.8898 -4.3917 1.7472, -1.6535 -3.2154 1.7472, -1.6535 -4.3917 1.7472, -1.6535 -4.3917 1.6685, -1.8898 -4.3917 1.6685, -1.6535 -3.2154 1.6685, -1.8898 -3.2154 1.6685, -1.6535 -2.6793 1.536, -1.6535 -3.2059 1.6673, -1.8898 -2.6793 1.536, -1.8898 -3.2059 1.6673, -1.8898 -2.6391 1.5331, -1.8898 -2.0708 1.5895, -1.6535 -2.6391 1.5331, -1.6535 -2.0708 1.5895, -1.6535 -2.6593 1.5328, -1.6535 -2.6536 1.6114, -1.8898 -2.6593 1.5328, -1.8898 -2.6536 1.6114, 1.6535 -2.0669 1.5897, 1.6535 -2.0295 1.5897, 1.8898 -2.0669 1.5897, 1.8898 -2.0295 1.5897, 1.8898 -2.0295 1.6685, 1.6535 -2.0295 1.6685, 1.8898 -2.0669 1.6685, 1.6535 -2.0669 1.6685, 1.6535 -2.0786 1.6679, 1.6535 -2.6468 1.6114, 1.8898 -2.0786 1.6679, 1.8898 -2.6468 1.6114, 1.8898 -3.1869 1.7437, 1.8898 -2.6603 1.6124, 1.6535 -3.1869 1.7437, 1.6535 -2.6603 1.6124, 1.6535 -3.2154 1.7472, 1.6535 -4.3917 1.7472, 1.8898 -3.2154 1.7472, 1.8898 -4.3917 1.7472, 1.8898 -4.3917 1.6685, 1.6535 -4.3917 1.6685, 1.8898 -3.2154 1.6685, 1.6535 -3.2154 1.6685, 1.8898 -2.6793 1.536, 1.8898 -3.2059 1.6673, 1.6535 -2.6793 1.536, 1.6535 -3.2059 1.6673, 1.6535 -2.6391 1.5331, 1.6535 -2.0708 1.5895, 1.8898 -2.6391 1.5331, 1.8898 -2.0708 1.5895, 1.8898 -2.6593 1.5328, 1.8898 -2.6536 1.6114, 1.6535 -2.6593 1.5328, 1.6535 -2.6536 1.6114, -0.7087 -2.0669 1.5897, -0.7087 -2.0295 1.5897, -0.4724 -2.0669 1.5897, -0.4724 -2.0295 1.5897, -0.4724 -2.0295 1.6685, -0.7087 -2.0295 1.6685, -0.4724 -2.0669 1.6685, -0.7087 -2.0669 1.6685, -0.7087 -2.0786 1.6679, -0.7087 -2.6468 1.6114, -0.4724 -2.0786 1.6679, -0.4724 -2.6468 1.6114, -0.4724 -3.1869 1.7437, -0.4724 -2.6603 1.6124, -0.7087 -3.1869 1.7437, -0.7087 -2.6603 1.6124, -0.7087 -3.2154 1.7472, -0.7087 -4.3917 1.7472, -0.4724 -3.2154 1.7472, -0.4724 -4.3917 1.7472, -0.4724 -4.3917 1.6685, -0.7087 -4.3917 1.6685, -0.4724 -3.2154 1.6685, -0.7087 -3.2154 1.6685, -0.4724 -2.6793 1.536, -0.4724 -3.2059 1.6673, -0.7087 -2.6793 1.536, -0.7087 -3.2059 1.6673, -0.7087 -2.6391 1.5331, -0.7087 -2.0708 1.5895, -0.4724 -2.6391 1.5331, -0.4724 -2.0708 1.5895, -0.4724 -2.6593 1.5328, -0.4724 -2.6536 1.6114, -0.7087 -2.6593 1.5328, -0.7087 -2.6536 1.6114, 0.4724 -2.0669 1.5897, 0.4724 -2.0295 1.5897, 0.7087 -2.0669 1.5897, 0.7087 -2.0295 1.5897, 0.7087 -2.0295 1.6685, 0.4724 -2.0295 1.6685, 0.7087 -2.0669 1.6685, 0.4724 -2.0669 1.6685, 0.4724 -2.0786 1.6679, 0.4724 -2.6468 1.6114, 0.7087 -2.0786 1.6679, 0.7087 -2.6468 1.6114, 0.7087 -3.1869 1.7437, 0.7087 -2.6603 1.6124, 0.4724 -3.1869 1.7437, 0.4724 -2.6603 1.6124, 0.4724 -3.2154 1.7472, 0.4724 -4.3917 1.7472, 0.7087 -3.2154 1.7472, 0.7087 -4.3917 1.7472, 0.7087 -4.3917 1.6685, 0.4724 -4.3917 1.6685, 0.7087 -3.2154 1.6685, 0.4724 -3.2154 1.6685, 0.7087 -2.6793 1.536, 0.7087 -3.2059 1.6673, 0.4724 -2.6793 1.536, 0.4724 -3.2059 1.6673, 0.4724 -2.6391 1.5331, 0.4724 -2.0708 1.5895, 0.7087 -2.6391 1.5331, 0.7087 -2.0708 1.5895, 0.7087 -2.6593 1.5328, 0.7087 -2.6536 1.6114, 0.4724 -2.6593 1.5328, 0.4724 -2.6536 1.6114
            ]
        }
        coordIndex [
            0,1,2,-1,2,1,3,-1,4,3,5,-1,5,3,1,-1,6,4,7,-1,7,4,5,-1,8,9,10,-1,10,9,11,-1,12,13,14,-1,14,13,15,-1,16,17,18,-1,18,17,19,-1,20,19,21,-1,21,19,17,-1,22,20,23,-1,23,20,21,-1,24,25,26,-1,26,25,27,-1,28,29,30,-1,30,29,31,-1,3,4,2,-1,2,4,6,-1,2,6,31,-1,31,6,10,-1,31,10,30,-1,30,10,11,-1,30,11,32,-1,32,11,33,-1,32,33,24,-1,24,33,13,-1,24,13,25,-1,25,13,12,-1,25,12,22,-1,22,12,18,-1,22,18,20,-1,20,18,19,-1,21,17,23,-1,23,17,16,-1,23,16,27,-1,27,16,14,-1,27,14,26,-1,26,14,15,-1,26,15,34,-1,34,15,35,-1,34,35,28,-1,28,35,9,-1,28,9,29,-1,29,9,8,-1,29,8,0,-1,0,8,7,-1,0,7,1,-1,1,7,5,-1,0,2,29,-1,29,2,31,-1,15,13,35,-1,35,13,33,-1,35,33,9,-1,9,33,11,-1,27,25,23,-1,23,25,22,-1,7,8,6,-1,6,8,10,-1,24,26,34,-1,24,34,32,-1,32,34,28,-1,32,28,30,-1,14,16,12,-1,12,16,18,-1,36,37,38,-1,38,37,39,-1,40,39,41,-1,41,39,37,-1,42,40,43,-1,43,40,41,-1,44,45,46,-1,46,45,47,-1,48,49,50,-1,50,49,51,-1,52,53,54,-1,54,53,55,-1,56,55,57,-1,57,55,53,-1,58,56,59,-1,59,56,57,-1,60,61,62,-1,62,61,63,-1,64,65,66,-1,66,65,67,-1,39,40,38,-1,38,40,42,-1,38,42,67,-1,67,42,46,-1,67,46,66,-1,66,46,47,-1,66,47,68,-1,68,47,69,-1,68,69,60,-1,60,69,49,-1,60,49,61,-1,61,49,48,-1,61,48,58,-1,58,48,54,-1,58,54,56,-1,56,54,55,-1,57,53,59,-1,59,53,52,-1,59,52,63,-1,63,52,50,-1,63,50,62,-1,62,50,51,-1,62,51,70,-1,70,51,71,-1,70,71,64,-1,64,71,45,-1,64,45,65,-1,65,45,44,-1,65,44,36,-1,36,44,43,-1,36,43,37,-1,37,43,41,-1,36,38,65,-1,65,38,67,-1,51,49,71,-1,71,49,69,-1,71,69,45,-1,45,69,47,-1,63,61,59,-1,59,61,58,-1,43,44,42,-1,42,44,46,-1,60,62,70,-1,60,70,68,-1,68,70,64,-1,68,64,66,-1,50,52,48,-1,48,52,54,-1,72,73,74,-1,74,73,75,-1,76,75,77,-1,77,75,73,-1,78,76,79,-1,79,76,77,-1,80,81,82,-1,82,81,83,-1,84,85,86,-1,86,85,87,-1,88,89,90,-1,90,89,91,-1,92,91,93,-1,93,91,89,-1,94,92,95,-1,95,92,93,-1,96,97,98,-1,98,97,99,-1,100,101,102,-1,102,101,103,-1,75,76,74,-1,74,76,78,-1,74,78,103,-1,103,78,82,-1,103,82,102,-1,102,82,83,-1,102,83,104,-1,104,83,105,-1,104,105,96,-1,96,105,85,-1,96,85,97,-1,97,85,84,-1,97,84,94,-1,94,84,90,-1,94,90,92,-1,92,90,91,-1,93,89,95,-1,95,89,88,-1,95,88,99,-1,99,88,86,-1,99,86,98,-1,98,86,87,-1,98,87,106,-1,106,87,107,-1,106,107,100,-1,100,107,81,-1,100,81,101,-1,101,81,80,-1,101,80,72,-1,72,80,79,-1,72,79,73,-1,73,79,77,-1,72,74,101,-1,101,74,103,-1,87,85,107,-1,107,85,105,-1,107,105,81,-1,81,105,83,-1,99,97,95,-1,95,97,94,-1,79,80,78,-1,78,80,82,-1,96,98,106,-1,96,106,104,-1,104,106,100,-1,104,100,102,-1,86,88,84,-1,84,88,90,-1,108,109,110,-1,110,109,111,-1,112,111,113,-1,113,111,109,-1,114,112,115,-1,115,112,113,-1,116,117,118,-1,118,117,119,-1,120,121,122,-1,122,121,123,-1,124,125,126,-1,126,125,127,-1,128,127,129,-1,129,127,125,-1,130,128,131,-1,131,128,129,-1,132,133,134,-1,134,133,135,-1,136,137,138,-1,138,137,139,-1,111,112,110,-1,110,112,114,-1,110,114,139,-1,139,114,118,-1,139,118,138,-1,138,118,119,-1,138,119,140,-1,140,119,141,-1,140,141,132,-1,132,141,121,-1,132,121,133,-1,133,121,120,-1,133,120,130,-1,130,120,126,-1,130,126,128,-1,128,126,127,-1,129,125,131,-1,131,125,124,-1,131,124,135,-1,135,124,122,-1,135,122,134,-1,134,122,123,-1,134,123,142,-1,142,123,143,-1,142,143,136,-1,136,143,117,-1,136,117,137,-1,137,117,116,-1,137,116,108,-1,108,116,115,-1,108,115,109,-1,109,115,113,-1,108,110,137,-1,137,110,139,-1,123,121,143,-1,143,121,141,-1,143,141,117,-1,117,141,119,-1,135,133,131,-1,131,133,130,-1,115,116,114,-1,114,116,118,-1,132,134,142,-1,132,142,140,-1,140,142,136,-1,140,136,138,-1,122,124,120,-1,120,124,126,-1,
        ]
    }
}
Shape{
    appearance Appearance {
        material  Material 	{
            diffuseColor 0.15294117647058825 0.7215686274509804 1.0
            specularColor 0.0784313725490196 0.3607843137254902 0.5019607843137255
            ambientIntensity 0.5833
            transparency 0.0
            shininess 0.5
        }
    }
    geometry IndexedFaceSet {
        ccw TRUE
        solid FALSE
        coord DEF co Coordinate {
            point [
                -2.4213 -2.0295 0.0394, -2.4213 -0.9862 0.0394, -1.0827 -0.9862 0.0394, 1.5748 0.6477 0.0394, 1.5748 0.4114 0.0394, 1.4764 0.6477 0.0394, 1.0827 0.4114 0.0394, 1.4764 0.7658 0.0394, 1.0827 1.1398 0.0394, 1.5748 0.7658 0.0394, 1.5748 1.1398 0.0394, 1.6732 0.7658 0.0394, 2.4213 1.1398 0.0394, 1.6732 0.6477 0.0394, 2.4213 0.4114 0.0394, -2.4213 0.4114 0.0394, -2.4213 1.1398 0.0394, -1.6732 0.7658 0.0394, -1.4764 0.7658 0.0394, -1.0827 1.1398 0.0394, -1.4764 0.6477 0.0394, -1.0827 0.4114 0.0394, -1.6732 0.6477 0.0394, -0.5906 0.4114 0.0394, -0.689 0.6477 0.0394, -0.689 0.7658 0.0394, -0.8858 0.6477 0.0394, -0.8858 0.7658 0.0394, -0.5906 1.1398 0.0394, -0.1969 1.1398 0.0394, -0.1969 0.4114 0.0394, 0.5906 1.1398 0.0394, 0.1969 0.4114 0.0394, 0.1969 1.1398 0.0394, 0.0984 0.7658 0.0394, -0.0984 0.7658 0.0394, -0.0984 0.6477 0.0394, 0.0984 0.6477 0.0394, 0.8858 0.7658 0.0394, 0.8858 0.6477 0.0394, 0.689 0.6477 0.0394, 0.5906 0.4114 0.0394, 0.689 0.7658 0.0394, -1.4764 0.1752 0.0394, -1.4764 0.0571 0.0394, -1.2795 0.0571 0.0394, -1.2795 0.1752 0.0394, -0.2953 0.1752 0.0394, -0.4921 0.1752 0.0394, -0.4921 0.0571 0.0394, -0.2953 0.0571 0.0394, -0.1969 -0.9862 0.0394, -0.5906 -0.9862 0.0394, 0.2953 0.1752 0.0394, 0.2953 0.0571 0.0394, 0.4921 0.0571 0.0394, 0.5906 -0.9862 0.0394, 0.1969 -0.9862 0.0394, 0.4921 0.1752 0.0394, 1.2795 0.1752 0.0394, 1.2795 0.0571 0.0394, 1.4764 0.1752 0.0394, 1.4764 0.0571 0.0394, 1.5748 -0.9862 0.0394, 1.0827 -0.9862 0.0394, 2.4213 -0.9862 0.0394, -1.0827 -2.0295 0.0394, -0.5906 -2.0295 0.0394, -0.1969 -2.0295 0.0394, 0.1969 -2.0295 0.0394, 0.5906 -2.0295 0.0394, 1.0827 -2.0295 0.0394, 1.5748 -2.0295 0.0394, 2.4213 -2.0295 0.0394, -2.4199 -1.2421 0.7378, -2.4213 -1.2421 0.748, -2.4213 -1.2421 0.5118, -2.416 -1.2421 0.7283, 2.4213 -1.2421 0.5118, 2.4213 -1.2421 0.748, 2.4199 -1.2421 0.7378, -2.3921 -1.2421 0.71, -2.4016 -1.2421 0.7139, -2.4097 -1.2421 0.7202, 2.416 -1.2421 0.7283, 2.4097 -1.2421 0.7202, 2.4016 -1.2421 0.7139, 2.3921 -1.2421 0.71, 2.3819 -1.2421 0.7087, -2.3819 -1.2421 0.7087, -1.9685 -4.3917 1.6685, -2.1872 -4.3917 1.6685, -1.9685 -2.0295 1.6685, -2.1872 -2.0295 1.6685, -1.5748 -2.0295 1.6685, -0.7874 -2.0295 1.6685, -1.5748 -4.3917 1.6685, -0.7874 -4.3917 1.6685, 1.5748 -4.3917 1.6685, 0.7874 -4.3917 1.6685, 1.5748 -2.0295 1.6685, 0.7874 -2.0295 1.6685, 1.9685 -2.0295 1.6685, 2.1872 -2.0295 1.6685, 1.9685 -4.3917 1.6685, 2.1872 -4.3917 1.6685, 2.3819 1.1398 2.6378, 2.4213 1.1398 2.5984, 2.4203 1.1398 2.6072, 2.3907 1.1398 2.6368, 2.399 1.1398 2.6339, 2.4064 1.1398 2.6292, 2.4127 1.1398 2.623, 2.4174 1.1398 2.6155, -2.3819 1.1398 2.6378, -2.4213 1.1398 2.5984, -2.416 1.1398 2.6181, -2.4097 1.1398 2.6263, -2.4016 1.1398 2.6325, -2.4199 1.1398 2.6086, -2.3921 1.1398 2.6365, -2.4213 -2.0295 0.239, -2.4213 -2.0295 0.748, -2.4213 -2.0295 2.5984, -2.4213 -1.5571 0.5118, -2.3819 -2.0295 2.6378, -2.3921 -2.0295 2.6365, -2.4016 -2.0295 2.6325, -2.4097 -2.0295 2.6263, -2.416 -2.0295 2.6181, -2.4199 -2.0295 2.6086, 2.3819 -2.0295 2.6378, 2.4213 -2.0295 2.5984, 2.4203 -2.0295 2.6072, 2.4174 -2.0295 2.6155, 2.4127 -2.0295 2.623, 2.4064 -2.0295 2.6292, 2.399 -2.0295 2.6339, 2.3907 -2.0295 2.6368, 2.4213 -2.0295 0.748, 2.4213 -1.5571 0.5118, 2.4213 -2.0295 0.239, -2.4199 -2.0295 0.7378, -2.416 -2.0295 0.7283, -2.4097 -2.0295 0.7202, -2.4016 -2.0295 0.7139, -2.3921 -2.0295 0.71, -2.3819 -2.0295 0.7087, 2.3819 -2.0295 0.7087, 2.3921 -2.0295 0.71, 2.4016 -2.0295 0.7139, 2.4097 -2.0295 0.7202, 2.416 -2.0295 0.7283, 2.4199 -2.0295 0.7378, 2.1872 -2.0295 2.3771, 0.3937 -2.0295 1.6685, -0.3937 -2.0295 1.6685, -2.1872 -2.0295 2.3771, 2.1872 -4.3917 2.3771, -2.1872 -4.3917 2.3771, -0.3937 -4.3917 1.6685, 0.3937 -4.3917 1.6685, -1.9685 -4.3917 1.7866, -1.5748 -4.3917 1.7866, -0.3937 -4.3917 1.7866, 0.3937 -4.3917 1.7866, 0.7874 -4.3917 1.7866, -0.7874 -4.3917 1.7866, 1.9685 -4.3917 1.7866, 1.5748 -4.3917 1.7866, 0.7874 -1.2421 1.7866, 0.7874 -1.2421 1.6685, 0.3937 -1.2421 1.6685, 0.3937 -1.2421 1.7866, 1.9685 -1.2421 1.6685, 1.5748 -1.2421 1.6685, 1.5748 -1.2421 1.7866, 1.9685 -1.2421 1.7866, -0.7874 -1.2421 1.6685, -0.7874 -1.2421 1.7866, -0.3937 -1.2421 1.7866, -0.3937 -1.2421 1.6685, -1.9685 -1.2421 1.6685, -1.9685 -1.2421 1.7866, -1.5748 -1.2421 1.7866, -1.5748 -1.2421 1.6685
            ]
        }
        coordIndex [
            0,1,2,-1,3,4,5,-1,5,4,6,-1,5,6,7,-1,7,6,8,-1,7,8,9,-1,9,8,10,-1,9,10,11,-1,11,10,12,-1,11,12,13,-1,13,12,14,-1,15,16,17,-1,17,16,18,-1,18,16,19,-1,18,19,20,-1,20,19,21,-1,20,21,22,-1,23,24,25,-1,24,23,26,-1,26,23,21,-1,26,21,27,-1,27,21,19,-1,27,19,25,-1,25,19,28,-1,25,28,23,-1,23,28,29,-1,23,29,30,-1,31,32,33,-1,33,32,34,-1,33,34,29,-1,29,34,35,-1,29,35,30,-1,30,35,36,-1,30,36,32,-1,32,36,37,-1,32,37,34,-1,31,8,38,-1,38,8,39,-1,39,8,6,-1,39,6,40,-1,40,6,41,-1,40,41,42,-1,15,43,1,-1,1,43,44,-1,1,44,2,-1,2,44,45,-1,17,22,15,-1,15,22,21,-1,15,21,43,-1,43,21,46,-1,30,47,23,-1,23,47,48,-1,23,48,49,-1,50,51,49,-1,49,51,52,-1,49,52,23,-1,23,52,2,-1,23,2,21,-1,21,2,45,-1,21,45,46,-1,32,53,54,-1,55,56,54,-1,54,56,57,-1,54,57,32,-1,32,57,51,-1,32,51,30,-1,30,51,50,-1,30,50,47,-1,38,42,31,-1,31,42,41,-1,31,41,32,-1,32,41,58,-1,32,58,53,-1,6,59,60,-1,59,6,61,-1,61,6,4,-1,61,4,62,-1,62,4,63,-1,62,63,60,-1,60,63,64,-1,60,64,6,-1,6,64,56,-1,6,56,41,-1,41,56,55,-1,41,55,58,-1,3,13,4,-1,4,13,14,-1,4,14,63,-1,63,14,65,-1,0,2,66,-1,66,2,52,-1,66,52,67,-1,67,52,51,-1,67,51,68,-1,68,51,57,-1,68,57,69,-1,69,57,56,-1,69,56,70,-1,70,56,64,-1,70,64,71,-1,71,64,63,-1,71,63,72,-1,72,63,65,-1,72,65,73,-1,74,75,76,-1,74,76,77,-1,78,79,80,-1,81,82,76,-1,76,82,83,-1,76,83,77,-1,80,84,78,-1,78,84,85,-1,78,85,86,-1,86,87,78,-1,78,87,88,-1,78,88,76,-1,76,88,89,-1,76,89,81,-1,90,91,92,-1,92,91,93,-1,94,95,96,-1,96,95,97,-1,98,99,100,-1,100,99,101,-1,102,103,104,-1,104,103,105,-1,106,10,8,-1,12,10,107,-1,107,10,106,-1,107,106,108,-1,108,106,109,-1,108,109,110,-1,110,111,108,-1,108,111,112,-1,108,112,113,-1,8,31,106,-1,106,31,33,-1,106,33,114,-1,114,33,29,-1,114,29,28,-1,28,19,114,-1,114,19,16,-1,114,16,115,-1,116,117,118,-1,115,119,114,-1,114,119,116,-1,114,116,120,-1,120,116,118,-1,1,0,121,-1,122,123,75,-1,75,123,115,-1,75,115,76,-1,121,124,1,-1,1,124,76,-1,1,76,15,-1,15,76,115,-1,15,115,16,-1,125,114,120,-1,125,120,126,-1,126,120,118,-1,126,118,127,-1,127,118,117,-1,127,117,128,-1,128,117,116,-1,128,116,129,-1,129,116,119,-1,129,119,130,-1,130,119,115,-1,130,115,123,-1,131,106,125,-1,125,106,114,-1,132,107,108,-1,132,108,133,-1,133,108,113,-1,133,113,134,-1,134,113,112,-1,134,112,135,-1,135,112,111,-1,135,111,136,-1,136,111,110,-1,136,110,137,-1,137,110,109,-1,137,109,138,-1,138,109,106,-1,138,106,131,-1,132,139,107,-1,107,139,79,-1,107,79,78,-1,12,107,14,-1,14,107,78,-1,14,78,65,-1,65,78,140,-1,65,140,73,-1,73,140,141,-1,122,75,74,-1,122,74,142,-1,142,74,77,-1,142,77,143,-1,143,77,83,-1,143,83,144,-1,144,83,82,-1,144,82,145,-1,145,82,81,-1,145,81,146,-1,146,81,89,-1,146,89,147,-1,148,147,88,-1,88,147,89,-1,148,88,87,-1,148,87,149,-1,149,87,86,-1,149,86,150,-1,150,86,85,-1,150,85,151,-1,151,85,84,-1,151,84,152,-1,152,84,80,-1,152,80,153,-1,153,80,79,-1,153,79,139,-1,148,102,100,-1,148,149,102,-1,102,149,150,-1,102,150,151,-1,151,152,102,-1,102,152,153,-1,102,153,103,-1,153,139,103,-1,103,139,132,-1,103,132,154,-1,154,132,133,-1,154,133,134,-1,100,101,148,-1,148,101,155,-1,148,155,147,-1,147,155,156,-1,147,156,95,-1,126,127,157,-1,157,127,128,-1,157,128,129,-1,134,135,154,-1,154,135,136,-1,154,136,137,-1,137,138,154,-1,154,138,131,-1,154,131,157,-1,157,131,125,-1,157,125,126,-1,144,145,92,-1,144,92,143,-1,95,94,147,-1,147,94,92,-1,147,92,146,-1,146,92,145,-1,129,130,157,-1,157,130,123,-1,157,123,93,-1,93,123,122,-1,93,122,92,-1,92,122,142,-1,92,142,143,-1,158,105,154,-1,154,105,103,-1,159,158,157,-1,157,158,154,-1,91,159,93,-1,93,159,157,-1,156,155,160,-1,160,155,161,-1,159,91,90,-1,90,162,159,-1,159,162,163,-1,159,163,158,-1,164,160,161,-1,165,166,158,-1,161,165,164,-1,164,165,158,-1,164,158,167,-1,167,158,163,-1,167,163,97,-1,97,163,96,-1,104,105,168,-1,168,105,158,-1,168,158,169,-1,169,158,166,-1,169,166,98,-1,98,166,99,-1,99,166,101,-1,101,166,170,-1,101,170,171,-1,171,172,101,-1,101,172,155,-1,172,173,155,-1,155,173,165,-1,155,165,161,-1,173,170,165,-1,165,170,166,-1,173,172,170,-1,170,172,171,-1,174,175,102,-1,102,175,100,-1,175,176,100,-1,100,176,169,-1,100,169,98,-1,176,177,169,-1,169,177,168,-1,104,168,102,-1,102,168,177,-1,102,177,174,-1,177,176,174,-1,174,176,175,-1,178,179,95,-1,95,179,167,-1,95,167,97,-1,179,180,167,-1,167,180,164,-1,160,164,156,-1,156,164,180,-1,156,180,181,-1,181,178,156,-1,156,178,95,-1,181,180,178,-1,178,180,179,-1,182,183,92,-1,92,183,162,-1,92,162,90,-1,183,184,162,-1,162,184,163,-1,96,163,94,-1,94,163,184,-1,94,184,185,-1,185,182,94,-1,94,182,92,-1,185,184,182,-1,182,184,183,-1,140,78,124,-1,124,78,76,-1,121,0,66,-1,66,67,121,-1,121,67,68,-1,121,68,141,-1,141,68,69,-1,141,69,70,-1,70,71,141,-1,141,71,72,-1,141,72,73,-1,124,121,140,-1,140,121,141,-1,
        ]
    }
}
Shape{
    appearance Appearance {
        material  Material 	{
            diffuseColor 0.7529411764705882 0.7529411764705882 0.7529411764705882
            specularColor 0.3764705882352941 0.3764705882352941 0.3764705882352941
            ambientIntensity 0.7529
            transparency 0.0
            shininess 0.5
        }
    }
    geometry IndexedFaceSet {
        ccw TRUE
        solid FALSE
        coord DEF co Coordinate {
            point [
                -0.0984 0.6477 -0.8661, -0.0984 0.6477 0.0394, -0.0984 0.7658 -0.8661, -0.0984 0.7658 0.0394, 0.0984 0.7658 0.0394, 0.0984 0.7658 -0.8661, -0.0554 0.7658 -0.9842, 0.0554 0.7658 -0.9842, 0.0984 0.6477 -0.8661, 0.0984 0.6477 0.0394, -0.0554 0.6477 -0.9842, 0.0554 0.6477 -0.9842, 1.4764 0.6477 -0.8661, 1.4764 0.6477 0.0394, 1.4764 0.7658 -0.8661, 1.4764 0.7658 0.0394, 1.5194 0.7658 -0.9842, 1.5748 0.7658 0.0394, 1.6732 0.7658 0.0394, 1.6732 0.7658 -0.8661, 1.6302 0.7658 -0.9842, 1.6732 0.6477 -0.8661, 1.6732 0.6477 0.0394, 1.6302 0.6477 -0.9842, 1.5748 0.6477 0.0394, 1.5194 0.6477 -0.9842, -0.689 0.6477 0.0394, -0.8858 0.6477 0.0394, -0.689 0.6477 -0.8661, -0.8858 0.6477 -0.8661, -0.732 0.6477 -0.9842, -0.8428 0.6477 -0.9842, -0.8858 0.7658 -0.8661, -0.8858 0.7658 0.0394, -0.732 0.7658 -0.9842, -0.8428 0.7658 -0.9842, -0.689 0.7658 -0.8661, -0.689 0.7658 0.0394, -1.4764 0.6477 0.0394, -1.6732 0.6477 0.0394, -1.4764 0.6477 -0.8661, -1.6732 0.6477 -0.8661, -1.5194 0.6477 -0.9842, -1.6302 0.6477 -0.9842, -1.6732 0.7658 -0.8661, -1.6732 0.7658 0.0394, -1.5194 0.7658 -0.9842, -1.6302 0.7658 -0.9842, -1.4764 0.7658 -0.8661, -1.4764 0.7658 0.0394, 0.689 0.6477 -0.8661, 0.689 0.6477 0.0394, 0.689 0.7658 -0.8661, 0.689 0.7658 0.0394, 0.8858 0.7658 0.0394, 0.8858 0.7658 -0.8661, 0.732 0.7658 -0.9842, 0.8428 0.7658 -0.9842, 0.8858 0.6477 -0.8661, 0.8858 0.6477 0.0394, 0.732 0.6477 -0.9842, 0.8428 0.6477 -0.9842, -0.4921 0.0571 -0.8661, -0.4921 0.0571 0.0394, -0.4921 0.1752 -0.8661, -0.4921 0.1752 0.0394, -0.2953 0.1752 0.0394, -0.2953 0.1752 -0.8661, -0.4491 0.1752 -0.9842, -0.3383 0.1752 -0.9842, -0.2953 0.0571 -0.8661, -0.2953 0.0571 0.0394, -0.4491 0.0571 -0.9842, -0.3383 0.0571 -0.9842, 0.2953 0.1752 0.0394, 0.4921 0.1752 0.0394, 0.2953 0.1752 -0.8661, 0.4921 0.1752 -0.8661, 0.3383 0.1752 -0.9842, 0.4491 0.1752 -0.9842, 0.4921 0.0571 -0.8661, 0.4921 0.0571 0.0394, 0.3383 0.0571 -0.9842, 0.4491 0.0571 -0.9842, 0.2953 0.0571 -0.8661, 0.2953 0.0571 0.0394, 1.2795 0.0571 -0.8661, 1.2795 0.0571 0.0394, 1.2795 0.1752 -0.8661, 1.2795 0.1752 0.0394, 1.4334 0.1752 -0.9842, 1.3225 0.1752 -0.9842, 1.4764 0.1752 -0.8661, 1.4764 0.1752 0.0394, 1.4764 0.0571 -0.8661, 1.4764 0.0571 0.0394, 1.4334 0.0571 -0.9842, 1.3225 0.0571 -0.9842, -1.2795 0.0571 0.0394, -1.4764 0.0571 0.0394, -1.2795 0.0571 -0.8661, -1.4764 0.0571 -0.8661, -1.3225 0.0571 -0.9842, -1.4334 0.0571 -0.9842, -1.4764 0.1752 -0.8661, -1.4764 0.1752 0.0394, -1.3225 0.1752 -0.9842, -1.4334 0.1752 -0.9842, -1.2795 0.1752 -0.8661, -1.2795 0.1752 0.0394
            ]
        }
        coordIndex [
            0,1,2,-1,2,1,3,-1,3,4,2,-1,2,4,5,-1,2,5,6,-1,6,5,7,-1,5,4,8,-1,8,4,9,-1,10,11,0,-1,0,11,8,-1,0,8,1,-1,1,8,9,-1,11,10,7,-1,7,10,6,-1,12,13,14,-1,14,13,15,-1,14,15,16,-1,16,15,17,-1,17,18,16,-1,16,18,19,-1,16,19,20,-1,19,18,21,-1,21,18,22,-1,21,22,23,-1,23,22,24,-1,24,13,23,-1,23,13,12,-1,23,12,25,-1,16,20,25,-1,25,20,23,-1,26,27,28,-1,28,27,29,-1,28,29,30,-1,30,29,31,-1,29,27,32,-1,32,27,33,-1,34,35,36,-1,36,35,32,-1,36,32,37,-1,37,32,33,-1,36,37,28,-1,28,37,26,-1,30,31,34,-1,34,31,35,-1,38,39,40,-1,40,39,41,-1,40,41,42,-1,42,41,43,-1,41,39,44,-1,44,39,45,-1,46,47,48,-1,48,47,44,-1,48,44,49,-1,49,44,45,-1,48,49,40,-1,40,49,38,-1,42,43,46,-1,46,43,47,-1,50,51,52,-1,52,51,53,-1,53,54,52,-1,52,54,55,-1,52,55,56,-1,56,55,57,-1,55,54,58,-1,58,54,59,-1,60,61,50,-1,50,61,58,-1,50,58,51,-1,51,58,59,-1,61,60,57,-1,57,60,56,-1,62,63,64,-1,64,63,65,-1,65,66,64,-1,64,66,67,-1,64,67,68,-1,68,67,69,-1,67,66,70,-1,70,66,71,-1,72,73,62,-1,62,73,70,-1,62,70,63,-1,63,70,71,-1,73,72,69,-1,69,72,68,-1,74,75,76,-1,76,75,77,-1,76,77,78,-1,78,77,79,-1,77,75,80,-1,80,75,81,-1,82,83,84,-1,84,83,80,-1,84,80,85,-1,85,80,81,-1,84,85,76,-1,76,85,74,-1,83,82,79,-1,79,82,78,-1,86,87,88,-1,88,87,89,-1,90,91,92,-1,92,91,88,-1,92,88,93,-1,93,88,89,-1,92,93,94,-1,94,93,95,-1,95,87,94,-1,94,87,86,-1,94,86,96,-1,96,86,97,-1,96,97,90,-1,90,97,91,-1,98,99,100,-1,100,99,101,-1,100,101,102,-1,102,101,103,-1,101,99,104,-1,104,99,105,-1,106,107,108,-1,108,107,104,-1,108,104,109,-1,109,104,105,-1,108,109,100,-1,100,109,98,-1,102,103,106,-1,106,103,107,-1,40,42,48,-1,48,42,46,-1,44,47,41,-1,41,47,43,-1,100,102,108,-1,108,102,106,-1,104,107,101,-1,101,107,103,-1,28,30,36,-1,36,30,34,-1,32,35,29,-1,29,35,31,-1,70,73,67,-1,67,73,69,-1,64,68,62,-1,62,68,72,-1,8,11,5,-1,5,11,7,-1,2,6,0,-1,0,6,10,-1,80,83,77,-1,77,83,79,-1,76,78,84,-1,84,78,82,-1,58,61,55,-1,55,61,57,-1,52,56,50,-1,50,56,60,-1,94,96,92,-1,92,96,90,-1,88,91,86,-1,86,91,97,-1,14,16,12,-1,12,16,25,-1,21,23,19,-1,19,23,20,-1,
        ]
    }
}
Shape{
    appearance Appearance {
        material  Material 	{
            diffuseColor 0.0 0.0 0.0
            specularColor 0.0 0.0 0.0
            ambientIntensity 0.0
            transparency 0.0
            shininess 0.5
        }
    }
    geometry IndexedFaceSet {
        ccw TRUE
        solid FALSE
        coord DEF co Coordinate {
            point [
                -0.1102 1.2618 0.6704, -0.1102 1.2618 0.6552, -0.1102 1.2579 0.6704, -0.1102 1.2579 0.6552, -0.057 1.2618 0.6704, -0.057 1.2579 0.6704, -0.057 1.2618 0.7886, -0.057 1.2579 0.7886, -0.0398 1.2618 0.7886, -0.0398 1.2579 0.7886, -0.0398 1.2618 0.6552, -0.0398 1.2579 0.6552, -0.1786 1.2618 0.6529, -0.1786 1.2579 0.6529, -0.1868 1.2579 0.6532, -0.1868 1.2618 0.6532, -0.1943 1.2579 0.654, -0.1943 1.2618 0.654, -0.2012 1.2579 0.6554, -0.2012 1.2618 0.6554, -0.2073 1.2579 0.6572, -0.2073 1.2618 0.6572, -0.2129 1.2579 0.6594, -0.2129 1.2618 0.6594, -0.2156 1.2579 0.6607, -0.2156 1.2618 0.6607, -0.2156 1.2618 0.6772, -0.2156 1.2579 0.6772, -0.2105 1.2579 0.6745, -0.2105 1.2618 0.6745, -0.2052 1.2579 0.6723, -0.2052 1.2618 0.6723, -0.1996 1.2579 0.6705, -0.1996 1.2618 0.6705, -0.1936 1.2579 0.6693, -0.1936 1.2618 0.6693, -0.1873 1.2579 0.6685, -0.1873 1.2618 0.6685, -0.1811 1.2579 0.6683, -0.1811 1.2618 0.6683, -0.1753 1.2579 0.6686, -0.1753 1.2618 0.6686, -0.1698 1.2579 0.6694, -0.1698 1.2618 0.6694, -0.1648 1.2579 0.6708, -0.1648 1.2618 0.6708, -0.1601 1.2579 0.6726, -0.1601 1.2618 0.6726, -0.1558 1.2579 0.6749, -0.1558 1.2618 0.6749, -0.1518 1.2579 0.6777, -0.1518 1.2618 0.6777, -0.1481 1.2579 0.681, -0.1481 1.2618 0.681, -0.1468 1.2579 0.6823, -0.1468 1.2618 0.6823, -0.1436 1.2579 0.6862, -0.1436 1.2618 0.6862, -0.1408 1.2579 0.6905, -0.1408 1.2618 0.6905, -0.1385 1.2579 0.6951, -0.1385 1.2618 0.6951, -0.1366 1.2579 0.7, -0.1366 1.2618 0.7, -0.1352 1.2579 0.7054, -0.1352 1.2618 0.7054, -0.1342 1.2579 0.7112, -0.1342 1.2618 0.7112, -0.1338 1.2579 0.7176, -0.1338 1.2618 0.7176, -0.1337 1.2579 0.7204, -0.1337 1.2618 0.7204, -0.134 1.2579 0.7273, -0.134 1.2618 0.7273, -0.1348 1.2579 0.7338, -0.1348 1.2618 0.7338, -0.1362 1.2579 0.7397, -0.1362 1.2618 0.7397, -0.138 1.2579 0.7451, -0.138 1.2618 0.7451, -0.1403 1.2579 0.75, -0.1403 1.2618 0.75, -0.143 1.2579 0.7546, -0.143 1.2618 0.7546, -0.1461 1.2579 0.7587, -0.1461 1.2618 0.7587, -0.1477 1.2579 0.7605, -0.1477 1.2618 0.7605, -0.1516 1.2579 0.7642, -0.1516 1.2618 0.7642, -0.1557 1.2579 0.7673, -0.1557 1.2618 0.7673, -0.1601 1.2579 0.7699, -0.1601 1.2618 0.7699, -0.1647 1.2579 0.772, -0.1647 1.2618 0.772, -0.1696 1.2579 0.7735, -0.1696 1.2618 0.7735, -0.1748 1.2579 0.7746, -0.1748 1.2618 0.7746, -0.1804 1.2579 0.7752, -0.1804 1.2618 0.7752, -0.1841 1.2579 0.7753, -0.1841 1.2618 0.7753, -0.1905 1.2579 0.775, -0.1905 1.2618 0.775, -0.1967 1.2579 0.7742, -0.1967 1.2618 0.7742, -0.2026 1.2579 0.7728, -0.2026 1.2618 0.7728, -0.2082 1.2579 0.7709, -0.2082 1.2618 0.7709, -0.2136 1.2579 0.7685, -0.2136 1.2618 0.7685, -0.2156 1.2579 0.7674, -0.2156 1.2618 0.7674, -0.2156 1.2618 0.7854, -0.2156 1.2579 0.7854, -0.2104 1.2579 0.7873, -0.2104 1.2618 0.7873, -0.2047 1.2579 0.7889, -0.2047 1.2618 0.7889, -0.1983 1.2579 0.79, -0.1983 1.2618 0.79, -0.1911 1.2579 0.7907, -0.1911 1.2618 0.7907, -0.1839 1.2579 0.7909, -0.1839 1.2618 0.7909, -0.177 1.2579 0.7906, -0.177 1.2618 0.7906, -0.1703 1.2579 0.7898, -0.1703 1.2618 0.7898, -0.1641 1.2579 0.7884, -0.1641 1.2618 0.7884, -0.1582 1.2579 0.7865, -0.1582 1.2618 0.7865, -0.1527 1.2579 0.7842, -0.1527 1.2618 0.7842, -0.1475 1.2579 0.7813, -0.1475 1.2618 0.7813, -0.1426 1.2579 0.7779, -0.1426 1.2618 0.7779, -0.1379 1.2579 0.7741, -0.1379 1.2618 0.7741, -0.1349 1.2579 0.7712, -0.1349 1.2618 0.7712, -0.1308 1.2579 0.7667, -0.1308 1.2618 0.7667, -0.1272 1.2579 0.7618, -0.1272 1.2618 0.7618, -0.1242 1.2579 0.7567, -0.1242 1.2618 0.7567, -0.1215 1.2579 0.7512, -0.1215 1.2618 0.7512, -0.1194 1.2579 0.7454, -0.1194 1.2618 0.7454, -0.1177 1.2579 0.7392, -0.1177 1.2618 0.7392, -0.1165 1.2579 0.7327, -0.1165 1.2618 0.7327, -0.1158 1.2579 0.7257, -0.1158 1.2618 0.7257, -0.1156 1.2579 0.7194, -0.1156 1.2618 0.7194, -0.1159 1.2579 0.7119, -0.1159 1.2618 0.7119, -0.1168 1.2579 0.7048, -0.1168 1.2618 0.7048, -0.1181 1.2579 0.6983, -0.1181 1.2618 0.6983, -0.12 1.2579 0.6922, -0.12 1.2618 0.6922, -0.1223 1.2579 0.6866, -0.1223 1.2618 0.6866, -0.125 1.2579 0.6814, -0.125 1.2618 0.6814, -0.1282 1.2579 0.6766, -0.1282 1.2618 0.6766, -0.1317 1.2579 0.6723, -0.1317 1.2618 0.6723, -0.1328 1.2579 0.6712, -0.1328 1.2618 0.6712, -0.1369 1.2579 0.6672, -0.1369 1.2618 0.6672, -0.1414 1.2579 0.6637, -0.1414 1.2618 0.6637, -0.1461 1.2579 0.6607, -0.1461 1.2618 0.6607, -0.1511 1.2579 0.6582, -0.1511 1.2618 0.6582, -0.1564 1.2579 0.6562, -0.1564 1.2618 0.6562, -0.1621 1.2579 0.6546, -0.1621 1.2618 0.6546, -0.1682 1.2579 0.6536, -0.1682 1.2618 0.6536, -0.1747 1.2579 0.653, -0.1747 1.2618 0.653, -0.314 1.2618 0.6704, -0.314 1.2618 0.6552, -0.314 1.2579 0.6704, -0.314 1.2579 0.6552, -0.2595 1.2618 0.6704, -0.2595 1.2579 0.6704, -0.2595 1.2618 0.7153, -0.2595 1.2579 0.7153, -0.3072 1.2618 0.7153, -0.3072 1.2579 0.7153, -0.3072 1.2618 0.7306, -0.3072 1.2579 0.7306, -0.2595 1.2618 0.7306, -0.2595 1.2579 0.7306, -0.2595 1.2618 0.7733, -0.2595 1.2579 0.7733, -0.311 1.2618 0.7733, -0.311 1.2579 0.7733, -0.311 1.2618 0.7886, -0.311 1.2579 0.7886, -0.2423 1.2618 0.7886, -0.2423 1.2579 0.7886, -0.2423 1.2618 0.6552, -0.2423 1.2579 0.6552, -0.4007 1.2618 0.6747, -0.4099 1.2618 0.6619, -0.4055 1.2618 0.677, -0.4154 1.2618 0.6648, -0.4099 1.2618 0.6796, -0.4206 1.2618 0.6681, -0.4138 1.2618 0.6828, -0.4255 1.2618 0.6719, -0.4155 1.2618 0.6843, -0.4278 1.2618 0.6739, -0.4189 1.2618 0.688, -0.432 1.2618 0.6782, -0.4218 1.2618 0.692, -0.4358 1.2618 0.6829, -0.4243 1.2618 0.6964, -0.439 1.2618 0.6878, -0.4263 1.2618 0.7011, -0.4287 1.2618 0.736, -0.4454 1.2618 0.743, -0.4273 1.2618 0.7415, -0.4435 1.2618 0.7487, -0.4255 1.2618 0.7465, -0.4412 1.2618 0.7539, -0.4233 1.2618 0.7509, -0.4383 1.2618 0.7588, -0.4206 1.2618 0.7549, -0.435 1.2618 0.7634, -0.4312 1.2618 0.7677, -0.4176 1.2618 0.7584, -0.4278 1.2618 0.771, -0.4152 1.2618 0.7607, -0.4228 1.2618 0.7749, -0.411 1.2618 0.7639, -0.4176 1.2618 0.7784, -0.4066 1.2618 0.7666, -0.4121 1.2618 0.7813, -0.4017 1.2618 0.7689, -0.4063 1.2618 0.7838, -0.3965 1.2618 0.7707, -0.4003 1.2618 0.7857, -0.3909 1.2618 0.772, -0.3938 1.2618 0.7872, -0.3848 1.2618 0.7729, -0.387 1.2618 0.7882, -0.3783 1.2618 0.7733, -0.3798 1.2618 0.7886, -0.3766 1.2618 0.7733, -0.3773 1.2618 0.7886, -0.3565 1.2618 0.7733, -0.3393 1.2618 0.7886, -0.3565 1.2618 0.6704, -0.3393 1.2618 0.6552, -0.3759 1.2618 0.6704, -0.376 1.2618 0.6552, -0.3829 1.2618 0.6707, -0.3836 1.2618 0.6555, -0.3894 1.2618 0.6715, -0.3909 1.2618 0.6563, -0.3953 1.2618 0.6729, -0.3976 1.2618 0.6577, -0.404 1.2618 0.6596, -0.4417 1.2618 0.693, -0.4439 1.2618 0.6985, -0.4279 1.2618 0.7063, -0.4457 1.2618 0.7044, -0.429 1.2618 0.7119, -0.4469 1.2618 0.7106, -0.4296 1.2618 0.7181, -0.4477 1.2618 0.7172, -0.4298 1.2618 0.7231, -0.4479 1.2618 0.7236, -0.4295 1.2618 0.7298, -0.4476 1.2618 0.7305, -0.4468 1.2618 0.737, -0.411 1.2579 0.7639, -0.4228 1.2579 0.7749, -0.4152 1.2579 0.7607, -0.4278 1.2579 0.771, -0.4176 1.2579 0.7584, -0.4312 1.2579 0.7677, -0.4206 1.2579 0.7549, -0.435 1.2579 0.7634, -0.4233 1.2579 0.7509, -0.4383 1.2579 0.7588, -0.4255 1.2579 0.7465, -0.4412 1.2579 0.7539, -0.4273 1.2579 0.7415, -0.4055 1.2579 0.677, -0.4099 1.2579 0.6619, -0.4007 1.2579 0.6747, -0.404 1.2579 0.6596, -0.3953 1.2579 0.6729, -0.3976 1.2579 0.6577, -0.3894 1.2579 0.6715, -0.3909 1.2579 0.6563, -0.3829 1.2579 0.6707, -0.3836 1.2579 0.6555, -0.3759 1.2579 0.6704, -0.376 1.2579 0.6552, -0.3565 1.2579 0.6704, -0.3393 1.2579 0.6552, -0.3565 1.2579 0.7733, -0.3393 1.2579 0.7886, -0.3766 1.2579 0.7733, -0.3773 1.2579 0.7886, -0.3783 1.2579 0.7733, -0.3798 1.2579 0.7886, -0.3848 1.2579 0.7729, -0.387 1.2579 0.7882, -0.3909 1.2579 0.772, -0.3938 1.2579 0.7872, -0.3965 1.2579 0.7707, -0.4003 1.2579 0.7857, -0.4017 1.2579 0.7689, -0.4063 1.2579 0.7838, -0.4066 1.2579 0.7666, -0.4121 1.2579 0.7813, -0.4176 1.2579 0.7784, -0.4279 1.2579 0.7063, -0.4439 1.2579 0.6985, -0.4263 1.2579 0.7011, -0.4417 1.2579 0.693, -0.4243 1.2579 0.6964, -0.439 1.2579 0.6878, -0.4218 1.2579 0.692, -0.4358 1.2579 0.6829, -0.4189 1.2579 0.688, -0.432 1.2579 0.6782, -0.4155 1.2579 0.6843, -0.4278 1.2579 0.6739, -0.4138 1.2579 0.6828, -0.4255 1.2579 0.6719, -0.4099 1.2579 0.6796, -0.4206 1.2579 0.6681, -0.4154 1.2579 0.6648, -0.4435 1.2579 0.7487, -0.4454 1.2579 0.743, -0.4287 1.2579 0.736, -0.4468 1.2579 0.737, -0.4295 1.2579 0.7298, -0.4476 1.2579 0.7305, -0.4298 1.2579 0.7231, -0.4479 1.2579 0.7236, -0.4296 1.2579 0.7181, -0.4477 1.2579 0.7172, -0.429 1.2579 0.7119, -0.4469 1.2579 0.7106, -0.4457 1.2579 0.7044, -0.4926 1.2618 0.7068, -0.5126 1.2618 0.7622, -0.5061 1.2618 0.7886, -0.4553 1.2618 0.6552, -0.4743 1.2618 0.6552, -0.4872 1.2618 0.6917, -0.5137 1.2618 0.7662, -0.5148 1.2618 0.7716, -0.5246 1.2618 0.7886, -0.5152 1.2618 0.7716, -0.5163 1.2618 0.7659, -0.5173 1.2618 0.7622, -0.5374 1.2618 0.7068, -0.5754 1.2618 0.6552, -0.5563 1.2618 0.6552, -0.5427 1.2618 0.6917, -0.4872 1.2579 0.6917, -0.4926 1.2579 0.7068, -0.5427 1.2579 0.6917, -0.5374 1.2579 0.7068, -0.5173 1.2579 0.7622, -0.5246 1.2579 0.7886, -0.5754 1.2579 0.6552, -0.5563 1.2579 0.6552, -0.5163 1.2579 0.7659, -0.5152 1.2579 0.7716, -0.5061 1.2579 0.7886, -0.5148 1.2579 0.7716, -0.5137 1.2579 0.7662, -0.5126 1.2579 0.7622, -0.4553 1.2579 0.6552, -0.4743 1.2579 0.6552, -0.1116 1.2618 0.4587, -0.1116 1.2618 0.4435, -0.1116 1.2579 0.4587, -0.1116 1.2579 0.4435, -0.057 1.2618 0.4587, -0.057 1.2579 0.4587, -0.057 1.2618 0.5036, -0.057 1.2579 0.5036, -0.1048 1.2618 0.5036, -0.1048 1.2579 0.5036, -0.1048 1.2618 0.5189, -0.1048 1.2579 0.5189, -0.057 1.2618 0.5189, -0.057 1.2579 0.5189, -0.057 1.2618 0.5616, -0.057 1.2579 0.5616, -0.1085 1.2618 0.5616, -0.1085 1.2579 0.5616, -0.1085 1.2618 0.5769, -0.1085 1.2579 0.5769, -0.0398 1.2618 0.5769, -0.0398 1.2579 0.5769, -0.0398 1.2618 0.4435, -0.0398 1.2579 0.4435, -0.1561 1.2618 0.4863, -0.1599 1.2618 0.4874, -0.1875 1.2618 0.5041, -0.1651 1.2618 0.4883, -0.1815 1.2618 0.5228, -0.1905 1.2618 0.536, -0.1796 1.2618 0.5244, -0.1875 1.2618 0.5376, -0.1773 1.2618 0.5256, -0.1842 1.2618 0.5389, -0.1747 1.2618 0.5266, -0.1874 1.2618 0.4813, -0.1872 1.2618 0.4777, -0.2042 1.2618 0.5048, -0.1477 1.2618 0.461, -0.1463 1.2618 0.463, -0.1324 1.2618 0.4525, -0.1356 1.2618 0.4903, -0.1474 1.2618 0.4806, -0.149 1.2618 0.4824, -0.1532 1.2618 0.4852, -0.1592 1.2618 0.5001, -0.1539 1.2618 0.4992, -0.1875 1.2618 0.4435, -0.2042 1.2618 0.4435, -0.1875 1.2618 0.4582, -0.1865 1.2618 0.4743, -0.1846 1.2618 0.5186, -0.1977 1.2618 0.5294, -0.1832 1.2618 0.5209, -0.1956 1.2618 0.532, -0.1932 1.2618 0.5342, -0.1351 1.2618 0.4897, -0.133 1.2618 0.4872, -0.1462 1.2618 0.4786, -0.1312 1.2618 0.4845, -0.1453 1.2618 0.4762, -0.1491 1.2618 0.4979, -0.1449 1.2618 0.4963, -0.1509 1.2618 0.4839, -0.1413 1.2618 0.4945, -0.1383 1.2618 0.4925, -0.1866 1.2618 0.513, -0.2024 1.2618 0.5194, -0.1857 1.2618 0.516, -0.2011 1.2618 0.5232, -0.1995 1.2618 0.5265, -0.1494 1.2618 0.4592, -0.1412 1.2618 0.4449, -0.1514 1.2618 0.4577, -0.1443 1.2618 0.4435, -0.1537 1.2618 0.4565, -0.1477 1.2618 0.4424, -0.1562 1.2618 0.4556, -0.1344 1.2618 0.4501, -0.1358 1.2618 0.4487, -0.1384 1.2618 0.4467, -0.1447 1.2618 0.4676, -0.1284 1.2618 0.4614, -0.1454 1.2618 0.4652, -0.1294 1.2618 0.4582, -0.1307 1.2618 0.4552, -0.204 1.2618 0.5102, -0.1875 1.2618 0.4913, -0.1875 1.2618 0.4822, -0.1872 1.2618 0.5094, -0.2034 1.2618 0.5151, -0.1874 1.2618 0.5053, -0.1298 1.2618 0.4816, -0.1287 1.2618 0.4784, -0.1448 1.2618 0.4736, -0.128 1.2618 0.4749, -0.1445 1.2618 0.4704, -0.1805 1.2618 0.5399, -0.1764 1.2618 0.5406, -0.1716 1.2618 0.5272, -0.1718 1.2618 0.5409, -0.1681 1.2618 0.5274, -0.1697 1.2618 0.541, -0.1664 1.2618 0.5274, -0.1641 1.2618 0.5408, -0.162 1.2618 0.527, -0.1587 1.2618 0.5401, -0.1576 1.2618 0.5262, -0.1536 1.2618 0.5391, -0.1534 1.2618 0.5251, -0.1488 1.2618 0.5377, -0.1492 1.2618 0.5234, -0.1442 1.2618 0.536, -0.145 1.2618 0.5214, -0.1399 1.2618 0.5338, -0.1409 1.2618 0.5189, -0.1369 1.2618 0.5321, -0.1369 1.2618 0.5159, -0.1855 1.2618 0.4711, -0.1842 1.2618 0.4681, -0.187 1.2618 0.4582, -0.1824 1.2618 0.4653, -0.1862 1.2618 0.4568, -0.1656 1.2618 0.4552, -0.1694 1.2618 0.4431, -0.1689 1.2618 0.4558, -0.1728 1.2618 0.4444, -0.1719 1.2618 0.4568, -0.1758 1.2618 0.4461, -0.1747 1.2618 0.4581, -0.1276 1.2618 0.471, -0.1276 1.2618 0.469, -0.1278 1.2618 0.4651, -0.1787 1.2618 0.4482, -0.1814 1.2618 0.4507, -0.1772 1.2618 0.4599, -0.1839 1.2618 0.4535, -0.1796 1.2618 0.462, -0.1803 1.2618 0.4627, -0.1514 1.2618 0.4417, -0.1555 1.2618 0.4413, -0.1591 1.2618 0.4551, -0.1578 1.2618 0.4412, -0.1621 1.2618 0.4549, -0.162 1.2618 0.4414, -0.1659 1.2618 0.4421, -0.1409 1.2579 0.5189, -0.1369 1.2579 0.5159, -0.1369 1.2579 0.5321, -0.1796 1.2579 0.5244, -0.1905 1.2579 0.536, -0.1815 1.2579 0.5228, -0.1932 1.2579 0.5342, -0.1832 1.2579 0.5209, -0.1477 1.2579 0.461, -0.1324 1.2579 0.4525, -0.1463 1.2579 0.463, -0.1307 1.2579 0.4552, -0.1454 1.2579 0.4652, -0.1865 1.2579 0.4743, -0.1872 1.2579 0.4777, -0.2042 1.2579 0.5048, -0.1862 1.2579 0.4568, -0.1839 1.2579 0.4535, -0.1772 1.2579 0.4599, -0.1814 1.2579 0.4507, -0.1747 1.2579 0.4581, -0.1787 1.2579 0.4482, -0.1719 1.2579 0.4568, -0.1758 1.2579 0.4461, -0.1689 1.2579 0.4558, -0.1956 1.2579 0.532, -0.1977 1.2579 0.5294, -0.1846 1.2579 0.5186, -0.1995 1.2579 0.5265, -0.1857 1.2579 0.516, -0.1716 1.2579 0.5272, -0.1764 1.2579 0.5406, -0.1747 1.2579 0.5266, -0.1805 1.2579 0.5399, -0.1773 1.2579 0.5256, -0.1842 1.2579 0.5389, -0.1875 1.2579 0.5376, -0.1855 1.2579 0.4711, -0.1875 1.2579 0.4582, -0.1875 1.2579 0.4435, -0.2042 1.2579 0.4435, -0.149 1.2579 0.4824, -0.1413 1.2579 0.4945, -0.1509 1.2579 0.4839, -0.1449 1.2579 0.4963, -0.1532 1.2579 0.4852, -0.1491 1.2579 0.4979, -0.1561 1.2579 0.4863, -0.1539 1.2579 0.4992, -0.1599 1.2579 0.4874, -0.1592 1.2579 0.5001, -0.1474 1.2579 0.4806, -0.1356 1.2579 0.4903, -0.1383 1.2579 0.4925, -0.1494 1.2579 0.4592, -0.1358 1.2579 0.4487, -0.1344 1.2579 0.4501, -0.1514 1.2579 0.4577, -0.1412 1.2579 0.4449, -0.1384 1.2579 0.4467, -0.1796 1.2579 0.462, -0.1803 1.2579 0.4627, -0.187 1.2579 0.4582, -0.1824 1.2579 0.4653, -0.1842 1.2579 0.4681, -0.1462 1.2579 0.4786, -0.133 1.2579 0.4872, -0.1351 1.2579 0.4897, -0.1875 1.2579 0.4913, -0.204 1.2579 0.5102, -0.1875 1.2579 0.4822, -0.1874 1.2579 0.4813, -0.1294 1.2579 0.4582, -0.1284 1.2579 0.4614, -0.1447 1.2579 0.4676, -0.1591 1.2579 0.4551, -0.1555 1.2579 0.4413, -0.1562 1.2579 0.4556, -0.1514 1.2579 0.4417, -0.1537 1.2579 0.4565, -0.1477 1.2579 0.4424, -0.1443 1.2579 0.4435, -0.1728 1.2579 0.4444, -0.1694 1.2579 0.4431, -0.1656 1.2579 0.4552, -0.1659 1.2579 0.4421, -0.1621 1.2579 0.4549, -0.162 1.2579 0.4414, -0.1578 1.2579 0.4412, -0.2011 1.2579 0.5232, -0.2024 1.2579 0.5194, -0.1866 1.2579 0.513, -0.2034 1.2579 0.5151, -0.1872 1.2579 0.5094, -0.1874 1.2579 0.5053, -0.1875 1.2579 0.5041, -0.1651 1.2579 0.4883, -0.1448 1.2579 0.4736, -0.1287 1.2579 0.4784, -0.1453 1.2579 0.4762, -0.1298 1.2579 0.4816, -0.1312 1.2579 0.4845, -0.1278 1.2579 0.4651, -0.1276 1.2579 0.469, -0.1445 1.2579 0.4704, -0.1276 1.2579 0.471, -0.128 1.2579 0.4749, -0.145 1.2579 0.5214, -0.1399 1.2579 0.5338, -0.1492 1.2579 0.5234, -0.1442 1.2579 0.536, -0.1534 1.2579 0.5251, -0.1488 1.2579 0.5377, -0.1576 1.2579 0.5262, -0.1536 1.2579 0.5391, -0.162 1.2579 0.527, -0.1587 1.2579 0.5401, -0.1664 1.2579 0.5274, -0.1641 1.2579 0.5408, -0.1681 1.2579 0.5274, -0.1697 1.2579 0.541, -0.1718 1.2579 0.5409, -0.2543 1.2618 0.4549, -0.2543 1.2579 0.4549, -0.25 1.2579 0.4551, -0.25 1.2618 0.4551, -0.2459 1.2579 0.4557, -0.2459 1.2618 0.4557, -0.2418 1.2579 0.4566, -0.2418 1.2618 0.4566, -0.2378 1.2579 0.458, -0.2378 1.2618 0.458, -0.2339 1.2579 0.4598, -0.2339 1.2618 0.4598, -0.23 1.2579 0.4619, -0.23 1.2618 0.4619, -0.2268 1.2579 0.4641, -0.2268 1.2618 0.4641, -0.2268 1.2618 0.4468, -0.2268 1.2579 0.4468, -0.2308 1.2579 0.445, -0.2308 1.2618 0.445, -0.2351 1.2579 0.4436, -0.2351 1.2618 0.4436, -0.2395 1.2579 0.4425, -0.2395 1.2618 0.4425, -0.2443 1.2579 0.4417, -0.2443 1.2618 0.4417, -0.2494 1.2579 0.4413, -0.2494 1.2618 0.4413, -0.2527 1.2579 0.4412, -0.2527 1.2618 0.4412, -0.258 1.2579 0.4414, -0.258 1.2618 0.4414, -0.2629 1.2579 0.442, -0.2629 1.2618 0.442, -0.2675 1.2579 0.4429, -0.2675 1.2618 0.4429, -0.2716 1.2579 0.4442, -0.2716 1.2618 0.4442, -0.2753 1.2579 0.4458, -0.2753 1.2618 0.4458, -0.2787 1.2579 0.4476, -0.2787 1.2618 0.4476, -0.2804 1.2579 0.4488, -0.2804 1.2618 0.4488, -0.2831 1.2579 0.4509, -0.2831 1.2618 0.4509, -0.2854 1.2579 0.4532, -0.2854 1.2618 0.4532, -0.2873 1.2579 0.4557, -0.2873 1.2618 0.4557, -0.2888 1.2579 0.4583, -0.2888 1.2618 0.4583, -0.2899 1.2579 0.461, -0.2899 1.2618 0.461, -0.2907 1.2579 0.464, -0.2907 1.2618 0.464, -0.2911 1.2579 0.4672, -0.2911 1.2618 0.4672, -0.2912 1.2579 0.4694, -0.2912 1.2618 0.4694, -0.291 1.2579 0.4728, -0.291 1.2618 0.4728, -0.2904 1.2579 0.476, -0.2904 1.2618 0.476, -0.2895 1.2579 0.4789, -0.2895 1.2618 0.4789, -0.2882 1.2579 0.4815, -0.2882 1.2618 0.4815, -0.2866 1.2579 0.484, -0.2866 1.2618 0.484, -0.2856 1.2579 0.4852, -0.2856 1.2618 0.4852, -0.2835 1.2579 0.4872, -0.2835 1.2618 0.4872, -0.2808 1.2579 0.4893, -0.2808 1.2618 0.4893, -0.2774 1.2579 0.4915, -0.2774 1.2618 0.4915, -0.273 1.2579 0.4937, -0.273 1.2618 0.4937, -0.2677 1.2579 0.4961, -0.2677 1.2618 0.4961, -0.264 1.2579 0.4975, -0.264 1.2618 0.4975, -0.2568 1.2579 0.5005, -0.2568 1.2618 0.5005, -0.2523 1.2579 0.5028, -0.2523 1.2618 0.5028, -0.2493 1.2579 0.5045, -0.2493 1.2618 0.5045, -0.2478 1.2579 0.5057, -0.2478 1.2618 0.5057, -0.2464 1.2579 0.5072, -0.2464 1.2618 0.5072, -0.2453 1.2579 0.5089, -0.2453 1.2618 0.5089, -0.2446 1.2579 0.5108, -0.2446 1.2618 0.5108, -0.2442 1.2579 0.513, -0.2442 1.2618 0.513, -0.2441 1.2579 0.5146, -0.2441 1.2618 0.5146, -0.2443 1.2579 0.5167, -0.2443 1.2618 0.5167, -0.2449 1.2579 0.5187, -0.2449 1.2618 0.5187, -0.2459 1.2579 0.5205, -0.2459 1.2618 0.5205, -0.2472 1.2579 0.5221, -0.2472 1.2618 0.5221, -0.2488 1.2579 0.5235, -0.2488 1.2618 0.5235, -0.2492 1.2579 0.5239, -0.2492 1.2618 0.5239, -0.2514 1.2579 0.5252, -0.2514 1.2618 0.5252, -0.2539 1.2579 0.5262, -0.2539 1.2618 0.5262, -0.2567 1.2579 0.5269, -0.2567 1.2618 0.5269, -0.2598 1.2579 0.5273, -0.2598 1.2618 0.5273, -0.2624 1.2579 0.5274, -0.2624 1.2618 0.5274, -0.2669 1.2579 0.5272, -0.2669 1.2618 0.5272, -0.2712 1.2579 0.5266, -0.2712 1.2618 0.5266, -0.2753 1.2579 0.5257, -0.2753 1.2618 0.5257, -0.2792 1.2579 0.5243, -0.2792 1.2618 0.5243, -0.2829 1.2579 0.5227, -0.2829 1.2618 0.5227, -0.2866 1.2579 0.5205, -0.2866 1.2618 0.5205, -0.2866 1.2618 0.5367, -0.2866 1.2579 0.5367, -0.2823 1.2579 0.5383, -0.2823 1.2618 0.5383, -0.2778 1.2579 0.5395, -0.2778 1.2618 0.5395, -0.2732 1.2579 0.5404, -0.2732 1.2618 0.5404, -0.2683 1.2579 0.5408, -0.2683 1.2618 0.5408, -0.264 1.2579 0.541, -0.264 1.2618 0.541, -0.2591 1.2579 0.5408, -0.2591 1.2618 0.5408, -0.2545 1.2579 0.5402, -0.2545 1.2618 0.5402, -0.2502 1.2579 0.5393, -0.2502 1.2618 0.5393, -0.2463 1.2579 0.538, -0.2463 1.2618 0.538, -0.2426 1.2579 0.5364, -0.2426 1.2618 0.5364, -0.2392 1.2579 0.5344, -0.2392 1.2618 0.5344, -0.2376 1.2579 0.5334, -0.2376 1.2618 0.5334, -0.2349 1.2579 0.5312, -0.2349 1.2618 0.5312, -0.2325 1.2579 0.5288, -0.2325 1.2618 0.5288, -0.2307 1.2579 0.5263, -0.2307 1.2618 0.5263, -0.2292 1.2579 0.5237, -0.2292 1.2618 0.5237, -0.2281 1.2579 0.5209, -0.2281 1.2618 0.5209, -0.2274 1.2579 0.5179, -0.2274 1.2618 0.5179, -0.227 1.2579 0.5148, -0.227 1.2618 0.5148, -0.2269 1.2579 0.5131, -0.2269 1.2618 0.5131, -0.2271 1.2579 0.5096, -0.2271 1.2618 0.5096, -0.2277 1.2579 0.5063, -0.2277 1.2618 0.5063, -0.2286 1.2579 0.5034, -0.2286 1.2618 0.5034, -0.2299 1.2579 0.5007, -0.2299 1.2618 0.5007, -0.2314 1.2579 0.4983, -0.2314 1.2618 0.4983, -0.2317 1.2579 0.498, -0.2317 1.2618 0.498, -0.2334 1.2579 0.4961, -0.2334 1.2618 0.4961, -0.2356 1.2579 0.4941, -0.2356 1.2618 0.4941, -0.2386 1.2579 0.492, -0.2386 1.2618 0.492, -0.2426 1.2579 0.4898, -0.2426 1.2618 0.4898, -0.2475 1.2579 0.4874, -0.2475 1.2618 0.4874, -0.2522 1.2579 0.4854, -0.2522 1.2618 0.4854, -0.2596 1.2579 0.4824, -0.2596 1.2618 0.4824, -0.2644 1.2579 0.4802, -0.2644 1.2618 0.4802, -0.2677 1.2579 0.4783, -0.2677 1.2618 0.4783, -0.2697 1.2579 0.4768, -0.2697 1.2618 0.4768, -0.2714 1.2579 0.4752, -0.2714 1.2618 0.4752, -0.2726 1.2579 0.4734, -0.2726 1.2618 0.4734, -0.2735 1.2579 0.4715, -0.2735 1.2618 0.4715, -0.2739 1.2579 0.4695, -0.2739 1.2618 0.4695, -0.274 1.2579 0.4678, -0.274 1.2618 0.4678, -0.2738 1.2579 0.4653, -0.2738 1.2618 0.4653, -0.2733 1.2579 0.4632, -0.2733 1.2618 0.4632, -0.2724 1.2579 0.4614, -0.2724 1.2618 0.4614, -0.2711 1.2579 0.4598, -0.2711 1.2618 0.4598, -0.2696 1.2579 0.4584, -0.2696 1.2618 0.4584, -0.2676 1.2579 0.4573, -0.2676 1.2618 0.4573, -0.2652 1.2579 0.4563, -0.2652 1.2618 0.4563, -0.2624 1.2579 0.4556, -0.2624 1.2618 0.4556, -0.2589 1.2579 0.4551, -0.2589 1.2618 0.4551, -0.374 1.2618 0.5388, -0.3914 1.2618 0.5388, -0.374 1.2579 0.5388, -0.3914 1.2579 0.5388, -0.348 1.2618 0.467, -0.348 1.2579 0.467, -0.3467 1.2579 0.4626, -0.3467 1.2618 0.4626, -0.346 1.2579 0.4593, -0.346 1.2618 0.4593, -0.3455 1.2618 0.4593, -0.3455 1.2579 0.4593, -0.3435 1.2618 0.4672, -0.3435 1.2579 0.4672, -0.3186 1.2618 0.5388, -0.3186 1.2579 0.5388, -0.2999 1.2618 0.5388, -0.2999 1.2579 0.5388, -0.3373 1.2618 0.4437, -0.3373 1.2579 0.4437, -0.3299 1.2618 0.4264, -0.3299 1.2579 0.4264, -0.328 1.2579 0.4224, -0.328 1.2618 0.4224, -0.326 1.2579 0.4195, -0.326 1.2618 0.4195, -0.3236 1.2579 0.4169, -0.3236 1.2618 0.4169, -0.3212 1.2579 0.4151, -0.3212 1.2618 0.4151, -0.3185 1.2579 0.4139, -0.3185 1.2618 0.4139, -0.3157 1.2579 0.4131, -0.3157 1.2618 0.4131, -0.3128 1.2579 0.4129, -0.3128 1.2618 0.4129, -0.3092 1.2579 0.4132, -0.3092 1.2618 0.4132, -0.3055 1.2579 0.4141, -0.3055 1.2618 0.4141, -0.3033 1.2579 0.4148, -0.3033 1.2618 0.4148, -0.3033 1.2618 0.4, -0.3033 1.2579 0.4, -0.3073 1.2579 0.3991, -0.3073 1.2618 0.3991, -0.3119 1.2579 0.3986, -0.3119 1.2618 0.3986, -0.3141 1.2579 0.3986, -0.3141 1.2618 0.3986, -0.3182 1.2579 0.3989, -0.3182 1.2618 0.3989, -0.3221 1.2579 0.3997, -0.3221 1.2618 0.3997, -0.3258 1.2579 0.401, -0.3258 1.2618 0.401, -0.3293 1.2579 0.4029, -0.3293 1.2618 0.4029, -0.3326 1.2579 0.4054, -0.3326 1.2618 0.4054, -0.3359 1.2579 0.4085, -0.3359 1.2618 0.4085, -0.339 1.2579 0.4122, -0.339 1.2618 0.4122, -0.342 1.2579 0.4166, -0.342 1.2618 0.4166, -0.3449 1.2579 0.4219, -0.3449 1.2618 0.4219, -0.3477 1.2579 0.428, -0.3477 1.2618 0.428, -0.3481 1.2579 0.4291, -0.3481 1.2618 0.4291, -0.4812 1.2618 0.4587, -0.4812 1.2618 0.4435, -0.4812 1.2579 0.4587, -0.4812 1.2579 0.4435, -0.4266 1.2618 0.4587, -0.4266 1.2579 0.4587, -0.4266 1.2618 0.5036, -0.4266 1.2579 0.5036, -0.4743 1.2618 0.5036, -0.4743 1.2579 0.5036, -0.4743 1.2618 0.5189, -0.4743 1.2579 0.5189, -0.4266 1.2618 0.5189, -0.4266 1.2579 0.5189, -0.4266 1.2618 0.5616, -0.4266 1.2579 0.5616, -0.4781 1.2618 0.5616, -0.4781 1.2579 0.5616, -0.4781 1.2618 0.5769, -0.4781 1.2579 0.5769, -0.4094 1.2618 0.5769, -0.4094 1.2579 0.5769, -0.4094 1.2618 0.4435, -0.4094 1.2579 0.4435, -0.5678 1.2618 0.463, -0.577 1.2618 0.4502, -0.5726 1.2618 0.4652, -0.5825 1.2618 0.4531, -0.577 1.2618 0.4679, -0.5878 1.2618 0.4564, -0.581 1.2618 0.4711, -0.5926 1.2618 0.4602, -0.5826 1.2618 0.4726, -0.5949 1.2618 0.4622, -0.586 1.2618 0.4763, -0.5992 1.2618 0.4665, -0.5889 1.2618 0.4803, -0.6029 1.2618 0.4712, -0.5914 1.2618 0.4847, -0.6061 1.2618 0.4761, -0.5934 1.2618 0.4894, -0.5958 1.2618 0.5243, -0.6125 1.2618 0.5313, -0.5944 1.2618 0.5298, -0.6107 1.2618 0.5369, -0.5926 1.2618 0.5348, -0.6083 1.2618 0.5422, -0.5904 1.2618 0.5392, -0.6055 1.2618 0.5471, -0.5878 1.2618 0.5432, -0.6021 1.2618 0.5517, -0.5983 1.2618 0.556, -0.5847 1.2618 0.5467, -0.5949 1.2618 0.5593, -0.5823 1.2618 0.549, -0.59 1.2618 0.5632, -0.5781 1.2618 0.5522, -0.5847 1.2618 0.5667, -0.5737 1.2618 0.5549, -0.5792 1.2618 0.5696, -0.5689 1.2618 0.5572, -0.5735 1.2618 0.5721, -0.5636 1.2618 0.559, -0.5674 1.2618 0.574, -0.558 1.2618 0.5603, -0.5609 1.2618 0.5755, -0.5519 1.2618 0.5612, -0.5541 1.2618 0.5765, -0.5454 1.2618 0.5616, -0.5469 1.2618 0.5769, -0.5438 1.2618 0.5616, -0.5444 1.2618 0.5769, -0.5236 1.2618 0.5616, -0.5064 1.2618 0.5769, -0.5236 1.2618 0.4587, -0.5064 1.2618 0.4435, -0.543 1.2618 0.4587, -0.5431 1.2618 0.4435, -0.55 1.2618 0.459, -0.5507 1.2618 0.4438, -0.5565 1.2618 0.4598, -0.558 1.2618 0.4446, -0.5624 1.2618 0.4612, -0.5648 1.2618 0.446, -0.5711 1.2618 0.4479, -0.6088 1.2618 0.4813, -0.6111 1.2618 0.4868, -0.595 1.2618 0.4946, -0.6128 1.2618 0.4927, -0.5961 1.2618 0.5002, -0.614 1.2618 0.4989, -0.5968 1.2618 0.5064, -0.6148 1.2618 0.5055, -0.5969 1.2618 0.5114, -0.615 1.2618 0.5119, -0.5966 1.2618 0.5181, -0.6147 1.2618 0.5188, -0.6139 1.2618 0.5253, -0.5781 1.2579 0.5522, -0.59 1.2579 0.5632, -0.5823 1.2579 0.549, -0.5949 1.2579 0.5593, -0.5847 1.2579 0.5467, -0.5983 1.2579 0.556, -0.5878 1.2579 0.5432, -0.6021 1.2579 0.5517, -0.5904 1.2579 0.5392, -0.6055 1.2579 0.5471, -0.5926 1.2579 0.5348, -0.6083 1.2579 0.5422, -0.5944 1.2579 0.5298, -0.5726 1.2579 0.4652, -0.577 1.2579 0.4502, -0.5678 1.2579 0.463, -0.5711 1.2579 0.4479, -0.5624 1.2579 0.4612, -0.5648 1.2579 0.446, -0.5565 1.2579 0.4598, -0.558 1.2579 0.4446, -0.55 1.2579 0.459, -0.5507 1.2579 0.4438, -0.543 1.2579 0.4587, -0.5431 1.2579 0.4435, -0.5236 1.2579 0.4587, -0.5064 1.2579 0.4435, -0.5236 1.2579 0.5616, -0.5064 1.2579 0.5769, -0.5438 1.2579 0.5616, -0.5444 1.2579 0.5769, -0.5454 1.2579 0.5616, -0.5469 1.2579 0.5769, -0.5519 1.2579 0.5612, -0.5541 1.2579 0.5765, -0.558 1.2579 0.5603, -0.5609 1.2579 0.5755, -0.5636 1.2579 0.559, -0.5674 1.2579 0.574, -0.5689 1.2579 0.5572, -0.5735 1.2579 0.5721, -0.5737 1.2579 0.5549, -0.5792 1.2579 0.5696, -0.5847 1.2579 0.5667, -0.595 1.2579 0.4946, -0.6111 1.2579 0.4868, -0.5934 1.2579 0.4894, -0.6088 1.2579 0.4813, -0.5914 1.2579 0.4847, -0.6061 1.2579 0.4761, -0.5889 1.2579 0.4803, -0.6029 1.2579 0.4712, -0.586 1.2579 0.4763, -0.5992 1.2579 0.4665, -0.5826 1.2579 0.4726, -0.5949 1.2579 0.4622, -0.581 1.2579 0.4711, -0.5926 1.2579 0.4602, -0.577 1.2579 0.4679, -0.5878 1.2579 0.4564, -0.5825 1.2579 0.4531, -0.6107 1.2579 0.5369, -0.6125 1.2579 0.5313, -0.5958 1.2579 0.5243, -0.6139 1.2579 0.5253, -0.5966 1.2579 0.5181, -0.6147 1.2579 0.5188, -0.5969 1.2579 0.5114, -0.615 1.2579 0.5119, -0.5968 1.2579 0.5064, -0.6148 1.2579 0.5055, -0.5961 1.2579 0.5002, -0.614 1.2579 0.4989, -0.6128 1.2579 0.4927, -0.6597 1.2618 0.4951, -0.6797 1.2618 0.5505, -0.6733 1.2618 0.5769, -0.6224 1.2618 0.4435, -0.6415 1.2618 0.4435, -0.6543 1.2618 0.48, -0.6809 1.2618 0.5545, -0.6819 1.2618 0.5599, -0.6917 1.2618 0.5769, -0.6823 1.2618 0.5599, -0.6834 1.2618 0.5542, -0.6844 1.2618 0.5505, -0.7045 1.2618 0.4951, -0.7425 1.2618 0.4435, -0.7235 1.2618 0.4435, -0.7099 1.2618 0.48, -0.6543 1.2579 0.48, -0.6597 1.2579 0.4951, -0.7099 1.2579 0.48, -0.7045 1.2579 0.4951, -0.6844 1.2579 0.5505, -0.6917 1.2579 0.5769, -0.7425 1.2579 0.4435, -0.7235 1.2579 0.4435, -0.6834 1.2579 0.5542, -0.6823 1.2579 0.5599, -0.6733 1.2579 0.5769, -0.6819 1.2579 0.5599, -0.6809 1.2579 0.5545, -0.6797 1.2579 0.5505, -0.6224 1.2579 0.4435, -0.6415 1.2579 0.4435, 0.5354 1.2618 0.4071, 0.525 1.2618 0.3984, 0.5581 1.2618 0.5085, 0.4767 1.2618 0.6802, 0.4699 1.2618 0.6764, 0.4993 1.2618 0.7457, 0.4145 1.2618 0.747, 0.3983 1.2618 0.7557, 0.4279 1.2618 0.8051, 0.2258 1.2618 0.6982, 0.2179 1.2618 0.6815, 0.1634 1.2618 0.7001, 0.2125 1.2618 0.6639, 0.2099 1.2618 0.6489, 0.1739 1.2618 0.5062, 0.1871 1.2618 0.5022, 0.173 1.2618 0.4458, 0.5591 1.2618 0.4449, 0.5533 1.2618 0.431, 0.5454 1.2618 0.4184, 0.2412 1.2618 0.555, 0.2706 1.2618 0.6053, 0.374 1.2618 0.4848, 0.3978 1.2618 0.5388, 0.374 1.2618 0.4753, 0.4254 1.2618 0.391, 0.3748 1.2618 0.4631, 0.4125 1.2618 0.3991, 0.4019 1.2618 0.4083, 0.4359 1.2618 0.4889, 0.4333 1.2618 0.4803, 0.433 1.2618 0.4711, 0.435 1.2618 0.4619, 0.4392 1.2618 0.4536, 0.4993 1.2618 0.4968, 0.5539 1.2618 0.5182, 0.504 1.2618 0.4887, 0.5065 1.2618 0.4797, 0.5476 1.2618 0.6866, 0.5597 1.2618 0.7427, 0.5782 1.2618 0.7366, 0.4947 1.2618 0.4469, 0.4871 1.2618 0.4416, 0.5118 1.2618 0.3904, 0.4784 1.2618 0.4383, 0.1909 1.2618 0.443, 0.1966 1.2618 0.5009, 0.2469 1.2618 0.443, 0.2393 1.2618 0.5009, 0.2516 1.2618 0.4437, 0.4077 1.2618 0.8135, 0.3811 1.2618 0.7621, 0.387 1.2618 0.8195, 0.5718 1.2618 0.5161, 0.5879 1.2618 0.4554, 0.5698 1.2618 0.4481, 0.562 1.2618 0.6809, 0.5959 1.2618 0.7281, 0.5754 1.2618 0.6728, 0.6125 1.2618 0.7174, 0.5872 1.2618 0.6628, 0.3919 1.2618 0.4201, 0.3838 1.2618 0.4334, 0.3781 1.2618 0.4479, 0.464 1.2618 0.571, 0.4689 1.2618 0.5711, 0.4699 1.2618 0.5113, 0.484 1.2618 0.5699, 0.4788 1.2618 0.5102, 0.4984 1.2618 0.5663, 0.4871 1.2618 0.507, 0.4495 1.2618 0.5692, 0.4635 1.2618 0.5108, 0.4347 1.2618 0.5648, 0.4545 1.2618 0.508, 0.4209 1.2618 0.5582, 0.4467 1.2618 0.5031, 0.4085 1.2618 0.5494, 0.5122 1.2618 0.5605, 0.5238 1.2618 0.5533, 0.4946 1.2618 0.5018, 0.5356 1.2618 0.5434, 0.5457 1.2618 0.5316, 0.1314 1.2618 0.5962, 0.0812 1.2618 0.6273, 0.1366 1.2618 0.6089, 0.0897 1.2618 0.6431, 0.144 1.2618 0.6205, 0.1006 1.2618 0.658, 0.1534 1.2618 0.6304, 0.1134 1.2618 0.6713, 0.1643 1.2618 0.6384, 0.5948 1.2618 0.5373, 0.635 1.2618 0.4905, 0.5841 1.2618 0.5258, 0.6205 1.2618 0.4766, 0.6048 1.2618 0.4649, 0.5407 1.2618 0.7463, 0.5323 1.2618 0.6899, 0.5211 1.2618 0.7476, 0.5202 1.2618 0.6907, 0.5102 1.2618 0.747, 0.5054 1.2618 0.6894, 0.491 1.2618 0.6859, 0.5007 1.2618 0.4538, 0.5047 1.2618 0.4617, 0.5067 1.2618 0.4705, 0.1559 1.2618 0.451, 0.1395 1.2618 0.4584, 0.1618 1.2618 0.5126, 0.1241 1.2618 0.4682, 0.1512 1.2618 0.521, 0.11 1.2618 0.4801, 0.1468 1.2618 0.5255, 0.1046 1.2618 0.4857, 0.1389 1.2618 0.5364, 0.4473 1.2618 0.7943, 0.4575 1.2618 0.7874, 0.4292 1.2618 0.7362, 0.4726 1.2618 0.7753, 0.4423 1.2618 0.7235, 0.4864 1.2618 0.7614, 0.4536 1.2618 0.7091, 0.4628 1.2618 0.6934, 0.1717 1.2618 0.7192, 0.1822 1.2618 0.7373, 0.2358 1.2618 0.7138, 0.1951 1.2618 0.7546, 0.2479 1.2618 0.7277, 0.6135 1.2618 0.5787, 0.6699 1.2618 0.5554, 0.6094 1.2618 0.5637, 0.6638 1.2618 0.5368, 0.6029 1.2618 0.5495, 0.6553 1.2618 0.5189, 0.6446 1.2618 0.5022, 0.4403 1.2618 0.4965, 0.4973 1.2618 0.3847, 0.482 1.2618 0.3813, 0.4699 1.2618 0.4373, 0.4689 1.2618 0.3804, 0.4608 1.2618 0.4384, 0.1295 1.2618 0.5613, 0.0697 1.2618 0.5676, 0.1283 1.2618 0.5749, 0.0695 1.2618 0.5759, 0.1287 1.2618 0.5827, 0.071 1.2618 0.5936, 0.0749 1.2618 0.6107, 0.0933 1.2618 0.4998, 0.084 1.2618 0.5152, 0.1331 1.2618 0.5484, 0.0769 1.2618 0.5318, 0.0721 1.2618 0.5494, 0.4453 1.2618 0.4467, 0.4525 1.2618 0.4416, 0.4392 1.2618 0.3852, 0.4537 1.2618 0.3816, 0.2439 1.2618 0.5018, 0.267 1.2618 0.4531, 0.2642 1.2618 0.4503, 0.3437 1.2618 0.8244, 0.3427 1.2618 0.7675, 0.3371 1.2618 0.8243, 0.3247 1.2618 0.7663, 0.6044 1.2618 0.6393, 0.6626 1.2618 0.6541, 0.6103 1.2618 0.6255, 0.6691 1.2618 0.6356, 0.6138 1.2618 0.611, 0.6732 1.2618 0.6164, 0.615 1.2618 0.5958, 0.6748 1.2618 0.5979, 0.615 1.2618 0.5931, 0.6748 1.2618 0.5939, 0.6736 1.2618 0.5744, 0.2023 1.2618 0.6489, 0.1889 1.2618 0.6477, 0.1598 1.2618 0.699, 0.1762 1.2618 0.6441, 0.1439 1.2618 0.6923, 0.1279 1.2618 0.6828, 0.2744 1.2618 0.4724, 0.2736 1.2618 0.4656, 0.2711 1.2618 0.4591, 0.2411 1.2618 0.5011, 0.2579 1.2618 0.446, 0.3656 1.2618 0.8232, 0.363 1.2618 0.766, 0.3455 1.2618 0.7675, 0.2521 1.2618 0.501, 0.2586 1.2618 0.4985, 0.2743 1.2618 0.4753, 0.2645 1.2618 0.4944, 0.2691 1.2618 0.4892, 0.2726 1.2618 0.4826, 0.6269 1.2618 0.7053, 0.6302 1.2618 0.702, 0.5963 1.2618 0.6522, 0.643 1.2618 0.6875, 0.6538 1.2618 0.6715, 0.245 1.2618 0.5018, 0.2103 1.2618 0.771, 0.2146 1.2618 0.7751, 0.2595 1.2618 0.7382, 0.2327 1.2618 0.7891, 0.2744 1.2618 0.7486, 0.252 1.2618 0.801, 0.2904 1.2618 0.7568, 0.2724 1.2618 0.8105, 0.3073 1.2618 0.7627, 0.2936 1.2618 0.8177, 0.3152 1.2618 0.8223, 0.2706 1.2579 0.6053, 0.2412 1.2579 0.555, 0.3978 1.2579 0.5388, 0.374 1.2579 0.4848, 0.4254 1.2579 0.391, 0.5948 1.2579 0.5373, 0.5841 1.2579 0.5258, 0.5591 1.2579 0.4449, 0.6029 1.2579 0.5495, 0.374 1.2579 0.4753, 0.3748 1.2579 0.4631, 0.4125 1.2579 0.3991, 0.4019 1.2579 0.4083, 0.5581 1.2579 0.5085, 0.5354 1.2579 0.4071, 0.5454 1.2579 0.4184, 0.4628 1.2579 0.6934, 0.4699 1.2579 0.6764, 0.4993 1.2579 0.7457, 0.4767 1.2579 0.6802, 0.562 1.2579 0.6809, 0.5782 1.2579 0.7366, 0.5476 1.2579 0.6866, 0.5597 1.2579 0.7427, 0.5323 1.2579 0.6899, 0.5407 1.2579 0.7463, 0.5202 1.2579 0.6907, 0.3983 1.2579 0.7557, 0.4145 1.2579 0.747, 0.4473 1.2579 0.7943, 0.4699 1.2579 0.4373, 0.4608 1.2579 0.4384, 0.4537 1.2579 0.3816, 0.4392 1.2579 0.4536, 0.435 1.2579 0.4619, 0.433 1.2579 0.4711, 0.4333 1.2579 0.4803, 0.5533 1.2579 0.431, 0.5718 1.2579 0.5161, 0.491 1.2579 0.6859, 0.5054 1.2579 0.6894, 0.5102 1.2579 0.747, 0.5211 1.2579 0.7476, 0.2358 1.2579 0.7138, 0.1822 1.2579 0.7373, 0.2258 1.2579 0.6982, 0.1717 1.2579 0.7192, 0.2179 1.2579 0.6815, 0.1634 1.2579 0.7001, 0.2125 1.2579 0.6639, 0.4575 1.2579 0.7874, 0.4292 1.2579 0.7362, 0.4726 1.2579 0.7753, 0.1762 1.2579 0.6441, 0.1889 1.2579 0.6477, 0.4392 1.2579 0.3852, 0.4525 1.2579 0.4416, 0.4453 1.2579 0.4467, 0.525 1.2579 0.3984, 0.5067 1.2579 0.4705, 0.5047 1.2579 0.4617, 0.4689 1.2579 0.3804, 0.482 1.2579 0.3813, 0.4784 1.2579 0.4383, 0.4973 1.2579 0.3847, 0.4871 1.2579 0.4416, 0.5118 1.2579 0.3904, 0.4947 1.2579 0.4469, 0.5007 1.2579 0.4538, 0.3781 1.2579 0.4479, 0.3838 1.2579 0.4334, 0.3919 1.2579 0.4201, 0.4864 1.2579 0.7614, 0.4423 1.2579 0.7235, 0.4536 1.2579 0.7091, 0.1331 1.2579 0.5484, 0.084 1.2579 0.5152, 0.1389 1.2579 0.5364, 0.0933 1.2579 0.4998, 0.1468 1.2579 0.5255, 0.1046 1.2579 0.4857, 0.1512 1.2579 0.521, 0.11 1.2579 0.4801, 0.1618 1.2579 0.5126, 0.1366 1.2579 0.6089, 0.0812 1.2579 0.6273, 0.1314 1.2579 0.5962, 0.0749 1.2579 0.6107, 0.1287 1.2579 0.5827, 0.071 1.2579 0.5936, 0.1283 1.2579 0.5749, 0.2023 1.2579 0.6489, 0.2099 1.2579 0.6489, 0.6103 1.2579 0.6255, 0.6626 1.2579 0.6541, 0.6044 1.2579 0.6393, 0.6538 1.2579 0.6715, 0.5963 1.2579 0.6522, 0.6094 1.2579 0.5637, 0.6699 1.2579 0.5554, 0.6135 1.2579 0.5787, 0.6736 1.2579 0.5744, 0.615 1.2579 0.5931, 0.6748 1.2579 0.5939, 0.615 1.2579 0.5958, 0.6748 1.2579 0.5979, 0.6138 1.2579 0.611, 0.6732 1.2579 0.6164, 0.6691 1.2579 0.6356, 0.635 1.2579 0.4905, 0.6446 1.2579 0.5022, 0.4359 1.2579 0.4889, 0.4403 1.2579 0.4965, 0.4085 1.2579 0.5494, 0.4467 1.2579 0.5031, 0.4209 1.2579 0.5582, 0.4545 1.2579 0.508, 0.4347 1.2579 0.5648, 0.4495 1.2579 0.5692, 0.4635 1.2579 0.5108, 0.464 1.2579 0.571, 0.4699 1.2579 0.5113, 0.4689 1.2579 0.5711, 0.484 1.2579 0.5699, 0.4788 1.2579 0.5102, 0.4984 1.2579 0.5663, 0.5122 1.2579 0.5605, 0.4871 1.2579 0.507, 0.5238 1.2579 0.5533, 0.4946 1.2579 0.5018, 0.5356 1.2579 0.5434, 0.5457 1.2579 0.5316, 0.4993 1.2579 0.4968, 0.5539 1.2579 0.5182, 0.504 1.2579 0.4887, 0.5065 1.2579 0.4797, 0.643 1.2579 0.6875, 0.6302 1.2579 0.702, 0.5872 1.2579 0.6628, 0.6269 1.2579 0.7053, 0.5754 1.2579 0.6728, 0.6125 1.2579 0.7174, 0.5959 1.2579 0.7281, 0.6553 1.2579 0.5189, 0.6638 1.2579 0.5368, 0.2642 1.2579 0.4503, 0.267 1.2579 0.4531, 0.2439 1.2579 0.5018, 0.2711 1.2579 0.4591, 0.0695 1.2579 0.5759, 0.0697 1.2579 0.5676, 0.1295 1.2579 0.5613, 0.0721 1.2579 0.5494, 0.0769 1.2579 0.5318, 0.1598 1.2579 0.699, 0.1439 1.2579 0.6923, 0.1643 1.2579 0.6384, 0.1279 1.2579 0.6828, 0.1534 1.2579 0.6304, 0.1134 1.2579 0.6713, 0.144 1.2579 0.6205, 0.1006 1.2579 0.658, 0.0897 1.2579 0.6431, 0.1241 1.2579 0.4682, 0.1395 1.2579 0.4584, 0.1739 1.2579 0.5062, 0.1559 1.2579 0.451, 0.1871 1.2579 0.5022, 0.173 1.2579 0.4458, 0.1966 1.2579 0.5009, 0.1909 1.2579 0.443, 0.2393 1.2579 0.5009, 0.2469 1.2579 0.443, 0.2411 1.2579 0.5011, 0.2516 1.2579 0.4437, 0.2579 1.2579 0.446, 0.2736 1.2579 0.4656, 0.2744 1.2579 0.4724, 0.2743 1.2579 0.4753, 0.5698 1.2579 0.4481, 0.5879 1.2579 0.4554, 0.2726 1.2579 0.4826, 0.2691 1.2579 0.4892, 0.2645 1.2579 0.4944, 0.2586 1.2579 0.4985, 0.6048 1.2579 0.4649, 0.6205 1.2579 0.4766, 0.2595 1.2579 0.7382, 0.2146 1.2579 0.7751, 0.2479 1.2579 0.7277, 0.2103 1.2579 0.771, 0.1951 1.2579 0.7546, 0.4279 1.2579 0.8051, 0.4077 1.2579 0.8135, 0.3811 1.2579 0.7621, 0.387 1.2579 0.8195, 0.363 1.2579 0.766, 0.3656 1.2579 0.8232, 0.3455 1.2579 0.7675, 0.3437 1.2579 0.8244, 0.3427 1.2579 0.7675, 0.3371 1.2579 0.8243, 0.3247 1.2579 0.7663, 0.3152 1.2579 0.8223, 0.3073 1.2579 0.7627, 0.2936 1.2579 0.8177, 0.2904 1.2579 0.7568, 0.2724 1.2579 0.8105, 0.2744 1.2579 0.7486, 0.252 1.2579 0.801, 0.2327 1.2579 0.7891, 0.2521 1.2579 0.501, 0.245 1.2579 0.5018
            ]
        }
        coordIndex [
            0,1,2,-1,2,1,3,-1,4,0,5,-1,5,0,2,-1,6,4,7,-1,7,4,5,-1,8,6,9,-1,9,6,7,-1,10,8,11,-1,11,8,9,-1,1,10,3,-1,3,10,11,-1,6,8,4,-1,4,8,10,-1,4,10,0,-1,0,10,1,-1,2,3,5,-1,5,3,11,-1,5,11,7,-1,7,11,9,-1,12,13,14,-1,12,14,15,-1,15,14,16,-1,15,16,17,-1,17,16,18,-1,17,18,19,-1,19,18,20,-1,19,20,21,-1,21,20,22,-1,21,22,23,-1,23,22,24,-1,23,24,25,-1,26,25,27,-1,27,25,24,-1,26,27,28,-1,26,28,29,-1,29,28,30,-1,29,30,31,-1,31,30,32,-1,31,32,33,-1,33,32,34,-1,33,34,35,-1,35,34,36,-1,35,36,37,-1,37,36,38,-1,37,38,39,-1,39,38,40,-1,39,40,41,-1,41,40,42,-1,41,42,43,-1,43,42,44,-1,43,44,45,-1,45,44,46,-1,45,46,47,-1,47,46,48,-1,47,48,49,-1,49,48,50,-1,49,50,51,-1,51,50,52,-1,51,52,53,-1,53,52,54,-1,53,54,55,-1,55,54,56,-1,55,56,57,-1,57,56,58,-1,57,58,59,-1,59,58,60,-1,59,60,61,-1,61,60,62,-1,61,62,63,-1,63,62,64,-1,63,64,65,-1,65,64,66,-1,65,66,67,-1,67,66,68,-1,67,68,69,-1,69,68,70,-1,69,70,71,-1,71,70,72,-1,71,72,73,-1,73,72,74,-1,73,74,75,-1,75,74,76,-1,75,76,77,-1,77,76,78,-1,77,78,79,-1,79,78,80,-1,79,80,81,-1,81,80,82,-1,81,82,83,-1,83,82,84,-1,83,84,85,-1,85,84,86,-1,85,86,87,-1,87,86,88,-1,87,88,89,-1,89,88,90,-1,89,90,91,-1,91,90,92,-1,91,92,93,-1,93,92,94,-1,93,94,95,-1,95,94,96,-1,95,96,97,-1,97,96,98,-1,97,98,99,-1,99,98,100,-1,99,100,101,-1,101,100,102,-1,101,102,103,-1,103,102,104,-1,103,104,105,-1,105,104,106,-1,105,106,107,-1,107,106,108,-1,107,108,109,-1,109,108,110,-1,109,110,111,-1,111,110,112,-1,111,112,113,-1,113,112,114,-1,113,114,115,-1,116,115,117,-1,117,115,114,-1,116,117,118,-1,116,118,119,-1,119,118,120,-1,119,120,121,-1,121,120,122,-1,121,122,123,-1,123,122,124,-1,123,124,125,-1,125,124,126,-1,125,126,127,-1,127,126,128,-1,127,128,129,-1,129,128,130,-1,129,130,131,-1,131,130,132,-1,131,132,133,-1,133,132,134,-1,133,134,135,-1,135,134,136,-1,135,136,137,-1,137,136,138,-1,137,138,139,-1,139,138,140,-1,139,140,141,-1,141,140,142,-1,141,142,143,-1,143,142,144,-1,143,144,145,-1,145,144,146,-1,145,146,147,-1,147,146,148,-1,147,148,149,-1,149,148,150,-1,149,150,151,-1,151,150,152,-1,151,152,153,-1,153,152,154,-1,153,154,155,-1,155,154,156,-1,155,156,157,-1,157,156,158,-1,157,158,159,-1,159,158,160,-1,159,160,161,-1,161,160,162,-1,161,162,163,-1,163,162,164,-1,163,164,165,-1,165,164,166,-1,165,166,167,-1,167,166,168,-1,167,168,169,-1,169,168,170,-1,169,170,171,-1,171,170,172,-1,171,172,173,-1,173,172,174,-1,173,174,175,-1,175,174,176,-1,175,176,177,-1,177,176,178,-1,177,178,179,-1,179,178,180,-1,179,180,181,-1,181,180,182,-1,181,182,183,-1,183,182,184,-1,183,184,185,-1,185,184,186,-1,185,186,187,-1,187,186,188,-1,187,188,189,-1,189,188,190,-1,189,190,191,-1,191,190,192,-1,191,192,193,-1,193,192,194,-1,193,194,195,-1,195,194,196,-1,195,196,197,-1,197,196,13,-1,197,13,12,-1,113,115,116,-1,57,177,179,-1,57,179,55,-1,55,179,181,-1,55,181,53,-1,53,181,183,-1,53,183,51,-1,51,183,185,-1,51,185,49,-1,49,185,187,-1,49,187,47,-1,33,21,31,-1,31,21,23,-1,31,23,29,-1,29,23,25,-1,29,25,26,-1,187,189,47,-1,47,189,191,-1,47,191,45,-1,45,191,193,-1,45,193,43,-1,43,193,195,-1,43,195,41,-1,41,195,197,-1,41,197,39,-1,39,197,12,-1,39,12,37,-1,37,12,15,-1,37,15,35,-1,35,15,17,-1,35,17,33,-1,33,17,19,-1,33,19,21,-1,89,143,87,-1,87,143,145,-1,87,145,85,-1,85,145,147,-1,85,147,83,-1,83,147,149,-1,83,149,81,-1,81,149,151,-1,81,151,79,-1,79,151,153,-1,79,153,77,-1,77,153,155,-1,77,155,75,-1,113,116,111,-1,111,116,119,-1,111,119,109,-1,109,119,121,-1,109,121,107,-1,107,121,123,-1,107,123,105,-1,105,123,125,-1,105,125,103,-1,103,125,127,-1,103,127,101,-1,101,127,129,-1,101,129,99,-1,99,129,131,-1,99,131,97,-1,97,131,133,-1,97,133,95,-1,95,133,135,-1,95,135,93,-1,93,135,137,-1,93,137,91,-1,91,137,139,-1,91,139,89,-1,89,139,141,-1,89,141,143,-1,177,57,175,-1,175,57,59,-1,175,59,173,-1,173,59,61,-1,173,61,171,-1,171,61,63,-1,171,63,169,-1,169,63,65,-1,169,65,167,-1,167,65,165,-1,165,65,67,-1,165,67,163,-1,155,157,75,-1,75,157,159,-1,75,159,73,-1,73,159,161,-1,73,161,71,-1,71,161,163,-1,71,163,69,-1,69,163,67,-1,28,27,24,-1,28,24,30,-1,44,190,46,-1,46,190,188,-1,46,188,48,-1,48,188,186,-1,48,186,50,-1,50,186,184,-1,50,184,52,-1,52,184,182,-1,52,182,54,-1,114,112,117,-1,117,112,110,-1,117,110,118,-1,118,110,108,-1,182,180,54,-1,54,180,178,-1,54,178,56,-1,56,178,176,-1,56,176,58,-1,58,176,174,-1,58,174,60,-1,60,174,172,-1,60,172,62,-1,24,22,30,-1,30,22,20,-1,30,20,32,-1,32,20,18,-1,32,18,34,-1,34,18,16,-1,34,16,36,-1,36,16,14,-1,36,14,38,-1,38,14,13,-1,38,13,40,-1,40,13,196,-1,40,196,42,-1,42,196,194,-1,42,194,44,-1,44,194,192,-1,44,192,190,-1,82,146,84,-1,84,146,144,-1,84,144,86,-1,86,144,142,-1,86,142,88,-1,88,142,140,-1,88,140,90,-1,90,140,138,-1,90,138,92,-1,92,138,136,-1,92,136,94,-1,94,136,134,-1,94,134,96,-1,96,134,132,-1,96,132,98,-1,98,132,130,-1,98,130,100,-1,100,130,128,-1,100,128,102,-1,102,128,126,-1,102,126,104,-1,104,126,124,-1,104,124,106,-1,106,124,122,-1,106,122,108,-1,108,122,120,-1,108,120,118,-1,162,160,72,-1,72,160,158,-1,72,158,74,-1,74,158,156,-1,74,156,76,-1,76,156,154,-1,76,154,78,-1,78,154,152,-1,78,152,80,-1,80,152,150,-1,80,150,82,-1,82,150,148,-1,82,148,146,-1,172,170,62,-1,62,170,168,-1,62,168,64,-1,64,168,166,-1,64,166,66,-1,66,166,164,-1,66,164,68,-1,68,164,162,-1,68,162,70,-1,70,162,72,-1,198,199,200,-1,200,199,201,-1,202,198,203,-1,203,198,200,-1,204,202,205,-1,205,202,203,-1,206,204,207,-1,207,204,205,-1,208,206,209,-1,209,206,207,-1,210,208,211,-1,211,208,209,-1,212,210,213,-1,213,210,211,-1,214,212,215,-1,215,212,213,-1,216,214,217,-1,217,214,215,-1,218,216,219,-1,219,216,217,-1,220,218,221,-1,221,218,219,-1,199,220,201,-1,201,220,221,-1,220,199,198,-1,198,202,220,-1,220,202,204,-1,220,204,218,-1,214,216,212,-1,212,216,218,-1,212,218,210,-1,210,218,204,-1,210,204,208,-1,208,204,206,-1,219,217,215,-1,215,213,219,-1,219,213,211,-1,219,211,221,-1,200,201,203,-1,203,201,221,-1,203,221,205,-1,205,221,211,-1,205,211,207,-1,207,211,209,-1,222,223,224,-1,224,223,225,-1,224,225,226,-1,226,225,227,-1,226,227,228,-1,228,227,229,-1,228,229,230,-1,230,229,231,-1,230,231,232,-1,232,231,233,-1,232,233,234,-1,234,233,235,-1,234,235,236,-1,236,235,237,-1,236,237,238,-1,239,240,241,-1,241,240,242,-1,241,242,243,-1,243,242,244,-1,243,244,245,-1,245,244,246,-1,245,246,247,-1,246,248,247,-1,247,248,249,-1,247,249,250,-1,250,249,251,-1,250,251,252,-1,252,251,253,-1,252,253,254,-1,254,253,255,-1,254,255,256,-1,256,255,257,-1,256,257,258,-1,258,257,259,-1,258,259,260,-1,260,259,261,-1,260,261,262,-1,262,261,263,-1,262,263,264,-1,264,263,265,-1,264,265,266,-1,266,265,267,-1,266,267,268,-1,268,267,269,-1,268,269,270,-1,270,269,271,-1,270,271,272,-1,272,271,273,-1,272,273,274,-1,274,273,275,-1,274,275,276,-1,276,275,277,-1,276,277,278,-1,278,277,279,-1,278,279,280,-1,280,279,281,-1,280,281,222,-1,222,281,282,-1,222,282,223,-1,237,283,238,-1,238,283,284,-1,238,284,285,-1,285,284,286,-1,285,286,287,-1,287,286,288,-1,287,288,289,-1,289,288,290,-1,289,290,291,-1,291,290,292,-1,291,292,293,-1,293,292,294,-1,293,294,239,-1,239,294,295,-1,239,295,240,-1,296,297,298,-1,298,297,299,-1,298,299,300,-1,300,299,301,-1,300,301,302,-1,302,301,303,-1,302,303,304,-1,304,303,305,-1,304,305,306,-1,306,305,307,-1,306,307,308,-1,309,310,311,-1,311,310,312,-1,311,312,313,-1,313,312,314,-1,313,314,315,-1,315,314,316,-1,315,316,317,-1,317,316,318,-1,317,318,319,-1,319,318,320,-1,319,320,321,-1,321,320,322,-1,321,322,323,-1,323,322,324,-1,323,324,325,-1,325,324,326,-1,325,326,327,-1,327,326,328,-1,327,328,329,-1,329,328,330,-1,329,330,331,-1,331,330,332,-1,331,332,333,-1,333,332,334,-1,333,334,335,-1,335,334,336,-1,335,336,337,-1,337,336,338,-1,337,338,296,-1,296,338,339,-1,296,339,297,-1,340,341,342,-1,342,341,343,-1,342,343,344,-1,344,343,345,-1,344,345,346,-1,346,345,347,-1,346,347,348,-1,348,347,349,-1,348,349,350,-1,350,349,351,-1,350,351,352,-1,352,351,353,-1,352,353,354,-1,354,353,355,-1,354,355,309,-1,309,355,356,-1,309,356,310,-1,307,357,308,-1,308,357,358,-1,308,358,359,-1,359,358,360,-1,359,360,361,-1,361,360,362,-1,361,362,363,-1,363,362,364,-1,363,364,365,-1,365,364,366,-1,365,366,367,-1,367,366,368,-1,367,368,340,-1,340,368,369,-1,340,369,341,-1,275,273,320,-1,320,273,322,-1,275,320,318,-1,275,318,277,-1,277,318,316,-1,277,316,279,-1,279,316,314,-1,279,314,281,-1,281,314,312,-1,281,312,282,-1,282,312,310,-1,282,310,223,-1,223,310,356,-1,223,356,225,-1,225,356,355,-1,225,355,227,-1,227,355,353,-1,227,353,229,-1,229,353,351,-1,229,351,231,-1,231,351,349,-1,231,349,233,-1,233,349,347,-1,233,347,235,-1,235,347,345,-1,235,345,237,-1,237,345,343,-1,237,343,283,-1,283,343,341,-1,283,341,284,-1,284,341,369,-1,284,369,286,-1,286,369,368,-1,286,368,288,-1,288,368,366,-1,288,366,290,-1,290,366,364,-1,290,364,292,-1,292,364,362,-1,292,362,294,-1,294,362,360,-1,294,360,295,-1,295,360,358,-1,295,358,240,-1,240,358,357,-1,240,357,242,-1,242,357,307,-1,242,307,244,-1,244,307,305,-1,244,305,246,-1,246,305,303,-1,246,303,248,-1,248,303,301,-1,248,301,249,-1,249,301,299,-1,249,299,251,-1,251,299,297,-1,251,297,253,-1,253,297,339,-1,253,339,255,-1,255,339,338,-1,255,338,257,-1,257,338,336,-1,257,336,259,-1,259,336,334,-1,259,334,261,-1,261,334,332,-1,261,332,263,-1,263,332,330,-1,263,330,265,-1,265,330,328,-1,265,328,267,-1,267,328,326,-1,267,326,269,-1,271,269,324,-1,324,269,326,-1,273,271,322,-1,322,271,324,-1,268,270,325,-1,325,270,323,-1,270,272,323,-1,323,272,321,-1,272,274,321,-1,321,274,319,-1,230,350,352,-1,230,352,228,-1,228,352,354,-1,228,354,226,-1,226,354,309,-1,226,309,224,-1,224,309,311,-1,224,311,222,-1,222,311,313,-1,222,313,280,-1,280,313,315,-1,280,315,278,-1,278,315,317,-1,278,317,276,-1,276,317,319,-1,276,319,274,-1,291,363,365,-1,291,365,289,-1,289,365,367,-1,289,367,287,-1,287,367,340,-1,287,340,285,-1,285,340,342,-1,285,342,238,-1,238,342,344,-1,238,344,236,-1,236,344,346,-1,236,346,234,-1,234,346,348,-1,234,348,232,-1,232,348,350,-1,232,350,230,-1,252,298,300,-1,252,300,250,-1,250,300,302,-1,250,302,247,-1,247,302,304,-1,247,304,245,-1,245,304,306,-1,245,306,243,-1,243,306,308,-1,243,308,241,-1,241,308,359,-1,241,359,239,-1,239,359,361,-1,239,361,293,-1,293,361,363,-1,293,363,291,-1,268,325,327,-1,268,327,266,-1,266,327,329,-1,266,329,264,-1,264,329,331,-1,264,331,262,-1,262,331,333,-1,262,333,260,-1,260,333,335,-1,260,335,258,-1,258,335,337,-1,258,337,256,-1,256,337,296,-1,256,296,254,-1,254,296,298,-1,254,298,252,-1,370,371,372,-1,373,374,375,-1,371,376,372,-1,372,376,377,-1,372,377,378,-1,378,377,379,-1,378,379,380,-1,380,381,378,-1,378,381,382,-1,378,382,383,-1,384,383,385,-1,385,383,382,-1,385,382,375,-1,375,382,370,-1,375,370,373,-1,373,370,372,-1,386,387,388,-1,388,387,389,-1,390,391,389,-1,389,391,392,-1,389,392,388,-1,388,392,393,-1,390,394,391,-1,391,394,395,-1,391,395,396,-1,396,395,397,-1,396,397,398,-1,398,399,396,-1,396,399,387,-1,396,387,400,-1,400,387,386,-1,400,386,401,-1,378,383,391,-1,391,383,392,-1,372,378,396,-1,396,378,391,-1,373,372,400,-1,400,372,396,-1,374,373,401,-1,401,373,400,-1,375,374,386,-1,386,374,401,-1,385,375,388,-1,388,375,386,-1,384,385,393,-1,393,385,388,-1,383,384,392,-1,392,384,393,-1,370,382,387,-1,387,382,389,-1,382,381,389,-1,389,381,390,-1,379,395,394,-1,379,394,380,-1,380,394,390,-1,380,390,381,-1,379,377,395,-1,395,377,397,-1,371,399,398,-1,371,398,376,-1,376,398,397,-1,376,397,377,-1,371,370,399,-1,399,370,387,-1,402,403,404,-1,404,403,405,-1,406,402,407,-1,407,402,404,-1,408,406,409,-1,409,406,407,-1,410,408,411,-1,411,408,409,-1,412,410,413,-1,413,410,411,-1,414,412,415,-1,415,412,413,-1,416,414,417,-1,417,414,415,-1,418,416,419,-1,419,416,417,-1,420,418,421,-1,421,418,419,-1,422,420,423,-1,423,420,421,-1,424,422,425,-1,425,422,423,-1,403,424,405,-1,405,424,425,-1,410,412,408,-1,408,412,414,-1,403,402,424,-1,424,402,406,-1,418,420,416,-1,416,420,422,-1,416,422,414,-1,414,422,424,-1,414,424,408,-1,408,424,406,-1,423,421,419,-1,419,417,423,-1,423,417,415,-1,423,415,425,-1,404,405,407,-1,407,405,425,-1,407,425,409,-1,409,425,415,-1,409,415,411,-1,411,415,413,-1,426,427,428,-1,428,427,429,-1,430,431,432,-1,432,431,433,-1,432,433,434,-1,434,433,435,-1,434,435,436,-1,437,438,439,-1,440,441,442,-1,443,444,445,-1,426,428,446,-1,446,428,447,-1,446,447,448,-1,449,450,451,-1,451,450,439,-1,451,439,452,-1,452,439,438,-1,453,454,455,-1,455,454,456,-1,455,456,430,-1,430,456,457,-1,430,457,431,-1,443,458,444,-1,444,458,459,-1,444,459,460,-1,460,459,461,-1,460,461,462,-1,448,463,446,-1,446,463,464,-1,446,464,465,-1,465,464,466,-1,465,466,445,-1,445,466,467,-1,445,467,443,-1,468,469,470,-1,470,469,471,-1,470,471,453,-1,453,471,472,-1,453,472,454,-1,473,474,475,-1,475,474,476,-1,475,476,477,-1,477,476,478,-1,477,478,479,-1,442,480,440,-1,440,480,481,-1,440,481,473,-1,473,481,482,-1,473,482,474,-1,483,484,485,-1,485,484,486,-1,485,486,441,-1,441,486,487,-1,441,487,442,-1,488,489,439,-1,439,489,490,-1,439,490,437,-1,491,488,468,-1,468,488,492,-1,468,492,469,-1,429,489,428,-1,428,489,488,-1,428,488,493,-1,493,488,491,-1,461,494,462,-1,462,494,495,-1,462,495,496,-1,496,495,497,-1,496,497,498,-1,435,499,436,-1,436,499,500,-1,436,500,501,-1,501,500,502,-1,501,502,503,-1,503,502,504,-1,503,504,505,-1,505,504,506,-1,505,506,507,-1,507,506,508,-1,507,508,509,-1,509,508,510,-1,509,510,511,-1,511,510,512,-1,511,512,513,-1,513,512,514,-1,513,514,515,-1,515,514,516,-1,515,516,517,-1,517,516,518,-1,517,518,519,-1,452,520,451,-1,451,520,521,-1,451,521,522,-1,522,521,523,-1,522,523,524,-1,525,526,527,-1,527,526,528,-1,527,528,529,-1,529,528,530,-1,529,530,531,-1,497,532,498,-1,498,532,533,-1,498,533,483,-1,483,533,534,-1,483,534,484,-1,530,535,531,-1,531,535,536,-1,531,536,537,-1,537,536,538,-1,537,538,539,-1,539,538,524,-1,539,524,540,-1,540,524,523,-1,478,541,479,-1,479,541,542,-1,479,542,543,-1,543,542,544,-1,543,544,545,-1,545,544,546,-1,545,546,525,-1,525,546,547,-1,525,547,526,-1,548,549,550,-1,551,552,553,-1,553,552,554,-1,553,554,555,-1,556,557,558,-1,558,557,559,-1,558,559,560,-1,561,562,563,-1,564,565,566,-1,566,565,567,-1,566,567,568,-1,568,567,569,-1,568,569,570,-1,570,569,571,-1,570,571,572,-1,554,573,555,-1,555,573,574,-1,555,574,575,-1,575,574,576,-1,575,576,577,-1,578,579,580,-1,580,579,581,-1,580,581,582,-1,582,581,583,-1,582,583,551,-1,551,583,584,-1,551,584,552,-1,585,561,586,-1,586,561,563,-1,586,563,587,-1,587,563,588,-1,589,590,591,-1,591,590,592,-1,591,592,593,-1,593,592,594,-1,593,594,595,-1,595,594,596,-1,595,596,597,-1,597,596,598,-1,599,600,589,-1,589,600,601,-1,589,601,590,-1,602,603,556,-1,556,603,604,-1,556,604,557,-1,605,606,602,-1,602,606,607,-1,602,607,603,-1,566,608,564,-1,564,608,609,-1,564,609,610,-1,610,609,611,-1,610,611,586,-1,586,611,612,-1,586,612,585,-1,613,614,599,-1,599,614,615,-1,599,615,600,-1,616,617,618,-1,618,617,563,-1,618,563,619,-1,619,563,562,-1,559,620,560,-1,560,620,621,-1,560,621,622,-1,623,624,625,-1,625,624,626,-1,625,626,627,-1,627,626,628,-1,627,628,605,-1,605,628,629,-1,605,629,606,-1,571,630,572,-1,572,630,631,-1,572,631,632,-1,632,631,633,-1,632,633,634,-1,634,633,635,-1,634,635,623,-1,623,635,636,-1,623,636,624,-1,576,637,577,-1,577,637,638,-1,577,638,639,-1,639,638,640,-1,639,640,641,-1,641,640,617,-1,641,617,642,-1,642,617,643,-1,643,617,616,-1,643,616,598,-1,598,616,644,-1,598,644,597,-1,645,646,647,-1,647,646,648,-1,647,648,613,-1,613,648,649,-1,613,649,614,-1,621,650,622,-1,622,650,651,-1,622,651,652,-1,652,651,653,-1,652,653,645,-1,645,653,654,-1,645,654,646,-1,548,550,655,-1,655,550,656,-1,655,656,657,-1,657,656,658,-1,657,658,659,-1,659,658,660,-1,659,660,661,-1,661,660,662,-1,661,662,663,-1,663,662,664,-1,663,664,665,-1,665,664,666,-1,665,666,667,-1,667,666,668,-1,667,668,578,-1,578,668,669,-1,578,669,579,-1,504,668,666,-1,504,666,506,-1,506,666,664,-1,506,664,508,-1,508,664,662,-1,508,662,510,-1,510,662,660,-1,510,660,512,-1,512,660,658,-1,512,658,514,-1,514,658,656,-1,514,656,516,-1,516,656,550,-1,516,550,518,-1,519,518,549,-1,549,518,550,-1,519,549,548,-1,519,548,517,-1,517,548,655,-1,517,655,515,-1,515,655,657,-1,515,657,513,-1,513,657,659,-1,513,659,511,-1,511,659,661,-1,511,661,509,-1,509,661,663,-1,509,663,507,-1,507,663,665,-1,507,665,505,-1,505,665,667,-1,505,667,503,-1,503,667,578,-1,503,578,501,-1,501,578,580,-1,501,580,436,-1,436,580,582,-1,436,582,434,-1,434,582,551,-1,434,551,432,-1,432,551,553,-1,432,553,430,-1,430,553,555,-1,430,555,455,-1,455,555,575,-1,455,575,453,-1,453,575,577,-1,453,577,470,-1,470,577,639,-1,470,639,468,-1,468,639,641,-1,468,641,491,-1,491,641,642,-1,491,642,493,-1,493,642,643,-1,493,643,428,-1,447,428,598,-1,598,428,643,-1,447,598,596,-1,447,596,448,-1,448,596,594,-1,448,594,463,-1,463,594,592,-1,463,592,464,-1,464,592,590,-1,464,590,466,-1,466,590,601,-1,466,601,467,-1,467,601,600,-1,467,600,443,-1,443,600,615,-1,443,615,458,-1,458,615,614,-1,458,614,459,-1,459,614,649,-1,459,649,461,-1,461,649,648,-1,461,648,494,-1,494,648,646,-1,494,646,495,-1,495,646,654,-1,495,654,497,-1,497,654,653,-1,497,653,532,-1,532,653,651,-1,532,651,533,-1,533,651,650,-1,533,650,534,-1,534,650,621,-1,534,621,484,-1,484,621,620,-1,484,620,486,-1,486,620,559,-1,486,559,487,-1,487,559,557,-1,487,557,442,-1,442,557,604,-1,442,604,480,-1,480,604,603,-1,480,603,481,-1,481,603,607,-1,481,607,482,-1,482,607,606,-1,482,606,474,-1,474,606,629,-1,474,629,476,-1,476,629,628,-1,476,628,478,-1,478,628,626,-1,478,626,541,-1,541,626,624,-1,541,624,542,-1,542,624,636,-1,542,636,544,-1,544,636,635,-1,544,635,546,-1,546,635,633,-1,546,633,547,-1,547,633,631,-1,547,631,526,-1,526,631,630,-1,526,630,528,-1,528,630,571,-1,528,571,530,-1,530,571,569,-1,530,569,535,-1,535,569,567,-1,535,567,536,-1,536,567,565,-1,536,565,538,-1,538,565,564,-1,538,564,524,-1,524,564,610,-1,524,610,522,-1,451,522,586,-1,586,522,610,-1,449,451,587,-1,587,451,586,-1,450,449,588,-1,588,449,587,-1,439,450,563,-1,563,450,588,-1,439,563,617,-1,439,617,488,-1,488,617,640,-1,488,640,492,-1,492,640,638,-1,492,638,469,-1,469,638,637,-1,469,637,471,-1,471,637,576,-1,471,576,472,-1,472,576,574,-1,472,574,454,-1,454,574,573,-1,454,573,456,-1,456,573,554,-1,456,554,457,-1,457,554,552,-1,457,552,431,-1,431,552,584,-1,431,584,433,-1,433,584,583,-1,433,583,435,-1,435,583,581,-1,435,581,499,-1,499,581,579,-1,499,579,500,-1,500,579,669,-1,500,669,502,-1,502,669,668,-1,502,668,504,-1,445,589,591,-1,445,591,465,-1,465,591,593,-1,465,593,446,-1,446,593,595,-1,446,595,426,-1,426,595,597,-1,426,597,427,-1,427,597,644,-1,427,644,429,-1,498,652,645,-1,498,645,496,-1,496,645,647,-1,496,647,462,-1,462,647,613,-1,462,613,460,-1,460,613,599,-1,460,599,444,-1,444,599,589,-1,444,589,445,-1,473,602,556,-1,473,556,440,-1,440,556,558,-1,440,558,441,-1,441,558,560,-1,441,560,485,-1,485,560,622,-1,485,622,483,-1,483,622,652,-1,483,652,498,-1,545,634,623,-1,545,623,543,-1,543,623,625,-1,543,625,479,-1,479,625,627,-1,479,627,477,-1,477,627,605,-1,477,605,475,-1,475,605,602,-1,475,602,473,-1,540,609,608,-1,540,608,539,-1,539,608,566,-1,539,566,537,-1,537,566,568,-1,537,568,531,-1,531,568,570,-1,531,570,529,-1,529,570,572,-1,529,572,527,-1,527,572,632,-1,527,632,525,-1,525,632,634,-1,525,634,545,-1,490,618,619,-1,490,619,437,-1,437,619,562,-1,437,562,438,-1,438,562,561,-1,438,561,452,-1,452,561,585,-1,452,585,520,-1,520,585,612,-1,520,612,521,-1,521,612,611,-1,521,611,523,-1,523,611,609,-1,523,609,540,-1,490,489,618,-1,618,489,616,-1,489,429,616,-1,616,429,644,-1,670,671,672,-1,670,672,673,-1,673,672,674,-1,673,674,675,-1,675,674,676,-1,675,676,677,-1,677,676,678,-1,677,678,679,-1,679,678,680,-1,679,680,681,-1,681,680,682,-1,681,682,683,-1,683,682,684,-1,683,684,685,-1,686,685,687,-1,687,685,684,-1,686,687,688,-1,686,688,689,-1,689,688,690,-1,689,690,691,-1,691,690,692,-1,691,692,693,-1,693,692,694,-1,693,694,695,-1,695,694,696,-1,695,696,697,-1,697,696,698,-1,697,698,699,-1,699,698,700,-1,699,700,701,-1,701,700,702,-1,701,702,703,-1,703,702,704,-1,703,704,705,-1,705,704,706,-1,705,706,707,-1,707,706,708,-1,707,708,709,-1,709,708,710,-1,709,710,711,-1,711,710,712,-1,711,712,713,-1,713,712,714,-1,713,714,715,-1,715,714,716,-1,715,716,717,-1,717,716,718,-1,717,718,719,-1,719,718,720,-1,719,720,721,-1,721,720,722,-1,721,722,723,-1,723,722,724,-1,723,724,725,-1,725,724,726,-1,725,726,727,-1,727,726,728,-1,727,728,729,-1,729,728,730,-1,729,730,731,-1,731,730,732,-1,731,732,733,-1,733,732,734,-1,733,734,735,-1,735,734,736,-1,735,736,737,-1,737,736,738,-1,737,738,739,-1,739,738,740,-1,739,740,741,-1,741,740,742,-1,741,742,743,-1,743,742,744,-1,743,744,745,-1,745,744,746,-1,745,746,747,-1,747,746,748,-1,747,748,749,-1,749,748,750,-1,749,750,751,-1,751,750,752,-1,751,752,753,-1,753,752,754,-1,753,754,755,-1,755,754,756,-1,755,756,757,-1,757,756,758,-1,757,758,759,-1,759,758,760,-1,759,760,761,-1,761,760,762,-1,761,762,763,-1,763,762,764,-1,763,764,765,-1,765,764,766,-1,765,766,767,-1,767,766,768,-1,767,768,769,-1,769,768,770,-1,769,770,771,-1,771,770,772,-1,771,772,773,-1,773,772,774,-1,773,774,775,-1,775,774,776,-1,775,776,777,-1,777,776,778,-1,777,778,779,-1,779,778,780,-1,779,780,781,-1,781,780,782,-1,781,782,783,-1,783,782,784,-1,783,784,785,-1,785,784,786,-1,785,786,787,-1,787,786,788,-1,787,788,789,-1,789,788,790,-1,789,790,791,-1,791,790,792,-1,791,792,793,-1,793,792,794,-1,793,794,795,-1,795,794,796,-1,795,796,797,-1,797,796,798,-1,797,798,799,-1,799,798,800,-1,799,800,801,-1,801,800,802,-1,801,802,803,-1,803,802,804,-1,803,804,805,-1,806,805,807,-1,807,805,804,-1,806,807,808,-1,806,808,809,-1,809,808,810,-1,809,810,811,-1,811,810,812,-1,811,812,813,-1,813,812,814,-1,813,814,815,-1,815,814,816,-1,815,816,817,-1,817,816,818,-1,817,818,819,-1,819,818,820,-1,819,820,821,-1,821,820,822,-1,821,822,823,-1,823,822,824,-1,823,824,825,-1,825,824,826,-1,825,826,827,-1,827,826,828,-1,827,828,829,-1,829,828,830,-1,829,830,831,-1,831,830,832,-1,831,832,833,-1,833,832,834,-1,833,834,835,-1,835,834,836,-1,835,836,837,-1,837,836,838,-1,837,838,839,-1,839,838,840,-1,839,840,841,-1,841,840,842,-1,841,842,843,-1,843,842,844,-1,843,844,845,-1,845,844,846,-1,845,846,847,-1,847,846,848,-1,847,848,849,-1,849,848,850,-1,849,850,851,-1,851,850,852,-1,851,852,853,-1,853,852,854,-1,853,854,855,-1,855,854,856,-1,855,856,857,-1,857,856,858,-1,857,858,859,-1,859,858,860,-1,859,860,861,-1,861,860,862,-1,861,862,863,-1,863,862,864,-1,863,864,865,-1,865,864,866,-1,865,866,867,-1,867,866,868,-1,867,868,869,-1,869,868,870,-1,869,870,871,-1,871,870,872,-1,871,872,873,-1,873,872,874,-1,873,874,875,-1,875,874,876,-1,875,876,877,-1,877,876,878,-1,877,878,879,-1,879,878,880,-1,879,880,881,-1,881,880,882,-1,881,882,883,-1,883,882,884,-1,883,884,885,-1,885,884,886,-1,885,886,887,-1,887,886,888,-1,887,888,889,-1,889,888,890,-1,889,890,891,-1,891,890,892,-1,891,892,893,-1,893,892,894,-1,893,894,895,-1,895,894,896,-1,895,896,897,-1,897,896,898,-1,897,898,899,-1,899,898,900,-1,899,900,901,-1,901,900,902,-1,901,902,903,-1,903,902,904,-1,903,904,905,-1,905,904,906,-1,905,906,907,-1,907,906,671,-1,907,671,670,-1,683,685,686,-1,803,805,806,-1,713,715,897,-1,897,715,895,-1,777,837,775,-1,775,837,839,-1,775,839,773,-1,715,717,895,-1,895,717,719,-1,895,719,893,-1,779,833,777,-1,777,833,835,-1,777,835,837,-1,713,897,711,-1,711,897,899,-1,711,899,709,-1,709,899,901,-1,709,901,707,-1,707,901,903,-1,707,903,705,-1,855,765,853,-1,853,765,767,-1,737,883,735,-1,735,883,885,-1,839,841,773,-1,773,841,843,-1,773,843,771,-1,843,845,771,-1,771,845,847,-1,771,847,769,-1,769,847,849,-1,769,849,767,-1,767,849,851,-1,767,851,853,-1,855,857,765,-1,765,857,859,-1,765,859,763,-1,763,859,861,-1,763,861,761,-1,761,861,863,-1,761,863,759,-1,759,863,865,-1,759,865,757,-1,889,729,887,-1,887,729,731,-1,887,731,885,-1,885,731,733,-1,885,733,735,-1,719,721,893,-1,893,721,723,-1,893,723,891,-1,891,723,725,-1,891,725,889,-1,889,725,727,-1,889,727,729,-1,737,739,883,-1,883,739,741,-1,883,741,881,-1,881,741,743,-1,881,743,879,-1,879,743,745,-1,879,745,877,-1,877,745,747,-1,877,747,875,-1,705,903,703,-1,703,903,905,-1,703,905,701,-1,701,905,907,-1,701,907,699,-1,699,907,670,-1,699,670,697,-1,697,670,673,-1,697,673,695,-1,695,673,675,-1,695,675,693,-1,693,675,677,-1,693,677,691,-1,691,677,679,-1,691,679,689,-1,689,679,686,-1,686,679,681,-1,686,681,683,-1,747,749,875,-1,875,749,751,-1,875,751,873,-1,873,751,753,-1,873,753,871,-1,871,753,755,-1,871,755,869,-1,869,755,757,-1,869,757,867,-1,867,757,865,-1,803,806,801,-1,801,806,809,-1,801,809,799,-1,799,809,811,-1,799,811,797,-1,797,811,813,-1,797,813,795,-1,795,813,815,-1,795,815,793,-1,793,815,817,-1,793,817,791,-1,791,817,819,-1,791,819,789,-1,789,819,821,-1,789,821,787,-1,787,821,823,-1,787,823,785,-1,785,823,825,-1,785,825,783,-1,783,825,827,-1,783,827,781,-1,781,827,829,-1,781,829,779,-1,779,829,831,-1,779,831,833,-1,894,714,896,-1,896,714,712,-1,896,712,898,-1,898,712,710,-1,898,710,900,-1,776,774,836,-1,856,764,858,-1,858,764,762,-1,892,718,894,-1,894,718,716,-1,894,716,714,-1,886,884,732,-1,732,884,734,-1,734,884,882,-1,734,882,736,-1,856,854,764,-1,764,854,852,-1,764,852,766,-1,766,852,850,-1,766,850,768,-1,880,740,882,-1,882,740,738,-1,882,738,736,-1,770,842,772,-1,772,842,840,-1,772,840,774,-1,774,840,838,-1,774,838,836,-1,890,722,892,-1,892,722,720,-1,892,720,718,-1,850,848,768,-1,768,848,846,-1,768,846,770,-1,770,846,844,-1,770,844,842,-1,710,708,900,-1,900,708,706,-1,900,706,902,-1,902,706,704,-1,902,704,904,-1,904,704,702,-1,904,702,906,-1,906,702,700,-1,906,700,671,-1,671,700,698,-1,671,698,672,-1,672,698,696,-1,672,696,674,-1,674,696,694,-1,674,694,676,-1,732,730,886,-1,886,730,728,-1,886,728,888,-1,888,728,726,-1,888,726,890,-1,890,726,724,-1,890,724,722,-1,694,692,676,-1,676,692,690,-1,676,690,678,-1,678,690,688,-1,678,688,680,-1,680,688,687,-1,680,687,682,-1,682,687,684,-1,872,870,754,-1,754,870,868,-1,754,868,756,-1,756,868,866,-1,756,866,758,-1,758,866,864,-1,758,864,760,-1,760,864,862,-1,760,862,762,-1,762,862,860,-1,762,860,858,-1,836,834,776,-1,776,834,832,-1,776,832,778,-1,778,832,830,-1,778,830,780,-1,780,830,828,-1,780,828,782,-1,782,828,826,-1,782,826,784,-1,784,826,824,-1,784,824,786,-1,786,824,822,-1,786,822,788,-1,788,822,820,-1,788,820,790,-1,790,820,818,-1,790,818,792,-1,792,818,816,-1,792,816,794,-1,794,816,814,-1,794,814,796,-1,796,814,812,-1,796,812,798,-1,798,812,810,-1,798,810,800,-1,800,810,808,-1,800,808,802,-1,802,808,807,-1,802,807,804,-1,754,752,872,-1,872,752,750,-1,872,750,874,-1,874,750,748,-1,874,748,876,-1,876,748,746,-1,876,746,878,-1,878,746,744,-1,878,744,880,-1,880,744,742,-1,880,742,740,-1,908,909,910,-1,910,909,911,-1,912,908,913,-1,913,908,910,-1,912,913,914,-1,912,914,915,-1,915,914,916,-1,915,916,917,-1,918,917,919,-1,919,917,916,-1,920,918,921,-1,921,918,919,-1,922,920,923,-1,923,920,921,-1,924,922,925,-1,925,922,923,-1,926,924,927,-1,927,924,925,-1,928,926,929,-1,929,926,927,-1,928,929,930,-1,928,930,931,-1,931,930,932,-1,931,932,933,-1,933,932,934,-1,933,934,935,-1,935,934,936,-1,935,936,937,-1,937,936,938,-1,937,938,939,-1,939,938,940,-1,939,940,941,-1,941,940,942,-1,941,942,943,-1,943,942,944,-1,943,944,945,-1,945,944,946,-1,945,946,947,-1,947,946,948,-1,947,948,949,-1,950,949,951,-1,951,949,948,-1,950,951,952,-1,950,952,953,-1,953,952,954,-1,953,954,955,-1,955,954,956,-1,955,956,957,-1,957,956,958,-1,957,958,959,-1,959,958,960,-1,959,960,961,-1,961,960,962,-1,961,962,963,-1,963,962,964,-1,963,964,965,-1,965,964,966,-1,965,966,967,-1,967,966,968,-1,967,968,969,-1,969,968,970,-1,969,970,971,-1,971,970,972,-1,971,972,973,-1,973,972,974,-1,973,974,975,-1,975,974,976,-1,975,976,977,-1,977,976,978,-1,977,978,979,-1,909,979,911,-1,911,979,978,-1,915,917,979,-1,909,908,979,-1,979,908,912,-1,979,912,915,-1,922,924,920,-1,920,924,926,-1,920,926,918,-1,933,935,967,-1,967,935,965,-1,965,935,937,-1,965,937,963,-1,963,937,939,-1,963,939,961,-1,961,939,959,-1,959,939,941,-1,959,941,957,-1,957,941,943,-1,957,943,955,-1,967,969,933,-1,933,969,971,-1,933,971,931,-1,931,971,973,-1,931,973,928,-1,955,943,953,-1,953,943,945,-1,953,945,950,-1,950,945,947,-1,950,947,949,-1,973,975,928,-1,928,975,977,-1,928,977,926,-1,926,977,979,-1,926,979,918,-1,918,979,917,-1,940,938,960,-1,927,925,923,-1,910,911,913,-1,913,911,978,-1,960,938,962,-1,962,938,936,-1,962,936,964,-1,960,958,940,-1,940,958,956,-1,940,956,942,-1,942,956,954,-1,942,954,944,-1,944,954,952,-1,944,952,946,-1,946,952,951,-1,946,951,948,-1,964,936,966,-1,966,936,934,-1,966,934,968,-1,968,934,932,-1,968,932,970,-1,970,932,930,-1,970,930,972,-1,972,930,974,-1,974,930,929,-1,974,929,976,-1,919,916,978,-1,978,916,914,-1,978,914,913,-1,923,921,927,-1,927,921,919,-1,927,919,929,-1,929,919,978,-1,929,978,976,-1,980,981,982,-1,982,981,983,-1,984,980,985,-1,985,980,982,-1,986,984,987,-1,987,984,985,-1,988,986,989,-1,989,986,987,-1,990,988,991,-1,991,988,989,-1,992,990,993,-1,993,990,991,-1,994,992,995,-1,995,992,993,-1,996,994,997,-1,997,994,995,-1,998,996,999,-1,999,996,997,-1,1000,998,1001,-1,1001,998,999,-1,1002,1000,1003,-1,1003,1000,1001,-1,981,1002,983,-1,983,1002,1003,-1,996,998,994,-1,994,998,1000,-1,994,1000,992,-1,981,980,1002,-1,1002,980,984,-1,1002,984,986,-1,988,990,986,-1,986,990,992,-1,986,992,1002,-1,1002,992,1000,-1,1001,999,997,-1,997,995,1001,-1,1001,995,993,-1,1001,993,1003,-1,982,983,985,-1,985,983,1003,-1,985,1003,987,-1,987,1003,993,-1,987,993,989,-1,989,993,991,-1,1004,1005,1006,-1,1006,1005,1007,-1,1006,1007,1008,-1,1008,1007,1009,-1,1008,1009,1010,-1,1010,1009,1011,-1,1010,1011,1012,-1,1012,1011,1013,-1,1012,1013,1014,-1,1014,1013,1015,-1,1014,1015,1016,-1,1016,1015,1017,-1,1016,1017,1018,-1,1018,1017,1019,-1,1018,1019,1020,-1,1021,1022,1023,-1,1023,1022,1024,-1,1023,1024,1025,-1,1025,1024,1026,-1,1025,1026,1027,-1,1027,1026,1028,-1,1027,1028,1029,-1,1028,1030,1029,-1,1029,1030,1031,-1,1029,1031,1032,-1,1032,1031,1033,-1,1032,1033,1034,-1,1034,1033,1035,-1,1034,1035,1036,-1,1036,1035,1037,-1,1036,1037,1038,-1,1038,1037,1039,-1,1038,1039,1040,-1,1040,1039,1041,-1,1040,1041,1042,-1,1042,1041,1043,-1,1042,1043,1044,-1,1044,1043,1045,-1,1044,1045,1046,-1,1046,1045,1047,-1,1046,1047,1048,-1,1048,1047,1049,-1,1048,1049,1050,-1,1050,1049,1051,-1,1050,1051,1052,-1,1052,1051,1053,-1,1052,1053,1054,-1,1054,1053,1055,-1,1054,1055,1056,-1,1056,1055,1057,-1,1056,1057,1058,-1,1058,1057,1059,-1,1058,1059,1060,-1,1060,1059,1061,-1,1060,1061,1062,-1,1062,1061,1063,-1,1062,1063,1004,-1,1004,1063,1064,-1,1004,1064,1005,-1,1019,1065,1020,-1,1020,1065,1066,-1,1020,1066,1067,-1,1067,1066,1068,-1,1067,1068,1069,-1,1069,1068,1070,-1,1069,1070,1071,-1,1071,1070,1072,-1,1071,1072,1073,-1,1073,1072,1074,-1,1073,1074,1075,-1,1075,1074,1076,-1,1075,1076,1021,-1,1021,1076,1077,-1,1021,1077,1022,-1,1078,1079,1080,-1,1080,1079,1081,-1,1080,1081,1082,-1,1082,1081,1083,-1,1082,1083,1084,-1,1084,1083,1085,-1,1084,1085,1086,-1,1086,1085,1087,-1,1086,1087,1088,-1,1088,1087,1089,-1,1088,1089,1090,-1,1091,1092,1093,-1,1093,1092,1094,-1,1093,1094,1095,-1,1095,1094,1096,-1,1095,1096,1097,-1,1097,1096,1098,-1,1097,1098,1099,-1,1099,1098,1100,-1,1099,1100,1101,-1,1101,1100,1102,-1,1101,1102,1103,-1,1103,1102,1104,-1,1103,1104,1105,-1,1105,1104,1106,-1,1105,1106,1107,-1,1107,1106,1108,-1,1107,1108,1109,-1,1109,1108,1110,-1,1109,1110,1111,-1,1111,1110,1112,-1,1111,1112,1113,-1,1113,1112,1114,-1,1113,1114,1115,-1,1115,1114,1116,-1,1115,1116,1117,-1,1117,1116,1118,-1,1117,1118,1119,-1,1119,1118,1120,-1,1119,1120,1078,-1,1078,1120,1121,-1,1078,1121,1079,-1,1122,1123,1124,-1,1124,1123,1125,-1,1124,1125,1126,-1,1126,1125,1127,-1,1126,1127,1128,-1,1128,1127,1129,-1,1128,1129,1130,-1,1130,1129,1131,-1,1130,1131,1132,-1,1132,1131,1133,-1,1132,1133,1134,-1,1134,1133,1135,-1,1134,1135,1136,-1,1136,1135,1137,-1,1136,1137,1091,-1,1091,1137,1138,-1,1091,1138,1092,-1,1089,1139,1090,-1,1090,1139,1140,-1,1090,1140,1141,-1,1141,1140,1142,-1,1141,1142,1143,-1,1143,1142,1144,-1,1143,1144,1145,-1,1145,1144,1146,-1,1145,1146,1147,-1,1147,1146,1148,-1,1147,1148,1149,-1,1149,1148,1150,-1,1149,1150,1122,-1,1122,1150,1151,-1,1122,1151,1123,-1,1057,1055,1102,-1,1102,1055,1104,-1,1057,1102,1100,-1,1057,1100,1059,-1,1059,1100,1098,-1,1059,1098,1061,-1,1061,1098,1096,-1,1061,1096,1063,-1,1063,1096,1094,-1,1063,1094,1064,-1,1064,1094,1092,-1,1064,1092,1005,-1,1005,1092,1138,-1,1005,1138,1007,-1,1007,1138,1137,-1,1007,1137,1009,-1,1009,1137,1135,-1,1009,1135,1011,-1,1011,1135,1133,-1,1011,1133,1013,-1,1013,1133,1131,-1,1013,1131,1015,-1,1015,1131,1129,-1,1015,1129,1017,-1,1017,1129,1127,-1,1017,1127,1019,-1,1019,1127,1125,-1,1019,1125,1065,-1,1065,1125,1123,-1,1065,1123,1066,-1,1066,1123,1151,-1,1066,1151,1068,-1,1068,1151,1150,-1,1068,1150,1070,-1,1070,1150,1148,-1,1070,1148,1072,-1,1072,1148,1146,-1,1072,1146,1074,-1,1074,1146,1144,-1,1074,1144,1076,-1,1076,1144,1142,-1,1076,1142,1077,-1,1077,1142,1140,-1,1077,1140,1022,-1,1022,1140,1139,-1,1022,1139,1024,-1,1024,1139,1089,-1,1024,1089,1026,-1,1026,1089,1087,-1,1026,1087,1028,-1,1028,1087,1085,-1,1028,1085,1030,-1,1030,1085,1083,-1,1030,1083,1031,-1,1031,1083,1081,-1,1031,1081,1033,-1,1033,1081,1079,-1,1033,1079,1035,-1,1035,1079,1121,-1,1035,1121,1037,-1,1037,1121,1120,-1,1037,1120,1039,-1,1039,1120,1118,-1,1039,1118,1041,-1,1041,1118,1116,-1,1041,1116,1043,-1,1043,1116,1114,-1,1043,1114,1045,-1,1045,1114,1112,-1,1045,1112,1047,-1,1047,1112,1110,-1,1047,1110,1049,-1,1049,1110,1108,-1,1049,1108,1051,-1,1053,1051,1106,-1,1106,1051,1108,-1,1055,1053,1104,-1,1104,1053,1106,-1,1050,1052,1107,-1,1107,1052,1105,-1,1052,1054,1105,-1,1105,1054,1103,-1,1054,1056,1103,-1,1103,1056,1101,-1,1012,1132,1134,-1,1012,1134,1010,-1,1010,1134,1136,-1,1010,1136,1008,-1,1008,1136,1091,-1,1008,1091,1006,-1,1006,1091,1093,-1,1006,1093,1004,-1,1004,1093,1095,-1,1004,1095,1062,-1,1062,1095,1097,-1,1062,1097,1060,-1,1060,1097,1099,-1,1060,1099,1058,-1,1058,1099,1101,-1,1058,1101,1056,-1,1073,1145,1147,-1,1073,1147,1071,-1,1071,1147,1149,-1,1071,1149,1069,-1,1069,1149,1122,-1,1069,1122,1067,-1,1067,1122,1124,-1,1067,1124,1020,-1,1020,1124,1126,-1,1020,1126,1018,-1,1018,1126,1128,-1,1018,1128,1016,-1,1016,1128,1130,-1,1016,1130,1014,-1,1014,1130,1132,-1,1014,1132,1012,-1,1034,1080,1082,-1,1034,1082,1032,-1,1032,1082,1084,-1,1032,1084,1029,-1,1029,1084,1086,-1,1029,1086,1027,-1,1027,1086,1088,-1,1027,1088,1025,-1,1025,1088,1090,-1,1025,1090,1023,-1,1023,1090,1141,-1,1023,1141,1021,-1,1021,1141,1143,-1,1021,1143,1075,-1,1075,1143,1145,-1,1075,1145,1073,-1,1050,1107,1109,-1,1050,1109,1048,-1,1048,1109,1111,-1,1048,1111,1046,-1,1046,1111,1113,-1,1046,1113,1044,-1,1044,1113,1115,-1,1044,1115,1042,-1,1042,1115,1117,-1,1042,1117,1040,-1,1040,1117,1119,-1,1040,1119,1038,-1,1038,1119,1078,-1,1038,1078,1036,-1,1036,1078,1080,-1,1036,1080,1034,-1,1152,1153,1154,-1,1155,1156,1157,-1,1153,1158,1154,-1,1154,1158,1159,-1,1154,1159,1160,-1,1160,1159,1161,-1,1160,1161,1162,-1,1162,1163,1160,-1,1160,1163,1164,-1,1160,1164,1165,-1,1166,1165,1167,-1,1167,1165,1164,-1,1167,1164,1157,-1,1157,1164,1152,-1,1157,1152,1155,-1,1155,1152,1154,-1,1168,1169,1170,-1,1170,1169,1171,-1,1172,1173,1171,-1,1171,1173,1174,-1,1171,1174,1170,-1,1170,1174,1175,-1,1172,1176,1173,-1,1173,1176,1177,-1,1173,1177,1178,-1,1178,1177,1179,-1,1178,1179,1180,-1,1180,1181,1178,-1,1178,1181,1169,-1,1178,1169,1182,-1,1182,1169,1168,-1,1182,1168,1183,-1,1160,1165,1173,-1,1173,1165,1174,-1,1154,1160,1178,-1,1178,1160,1173,-1,1155,1154,1182,-1,1182,1154,1178,-1,1156,1155,1183,-1,1183,1155,1182,-1,1157,1156,1168,-1,1168,1156,1183,-1,1167,1157,1170,-1,1170,1157,1168,-1,1166,1167,1175,-1,1175,1167,1170,-1,1165,1166,1174,-1,1174,1166,1175,-1,1152,1164,1169,-1,1169,1164,1171,-1,1164,1163,1171,-1,1171,1163,1172,-1,1161,1177,1176,-1,1161,1176,1162,-1,1162,1176,1172,-1,1162,1172,1163,-1,1161,1159,1177,-1,1177,1159,1179,-1,1153,1181,1180,-1,1153,1180,1158,-1,1158,1180,1179,-1,1158,1179,1159,-1,1153,1152,1181,-1,1181,1152,1169,-1,1184,1185,1186,-1,1187,1188,1189,-1,1190,1191,1192,-1,1193,1194,1195,-1,1195,1194,1196,-1,1195,1196,1197,-1,1198,1199,1200,-1,1201,1202,1186,-1,1186,1202,1203,-1,1186,1203,1184,-1,1204,1205,1206,-1,1206,1205,1207,-1,1206,1207,1208,-1,1208,1207,1209,-1,1208,1209,1210,-1,1210,1209,1211,-1,1210,1211,1212,-1,1213,1214,1207,-1,1207,1214,1215,-1,1207,1215,1209,-1,1209,1215,1216,-1,1209,1216,1217,-1,1218,1219,1220,-1,1220,1219,1186,-1,1220,1186,1221,-1,1222,1223,1224,-1,1225,1185,1226,-1,1226,1185,1227,-1,1226,1227,1228,-1,1200,1199,1229,-1,1229,1199,1230,-1,1229,1230,1231,-1,1231,1230,1232,-1,1231,1232,1233,-1,1192,1191,1234,-1,1234,1191,1235,-1,1234,1235,1236,-1,1237,1238,1186,-1,1186,1238,1239,-1,1186,1239,1201,-1,1222,1224,1240,-1,1240,1224,1241,-1,1240,1241,1242,-1,1242,1241,1243,-1,1242,1243,1244,-1,1212,1245,1210,-1,1210,1245,1246,-1,1210,1246,1247,-1,1248,1249,1250,-1,1250,1249,1251,-1,1250,1251,1252,-1,1252,1251,1253,-1,1252,1253,1254,-1,1248,1250,1255,-1,1255,1250,1256,-1,1255,1256,1257,-1,1257,1256,1258,-1,1257,1258,1259,-1,1259,1258,1260,-1,1259,1260,1261,-1,1253,1262,1254,-1,1254,1262,1263,-1,1254,1263,1264,-1,1264,1263,1265,-1,1264,1265,1218,-1,1218,1265,1266,-1,1218,1266,1219,-1,1267,1268,1269,-1,1269,1268,1270,-1,1269,1270,1271,-1,1271,1270,1272,-1,1271,1272,1273,-1,1273,1272,1274,-1,1273,1274,1275,-1,1276,1277,1278,-1,1278,1277,1279,-1,1278,1279,1237,-1,1237,1279,1280,-1,1237,1280,1238,-1,1223,1222,1281,-1,1281,1222,1282,-1,1281,1282,1283,-1,1283,1282,1284,-1,1283,1284,1285,-1,1285,1284,1286,-1,1285,1286,1189,-1,1189,1286,1287,-1,1189,1287,1187,-1,1225,1288,1185,-1,1185,1288,1289,-1,1185,1289,1186,-1,1186,1289,1290,-1,1186,1290,1221,-1,1200,1291,1198,-1,1198,1291,1292,-1,1198,1292,1293,-1,1293,1292,1294,-1,1293,1294,1295,-1,1295,1294,1296,-1,1295,1296,1297,-1,1297,1296,1298,-1,1297,1298,1299,-1,1192,1300,1190,-1,1190,1300,1301,-1,1190,1301,1302,-1,1302,1301,1303,-1,1302,1303,1304,-1,1304,1303,1305,-1,1304,1305,1306,-1,1306,1305,1189,-1,1306,1189,1307,-1,1307,1189,1188,-1,1195,1308,1193,-1,1193,1308,1309,-1,1193,1309,1310,-1,1310,1309,1311,-1,1310,1311,1312,-1,1313,1314,1315,-1,1315,1314,1316,-1,1315,1316,1317,-1,1317,1316,1318,-1,1317,1318,1276,-1,1276,1318,1319,-1,1276,1319,1277,-1,1261,1260,1207,-1,1207,1260,1320,-1,1207,1320,1213,-1,1227,1321,1228,-1,1228,1321,1322,-1,1228,1322,1323,-1,1323,1322,1324,-1,1323,1324,1325,-1,1326,1327,1328,-1,1328,1327,1329,-1,1328,1329,1330,-1,1330,1329,1331,-1,1330,1331,1267,-1,1267,1331,1332,-1,1267,1332,1268,-1,1298,1333,1299,-1,1299,1333,1334,-1,1299,1334,1335,-1,1335,1334,1336,-1,1335,1336,1326,-1,1326,1336,1337,-1,1326,1337,1327,-1,1217,1338,1209,-1,1209,1338,1339,-1,1209,1339,1340,-1,1340,1339,1325,-1,1340,1325,1341,-1,1341,1325,1324,-1,1342,1343,1344,-1,1345,1346,1347,-1,1347,1346,1348,-1,1349,1350,1351,-1,1351,1350,1352,-1,1351,1352,1353,-1,1353,1352,1354,-1,1353,1354,1355,-1,1355,1354,1356,-1,1355,1356,1357,-1,1357,1356,1358,-1,1357,1358,1313,-1,1313,1358,1359,-1,1313,1359,1314,-1,1197,1360,1195,-1,1195,1360,1361,-1,1195,1361,1362,-1,1362,1361,1363,-1,1362,1363,1364,-1,1364,1363,1275,-1,1364,1275,1365,-1,1365,1275,1274,-1,1366,1367,1342,-1,1342,1367,1368,-1,1342,1368,1343,-1,1232,1369,1233,-1,1233,1369,1342,-1,1233,1342,1370,-1,1370,1342,1344,-1,1236,1235,1371,-1,1371,1235,1372,-1,1371,1372,1345,-1,1345,1372,1373,-1,1345,1373,1346,-1,1374,1375,1376,-1,1375,1377,1376,-1,1376,1377,1378,-1,1376,1378,1379,-1,1243,1380,1244,-1,1244,1380,1381,-1,1244,1381,1382,-1,1382,1381,1383,-1,1382,1383,1349,-1,1349,1383,1384,-1,1349,1384,1350,-1,1366,1342,1376,-1,1376,1342,1385,-1,1376,1385,1374,-1,1311,1386,1312,-1,1312,1386,1387,-1,1312,1387,1388,-1,1388,1387,1389,-1,1388,1389,1390,-1,1390,1389,1391,-1,1390,1391,1392,-1,1392,1391,1393,-1,1392,1393,1394,-1,1394,1393,1395,-1,1394,1395,1348,-1,1348,1395,1396,-1,1348,1396,1347,-1,1397,1398,1399,-1,1399,1398,1400,-1,1399,1400,1401,-1,1402,1403,1404,-1,1402,1404,1405,-1,1400,1406,1401,-1,1401,1406,1407,-1,1401,1407,1408,-1,1408,1407,1409,-1,1410,1411,1412,-1,1413,1414,1415,-1,1415,1414,1416,-1,1417,1418,1419,-1,1419,1418,1420,-1,1419,1420,1421,-1,1421,1420,1422,-1,1421,1422,1423,-1,1424,1425,1426,-1,1427,1428,1429,-1,1430,1431,1401,-1,1401,1431,1432,-1,1401,1432,1399,-1,1399,1432,1433,-1,1412,1434,1410,-1,1410,1434,1404,-1,1410,1404,1435,-1,1435,1404,1403,-1,1416,1436,1415,-1,1415,1436,1437,-1,1415,1437,1438,-1,1438,1437,1423,-1,1438,1423,1439,-1,1439,1423,1422,-1,1440,1441,1442,-1,1442,1441,1443,-1,1442,1443,1444,-1,1444,1443,1445,-1,1444,1445,1446,-1,1426,1425,1447,-1,1447,1425,1448,-1,1447,1448,1449,-1,1450,1451,1445,-1,1429,1428,1452,-1,1452,1428,1453,-1,1452,1453,1401,-1,1401,1453,1454,-1,1401,1454,1430,-1,1411,1410,1455,-1,1455,1410,1456,-1,1455,1456,1457,-1,1429,1458,1427,-1,1427,1458,1459,-1,1427,1459,1460,-1,1460,1459,1461,-1,1460,1461,1462,-1,1462,1461,1463,-1,1462,1463,1464,-1,1464,1463,1455,-1,1464,1455,1465,-1,1465,1455,1457,-1,1466,1467,1407,-1,1407,1467,1468,-1,1407,1468,1409,-1,1449,1448,1469,-1,1469,1448,1470,-1,1469,1470,1415,-1,1415,1470,1471,-1,1415,1471,1413,-1,1472,1473,1474,-1,1474,1473,1475,-1,1474,1475,1476,-1,1476,1475,1477,-1,1476,1477,1478,-1,1478,1477,1479,-1,1478,1479,1480,-1,1481,1482,1483,-1,1483,1482,1484,-1,1483,1484,1485,-1,1485,1484,1486,-1,1485,1486,1487,-1,1451,1488,1445,-1,1445,1488,1489,-1,1445,1489,1446,-1,1490,1491,1492,-1,1492,1491,1493,-1,1492,1493,1494,-1,1495,1496,1497,-1,1497,1496,1498,-1,1497,1498,1499,-1,1499,1498,1500,-1,1499,1500,1501,-1,1501,1500,1502,-1,1501,1502,1503,-1,1503,1502,1504,-1,1503,1504,1490,-1,1490,1504,1505,-1,1490,1505,1491,-1,1506,1507,1495,-1,1433,1508,1399,-1,1399,1508,1509,-1,1399,1509,1510,-1,1510,1509,1511,-1,1510,1511,1512,-1,1512,1511,1513,-1,1512,1513,1514,-1,1514,1513,1515,-1,1515,1513,1516,-1,1515,1516,1517,-1,1517,1516,1518,-1,1517,1518,1519,-1,1519,1518,1520,-1,1520,1518,1521,-1,1520,1521,1522,-1,1522,1521,1523,-1,1523,1521,1524,-1,1523,1524,1525,-1,1525,1524,1526,-1,1525,1526,1527,-1,1527,1526,1528,-1,1528,1526,1529,-1,1528,1529,1530,-1,1530,1529,1531,-1,1530,1531,1410,-1,1410,1531,1532,-1,1410,1532,1456,-1,1493,1533,1494,-1,1494,1533,1534,-1,1494,1534,1535,-1,1535,1534,1536,-1,1535,1536,1537,-1,1537,1536,1538,-1,1537,1538,1417,-1,1417,1538,1539,-1,1417,1539,1418,-1,1507,1540,1495,-1,1495,1540,1541,-1,1495,1541,1496,-1,1542,1543,1544,-1,1544,1543,1545,-1,1486,1546,1487,-1,1487,1546,1547,-1,1487,1547,1548,-1,1548,1547,1549,-1,1548,1549,1472,-1,1472,1549,1550,-1,1472,1550,1473,-1,1445,1551,1450,-1,1450,1551,1552,-1,1450,1552,1553,-1,1553,1552,1554,-1,1553,1554,1555,-1,1555,1554,1556,-1,1555,1556,1557,-1,1557,1556,1558,-1,1557,1558,1481,-1,1481,1558,1559,-1,1481,1559,1482,-1,1479,1560,1480,-1,1480,1560,1561,-1,1480,1561,1562,-1,1562,1561,1563,-1,1562,1563,1564,-1,1564,1563,1565,-1,1564,1565,1566,-1,1566,1565,1567,-1,1566,1567,1568,-1,1568,1567,1569,-1,1568,1569,1570,-1,1570,1569,1571,-1,1570,1571,1544,-1,1544,1571,1572,-1,1544,1572,1542,-1,1545,1573,1544,-1,1544,1573,1574,-1,1544,1574,1575,-1,1405,1404,1495,-1,1495,1404,1576,-1,1495,1576,1577,-1,1578,1579,1575,-1,1575,1579,1580,-1,1575,1580,1581,-1,1577,1582,1495,-1,1495,1582,1583,-1,1495,1583,1506,-1,1584,1585,1586,-1,1586,1585,1587,-1,1586,1587,1440,-1,1440,1587,1588,-1,1440,1588,1441,-1,1426,1589,1424,-1,1424,1589,1590,-1,1424,1590,1591,-1,1591,1590,1592,-1,1591,1592,1593,-1,1593,1592,1594,-1,1593,1594,1595,-1,1595,1594,1596,-1,1595,1596,1597,-1,1597,1596,1598,-1,1597,1598,1599,-1,1599,1598,1600,-1,1599,1600,1601,-1,1601,1600,1602,-1,1601,1602,1603,-1,1603,1602,1604,-1,1603,1604,1605,-1,1605,1604,1606,-1,1605,1606,1584,-1,1584,1606,1607,-1,1584,1607,1585,-1,1581,1608,1575,-1,1575,1608,1609,-1,1575,1609,1544,-1,1329,1546,1486,-1,1329,1486,1331,-1,1331,1486,1484,-1,1331,1484,1332,-1,1332,1484,1482,-1,1332,1482,1268,-1,1268,1482,1559,-1,1268,1559,1270,-1,1270,1559,1558,-1,1270,1558,1272,-1,1272,1558,1556,-1,1272,1556,1274,-1,1274,1556,1554,-1,1274,1554,1365,-1,1365,1554,1552,-1,1365,1552,1364,-1,1364,1552,1551,-1,1364,1551,1362,-1,1362,1551,1445,-1,1362,1445,1195,-1,1195,1445,1443,-1,1195,1443,1308,-1,1308,1443,1441,-1,1308,1441,1309,-1,1309,1441,1588,-1,1309,1588,1311,-1,1311,1588,1587,-1,1311,1587,1386,-1,1386,1587,1585,-1,1386,1585,1387,-1,1387,1585,1607,-1,1387,1607,1389,-1,1389,1607,1606,-1,1389,1606,1391,-1,1391,1606,1604,-1,1391,1604,1393,-1,1393,1604,1602,-1,1393,1602,1395,-1,1395,1602,1600,-1,1395,1600,1396,-1,1396,1600,1598,-1,1396,1598,1347,-1,1347,1598,1596,-1,1347,1596,1345,-1,1345,1596,1594,-1,1345,1594,1371,-1,1371,1594,1592,-1,1371,1592,1236,-1,1236,1592,1590,-1,1236,1590,1234,-1,1234,1590,1589,-1,1234,1589,1192,-1,1192,1589,1426,-1,1192,1426,1300,-1,1300,1426,1447,-1,1300,1447,1301,-1,1301,1447,1449,-1,1301,1449,1303,-1,1303,1449,1469,-1,1303,1469,1305,-1,1305,1469,1415,-1,1305,1415,1189,-1,1189,1415,1438,-1,1189,1438,1285,-1,1285,1438,1439,-1,1285,1439,1283,-1,1283,1439,1422,-1,1283,1422,1281,-1,1281,1422,1420,-1,1281,1420,1223,-1,1223,1420,1418,-1,1223,1418,1224,-1,1224,1418,1539,-1,1224,1539,1241,-1,1241,1539,1538,-1,1241,1538,1243,-1,1243,1538,1536,-1,1243,1536,1380,-1,1380,1536,1534,-1,1380,1534,1381,-1,1381,1534,1533,-1,1381,1533,1383,-1,1383,1533,1493,-1,1383,1493,1384,-1,1384,1493,1491,-1,1384,1491,1350,-1,1350,1491,1505,-1,1350,1505,1352,-1,1352,1505,1504,-1,1352,1504,1354,-1,1354,1504,1502,-1,1354,1502,1356,-1,1356,1502,1500,-1,1356,1500,1358,-1,1358,1500,1498,-1,1358,1498,1359,-1,1359,1498,1496,-1,1359,1496,1314,-1,1314,1496,1541,-1,1314,1541,1316,-1,1316,1541,1540,-1,1316,1540,1318,-1,1318,1540,1507,-1,1318,1507,1319,-1,1319,1507,1506,-1,1319,1506,1277,-1,1277,1506,1583,-1,1277,1583,1279,-1,1279,1583,1582,-1,1279,1582,1280,-1,1280,1582,1577,-1,1280,1577,1238,-1,1238,1577,1576,-1,1238,1576,1239,-1,1239,1576,1404,-1,1239,1404,1201,-1,1201,1404,1434,-1,1201,1434,1202,-1,1202,1434,1412,-1,1202,1412,1203,-1,1203,1412,1411,-1,1203,1411,1184,-1,1184,1411,1455,-1,1184,1455,1185,-1,1185,1455,1463,-1,1185,1463,1227,-1,1227,1463,1461,-1,1227,1461,1321,-1,1321,1461,1459,-1,1321,1459,1322,-1,1322,1459,1458,-1,1322,1458,1324,-1,1324,1458,1429,-1,1324,1429,1341,-1,1341,1429,1452,-1,1341,1452,1340,-1,1340,1452,1401,-1,1340,1401,1209,-1,1209,1401,1408,-1,1209,1408,1211,-1,1211,1408,1409,-1,1211,1409,1212,-1,1212,1409,1468,-1,1212,1468,1245,-1,1245,1468,1467,-1,1245,1467,1246,-1,1246,1467,1466,-1,1246,1466,1247,-1,1247,1466,1407,-1,1247,1407,1210,-1,1210,1407,1406,-1,1210,1406,1208,-1,1206,1208,1400,-1,1400,1208,1406,-1,1204,1206,1398,-1,1398,1206,1400,-1,1205,1204,1397,-1,1397,1204,1398,-1,1207,1205,1399,-1,1399,1205,1397,-1,1207,1399,1510,-1,1207,1510,1261,-1,1261,1510,1512,-1,1261,1512,1259,-1,1259,1512,1514,-1,1259,1514,1257,-1,1257,1514,1515,-1,1257,1515,1255,-1,1255,1515,1517,-1,1255,1517,1248,-1,1248,1517,1519,-1,1248,1519,1249,-1,1249,1519,1520,-1,1249,1520,1251,-1,1251,1520,1522,-1,1251,1522,1253,-1,1253,1522,1523,-1,1253,1523,1262,-1,1262,1523,1525,-1,1262,1525,1263,-1,1263,1525,1527,-1,1263,1527,1265,-1,1265,1527,1528,-1,1265,1528,1266,-1,1266,1528,1530,-1,1266,1530,1219,-1,1219,1530,1410,-1,1219,1410,1186,-1,1186,1410,1435,-1,1186,1435,1237,-1,1237,1435,1403,-1,1237,1403,1278,-1,1278,1403,1402,-1,1278,1402,1276,-1,1276,1402,1405,-1,1276,1405,1317,-1,1317,1405,1495,-1,1317,1495,1315,-1,1315,1495,1497,-1,1315,1497,1313,-1,1313,1497,1499,-1,1313,1499,1357,-1,1357,1499,1501,-1,1357,1501,1355,-1,1355,1501,1503,-1,1355,1503,1353,-1,1353,1503,1490,-1,1353,1490,1351,-1,1351,1490,1492,-1,1351,1492,1349,-1,1349,1492,1494,-1,1349,1494,1382,-1,1382,1494,1535,-1,1382,1535,1244,-1,1244,1535,1537,-1,1244,1537,1242,-1,1242,1537,1417,-1,1242,1417,1240,-1,1240,1417,1419,-1,1240,1419,1222,-1,1222,1419,1421,-1,1222,1421,1282,-1,1282,1421,1423,-1,1282,1423,1284,-1,1284,1423,1437,-1,1284,1437,1286,-1,1286,1437,1436,-1,1286,1436,1287,-1,1287,1436,1416,-1,1287,1416,1187,-1,1187,1416,1414,-1,1187,1414,1188,-1,1188,1414,1413,-1,1188,1413,1307,-1,1307,1413,1471,-1,1307,1471,1306,-1,1306,1471,1470,-1,1306,1470,1304,-1,1304,1470,1448,-1,1304,1448,1302,-1,1302,1448,1425,-1,1302,1425,1190,-1,1190,1425,1424,-1,1190,1424,1191,-1,1191,1424,1591,-1,1191,1591,1235,-1,1235,1591,1593,-1,1235,1593,1372,-1,1372,1593,1595,-1,1372,1595,1373,-1,1373,1595,1597,-1,1373,1597,1346,-1,1346,1597,1599,-1,1346,1599,1348,-1,1348,1599,1601,-1,1348,1601,1394,-1,1394,1601,1603,-1,1394,1603,1392,-1,1392,1603,1605,-1,1392,1605,1390,-1,1390,1605,1584,-1,1390,1584,1388,-1,1388,1584,1586,-1,1388,1586,1312,-1,1312,1586,1440,-1,1312,1440,1310,-1,1310,1440,1442,-1,1310,1442,1193,-1,1193,1442,1444,-1,1193,1444,1194,-1,1194,1444,1446,-1,1194,1446,1196,-1,1196,1446,1489,-1,1196,1489,1197,-1,1360,1197,1488,-1,1488,1197,1489,-1,1360,1488,1451,-1,1360,1451,1361,-1,1361,1451,1450,-1,1361,1450,1363,-1,1363,1450,1553,-1,1363,1553,1275,-1,1275,1553,1555,-1,1275,1555,1273,-1,1273,1555,1557,-1,1273,1557,1271,-1,1271,1557,1481,-1,1271,1481,1269,-1,1269,1481,1483,-1,1269,1483,1267,-1,1267,1483,1485,-1,1267,1485,1330,-1,1330,1485,1487,-1,1330,1487,1328,-1,1328,1487,1548,-1,1328,1548,1326,-1,1326,1548,1472,-1,1326,1472,1335,-1,1335,1472,1474,-1,1335,1474,1299,-1,1299,1474,1476,-1,1299,1476,1297,-1,1297,1476,1478,-1,1297,1478,1295,-1,1295,1478,1480,-1,1295,1480,1293,-1,1293,1480,1562,-1,1293,1562,1198,-1,1198,1562,1564,-1,1198,1564,1199,-1,1199,1564,1566,-1,1199,1566,1230,-1,1232,1230,1568,-1,1568,1230,1566,-1,1232,1568,1570,-1,1232,1570,1369,-1,1369,1570,1544,-1,1369,1544,1342,-1,1342,1544,1609,-1,1342,1609,1385,-1,1385,1609,1608,-1,1385,1608,1374,-1,1374,1608,1581,-1,1374,1581,1375,-1,1375,1581,1580,-1,1375,1580,1377,-1,1377,1580,1579,-1,1377,1579,1378,-1,1378,1579,1578,-1,1378,1578,1379,-1,1379,1578,1575,-1,1379,1575,1376,-1,1376,1575,1574,-1,1376,1574,1366,-1,1366,1574,1573,-1,1366,1573,1367,-1,1367,1573,1545,-1,1367,1545,1368,-1,1368,1545,1543,-1,1368,1543,1343,-1,1343,1543,1542,-1,1343,1542,1344,-1,1344,1542,1572,-1,1344,1572,1370,-1,1370,1572,1571,-1,1370,1571,1233,-1,1233,1571,1569,-1,1233,1569,1231,-1,1229,1231,1567,-1,1567,1231,1569,-1,1229,1567,1565,-1,1229,1565,1200,-1,1200,1565,1563,-1,1200,1563,1291,-1,1291,1563,1561,-1,1291,1561,1292,-1,1292,1561,1560,-1,1292,1560,1294,-1,1294,1560,1479,-1,1294,1479,1296,-1,1296,1479,1477,-1,1296,1477,1298,-1,1298,1477,1475,-1,1298,1475,1333,-1,1333,1475,1473,-1,1333,1473,1334,-1,1334,1473,1550,-1,1334,1550,1336,-1,1336,1550,1549,-1,1336,1549,1337,-1,1337,1549,1547,-1,1337,1547,1327,-1,1327,1547,1546,-1,1327,1546,1329,-1,1250,1518,1516,-1,1250,1516,1256,-1,1256,1516,1513,-1,1256,1513,1258,-1,1258,1513,1511,-1,1258,1511,1260,-1,1260,1511,1509,-1,1260,1509,1320,-1,1320,1509,1508,-1,1320,1508,1213,-1,1213,1508,1433,-1,1213,1433,1214,-1,1214,1433,1432,-1,1214,1432,1215,-1,1215,1432,1431,-1,1215,1431,1216,-1,1216,1431,1430,-1,1216,1430,1217,-1,1217,1430,1454,-1,1217,1454,1338,-1,1338,1454,1453,-1,1338,1453,1339,-1,1339,1453,1428,-1,1339,1428,1325,-1,1325,1428,1427,-1,1325,1427,1323,-1,1323,1427,1460,-1,1323,1460,1228,-1,1228,1460,1462,-1,1228,1462,1226,-1,1226,1462,1464,-1,1226,1464,1225,-1,1225,1464,1465,-1,1225,1465,1288,-1,1288,1465,1457,-1,1288,1457,1289,-1,1289,1457,1456,-1,1289,1456,1290,-1,1290,1456,1532,-1,1290,1532,1221,-1,1221,1532,1531,-1,1221,1531,1220,-1,1220,1531,1529,-1,1220,1529,1218,-1,1218,1529,1526,-1,1218,1526,1264,-1,1264,1526,1524,-1,1264,1524,1254,-1,1254,1524,1521,-1,1254,1521,1252,-1,1252,1521,1518,-1,1252,1518,1250,-1,
        ]
    }
}