solid playbridge-ps1-fit-check-v4-one-piece
  facet normal 0.9951703 0.0981631 0
    outer loop
      vertex 18.5000350 7.4000140 0.5999850
      vertex 18.4884930 7.5170260 0.5999850
      vertex 18.4884930 7.5170260 6.8000290
    endloop
  endfacet
  facet normal 0.9951703 0.0981631 0
    outer loop
      vertex 18.5000350 7.4000140 0.5999850
      vertex 18.4884930 7.5170260 6.8000290
      vertex 18.5000350 7.4000140 6.8000290
    endloop
  endfacet
  facet normal 0.9567966 0.2907580 0
    outer loop
      vertex 18.4884930 7.5170260 0.5999850
      vertex 18.4542650 7.6296600 0.5999850
      vertex 18.4542650 7.6296600 6.8000290
    endloop
  endfacet
  facet normal 0.9567966 0.2907580 0
    outer loop
      vertex 18.4884930 7.5170260 0.5999850
      vertex 18.4542650 7.6296600 6.8000290
      vertex 18.4884930 7.5170260 6.8000290
    endloop
  endfacet
  facet normal 0.8822592 0.4707640 0
    outer loop
      vertex 18.4542650 7.6296600 0.5999850
      vertex 18.3989430 7.7333390 0.5999850
      vertex 18.3989430 7.7333390 6.8000290
    endloop
  endfacet
  facet normal 0.8822592 0.4707640 0
    outer loop
      vertex 18.4542650 7.6296600 0.5999850
      vertex 18.3989430 7.7333390 6.8000290
      vertex 18.4542650 7.6296600 6.8000290
    endloop
  endfacet
  facet normal 0.7730521 0.6343425 0
    outer loop
      vertex 18.3989430 7.7333390 0.5999850
      vertex 18.3243180 7.8242820 0.5999850
      vertex 18.3243180 7.8242820 6.8000290
    endloop
  endfacet
  facet normal 0.7730521 0.6343425 0
    outer loop
      vertex 18.3989430 7.7333390 0.5999850
      vertex 18.3243180 7.8242820 6.8000290
      vertex 18.3989430 7.7333390 6.8000290
    endloop
  endfacet
  facet normal 0.6343425 0.7730521 0
    outer loop
      vertex 18.3243180 7.8242820 0.5999850
      vertex 18.2333750 7.8989070 0.5999850
      vertex 18.2333750 7.8989070 6.8000290
    endloop
  endfacet
  facet normal 0.6343425 0.7730521 0
    outer loop
      vertex 18.3243180 7.8242820 0.5999850
      vertex 18.2333750 7.8989070 6.8000290
      vertex 18.3243180 7.8242820 6.8000290
    endloop
  endfacet
  facet normal 0.4707640 0.8822592 0
    outer loop
      vertex 18.2333750 7.8989070 0.5999850
      vertex 18.1296960 7.9542290 0.5999850
      vertex 18.1296960 7.9542290 6.8000290
    endloop
  endfacet
  facet normal 0.4707640 0.8822592 0
    outer loop
      vertex 18.2333750 7.8989070 0.5999850
      vertex 18.1296960 7.9542290 6.8000290
      vertex 18.2333750 7.8989070 6.8000290
    endloop
  endfacet
  facet normal 0.2907580 0.9567966 0
    outer loop
      vertex 18.1296960 7.9542290 0.5999850
      vertex 18.0170620 7.9884570 0.5999850
      vertex 18.0170620 7.9884570 6.8000290
    endloop
  endfacet
  facet normal 0.2907580 0.9567966 0
    outer loop
      vertex 18.1296960 7.9542290 0.5999850
      vertex 18.0170620 7.9884570 6.8000290
      vertex 18.1296960 7.9542290 6.8000290
    endloop
  endfacet
  facet normal 0.0981631 0.9951703 -0.0000091
    outer loop
      vertex 17.9084080 7.9992030 3.7000070
      vertex 18.0170620 7.9884570 0.5999850
      vertex 17.9000500 7.9999990 0.5999850
    endloop
  endfacet
  facet normal 0.0948091 0.9954955 0
    outer loop
      vertex 17.9084080 7.9992030 3.7000070
      vertex 17.9000500 7.9999990 0.5999850
      vertex 17.9000500 7.9999990 0.8459490
    endloop
  endfacet
  facet normal 0.0948091 0.9954955 0
    outer loop
      vertex 17.9084080 7.9992030 3.7000070
      vertex 17.9000500 7.9999990 0.8459490
      vertex 17.9000500 7.9999990 0.8887340
    endloop
  endfacet
  facet normal 0.0948091 0.9954955 0
    outer loop
      vertex 17.9084080 7.9992030 3.7000070
      vertex 17.9000500 7.9999990 0.8887340
      vertex 17.9000500 7.9999990 0.8905250
    endloop
  endfacet
  facet normal 0.0948091 0.9954955 0
    outer loop
      vertex 17.9084080 7.9992030 3.7000070
      vertex 17.9000500 7.9999990 0.8905250
      vertex 17.9000500 7.9999990 0.8929130
    endloop
  endfacet
  facet normal 0.0948091 0.9954955 0
    outer loop
      vertex 17.9084080 7.9992030 3.7000070
      vertex 17.9000500 7.9999990 0.8929130
      vertex 17.9000500 7.9999990 1.0244520
    endloop
  endfacet
  facet normal 0.0948091 0.9954955 0
    outer loop
      vertex 17.9084080 7.9992030 3.7000070
      vertex 17.9000500 7.9999990 1.0244520
      vertex 17.9000500 7.9999990 1.0443520
    endloop
  endfacet
  facet normal 0.0948091 0.9954955 0
    outer loop
      vertex 17.9084080 7.9992030 3.7000070
      vertex 17.9000500 7.9999990 1.0443520
      vertex 17.9000500 7.9999990 1.2139000
    endloop
  endfacet
  facet normal 0.0948091 0.9954955 0
    outer loop
      vertex 17.9084080 7.9992030 3.7000070
      vertex 17.9000500 7.9999990 1.2139000
      vertex 17.9000500 7.9999990 1.2172830
    endloop
  endfacet
  facet normal 0.0948091 0.9954955 0
    outer loop
      vertex 17.9084080 7.9992030 3.7000070
      vertex 17.9000500 7.9999990 1.2172830
      vertex 17.9000500 7.9999990 1.2320090
    endloop
  endfacet
  facet normal 0.0948091 0.9954955 0
    outer loop
      vertex 17.9084080 7.9992030 3.7000070
      vertex 17.9000500 7.9999990 1.2320090
      vertex 17.9000500 7.9999990 1.4049400
    endloop
  endfacet
  facet normal 0.0948091 0.9954955 0
    outer loop
      vertex 17.9084080 7.9992030 3.7000070
      vertex 17.9000500 7.9999990 1.4049400
      vertex 17.9000500 7.9999990 1.4835450
    endloop
  endfacet
  facet normal 0.0948091 0.9954955 0
    outer loop
      vertex 17.9084080 7.9992030 3.7000070
      vertex 17.9000500 7.9999990 1.4835450
      vertex 17.9000500 7.9999990 1.5999600
    endloop
  endfacet
  facet normal 0.0948091 0.9954955 0
    outer loop
      vertex 17.9084080 7.9992030 3.7000070
      vertex 17.9000500 7.9999990 1.5999600
      vertex 17.9000500 7.9999990 5.8000540
    endloop
  endfacet
  facet normal 0.0948091 0.9954955 0
    outer loop
      vertex 17.9084080 7.9992030 3.7000070
      vertex 17.9000500 7.9999990 5.8000540
      vertex 17.9000500 7.9999990 5.9164690
    endloop
  endfacet
  facet normal 0.0948091 0.9954955 0
    outer loop
      vertex 17.9084080 7.9992030 3.7000070
      vertex 17.9000500 7.9999990 5.9164690
      vertex 17.9000500 7.9999990 5.9950740
    endloop
  endfacet
  facet normal 0.0948091 0.9954955 0
    outer loop
      vertex 17.9084080 7.9992030 3.7000070
      vertex 17.9000500 7.9999990 5.9950740
      vertex 17.9000500 7.9999990 6.1680050
    endloop
  endfacet
  facet normal 0.0948091 0.9954955 0
    outer loop
      vertex 17.9084080 7.9992030 3.7000070
      vertex 17.9000500 7.9999990 6.1680050
      vertex 17.9000500 7.9999990 6.1827310
    endloop
  endfacet
  facet normal 0.0948091 0.9954955 0
    outer loop
      vertex 17.9084080 7.9992030 3.7000070
      vertex 17.9000500 7.9999990 6.1827310
      vertex 17.9000500 7.9999990 6.1861140
    endloop
  endfacet
  facet normal 0.0948091 0.9954955 0
    outer loop
      vertex 17.9084080 7.9992030 3.7000070
      vertex 17.9000500 7.9999990 6.1861140
      vertex 17.9000500 7.9999990 6.3556620
    endloop
  endfacet
  facet normal 0.0948091 0.9954955 0
    outer loop
      vertex 17.9084080 7.9992030 3.7000070
      vertex 17.9000500 7.9999990 6.3556620
      vertex 17.9000500 7.9999990 6.3755620
    endloop
  endfacet
  facet normal 0.0948091 0.9954955 0
    outer loop
      vertex 17.9084080 7.9992030 3.7000070
      vertex 17.9000500 7.9999990 6.3755620
      vertex 17.9000500 7.9999990 6.5071010
    endloop
  endfacet
  facet normal 0.0948091 0.9954955 0
    outer loop
      vertex 17.9084080 7.9992030 3.7000070
      vertex 17.9000500 7.9999990 6.5071010
      vertex 17.9000500 7.9999990 6.5094890
    endloop
  endfacet
  facet normal 0.0948091 0.9954955 0
    outer loop
      vertex 17.9084080 7.9992030 3.7000070
      vertex 17.9000500 7.9999990 6.5094890
      vertex 17.9000500 7.9999990 6.5112800
    endloop
  endfacet
  facet normal 0.0948091 0.9954955 0
    outer loop
      vertex 17.9084080 7.9992030 3.7000070
      vertex 17.9000500 7.9999990 6.5112800
      vertex 17.9000500 7.9999990 6.5540650
    endloop
  endfacet
  facet normal 0.0948091 0.9954955 0
    outer loop
      vertex 17.9084080 7.9992030 3.7000070
      vertex 17.9000500 7.9999990 6.5540650
      vertex 17.9000500 7.9999990 6.8000290
    endloop
  endfacet
  facet normal 0.0981631 0.9951703 0.0000091
    outer loop
      vertex 17.9084080 7.9992030 3.7000070
      vertex 17.9000500 7.9999990 6.8000290
      vertex 18.0170620 7.9884570 6.8000290
    endloop
  endfacet
  facet normal 0.0984209 0.9951449 0
    outer loop
      vertex 17.9084080 7.9992030 3.7000070
      vertex 18.0170620 7.9884570 6.8000290
      vertex 18.0170620 7.9884570 0.5999850
    endloop
  endfacet
  facet normal -0.0948091 0.9954955 0
    outer loop
      vertex -17.9084080 7.9992030 3.7000070
      vertex -17.9000500 7.9999990 6.5540650
      vertex -17.9000500 7.9999990 6.5112800
    endloop
  endfacet
  facet normal -0.0948091 0.9954955 0
    outer loop
      vertex -17.9084080 7.9992030 3.7000070
      vertex -17.9000500 7.9999990 6.5112800
      vertex -17.9000500 7.9999990 6.5094890
    endloop
  endfacet
  facet normal -0.0948091 0.9954955 0
    outer loop
      vertex -17.9084080 7.9992030 3.7000070
      vertex -17.9000500 7.9999990 6.5094890
      vertex -17.9000500 7.9999990 6.5071010
    endloop
  endfacet
  facet normal -0.0948091 0.9954955 0
    outer loop
      vertex -17.9084080 7.9992030 3.7000070
      vertex -17.9000500 7.9999990 6.5071010
      vertex -17.9000500 7.9999990 6.3755620
    endloop
  endfacet
  facet normal -0.0948091 0.9954955 0
    outer loop
      vertex -17.9084080 7.9992030 3.7000070
      vertex -17.9000500 7.9999990 6.3755620
      vertex -17.9000500 7.9999990 6.3556620
    endloop
  endfacet
  facet normal -0.0948091 0.9954955 0
    outer loop
      vertex -17.9084080 7.9992030 3.7000070
      vertex -17.9000500 7.9999990 6.3556620
      vertex -17.9000500 7.9999990 6.1861140
    endloop
  endfacet
  facet normal -0.0948091 0.9954955 0
    outer loop
      vertex -17.9084080 7.9992030 3.7000070
      vertex -17.9000500 7.9999990 6.1861140
      vertex -17.9000500 7.9999990 6.1827310
    endloop
  endfacet
  facet normal -0.0948091 0.9954955 0
    outer loop
      vertex -17.9084080 7.9992030 3.7000070
      vertex -17.9000500 7.9999990 6.1827310
      vertex -17.9000500 7.9999990 6.1680050
    endloop
  endfacet
  facet normal -0.0948091 0.9954955 0
    outer loop
      vertex -17.9084080 7.9992030 3.7000070
      vertex -17.9000500 7.9999990 6.1680050
      vertex -17.9000500 7.9999990 5.9950740
    endloop
  endfacet
  facet normal -0.0948091 0.9954955 0
    outer loop
      vertex -17.9084080 7.9992030 3.7000070
      vertex -17.9000500 7.9999990 5.9950740
      vertex -17.9000500 7.9999990 5.9164690
    endloop
  endfacet
  facet normal -0.0948091 0.9954955 0
    outer loop
      vertex -17.9084080 7.9992030 3.7000070
      vertex -17.9000500 7.9999990 5.9164690
      vertex -17.9000500 7.9999990 5.8000540
    endloop
  endfacet
  facet normal -0.0948091 0.9954955 0
    outer loop
      vertex -17.9084080 7.9992030 3.7000070
      vertex -17.9000500 7.9999990 5.8000540
      vertex -17.9000500 7.9999990 1.5999600
    endloop
  endfacet
  facet normal -0.0948091 0.9954955 0
    outer loop
      vertex -17.9084080 7.9992030 3.7000070
      vertex -17.9000500 7.9999990 1.5999600
      vertex -17.9000500 7.9999990 1.4835450
    endloop
  endfacet
  facet normal -0.0948091 0.9954955 0
    outer loop
      vertex -17.9084080 7.9992030 3.7000070
      vertex -17.9000500 7.9999990 1.4835450
      vertex -17.9000500 7.9999990 1.4049400
    endloop
  endfacet
  facet normal -0.0948091 0.9954955 0
    outer loop
      vertex -17.9084080 7.9992030 3.7000070
      vertex -17.9000500 7.9999990 1.4049400
      vertex -17.9000500 7.9999990 1.2320090
    endloop
  endfacet
  facet normal -0.0948091 0.9954955 0
    outer loop
      vertex -17.9084080 7.9992030 3.7000070
      vertex -17.9000500 7.9999990 1.2320090
      vertex -17.9000500 7.9999990 1.2172830
    endloop
  endfacet
  facet normal -0.0948091 0.9954955 0
    outer loop
      vertex -17.9084080 7.9992030 3.7000070
      vertex -17.9000500 7.9999990 1.2172830
      vertex -17.9000500 7.9999990 1.2139000
    endloop
  endfacet
  facet normal -0.0948091 0.9954955 0
    outer loop
      vertex -17.9084080 7.9992030 3.7000070
      vertex -17.9000500 7.9999990 1.2139000
      vertex -17.9000500 7.9999990 1.0443520
    endloop
  endfacet
  facet normal -0.0948091 0.9954955 0
    outer loop
      vertex -17.9084080 7.9992030 3.7000070
      vertex -17.9000500 7.9999990 1.0443520
      vertex -17.9000500 7.9999990 1.0244520
    endloop
  endfacet
  facet normal -0.0948091 0.9954955 0
    outer loop
      vertex -17.9084080 7.9992030 3.7000070
      vertex -17.9000500 7.9999990 1.0244520
      vertex -17.9000500 7.9999990 0.8929130
    endloop
  endfacet
  facet normal -0.0948091 0.9954955 0
    outer loop
      vertex -17.9084080 7.9992030 3.7000070
      vertex -17.9000500 7.9999990 0.8929130
      vertex -17.9000500 7.9999990 0.8905250
    endloop
  endfacet
  facet normal -0.0948091 0.9954955 0
    outer loop
      vertex -17.9084080 7.9992030 3.7000070
      vertex -17.9000500 7.9999990 0.8905250
      vertex -17.9000500 7.9999990 0.8887340
    endloop
  endfacet
  facet normal -0.0948091 0.9954955 0
    outer loop
      vertex -17.9084080 7.9992030 3.7000070
      vertex -17.9000500 7.9999990 0.8887340
      vertex -17.9000500 7.9999990 0.8459490
    endloop
  endfacet
  facet normal -0.0948091 0.9954955 0
    outer loop
      vertex -17.9084080 7.9992030 3.7000070
      vertex -17.9000500 7.9999990 0.8459490
      vertex -17.9000500 7.9999990 0.5999850
    endloop
  endfacet
  facet normal -0.0981631 0.9951703 -0.0000091
    outer loop
      vertex -17.9084080 7.9992030 3.7000070
      vertex -17.9000500 7.9999990 0.5999850
      vertex -18.0170620 7.9884570 0.5999850
    endloop
  endfacet
  facet normal -0.0984209 0.9951449 0
    outer loop
      vertex -17.9084080 7.9992030 3.7000070
      vertex -18.0170620 7.9884570 0.5999850
      vertex -18.0170620 7.9884570 6.8000290
    endloop
  endfacet
  facet normal -0.0981631 0.9951703 0.0000091
    outer loop
      vertex -17.9084080 7.9992030 3.7000070
      vertex -18.0170620 7.9884570 6.8000290
      vertex -17.9000500 7.9999990 6.8000290
    endloop
  endfacet
  facet normal -0.0948091 0.9954955 0
    outer loop
      vertex -17.9084080 7.9992030 3.7000070
      vertex -17.9000500 7.9999990 6.8000290
      vertex -17.9000500 7.9999990 6.5540650
    endloop
  endfacet
  facet normal -0.2907580 0.9567966 0
    outer loop
      vertex -18.0170620 7.9884570 0.5999850
      vertex -18.1296960 7.9542290 0.5999850
      vertex -18.1296960 7.9542290 6.8000290
    endloop
  endfacet
  facet normal -0.2907580 0.9567966 0
    outer loop
      vertex -18.0170620 7.9884570 0.5999850
      vertex -18.1296960 7.9542290 6.8000290
      vertex -18.0170620 7.9884570 6.8000290
    endloop
  endfacet
  facet normal -0.4707640 0.8822592 0
    outer loop
      vertex -18.1296960 7.9542290 0.5999850
      vertex -18.2333750 7.8989070 0.5999850
      vertex -18.2333750 7.8989070 6.8000290
    endloop
  endfacet
  facet normal -0.4707640 0.8822592 0
    outer loop
      vertex -18.1296960 7.9542290 0.5999850
      vertex -18.2333750 7.8989070 6.8000290
      vertex -18.1296960 7.9542290 6.8000290
    endloop
  endfacet
  facet normal -0.6343425 0.7730521 0
    outer loop
      vertex -18.2333750 7.8989070 0.5999850
      vertex -18.3243180 7.8242820 0.5999850
      vertex -18.3243180 7.8242820 6.8000290
    endloop
  endfacet
  facet normal -0.6343425 0.7730521 0
    outer loop
      vertex -18.2333750 7.8989070 0.5999850
      vertex -18.3243180 7.8242820 6.8000290
      vertex -18.2333750 7.8989070 6.8000290
    endloop
  endfacet
  facet normal -0.7730521 0.6343425 0
    outer loop
      vertex -18.3243180 7.8242820 0.5999850
      vertex -18.3989430 7.7333390 0.5999850
      vertex -18.3989430 7.7333390 6.8000290
    endloop
  endfacet
  facet normal -0.7730521 0.6343425 0
    outer loop
      vertex -18.3243180 7.8242820 0.5999850
      vertex -18.3989430 7.7333390 6.8000290
      vertex -18.3243180 7.8242820 6.8000290
    endloop
  endfacet
  facet normal -0.8822592 0.4707640 0
    outer loop
      vertex -18.3989430 7.7333390 0.5999850
      vertex -18.4542650 7.6296600 0.5999850
      vertex -18.4542650 7.6296600 6.8000290
    endloop
  endfacet
  facet normal -0.8822592 0.4707640 0
    outer loop
      vertex -18.3989430 7.7333390 0.5999850
      vertex -18.4542650 7.6296600 6.8000290
      vertex -18.3989430 7.7333390 6.8000290
    endloop
  endfacet
  facet normal -0.9567966 0.2907580 0
    outer loop
      vertex -18.4542650 7.6296600 0.5999850
      vertex -18.4884930 7.5170260 0.5999850
      vertex -18.4884930 7.5170260 6.8000290
    endloop
  endfacet
  facet normal -0.9567966 0.2907580 0
    outer loop
      vertex -18.4542650 7.6296600 0.5999850
      vertex -18.4884930 7.5170260 6.8000290
      vertex -18.4542650 7.6296600 6.8000290
    endloop
  endfacet
  facet normal -0.9951703 0.0981631 0
    outer loop
      vertex -18.4884930 7.5170260 0.5999850
      vertex -18.5000350 7.4000140 0.5999850
      vertex -18.5000350 7.4000140 6.8000290
    endloop
  endfacet
  facet normal -0.9951703 0.0981631 0
    outer loop
      vertex -18.4884930 7.5170260 0.5999850
      vertex -18.5000350 7.4000140 6.8000290
      vertex -18.4884930 7.5170260 6.8000290
    endloop
  endfacet
  facet normal -1.0000000 0 0
    outer loop
      vertex -18.5000350 7.4000140 0.5999850
      vertex -18.5000350 0.5999850 0.5999850
      vertex -18.5000350 0.5999850 6.8000290
    endloop
  endfacet
  facet normal -1.0000000 0 0
    outer loop
      vertex -18.5000350 7.4000140 0.5999850
      vertex -18.5000350 0.5999850 6.8000290
      vertex -18.5000350 7.4000140 6.8000290
    endloop
  endfacet
  facet normal -0.9951703 -0.0981631 0
    outer loop
      vertex -18.5000350 0.5999850 0.5999850
      vertex -18.4884930 0.4829730 0.5999850
      vertex -18.4884930 0.4829730 6.8000290
    endloop
  endfacet
  facet normal -0.9951703 -0.0981631 0
    outer loop
      vertex -18.5000350 0.5999850 0.5999850
      vertex -18.4884930 0.4829730 6.8000290
      vertex -18.5000350 0.5999850 6.8000290
    endloop
  endfacet
  facet normal -0.9567966 -0.2907580 0
    outer loop
      vertex -18.4884930 0.4829730 0.5999850
      vertex -18.4542650 0.3703390 0.5999850
      vertex -18.4542650 0.3703390 6.8000290
    endloop
  endfacet
  facet normal -0.9567966 -0.2907580 0
    outer loop
      vertex -18.4884930 0.4829730 0.5999850
      vertex -18.4542650 0.3703390 6.8000290
      vertex -18.4884930 0.4829730 6.8000290
    endloop
  endfacet
  facet normal -0.8822592 -0.4707640 0
    outer loop
      vertex -18.4542650 0.3703390 0.5999850
      vertex -18.3989430 0.2666600 0.5999850
      vertex -18.3989430 0.2666600 6.8000290
    endloop
  endfacet
  facet normal -0.8822592 -0.4707640 0
    outer loop
      vertex -18.4542650 0.3703390 0.5999850
      vertex -18.3989430 0.2666600 6.8000290
      vertex -18.4542650 0.3703390 6.8000290
    endloop
  endfacet
  facet normal -0.7730521 -0.6343425 0
    outer loop
      vertex -18.3989430 0.2666600 0.5999850
      vertex -18.3243180 0.1757170 0.5999850
      vertex -18.3243180 0.1757170 6.8000290
    endloop
  endfacet
  facet normal -0.7730521 -0.6343425 0
    outer loop
      vertex -18.3989430 0.2666600 0.5999850
      vertex -18.3243180 0.1757170 6.8000290
      vertex -18.3989430 0.2666600 6.8000290
    endloop
  endfacet
  facet normal -0.6343425 -0.7730521 0
    outer loop
      vertex -18.3243180 0.1757170 0.5999850
      vertex -18.2333750 0.1010920 0.5999850
      vertex -18.2333750 0.1010920 6.8000290
    endloop
  endfacet
  facet normal -0.6343425 -0.7730521 0
    outer loop
      vertex -18.3243180 0.1757170 0.5999850
      vertex -18.2333750 0.1010920 6.8000290
      vertex -18.3243180 0.1757170 6.8000290
    endloop
  endfacet
  facet normal -0.4707640 -0.8822592 0
    outer loop
      vertex -18.2333750 0.1010920 0.5999850
      vertex -18.1296960 0.0457700 0.5999850
      vertex -18.1296960 0.0457700 6.8000290
    endloop
  endfacet
  facet normal -0.4707640 -0.8822592 0
    outer loop
      vertex -18.2333750 0.1010920 0.5999850
      vertex -18.1296960 0.0457700 6.8000290
      vertex -18.2333750 0.1010920 6.8000290
    endloop
  endfacet
  facet normal -0.2907580 -0.9567966 0
    outer loop
      vertex -18.1296960 0.0457700 0.5999850
      vertex -18.0170620 0.0115420 0.5999850
      vertex -18.0170620 0.0115420 6.8000290
    endloop
  endfacet
  facet normal -0.2907580 -0.9567966 0
    outer loop
      vertex -18.1296960 0.0457700 0.5999850
      vertex -18.0170620 0.0115420 6.8000290
      vertex -18.1296960 0.0457700 6.8000290
    endloop
  endfacet
  facet normal -0.0981631 -0.9951703 0
    outer loop
      vertex -18.0170620 0.0115420 0.5999850
      vertex -17.9000500 0 0.5999850
      vertex -17.9000500 0 6.8000290
    endloop
  endfacet
  facet normal -0.0981631 -0.9951703 0
    outer loop
      vertex -18.0170620 0.0115420 0.5999850
      vertex -17.9000500 0 6.8000290
      vertex -18.0170620 0.0115420 6.8000290
    endloop
  endfacet
  facet normal 0.0981631 -0.9951703 0
    outer loop
      vertex 17.9000500 0 0.5999850
      vertex 18.0170620 0.0115420 0.5999850
      vertex 18.0170620 0.0115420 6.8000290
    endloop
  endfacet
  facet normal 0.0981631 -0.9951703 0
    outer loop
      vertex 17.9000500 0 0.5999850
      vertex 18.0170620 0.0115420 6.8000290
      vertex 17.9000500 0 6.8000290
    endloop
  endfacet
  facet normal 0.2907580 -0.9567966 0
    outer loop
      vertex 18.0170620 0.0115420 0.5999850
      vertex 18.1296960 0.0457700 0.5999850
      vertex 18.1296960 0.0457700 6.8000290
    endloop
  endfacet
  facet normal 0.2907580 -0.9567966 0
    outer loop
      vertex 18.0170620 0.0115420 0.5999850
      vertex 18.1296960 0.0457700 6.8000290
      vertex 18.0170620 0.0115420 6.8000290
    endloop
  endfacet
  facet normal 0.4707640 -0.8822592 0
    outer loop
      vertex 18.1296960 0.0457700 0.5999850
      vertex 18.2333750 0.1010920 0.5999850
      vertex 18.2333750 0.1010920 6.8000290
    endloop
  endfacet
  facet normal 0.4707640 -0.8822592 0
    outer loop
      vertex 18.1296960 0.0457700 0.5999850
      vertex 18.2333750 0.1010920 6.8000290
      vertex 18.1296960 0.0457700 6.8000290
    endloop
  endfacet
  facet normal 0.6343425 -0.7730521 0
    outer loop
      vertex 18.2333750 0.1010920 0.5999850
      vertex 18.3243180 0.1757170 0.5999850
      vertex 18.3243180 0.1757170 6.8000290
    endloop
  endfacet
  facet normal 0.6343425 -0.7730521 0
    outer loop
      vertex 18.2333750 0.1010920 0.5999850
      vertex 18.3243180 0.1757170 6.8000290
      vertex 18.2333750 0.1010920 6.8000290
    endloop
  endfacet
  facet normal 0.7730521 -0.6343425 0
    outer loop
      vertex 18.3243180 0.1757170 0.5999850
      vertex 18.3989430 0.2666600 0.5999850
      vertex 18.3989430 0.2666600 6.8000290
    endloop
  endfacet
  facet normal 0.7730521 -0.6343425 0
    outer loop
      vertex 18.3243180 0.1757170 0.5999850
      vertex 18.3989430 0.2666600 6.8000290
      vertex 18.3243180 0.1757170 6.8000290
    endloop
  endfacet
  facet normal 0.8822592 -0.4707640 0
    outer loop
      vertex 18.3989430 0.2666600 0.5999850
      vertex 18.4542650 0.3703390 0.5999850
      vertex 18.4542650 0.3703390 6.8000290
    endloop
  endfacet
  facet normal 0.8822592 -0.4707640 0
    outer loop
      vertex 18.3989430 0.2666600 0.5999850
      vertex 18.4542650 0.3703390 6.8000290
      vertex 18.3989430 0.2666600 6.8000290
    endloop
  endfacet
  facet normal 0.9567966 -0.2907580 0
    outer loop
      vertex 18.4542650 0.3703390 0.5999850
      vertex 18.4884930 0.4829730 0.5999850
      vertex 18.4884930 0.4829730 6.8000290
    endloop
  endfacet
  facet normal 0.9567966 -0.2907580 0
    outer loop
      vertex 18.4542650 0.3703390 0.5999850
      vertex 18.4884930 0.4829730 6.8000290
      vertex 18.4542650 0.3703390 6.8000290
    endloop
  endfacet
  facet normal 0.9951703 -0.0981631 0
    outer loop
      vertex 18.4884930 0.4829730 0.5999850
      vertex 18.5000350 0.5999850 0.5999850
      vertex 18.5000350 0.5999850 6.8000290
    endloop
  endfacet
  facet normal 0.9951703 -0.0981631 0
    outer loop
      vertex 18.4884930 0.4829730 0.5999850
      vertex 18.5000350 0.5999850 6.8000290
      vertex 18.4884930 0.4829730 6.8000290
    endloop
  endfacet
  facet normal 1.0000000 0 0
    outer loop
      vertex 18.5000350 0.5999850 0.5999850
      vertex 18.5000350 7.4000140 0.5999850
      vertex 18.5000350 7.4000140 6.8000290
    endloop
  endfacet
  facet normal 1.0000000 0 0
    outer loop
      vertex 18.5000350 0.5999850 0.5999850
      vertex 18.5000350 7.4000140 6.8000290
      vertex 18.5000350 0.5999850 6.8000290
    endloop
  endfacet
  facet normal 0.9904100 0.0976935 0.0976935
    outer loop
      vertex 18.5000350 7.4000140 6.8000290
      vertex 18.4884930 7.5170260 6.8000290
      vertex 18.4884930 7.4000140 6.9170410
    endloop
  endfacet
  facet normal 0.9875873 0.1110660 0.1110660
    outer loop
      vertex 18.4884930 7.4000140 6.9170410
      vertex 18.4884930 7.5170260 6.8000290
      vertex 18.4737670 7.5309560 6.9170410
    endloop
  endfacet
  facet normal 0.9532942 0.2896937 0.0854851
    outer loop
      vertex 18.4884930 7.5170260 6.8000290
      vertex 18.4542650 7.6296600 6.8000290
      vertex 18.4737670 7.5309560 6.9170410
    endloop
  endfacet
  facet normal 0.9368333 0.3282664 0.1207661
    outer loop
      vertex 18.4737670 7.5309560 6.9170410
      vertex 18.4542650 7.6296600 6.8000290
      vertex 18.4301860 7.6553310 6.9170410
    endloop
  endfacet
  facet normal 0.8795688 0.4693285 0.0780348
    outer loop
      vertex 18.4542650 7.6296600 6.8000290
      vertex 18.3989430 7.7333390 6.8000290
      vertex 18.4301860 7.6553310 6.9170410
    endloop
  endfacet
  facet normal 0.8401924 0.5271795 0.1271159
    outer loop
      vertex 18.4301860 7.6553310 6.9170410
      vertex 18.3989430 7.7333390 6.8000290
      vertex 18.3601380 7.7669700 6.9170410
    endloop
  endfacet
  facet normal 0.7709413 0.6326105 0.0738476
    outer loop
      vertex 18.3989430 7.7333390 6.8000290
      vertex 18.3243180 7.8242820 6.8000290
      vertex 18.3601380 7.7669700 6.9170410
    endloop
  endfacet
  facet normal 0.7004148 0.7019115 0.1293807
    outer loop
      vertex 18.3601380 7.7669700 6.9170410
      vertex 18.3243180 7.8242820 6.8000290
      vertex 18.2668070 7.8601020 6.9170410
    endloop
  endfacet
  facet normal 0.6325599 0.7708796 0.0749175
    outer loop
      vertex 18.3243180 7.8242820 6.8000290
      vertex 18.2333750 7.8989070 6.8000290
      vertex 18.2668070 7.8601020 6.9170410
    endloop
  endfacet
  facet normal 0.5278166 0.8397083 0.1276699
    outer loop
      vertex 18.2668070 7.8601020 6.9170410
      vertex 18.2333750 7.8989070 6.8000290
      vertex 18.1553670 7.9301500 6.9170410
    endloop
  endfacet
  facet normal 0.4693285 0.8795688 0.0780348
    outer loop
      vertex 18.2333750 7.8989070 6.8000290
      vertex 18.1296960 7.9542290 6.8000290
      vertex 18.1553670 7.9301500 6.9170410
    endloop
  endfacet
  facet normal 0.3282664 0.9368333 0.1207661
    outer loop
      vertex 18.1553670 7.9301500 6.9170410
      vertex 18.1296960 7.9542290 6.8000290
      vertex 18.0309920 7.9737310 6.9170410
    endloop
  endfacet
  facet normal 0.2896937 0.9532942 0.0854851
    outer loop
      vertex 18.1296960 7.9542290 6.8000290
      vertex 18.0170620 7.9884570 6.8000290
      vertex 18.0309920 7.9737310 6.9170410
    endloop
  endfacet
  facet normal 0.1110660 0.9875873 0.1110660
    outer loop
      vertex 18.0309920 7.9737310 6.9170410
      vertex 18.0170620 7.9884570 6.8000290
      vertex 17.9000500 7.9884570 6.9170410
    endloop
  endfacet
  facet normal 0.0976935 0.9904100 0.0976935
    outer loop
      vertex 18.0170620 7.9884570 6.8000290
      vertex 17.9000500 7.9999990 6.8000290
      vertex 17.9000500 7.9884570 6.9170410
    endloop
  endfacet
  facet normal -0.0976935 0.9904100 0.0976935
    outer loop
      vertex -17.9000500 7.9999990 6.8000290
      vertex -18.0170620 7.9884570 6.8000290
      vertex -17.9000500 7.9884570 6.9170410
    endloop
  endfacet
  facet normal -0.1110660 0.9875873 0.1110660
    outer loop
      vertex -17.9000500 7.9884570 6.9170410
      vertex -18.0170620 7.9884570 6.8000290
      vertex -18.0309920 7.9737310 6.9170410
    endloop
  endfacet
  facet normal -0.2896937 0.9532942 0.0854851
    outer loop
      vertex -18.0170620 7.9884570 6.8000290
      vertex -18.1296960 7.9542290 6.8000290
      vertex -18.0309920 7.9737310 6.9170410
    endloop
  endfacet
  facet normal -0.3282664 0.9368333 0.1207661
    outer loop
      vertex -18.0309920 7.9737310 6.9170410
      vertex -18.1296960 7.9542290 6.8000290
      vertex -18.1553670 7.9301500 6.9170410
    endloop
  endfacet
  facet normal -0.4693285 0.8795688 0.0780348
    outer loop
      vertex -18.1296960 7.9542290 6.8000290
      vertex -18.2333750 7.8989070 6.8000290
      vertex -18.1553670 7.9301500 6.9170410
    endloop
  endfacet
  facet normal -0.5278166 0.8397083 0.1276699
    outer loop
      vertex -18.1553670 7.9301500 6.9170410
      vertex -18.2333750 7.8989070 6.8000290
      vertex -18.2668070 7.8601020 6.9170410
    endloop
  endfacet
  facet normal -0.6325599 0.7708796 0.0749175
    outer loop
      vertex -18.2333750 7.8989070 6.8000290
      vertex -18.3243180 7.8242820 6.8000290
      vertex -18.2668070 7.8601020 6.9170410
    endloop
  endfacet
  facet normal -0.7004148 0.7019115 0.1293807
    outer loop
      vertex -18.2668070 7.8601020 6.9170410
      vertex -18.3243180 7.8242820 6.8000290
      vertex -18.3601380 7.7669700 6.9170410
    endloop
  endfacet
  facet normal -0.7709413 0.6326105 0.0738476
    outer loop
      vertex -18.3243180 7.8242820 6.8000290
      vertex -18.3989430 7.7333390 6.8000290
      vertex -18.3601380 7.7669700 6.9170410
    endloop
  endfacet
  facet normal -0.8401924 0.5271795 0.1271159
    outer loop
      vertex -18.3601380 7.7669700 6.9170410
      vertex -18.3989430 7.7333390 6.8000290
      vertex -18.4301860 7.6553310 6.9170410
    endloop
  endfacet
  facet normal -0.8795688 0.4693285 0.0780348
    outer loop
      vertex -18.3989430 7.7333390 6.8000290
      vertex -18.4542650 7.6296600 6.8000290
      vertex -18.4301860 7.6553310 6.9170410
    endloop
  endfacet
  facet normal -0.9368333 0.3282664 0.1207661
    outer loop
      vertex -18.4301860 7.6553310 6.9170410
      vertex -18.4542650 7.6296600 6.8000290
      vertex -18.4737670 7.5309560 6.9170410
    endloop
  endfacet
  facet normal -0.9532942 0.2896937 0.0854851
    outer loop
      vertex -18.4542650 7.6296600 6.8000290
      vertex -18.4884930 7.5170260 6.8000290
      vertex -18.4737670 7.5309560 6.9170410
    endloop
  endfacet
  facet normal -0.9875873 0.1110660 0.1110660
    outer loop
      vertex -18.4737670 7.5309560 6.9170410
      vertex -18.4884930 7.5170260 6.8000290
      vertex -18.4884930 7.4000140 6.9170410
    endloop
  endfacet
  facet normal -0.9904100 0.0976935 0.0976935
    outer loop
      vertex -18.4884930 7.5170260 6.8000290
      vertex -18.5000350 7.4000140 6.8000290
      vertex -18.4884930 7.4000140 6.9170410
    endloop
  endfacet
  facet normal -0.9904100 -0.0976935 0.0976935
    outer loop
      vertex -18.5000350 0.5999850 6.8000290
      vertex -18.4884930 0.4829730 6.8000290
      vertex -18.4884930 0.5999850 6.9170410
    endloop
  endfacet
  facet normal -0.9875873 -0.1110660 0.1110660
    outer loop
      vertex -18.4884930 0.5999850 6.9170410
      vertex -18.4884930 0.4829730 6.8000290
      vertex -18.4737670 0.4690430 6.9170410
    endloop
  endfacet
  facet normal -0.9532942 -0.2896937 0.0854851
    outer loop
      vertex -18.4884930 0.4829730 6.8000290
      vertex -18.4542650 0.3703390 6.8000290
      vertex -18.4737670 0.4690430 6.9170410
    endloop
  endfacet
  facet normal -0.9368333 -0.3282664 0.1207661
    outer loop
      vertex -18.4737670 0.4690430 6.9170410
      vertex -18.4542650 0.3703390 6.8000290
      vertex -18.4301860 0.3446680 6.9170410
    endloop
  endfacet
  facet normal -0.8795688 -0.4693285 0.0780348
    outer loop
      vertex -18.4542650 0.3703390 6.8000290
      vertex -18.3989430 0.2666600 6.8000290
      vertex -18.4301860 0.3446680 6.9170410
    endloop
  endfacet
  facet normal -0.8401924 -0.5271795 0.1271159
    outer loop
      vertex -18.4301860 0.3446680 6.9170410
      vertex -18.3989430 0.2666600 6.8000290
      vertex -18.3601380 0.2330290 6.9170410
    endloop
  endfacet
  facet normal -0.7709413 -0.6326105 0.0738476
    outer loop
      vertex -18.3989430 0.2666600 6.8000290
      vertex -18.3243180 0.1757170 6.8000290
      vertex -18.3601380 0.2330290 6.9170410
    endloop
  endfacet
  facet normal -0.7004148 -0.7019115 0.1293807
    outer loop
      vertex -18.3601380 0.2330290 6.9170410
      vertex -18.3243180 0.1757170 6.8000290
      vertex -18.2668070 0.1398970 6.9170410
    endloop
  endfacet
  facet normal -0.6325599 -0.7708796 0.0749175
    outer loop
      vertex -18.3243180 0.1757170 6.8000290
      vertex -18.2333750 0.1010920 6.8000290
      vertex -18.2668070 0.1398970 6.9170410
    endloop
  endfacet
  facet normal -0.5278166 -0.8397083 0.1276699
    outer loop
      vertex -18.2668070 0.1398970 6.9170410
      vertex -18.2333750 0.1010920 6.8000290
      vertex -18.1553670 0.0698490 6.9170410
    endloop
  endfacet
  facet normal -0.4693285 -0.8795688 0.0780348
    outer loop
      vertex -18.2333750 0.1010920 6.8000290
      vertex -18.1296960 0.0457700 6.8000290
      vertex -18.1553670 0.0698490 6.9170410
    endloop
  endfacet
  facet normal -0.3282664 -0.9368333 0.1207661
    outer loop
      vertex -18.1553670 0.0698490 6.9170410
      vertex -18.1296960 0.0457700 6.8000290
      vertex -18.0309920 0.0262680 6.9170410
    endloop
  endfacet
  facet normal -0.2896937 -0.9532942 0.0854851
    outer loop
      vertex -18.1296960 0.0457700 6.8000290
      vertex -18.0170620 0.0115420 6.8000290
      vertex -18.0309920 0.0262680 6.9170410
    endloop
  endfacet
  facet normal -0.1110660 -0.9875873 0.1110660
    outer loop
      vertex -18.0309920 0.0262680 6.9170410
      vertex -18.0170620 0.0115420 6.8000290
      vertex -17.9000500 0.0115420 6.9170410
    endloop
  endfacet
  facet normal -0.0976935 -0.9904100 0.0976935
    outer loop
      vertex -18.0170620 0.0115420 6.8000290
      vertex -17.9000500 0 6.8000290
      vertex -17.9000500 0.0115420 6.9170410
    endloop
  endfacet
  facet normal 0.0976935 -0.9904100 0.0976935
    outer loop
      vertex 17.9000500 0 6.8000290
      vertex 18.0170620 0.0115420 6.8000290
      vertex 17.9000500 0.0115420 6.9170410
    endloop
  endfacet
  facet normal 0.1110660 -0.9875873 0.1110660
    outer loop
      vertex 17.9000500 0.0115420 6.9170410
      vertex 18.0170620 0.0115420 6.8000290
      vertex 18.0309920 0.0262680 6.9170410
    endloop
  endfacet
  facet normal 0.2896937 -0.9532942 0.0854851
    outer loop
      vertex 18.0170620 0.0115420 6.8000290
      vertex 18.1296960 0.0457700 6.8000290
      vertex 18.0309920 0.0262680 6.9170410
    endloop
  endfacet
  facet normal 0.3282664 -0.9368333 0.1207661
    outer loop
      vertex 18.0309920 0.0262680 6.9170410
      vertex 18.1296960 0.0457700 6.8000290
      vertex 18.1553670 0.0698490 6.9170410
    endloop
  endfacet
  facet normal 0.4693285 -0.8795688 0.0780348
    outer loop
      vertex 18.1296960 0.0457700 6.8000290
      vertex 18.2333750 0.1010920 6.8000290
      vertex 18.1553670 0.0698490 6.9170410
    endloop
  endfacet
  facet normal 0.5278166 -0.8397083 0.1276699
    outer loop
      vertex 18.1553670 0.0698490 6.9170410
      vertex 18.2333750 0.1010920 6.8000290
      vertex 18.2668070 0.1398970 6.9170410
    endloop
  endfacet
  facet normal 0.6325599 -0.7708796 0.0749175
    outer loop
      vertex 18.2333750 0.1010920 6.8000290
      vertex 18.3243180 0.1757170 6.8000290
      vertex 18.2668070 0.1398970 6.9170410
    endloop
  endfacet
  facet normal 0.7004148 -0.7019115 0.1293807
    outer loop
      vertex 18.2668070 0.1398970 6.9170410
      vertex 18.3243180 0.1757170 6.8000290
      vertex 18.3601380 0.2330290 6.9170410
    endloop
  endfacet
  facet normal 0.7709413 -0.6326105 0.0738476
    outer loop
      vertex 18.3243180 0.1757170 6.8000290
      vertex 18.3989430 0.2666600 6.8000290
      vertex 18.3601380 0.2330290 6.9170410
    endloop
  endfacet
  facet normal 0.8401924 -0.5271795 0.1271159
    outer loop
      vertex 18.3601380 0.2330290 6.9170410
      vertex 18.3989430 0.2666600 6.8000290
      vertex 18.4301860 0.3446680 6.9170410
    endloop
  endfacet
  facet normal 0.8795688 -0.4693285 0.0780348
    outer loop
      vertex 18.3989430 0.2666600 6.8000290
      vertex 18.4542650 0.3703390 6.8000290
      vertex 18.4301860 0.3446680 6.9170410
    endloop
  endfacet
  facet normal 0.9368333 -0.3282664 0.1207661
    outer loop
      vertex 18.4301860 0.3446680 6.9170410
      vertex 18.4542650 0.3703390 6.8000290
      vertex 18.4737670 0.4690430 6.9170410
    endloop
  endfacet
  facet normal 0.9532942 -0.2896937 0.0854851
    outer loop
      vertex 18.4542650 0.3703390 6.8000290
      vertex 18.4884930 0.4829730 6.8000290
      vertex 18.4737670 0.4690430 6.9170410
    endloop
  endfacet
  facet normal 0.9875873 -0.1110660 0.1110660
    outer loop
      vertex 18.4737670 0.4690430 6.9170410
      vertex 18.4884930 0.4829730 6.8000290
      vertex 18.4884930 0.5999850 6.9170410
    endloop
  endfacet
  facet normal 0.9904100 -0.0976935 0.0976935
    outer loop
      vertex 18.4884930 0.4829730 6.8000290
      vertex 18.5000350 0.5999850 6.8000290
      vertex 18.4884930 0.5999850 6.9170410
    endloop
  endfacet
  facet normal 0 0.9951703 0.0981631
    outer loop
      vertex 17.9000500 7.9999990 6.8000290
      vertex -17.9000500 7.9999990 6.8000290
      vertex -17.9000500 7.9884570 6.9170410
    endloop
  endfacet
  facet normal 0 0.9951703 0.0981631
    outer loop
      vertex 17.9000500 7.9999990 6.8000290
      vertex -17.9000500 7.9884570 6.9170410
      vertex 17.9000500 7.9884570 6.9170410
    endloop
  endfacet
  facet normal -0.9951703 0 0.0981631
    outer loop
      vertex -18.5000350 7.4000140 6.8000290
      vertex -18.5000350 0.5999850 6.8000290
      vertex -18.4884930 0.5999850 6.9170410
    endloop
  endfacet
  facet normal -0.9951703 0 0.0981631
    outer loop
      vertex -18.5000350 7.4000140 6.8000290
      vertex -18.4884930 0.5999850 6.9170410
      vertex -18.4884930 7.4000140 6.9170410
    endloop
  endfacet
  facet normal 0 -0.9951703 0.0981631
    outer loop
      vertex -17.9000500 0 6.8000290
      vertex 17.9000500 0 6.8000290
      vertex 17.9000500 0.0115420 6.9170410
    endloop
  endfacet
  facet normal 0 -0.9951703 0.0981631
    outer loop
      vertex -17.9000500 0 6.8000290
      vertex 17.9000500 0.0115420 6.9170410
      vertex -17.9000500 0.0115420 6.9170410
    endloop
  endfacet
  facet normal 0.9951703 0 0.0981631
    outer loop
      vertex 18.5000350 0.5999850 6.8000290
      vertex 18.5000350 7.4000140 6.8000290
      vertex 18.4884930 7.4000140 6.9170410
    endloop
  endfacet
  facet normal 0.9951703 0 0.0981631
    outer loop
      vertex 18.5000350 0.5999850 6.8000290
      vertex 18.4884930 7.4000140 6.9170410
      vertex 18.4884930 0.5999850 6.9170410
    endloop
  endfacet
  facet normal 0.9904100 -0.0976935 -0.0976935
    outer loop
      vertex 18.5000350 0.5999850 0.5999850
      vertex 18.4884930 0.4829730 0.5999850
      vertex 18.4884930 0.5999850 0.4829730
    endloop
  endfacet
  facet normal 0.9875873 -0.1110660 -0.1110660
    outer loop
      vertex 18.4884930 0.5999850 0.4829730
      vertex 18.4884930 0.4829730 0.5999850
      vertex 18.4737670 0.4690430 0.4829730
    endloop
  endfacet
  facet normal 0.9532942 -0.2896937 -0.0854851
    outer loop
      vertex 18.4884930 0.4829730 0.5999850
      vertex 18.4542650 0.3703390 0.5999850
      vertex 18.4737670 0.4690430 0.4829730
    endloop
  endfacet
  facet normal 0.9368333 -0.3282664 -0.1207661
    outer loop
      vertex 18.4737670 0.4690430 0.4829730
      vertex 18.4542650 0.3703390 0.5999850
      vertex 18.4301860 0.3446680 0.4829730
    endloop
  endfacet
  facet normal 0.8795688 -0.4693285 -0.0780348
    outer loop
      vertex 18.4542650 0.3703390 0.5999850
      vertex 18.3989430 0.2666600 0.5999850
      vertex 18.4301860 0.3446680 0.4829730
    endloop
  endfacet
  facet normal 0.8401924 -0.5271795 -0.1271159
    outer loop
      vertex 18.4301860 0.3446680 0.4829730
      vertex 18.3989430 0.2666600 0.5999850
      vertex 18.3601380 0.2330290 0.4829730
    endloop
  endfacet
  facet normal 0.7709413 -0.6326105 -0.0738476
    outer loop
      vertex 18.3989430 0.2666600 0.5999850
      vertex 18.3243180 0.1757170 0.5999850
      vertex 18.3601380 0.2330290 0.4829730
    endloop
  endfacet
  facet normal 0.7004148 -0.7019115 -0.1293807
    outer loop
      vertex 18.3601380 0.2330290 0.4829730
      vertex 18.3243180 0.1757170 0.5999850
      vertex 18.2668070 0.1398970 0.4829730
    endloop
  endfacet
  facet normal 0.6325599 -0.7708796 -0.0749175
    outer loop
      vertex 18.3243180 0.1757170 0.5999850
      vertex 18.2333750 0.1010920 0.5999850
      vertex 18.2668070 0.1398970 0.4829730
    endloop
  endfacet
  facet normal 0.5278166 -0.8397083 -0.1276699
    outer loop
      vertex 18.2668070 0.1398970 0.4829730
      vertex 18.2333750 0.1010920 0.5999850
      vertex 18.1553670 0.0698490 0.4829730
    endloop
  endfacet
  facet normal 0.4693285 -0.8795688 -0.0780348
    outer loop
      vertex 18.2333750 0.1010920 0.5999850
      vertex 18.1296960 0.0457700 0.5999850
      vertex 18.1553670 0.0698490 0.4829730
    endloop
  endfacet
  facet normal 0.3282664 -0.9368333 -0.1207661
    outer loop
      vertex 18.1553670 0.0698490 0.4829730
      vertex 18.1296960 0.0457700 0.5999850
      vertex 18.0309920 0.0262680 0.4829730
    endloop
  endfacet
  facet normal 0.2896937 -0.9532942 -0.0854851
    outer loop
      vertex 18.1296960 0.0457700 0.5999850
      vertex 18.0170620 0.0115420 0.5999850
      vertex 18.0309920 0.0262680 0.4829730
    endloop
  endfacet
  facet normal 0.1110660 -0.9875873 -0.1110660
    outer loop
      vertex 18.0309920 0.0262680 0.4829730
      vertex 18.0170620 0.0115420 0.5999850
      vertex 17.9000500 0.0115420 0.4829730
    endloop
  endfacet
  facet normal 0.0976935 -0.9904100 -0.0976935
    outer loop
      vertex 18.0170620 0.0115420 0.5999850
      vertex 17.9000500 0 0.5999850
      vertex 17.9000500 0.0115420 0.4829730
    endloop
  endfacet
  facet normal -0.0976935 -0.9904100 -0.0976935
    outer loop
      vertex -17.9000500 0 0.5999850
      vertex -18.0170620 0.0115420 0.5999850
      vertex -17.9000500 0.0115420 0.4829730
    endloop
  endfacet
  facet normal -0.1110660 -0.9875873 -0.1110660
    outer loop
      vertex -17.9000500 0.0115420 0.4829730
      vertex -18.0170620 0.0115420 0.5999850
      vertex -18.0309920 0.0262680 0.4829730
    endloop
  endfacet
  facet normal -0.2896937 -0.9532942 -0.0854851
    outer loop
      vertex -18.0170620 0.0115420 0.5999850
      vertex -18.1296960 0.0457700 0.5999850
      vertex -18.0309920 0.0262680 0.4829730
    endloop
  endfacet
  facet normal -0.3282664 -0.9368333 -0.1207661
    outer loop
      vertex -18.0309920 0.0262680 0.4829730
      vertex -18.1296960 0.0457700 0.5999850
      vertex -18.1553670 0.0698490 0.4829730
    endloop
  endfacet
  facet normal -0.4693285 -0.8795688 -0.0780348
    outer loop
      vertex -18.1296960 0.0457700 0.5999850
      vertex -18.2333750 0.1010920 0.5999850
      vertex -18.1553670 0.0698490 0.4829730
    endloop
  endfacet
  facet normal -0.5278166 -0.8397083 -0.1276699
    outer loop
      vertex -18.1553670 0.0698490 0.4829730
      vertex -18.2333750 0.1010920 0.5999850
      vertex -18.2668070 0.1398970 0.4829730
    endloop
  endfacet
  facet normal -0.6325599 -0.7708796 -0.0749175
    outer loop
      vertex -18.2333750 0.1010920 0.5999850
      vertex -18.3243180 0.1757170 0.5999850
      vertex -18.2668070 0.1398970 0.4829730
    endloop
  endfacet
  facet normal -0.7004148 -0.7019115 -0.1293807
    outer loop
      vertex -18.2668070 0.1398970 0.4829730
      vertex -18.3243180 0.1757170 0.5999850
      vertex -18.3601380 0.2330290 0.4829730
    endloop
  endfacet
  facet normal -0.7709413 -0.6326105 -0.0738476
    outer loop
      vertex -18.3243180 0.1757170 0.5999850
      vertex -18.3989430 0.2666600 0.5999850
      vertex -18.3601380 0.2330290 0.4829730
    endloop
  endfacet
  facet normal -0.8401924 -0.5271795 -0.1271159
    outer loop
      vertex -18.3601380 0.2330290 0.4829730
      vertex -18.3989430 0.2666600 0.5999850
      vertex -18.4301860 0.3446680 0.4829730
    endloop
  endfacet
  facet normal -0.8795688 -0.4693285 -0.0780348
    outer loop
      vertex -18.3989430 0.2666600 0.5999850
      vertex -18.4542650 0.3703390 0.5999850
      vertex -18.4301860 0.3446680 0.4829730
    endloop
  endfacet
  facet normal -0.9368333 -0.3282664 -0.1207661
    outer loop
      vertex -18.4301860 0.3446680 0.4829730
      vertex -18.4542650 0.3703390 0.5999850
      vertex -18.4737670 0.4690430 0.4829730
    endloop
  endfacet
  facet normal -0.9532942 -0.2896937 -0.0854851
    outer loop
      vertex -18.4542650 0.3703390 0.5999850
      vertex -18.4884930 0.4829730 0.5999850
      vertex -18.4737670 0.4690430 0.4829730
    endloop
  endfacet
  facet normal -0.9875873 -0.1110660 -0.1110660
    outer loop
      vertex -18.4737670 0.4690430 0.4829730
      vertex -18.4884930 0.4829730 0.5999850
      vertex -18.4884930 0.5999850 0.4829730
    endloop
  endfacet
  facet normal -0.9904100 -0.0976935 -0.0976935
    outer loop
      vertex -18.4884930 0.4829730 0.5999850
      vertex -18.5000350 0.5999850 0.5999850
      vertex -18.4884930 0.5999850 0.4829730
    endloop
  endfacet
  facet normal -0.9904100 0.0976935 -0.0976935
    outer loop
      vertex -18.5000350 7.4000140 0.5999850
      vertex -18.4884930 7.5170260 0.5999850
      vertex -18.4884930 7.4000140 0.4829730
    endloop
  endfacet
  facet normal -0.9875873 0.1110660 -0.1110660
    outer loop
      vertex -18.4884930 7.4000140 0.4829730
      vertex -18.4884930 7.5170260 0.5999850
      vertex -18.4737670 7.5309560 0.4829730
    endloop
  endfacet
  facet normal -0.9532942 0.2896937 -0.0854851
    outer loop
      vertex -18.4884930 7.5170260 0.5999850
      vertex -18.4542650 7.6296600 0.5999850
      vertex -18.4737670 7.5309560 0.4829730
    endloop
  endfacet
  facet normal -0.9368333 0.3282664 -0.1207661
    outer loop
      vertex -18.4737670 7.5309560 0.4829730
      vertex -18.4542650 7.6296600 0.5999850
      vertex -18.4301860 7.6553310 0.4829730
    endloop
  endfacet
  facet normal -0.8795688 0.4693285 -0.0780348
    outer loop
      vertex -18.4542650 7.6296600 0.5999850
      vertex -18.3989430 7.7333390 0.5999850
      vertex -18.4301860 7.6553310 0.4829730
    endloop
  endfacet
  facet normal -0.8401924 0.5271795 -0.1271159
    outer loop
      vertex -18.4301860 7.6553310 0.4829730
      vertex -18.3989430 7.7333390 0.5999850
      vertex -18.3601380 7.7669700 0.4829730
    endloop
  endfacet
  facet normal -0.7709413 0.6326105 -0.0738476
    outer loop
      vertex -18.3989430 7.7333390 0.5999850
      vertex -18.3243180 7.8242820 0.5999850
      vertex -18.3601380 7.7669700 0.4829730
    endloop
  endfacet
  facet normal -0.7004148 0.7019115 -0.1293807
    outer loop
      vertex -18.3601380 7.7669700 0.4829730
      vertex -18.3243180 7.8242820 0.5999850
      vertex -18.2668070 7.8601020 0.4829730
    endloop
  endfacet
  facet normal -0.6325599 0.7708796 -0.0749175
    outer loop
      vertex -18.3243180 7.8242820 0.5999850
      vertex -18.2333750 7.8989070 0.5999850
      vertex -18.2668070 7.8601020 0.4829730
    endloop
  endfacet
  facet normal -0.5278166 0.8397083 -0.1276699
    outer loop
      vertex -18.2668070 7.8601020 0.4829730
      vertex -18.2333750 7.8989070 0.5999850
      vertex -18.1553670 7.9301500 0.4829730
    endloop
  endfacet
  facet normal -0.4693285 0.8795688 -0.0780348
    outer loop
      vertex -18.2333750 7.8989070 0.5999850
      vertex -18.1296960 7.9542290 0.5999850
      vertex -18.1553670 7.9301500 0.4829730
    endloop
  endfacet
  facet normal -0.3282664 0.9368333 -0.1207661
    outer loop
      vertex -18.1553670 7.9301500 0.4829730
      vertex -18.1296960 7.9542290 0.5999850
      vertex -18.0309920 7.9737310 0.4829730
    endloop
  endfacet
  facet normal -0.2896937 0.9532942 -0.0854851
    outer loop
      vertex -18.1296960 7.9542290 0.5999850
      vertex -18.0170620 7.9884570 0.5999850
      vertex -18.0309920 7.9737310 0.4829730
    endloop
  endfacet
  facet normal -0.1110660 0.9875873 -0.1110660
    outer loop
      vertex -18.0309920 7.9737310 0.4829730
      vertex -18.0170620 7.9884570 0.5999850
      vertex -17.9000500 7.9884570 0.4829730
    endloop
  endfacet
  facet normal -0.0976935 0.9904100 -0.0976935
    outer loop
      vertex -18.0170620 7.9884570 0.5999850
      vertex -17.9000500 7.9999990 0.5999850
      vertex -17.9000500 7.9884570 0.4829730
    endloop
  endfacet
  facet normal 0.0976935 0.9904100 -0.0976935
    outer loop
      vertex 17.9000500 7.9999990 0.5999850
      vertex 18.0170620 7.9884570 0.5999850
      vertex 17.9000500 7.9884570 0.4829730
    endloop
  endfacet
  facet normal 0.1110660 0.9875873 -0.1110660
    outer loop
      vertex 17.9000500 7.9884570 0.4829730
      vertex 18.0170620 7.9884570 0.5999850
      vertex 18.0309920 7.9737310 0.4829730
    endloop
  endfacet
  facet normal 0.2896937 0.9532942 -0.0854851
    outer loop
      vertex 18.0170620 7.9884570 0.5999850
      vertex 18.1296960 7.9542290 0.5999850
      vertex 18.0309920 7.9737310 0.4829730
    endloop
  endfacet
  facet normal 0.3282664 0.9368333 -0.1207661
    outer loop
      vertex 18.0309920 7.9737310 0.4829730
      vertex 18.1296960 7.9542290 0.5999850
      vertex 18.1553670 7.9301500 0.4829730
    endloop
  endfacet
  facet normal 0.4693285 0.8795688 -0.0780348
    outer loop
      vertex 18.1296960 7.9542290 0.5999850
      vertex 18.2333750 7.8989070 0.5999850
      vertex 18.1553670 7.9301500 0.4829730
    endloop
  endfacet
  facet normal 0.5278166 0.8397083 -0.1276699
    outer loop
      vertex 18.1553670 7.9301500 0.4829730
      vertex 18.2333750 7.8989070 0.5999850
      vertex 18.2668070 7.8601020 0.4829730
    endloop
  endfacet
  facet normal 0.6325599 0.7708796 -0.0749175
    outer loop
      vertex 18.2333750 7.8989070 0.5999850
      vertex 18.3243180 7.8242820 0.5999850
      vertex 18.2668070 7.8601020 0.4829730
    endloop
  endfacet
  facet normal 0.7004148 0.7019115 -0.1293807
    outer loop
      vertex 18.2668070 7.8601020 0.4829730
      vertex 18.3243180 7.8242820 0.5999850
      vertex 18.3601380 7.7669700 0.4829730
    endloop
  endfacet
  facet normal 0.7709413 0.6326105 -0.0738476
    outer loop
      vertex 18.3243180 7.8242820 0.5999850
      vertex 18.3989430 7.7333390 0.5999850
      vertex 18.3601380 7.7669700 0.4829730
    endloop
  endfacet
  facet normal 0.8401924 0.5271795 -0.1271159
    outer loop
      vertex 18.3601380 7.7669700 0.4829730
      vertex 18.3989430 7.7333390 0.5999850
      vertex 18.4301860 7.6553310 0.4829730
    endloop
  endfacet
  facet normal 0.8795688 0.4693285 -0.0780348
    outer loop
      vertex 18.3989430 7.7333390 0.5999850
      vertex 18.4542650 7.6296600 0.5999850
      vertex 18.4301860 7.6553310 0.4829730
    endloop
  endfacet
  facet normal 0.9368333 0.3282664 -0.1207661
    outer loop
      vertex 18.4301860 7.6553310 0.4829730
      vertex 18.4542650 7.6296600 0.5999850
      vertex 18.4737670 7.5309560 0.4829730
    endloop
  endfacet
  facet normal 0.9532942 0.2896937 -0.0854851
    outer loop
      vertex 18.4542650 7.6296600 0.5999850
      vertex 18.4884930 7.5170260 0.5999850
      vertex 18.4737670 7.5309560 0.4829730
    endloop
  endfacet
  facet normal 0.9875873 0.1110660 -0.1110660
    outer loop
      vertex 18.4737670 7.5309560 0.4829730
      vertex 18.4884930 7.5170260 0.5999850
      vertex 18.4884930 7.4000140 0.4829730
    endloop
  endfacet
  facet normal 0.9904100 0.0976935 -0.0976935
    outer loop
      vertex 18.4884930 7.5170260 0.5999850
      vertex 18.5000350 7.4000140 0.5999850
      vertex 18.4884930 7.4000140 0.4829730
    endloop
  endfacet
  facet normal 0 -0.9951703 -0.0981631
    outer loop
      vertex 17.9000500 0 0.5999850
      vertex -17.9000500 0 0.5999850
      vertex -17.9000500 0.0115420 0.4829730
    endloop
  endfacet
  facet normal 0 -0.9951703 -0.0981631
    outer loop
      vertex 17.9000500 0 0.5999850
      vertex -17.9000500 0.0115420 0.4829730
      vertex 17.9000500 0.0115420 0.4829730
    endloop
  endfacet
  facet normal -0.9951703 0 -0.0981631
    outer loop
      vertex -18.5000350 0.5999850 0.5999850
      vertex -18.5000350 7.4000140 0.5999850
      vertex -18.4884930 7.4000140 0.4829730
    endloop
  endfacet
  facet normal -0.9951703 0 -0.0981631
    outer loop
      vertex -18.5000350 0.5999850 0.5999850
      vertex -18.4884930 7.4000140 0.4829730
      vertex -18.4884930 0.5999850 0.4829730
    endloop
  endfacet
  facet normal 0 0.9951703 -0.0981631
    outer loop
      vertex -17.9000500 7.9999990 0.5999850
      vertex 17.9000500 7.9999990 0.5999850
      vertex 17.9000500 7.9884570 0.4829730
    endloop
  endfacet
  facet normal 0 0.9951703 -0.0981631
    outer loop
      vertex -17.9000500 7.9999990 0.5999850
      vertex 17.9000500 7.9884570 0.4829730
      vertex -17.9000500 7.9884570 0.4829730
    endloop
  endfacet
  facet normal 0.9951703 0 -0.0981631
    outer loop
      vertex 18.5000350 7.4000140 0.5999850
      vertex 18.5000350 0.5999850 0.5999850
      vertex 18.4884930 0.5999850 0.4829730
    endloop
  endfacet
  facet normal 0.9951703 0 -0.0981631
    outer loop
      vertex 18.5000350 7.4000140 0.5999850
      vertex 18.4884930 0.5999850 0.4829730
      vertex 18.4884930 7.4000140 0.4829730
    endloop
  endfacet
  facet normal 0.9513052 0.1069857 0.2890892
    outer loop
      vertex 18.4884930 7.4000140 6.9170410
      vertex 18.4737670 7.5309560 6.9170410
      vertex 18.4542650 7.4000140 7.0296750
    endloop
  endfacet
  facet normal 0.9432921 0.1242895 0.3078183
    outer loop
      vertex 18.4542650 7.4000140 7.0296750
      vertex 18.4737670 7.5309560 6.9170410
      vertex 18.4353600 7.5434930 7.0296750
    endloop
  endfacet
  facet normal 0.9076008 0.3180233 0.2740839
    outer loop
      vertex 18.4737670 7.5309560 6.9170410
      vertex 18.4301860 7.6553310 6.9170410
      vertex 18.4353600 7.5434930 7.0296750
    endloop
  endfacet
  facet normal 0.8756309 0.3622401 0.3194568
    outer loop
      vertex 18.4353600 7.5434930 7.0296750
      vertex 18.4301860 7.6553310 6.9170410
      vertex 18.3800380 7.6772210 7.0296750
    endloop
  endfacet
  facet normal 0.8169844 0.5126177 0.2641204
    outer loop
      vertex 18.4301860 7.6553310 6.9170410
      vertex 18.3601380 7.7669700 6.9170410
      vertex 18.3800380 7.6772210 7.0296750
    endloop
  endfacet
  facet normal 0.7497915 0.5756632 0.3262278
    outer loop
      vertex 18.3800380 7.6772210 7.0296750
      vertex 18.3601380 7.7669700 6.9170410
      vertex 18.2918810 7.7920440 7.0296750
    endloop
  endfacet
  facet normal 0.6818511 0.6833081 0.2610921
    outer loop
      vertex 18.3601380 7.7669700 6.9170410
      vertex 18.2668070 7.8601020 6.9170410
      vertex 18.2918810 7.7920440 7.0296750
    endloop
  endfacet
  facet normal 0.5756968 0.7502293 0.3251601
    outer loop
      vertex 18.2918810 7.7920440 7.0296750
      vertex 18.2668070 7.8601020 6.9170410
      vertex 18.1772570 7.8800020 7.0296750
    endloop
  endfacet
  facet normal 0.5133161 0.8166393 0.2638310
    outer loop
      vertex 18.2668070 7.8601020 6.9170410
      vertex 18.1553670 7.9301500 6.9170410
      vertex 18.1772570 7.8800020 7.0296750
    endloop
  endfacet
  facet normal 0.3634008 0.8752878 0.3190785
    outer loop
      vertex 18.1772570 7.8800020 7.0296750
      vertex 18.1553670 7.9301500 6.9170410
      vertex 18.0435290 7.9355230 7.0296750
    endloop
  endfacet
  facet normal 0.3181628 0.9079988 0.2725998
    outer loop
      vertex 18.1553670 7.9301500 6.9170410
      vertex 18.0309920 7.9737310 6.9170410
      vertex 18.0435290 7.9355230 7.0296750
    endloop
  endfacet
  facet normal 0.1230586 0.9438858 0.3064901
    outer loop
      vertex 18.0435290 7.9355230 7.0296750
      vertex 18.0309920 7.9737310 6.9170410
      vertex 17.9000500 7.9542290 7.0296750
    endloop
  endfacet
  facet normal 0.1069857 0.9513052 0.2890892
    outer loop
      vertex 18.0309920 7.9737310 6.9170410
      vertex 17.9000500 7.9884570 6.9170410
      vertex 17.9000500 7.9542290 7.0296750
    endloop
  endfacet
  facet normal -0.1069857 0.9513052 0.2890892
    outer loop
      vertex -17.9000500 7.9884570 6.9170410
      vertex -18.0309920 7.9737310 6.9170410
      vertex -17.9000500 7.9542290 7.0296750
    endloop
  endfacet
  facet normal -0.1230586 0.9438858 0.3064901
    outer loop
      vertex -17.9000500 7.9542290 7.0296750
      vertex -18.0309920 7.9737310 6.9170410
      vertex -18.0435290 7.9355230 7.0296750
    endloop
  endfacet
  facet normal -0.3181628 0.9079988 0.2725998
    outer loop
      vertex -18.0309920 7.9737310 6.9170410
      vertex -18.1553670 7.9301500 6.9170410
      vertex -18.0435290 7.9355230 7.0296750
    endloop
  endfacet
  facet normal -0.3634008 0.8752878 0.3190785
    outer loop
      vertex -18.0435290 7.9355230 7.0296750
      vertex -18.1553670 7.9301500 6.9170410
      vertex -18.1772570 7.8800020 7.0296750
    endloop
  endfacet
  facet normal -0.5133161 0.8166393 0.2638310
    outer loop
      vertex -18.1553670 7.9301500 6.9170410
      vertex -18.2668070 7.8601020 6.9170410
      vertex -18.1772570 7.8800020 7.0296750
    endloop
  endfacet
  facet normal -0.5756968 0.7502293 0.3251601
    outer loop
      vertex -18.1772570 7.8800020 7.0296750
      vertex -18.2668070 7.8601020 6.9170410
      vertex -18.2918810 7.7920440 7.0296750
    endloop
  endfacet
  facet normal -0.6818511 0.6833081 0.2610921
    outer loop
      vertex -18.2668070 7.8601020 6.9170410
      vertex -18.3601380 7.7669700 6.9170410
      vertex -18.2918810 7.7920440 7.0296750
    endloop
  endfacet
  facet normal -0.7497915 0.5756632 0.3262278
    outer loop
      vertex -18.2918810 7.7920440 7.0296750
      vertex -18.3601380 7.7669700 6.9170410
      vertex -18.3800380 7.6772210 7.0296750
    endloop
  endfacet
  facet normal -0.8169844 0.5126177 0.2641204
    outer loop
      vertex -18.3601380 7.7669700 6.9170410
      vertex -18.4301860 7.6553310 6.9170410
      vertex -18.3800380 7.6772210 7.0296750
    endloop
  endfacet
  facet normal -0.8756309 0.3622401 0.3194568
    outer loop
      vertex -18.3800380 7.6772210 7.0296750
      vertex -18.4301860 7.6553310 6.9170410
      vertex -18.4353600 7.5434930 7.0296750
    endloop
  endfacet
  facet normal -0.9076008 0.3180233 0.2740839
    outer loop
      vertex -18.4301860 7.6553310 6.9170410
      vertex -18.4737670 7.5309560 6.9170410
      vertex -18.4353600 7.5434930 7.0296750
    endloop
  endfacet
  facet normal -0.9432921 0.1242895 0.3078183
    outer loop
      vertex -18.4353600 7.5434930 7.0296750
      vertex -18.4737670 7.5309560 6.9170410
      vertex -18.4542650 7.4000140 7.0296750
    endloop
  endfacet
  facet normal -0.9513052 0.1069857 0.2890892
    outer loop
      vertex -18.4737670 7.5309560 6.9170410
      vertex -18.4884930 7.4000140 6.9170410
      vertex -18.4542650 7.4000140 7.0296750
    endloop
  endfacet
  facet normal -0.9513052 -0.1069857 0.2890892
    outer loop
      vertex -18.4884930 0.5999850 6.9170410
      vertex -18.4737670 0.4690430 6.9170410
      vertex -18.4542650 0.5999850 7.0296750
    endloop
  endfacet
  facet normal -0.9432921 -0.1242895 0.3078183
    outer loop
      vertex -18.4542650 0.5999850 7.0296750
      vertex -18.4737670 0.4690430 6.9170410
      vertex -18.4353600 0.4565060 7.0296750
    endloop
  endfacet
  facet normal -0.9076008 -0.3180233 0.2740839
    outer loop
      vertex -18.4737670 0.4690430 6.9170410
      vertex -18.4301860 0.3446680 6.9170410
      vertex -18.4353600 0.4565060 7.0296750
    endloop
  endfacet
  facet normal -0.8756309 -0.3622401 0.3194568
    outer loop
      vertex -18.4353600 0.4565060 7.0296750
      vertex -18.4301860 0.3446680 6.9170410
      vertex -18.3800380 0.3227780 7.0296750
    endloop
  endfacet
  facet normal -0.8169844 -0.5126177 0.2641204
    outer loop
      vertex -18.4301860 0.3446680 6.9170410
      vertex -18.3601380 0.2330290 6.9170410
      vertex -18.3800380 0.3227780 7.0296750
    endloop
  endfacet
  facet normal -0.7497915 -0.5756632 0.3262278
    outer loop
      vertex -18.3800380 0.3227780 7.0296750
      vertex -18.3601380 0.2330290 6.9170410
      vertex -18.2918810 0.2079550 7.0296750
    endloop
  endfacet
  facet normal -0.6818511 -0.6833081 0.2610921
    outer loop
      vertex -18.3601380 0.2330290 6.9170410
      vertex -18.2668070 0.1398970 6.9170410
      vertex -18.2918810 0.2079550 7.0296750
    endloop
  endfacet
  facet normal -0.5756968 -0.7502293 0.3251601
    outer loop
      vertex -18.2918810 0.2079550 7.0296750
      vertex -18.2668070 0.1398970 6.9170410
      vertex -18.1772570 0.1199970 7.0296750
    endloop
  endfacet
  facet normal -0.5133161 -0.8166393 0.2638310
    outer loop
      vertex -18.2668070 0.1398970 6.9170410
      vertex -18.1553670 0.0698490 6.9170410
      vertex -18.1772570 0.1199970 7.0296750
    endloop
  endfacet
  facet normal -0.3634008 -0.8752878 0.3190785
    outer loop
      vertex -18.1772570 0.1199970 7.0296750
      vertex -18.1553670 0.0698490 6.9170410
      vertex -18.0435290 0.0644760 7.0296750
    endloop
  endfacet
  facet normal -0.3181628 -0.9079988 0.2725998
    outer loop
      vertex -18.1553670 0.0698490 6.9170410
      vertex -18.0309920 0.0262680 6.9170410
      vertex -18.0435290 0.0644760 7.0296750
    endloop
  endfacet
  facet normal -0.1230586 -0.9438858 0.3064901
    outer loop
      vertex -18.0435290 0.0644760 7.0296750
      vertex -18.0309920 0.0262680 6.9170410
      vertex -17.9000500 0.0457700 7.0296750
    endloop
  endfacet
  facet normal -0.1069857 -0.9513052 0.2890892
    outer loop
      vertex -18.0309920 0.0262680 6.9170410
      vertex -17.9000500 0.0115420 6.9170410
      vertex -17.9000500 0.0457700 7.0296750
    endloop
  endfacet
  facet normal 0.1069857 -0.9513052 0.2890892
    outer loop
      vertex 17.9000500 0.0115420 6.9170410
      vertex 18.0309920 0.0262680 6.9170410
      vertex 17.9000500 0.0457700 7.0296750
    endloop
  endfacet
  facet normal 0.1230586 -0.9438858 0.3064901
    outer loop
      vertex 17.9000500 0.0457700 7.0296750
      vertex 18.0309920 0.0262680 6.9170410
      vertex 18.0435290 0.0644760 7.0296750
    endloop
  endfacet
  facet normal 0.3181628 -0.9079988 0.2725998
    outer loop
      vertex 18.0309920 0.0262680 6.9170410
      vertex 18.1553670 0.0698490 6.9170410
      vertex 18.0435290 0.0644760 7.0296750
    endloop
  endfacet
  facet normal 0.3634008 -0.8752878 0.3190785
    outer loop
      vertex 18.0435290 0.0644760 7.0296750
      vertex 18.1553670 0.0698490 6.9170410
      vertex 18.1772570 0.1199970 7.0296750
    endloop
  endfacet
  facet normal 0.5133161 -0.8166393 0.2638310
    outer loop
      vertex 18.1553670 0.0698490 6.9170410
      vertex 18.2668070 0.1398970 6.9170410
      vertex 18.1772570 0.1199970 7.0296750
    endloop
  endfacet
  facet normal 0.5756968 -0.7502293 0.3251601
    outer loop
      vertex 18.1772570 0.1199970 7.0296750
      vertex 18.2668070 0.1398970 6.9170410
      vertex 18.2918810 0.2079550 7.0296750
    endloop
  endfacet
  facet normal 0.6818511 -0.6833081 0.2610921
    outer loop
      vertex 18.2668070 0.1398970 6.9170410
      vertex 18.3601380 0.2330290 6.9170410
      vertex 18.2918810 0.2079550 7.0296750
    endloop
  endfacet
  facet normal 0.7497915 -0.5756632 0.3262278
    outer loop
      vertex 18.2918810 0.2079550 7.0296750
      vertex 18.3601380 0.2330290 6.9170410
      vertex 18.3800380 0.3227780 7.0296750
    endloop
  endfacet
  facet normal 0.8169844 -0.5126177 0.2641204
    outer loop
      vertex 18.3601380 0.2330290 6.9170410
      vertex 18.4301860 0.3446680 6.9170410
      vertex 18.3800380 0.3227780 7.0296750
    endloop
  endfacet
  facet normal 0.8756309 -0.3622401 0.3194568
    outer loop
      vertex 18.3800380 0.3227780 7.0296750
      vertex 18.4301860 0.3446680 6.9170410
      vertex 18.4353600 0.4565060 7.0296750
    endloop
  endfacet
  facet normal 0.9076008 -0.3180233 0.2740839
    outer loop
      vertex 18.4301860 0.3446680 6.9170410
      vertex 18.4737670 0.4690430 6.9170410
      vertex 18.4353600 0.4565060 7.0296750
    endloop
  endfacet
  facet normal 0.9432921 -0.1242895 0.3078183
    outer loop
      vertex 18.4353600 0.4565060 7.0296750
      vertex 18.4737670 0.4690430 6.9170410
      vertex 18.4542650 0.5999850 7.0296750
    endloop
  endfacet
  facet normal 0.9513052 -0.1069857 0.2890892
    outer loop
      vertex 18.4737670 0.4690430 6.9170410
      vertex 18.4884930 0.5999850 6.9170410
      vertex 18.4542650 0.5999850 7.0296750
    endloop
  endfacet
  facet normal 0 0.9567966 0.2907580
    outer loop
      vertex 17.9000500 7.9884570 6.9170410
      vertex -17.9000500 7.9884570 6.9170410
      vertex -17.9000500 7.9542290 7.0296750
    endloop
  endfacet
  facet normal 0 0.9567966 0.2907580
    outer loop
      vertex 17.9000500 7.9884570 6.9170410
      vertex -17.9000500 7.9542290 7.0296750
      vertex 17.9000500 7.9542290 7.0296750
    endloop
  endfacet
  facet normal -0.9567966 0 0.2907580
    outer loop
      vertex -18.4884930 7.4000140 6.9170410
      vertex -18.4884930 0.5999850 6.9170410
      vertex -18.4542650 0.5999850 7.0296750
    endloop
  endfacet
  facet normal -0.9567966 0 0.2907580
    outer loop
      vertex -18.4884930 7.4000140 6.9170410
      vertex -18.4542650 0.5999850 7.0296750
      vertex -18.4542650 7.4000140 7.0296750
    endloop
  endfacet
  facet normal 0 -0.9567966 0.2907580
    outer loop
      vertex -17.9000500 0.0115420 6.9170410
      vertex 17.9000500 0.0115420 6.9170410
      vertex 17.9000500 0.0457700 7.0296750
    endloop
  endfacet
  facet normal 0 -0.9567966 0.2907580
    outer loop
      vertex -17.9000500 0.0115420 6.9170410
      vertex 17.9000500 0.0457700 7.0296750
      vertex -17.9000500 0.0457700 7.0296750
    endloop
  endfacet
  facet normal 0.9567966 0 0.2907580
    outer loop
      vertex 18.4884930 0.5999850 6.9170410
      vertex 18.4884930 7.4000140 6.9170410
      vertex 18.4542650 7.4000140 7.0296750
    endloop
  endfacet
  facet normal 0.9567966 0 0.2907580
    outer loop
      vertex 18.4884930 0.5999850 6.9170410
      vertex 18.4542650 7.4000140 7.0296750
      vertex 18.4542650 0.5999850 7.0296750
    endloop
  endfacet
  facet normal 0.9513052 -0.1069857 -0.2890892
    outer loop
      vertex 18.4884930 0.5999850 0.4829730
      vertex 18.4737670 0.4690430 0.4829730
      vertex 18.4542650 0.5999850 0.3703390
    endloop
  endfacet
  facet normal 0.9432921 -0.1242895 -0.3078183
    outer loop
      vertex 18.4542650 0.5999850 0.3703390
      vertex 18.4737670 0.4690430 0.4829730
      vertex 18.4353600 0.4565060 0.3703390
    endloop
  endfacet
  facet normal 0.9076008 -0.3180233 -0.2740839
    outer loop
      vertex 18.4737670 0.4690430 0.4829730
      vertex 18.4301860 0.3446680 0.4829730
      vertex 18.4353600 0.4565060 0.3703390
    endloop
  endfacet
  facet normal 0.8756309 -0.3622401 -0.3194568
    outer loop
      vertex 18.4353600 0.4565060 0.3703390
      vertex 18.4301860 0.3446680 0.4829730
      vertex 18.3800380 0.3227780 0.3703390
    endloop
  endfacet
  facet normal 0.8169844 -0.5126177 -0.2641204
    outer loop
      vertex 18.4301860 0.3446680 0.4829730
      vertex 18.3601380 0.2330290 0.4829730
      vertex 18.3800380 0.3227780 0.3703390
    endloop
  endfacet
  facet normal 0.7497915 -0.5756632 -0.3262278
    outer loop
      vertex 18.3800380 0.3227780 0.3703390
      vertex 18.3601380 0.2330290 0.4829730
      vertex 18.2918810 0.2079550 0.3703390
    endloop
  endfacet
  facet normal 0.6818511 -0.6833081 -0.2610921
    outer loop
      vertex 18.3601380 0.2330290 0.4829730
      vertex 18.2668070 0.1398970 0.4829730
      vertex 18.2918810 0.2079550 0.3703390
    endloop
  endfacet
  facet normal 0.5756968 -0.7502293 -0.3251601
    outer loop
      vertex 18.2918810 0.2079550 0.3703390
      vertex 18.2668070 0.1398970 0.4829730
      vertex 18.1772570 0.1199970 0.3703390
    endloop
  endfacet
  facet normal 0.5133161 -0.8166393 -0.2638310
    outer loop
      vertex 18.2668070 0.1398970 0.4829730
      vertex 18.1553670 0.0698490 0.4829730
      vertex 18.1772570 0.1199970 0.3703390
    endloop
  endfacet
  facet normal 0.3634008 -0.8752878 -0.3190785
    outer loop
      vertex 18.1772570 0.1199970 0.3703390
      vertex 18.1553670 0.0698490 0.4829730
      vertex 18.0435290 0.0644760 0.3703390
    endloop
  endfacet
  facet normal 0.3181628 -0.9079988 -0.2725998
    outer loop
      vertex 18.1553670 0.0698490 0.4829730
      vertex 18.0309920 0.0262680 0.4829730
      vertex 18.0435290 0.0644760 0.3703390
    endloop
  endfacet
  facet normal 0.1230586 -0.9438858 -0.3064901
    outer loop
      vertex 18.0435290 0.0644760 0.3703390
      vertex 18.0309920 0.0262680 0.4829730
      vertex 17.9000500 0.0457700 0.3703390
    endloop
  endfacet
  facet normal 0.1069857 -0.9513052 -0.2890892
    outer loop
      vertex 18.0309920 0.0262680 0.4829730
      vertex 17.9000500 0.0115420 0.4829730
      vertex 17.9000500 0.0457700 0.3703390
    endloop
  endfacet
  facet normal -0.1069857 -0.9513052 -0.2890892
    outer loop
      vertex -17.9000500 0.0115420 0.4829730
      vertex -18.0309920 0.0262680 0.4829730
      vertex -17.9000500 0.0457700 0.3703390
    endloop
  endfacet
  facet normal -0.1230586 -0.9438858 -0.3064901
    outer loop
      vertex -17.9000500 0.0457700 0.3703390
      vertex -18.0309920 0.0262680 0.4829730
      vertex -18.0435290 0.0644760 0.3703390
    endloop
  endfacet
  facet normal -0.3181628 -0.9079988 -0.2725998
    outer loop
      vertex -18.0309920 0.0262680 0.4829730
      vertex -18.1553670 0.0698490 0.4829730
      vertex -18.0435290 0.0644760 0.3703390
    endloop
  endfacet
  facet normal -0.3634008 -0.8752878 -0.3190785
    outer loop
      vertex -18.0435290 0.0644760 0.3703390
      vertex -18.1553670 0.0698490 0.4829730
      vertex -18.1772570 0.1199970 0.3703390
    endloop
  endfacet
  facet normal -0.5133161 -0.8166393 -0.2638310
    outer loop
      vertex -18.1553670 0.0698490 0.4829730
      vertex -18.2668070 0.1398970 0.4829730
      vertex -18.1772570 0.1199970 0.3703390
    endloop
  endfacet
  facet normal -0.5756968 -0.7502293 -0.3251601
    outer loop
      vertex -18.1772570 0.1199970 0.3703390
      vertex -18.2668070 0.1398970 0.4829730
      vertex -18.2918810 0.2079550 0.3703390
    endloop
  endfacet
  facet normal -0.6818511 -0.6833081 -0.2610921
    outer loop
      vertex -18.2668070 0.1398970 0.4829730
      vertex -18.3601380 0.2330290 0.4829730
      vertex -18.2918810 0.2079550 0.3703390
    endloop
  endfacet
  facet normal -0.7497915 -0.5756632 -0.3262278
    outer loop
      vertex -18.2918810 0.2079550 0.3703390
      vertex -18.3601380 0.2330290 0.4829730
      vertex -18.3800380 0.3227780 0.3703390
    endloop
  endfacet
  facet normal -0.8169844 -0.5126177 -0.2641204
    outer loop
      vertex -18.3601380 0.2330290 0.4829730
      vertex -18.4301860 0.3446680 0.4829730
      vertex -18.3800380 0.3227780 0.3703390
    endloop
  endfacet
  facet normal -0.8756309 -0.3622401 -0.3194568
    outer loop
      vertex -18.3800380 0.3227780 0.3703390
      vertex -18.4301860 0.3446680 0.4829730
      vertex -18.4353600 0.4565060 0.3703390
    endloop
  endfacet
  facet normal -0.9076008 -0.3180233 -0.2740839
    outer loop
      vertex -18.4301860 0.3446680 0.4829730
      vertex -18.4737670 0.4690430 0.4829730
      vertex -18.4353600 0.4565060 0.3703390
    endloop
  endfacet
  facet normal -0.9432921 -0.1242895 -0.3078183
    outer loop
      vertex -18.4353600 0.4565060 0.3703390
      vertex -18.4737670 0.4690430 0.4829730
      vertex -18.4542650 0.5999850 0.3703390
    endloop
  endfacet
  facet normal -0.9513052 -0.1069857 -0.2890892
    outer loop
      vertex -18.4737670 0.4690430 0.4829730
      vertex -18.4884930 0.5999850 0.4829730
      vertex -18.4542650 0.5999850 0.3703390
    endloop
  endfacet
  facet normal -0.9513052 0.1069857 -0.2890892
    outer loop
      vertex -18.4884930 7.4000140 0.4829730
      vertex -18.4737670 7.5309560 0.4829730
      vertex -18.4542650 7.4000140 0.3703390
    endloop
  endfacet
  facet normal -0.9432921 0.1242895 -0.3078183
    outer loop
      vertex -18.4542650 7.4000140 0.3703390
      vertex -18.4737670 7.5309560 0.4829730
      vertex -18.4353600 7.5434930 0.3703390
    endloop
  endfacet
  facet normal -0.9076008 0.3180233 -0.2740839
    outer loop
      vertex -18.4737670 7.5309560 0.4829730
      vertex -18.4301860 7.6553310 0.4829730
      vertex -18.4353600 7.5434930 0.3703390
    endloop
  endfacet
  facet normal -0.8756309 0.3622401 -0.3194568
    outer loop
      vertex -18.4353600 7.5434930 0.3703390
      vertex -18.4301860 7.6553310 0.4829730
      vertex -18.3800380 7.6772210 0.3703390
    endloop
  endfacet
  facet normal -0.8169844 0.5126177 -0.2641204
    outer loop
      vertex -18.4301860 7.6553310 0.4829730
      vertex -18.3601380 7.7669700 0.4829730
      vertex -18.3800380 7.6772210 0.3703390
    endloop
  endfacet
  facet normal -0.7497915 0.5756632 -0.3262278
    outer loop
      vertex -18.3800380 7.6772210 0.3703390
      vertex -18.3601380 7.7669700 0.4829730
      vertex -18.2918810 7.7920440 0.3703390
    endloop
  endfacet
  facet normal -0.6818511 0.6833081 -0.2610921
    outer loop
      vertex -18.3601380 7.7669700 0.4829730
      vertex -18.2668070 7.8601020 0.4829730
      vertex -18.2918810 7.7920440 0.3703390
    endloop
  endfacet
  facet normal -0.5756968 0.7502293 -0.3251601
    outer loop
      vertex -18.2918810 7.7920440 0.3703390
      vertex -18.2668070 7.8601020 0.4829730
      vertex -18.1772570 7.8800020 0.3703390
    endloop
  endfacet
  facet normal -0.5133161 0.8166393 -0.2638310
    outer loop
      vertex -18.2668070 7.8601020 0.4829730
      vertex -18.1553670 7.9301500 0.4829730
      vertex -18.1772570 7.8800020 0.3703390
    endloop
  endfacet
  facet normal -0.3634008 0.8752878 -0.3190785
    outer loop
      vertex -18.1772570 7.8800020 0.3703390
      vertex -18.1553670 7.9301500 0.4829730
      vertex -18.0435290 7.9355230 0.3703390
    endloop
  endfacet
  facet normal -0.3181628 0.9079988 -0.2725998
    outer loop
      vertex -18.1553670 7.9301500 0.4829730
      vertex -18.0309920 7.9737310 0.4829730
      vertex -18.0435290 7.9355230 0.3703390
    endloop
  endfacet
  facet normal -0.1230586 0.9438858 -0.3064901
    outer loop
      vertex -18.0435290 7.9355230 0.3703390
      vertex -18.0309920 7.9737310 0.4829730
      vertex -17.9000500 7.9542290 0.3703390
    endloop
  endfacet
  facet normal -0.1069857 0.9513052 -0.2890892
    outer loop
      vertex -18.0309920 7.9737310 0.4829730
      vertex -17.9000500 7.9884570 0.4829730
      vertex -17.9000500 7.9542290 0.3703390
    endloop
  endfacet
  facet normal 0.1069857 0.9513052 -0.2890892
    outer loop
      vertex 17.9000500 7.9884570 0.4829730
      vertex 18.0309920 7.9737310 0.4829730
      vertex 17.9000500 7.9542290 0.3703390
    endloop
  endfacet
  facet normal 0.1230586 0.9438858 -0.3064901
    outer loop
      vertex 17.9000500 7.9542290 0.3703390
      vertex 18.0309920 7.9737310 0.4829730
      vertex 18.0435290 7.9355230 0.3703390
    endloop
  endfacet
  facet normal 0.3181628 0.9079988 -0.2725998
    outer loop
      vertex 18.0309920 7.9737310 0.4829730
      vertex 18.1553670 7.9301500 0.4829730
      vertex 18.0435290 7.9355230 0.3703390
    endloop
  endfacet
  facet normal 0.3634008 0.8752878 -0.3190785
    outer loop
      vertex 18.0435290 7.9355230 0.3703390
      vertex 18.1553670 7.9301500 0.4829730
      vertex 18.1772570 7.8800020 0.3703390
    endloop
  endfacet
  facet normal 0.5133161 0.8166393 -0.2638310
    outer loop
      vertex 18.1553670 7.9301500 0.4829730
      vertex 18.2668070 7.8601020 0.4829730
      vertex 18.1772570 7.8800020 0.3703390
    endloop
  endfacet
  facet normal 0.5756968 0.7502293 -0.3251601
    outer loop
      vertex 18.1772570 7.8800020 0.3703390
      vertex 18.2668070 7.8601020 0.4829730
      vertex 18.2918810 7.7920440 0.3703390
    endloop
  endfacet
  facet normal 0.6818511 0.6833081 -0.2610921
    outer loop
      vertex 18.2668070 7.8601020 0.4829730
      vertex 18.3601380 7.7669700 0.4829730
      vertex 18.2918810 7.7920440 0.3703390
    endloop
  endfacet
  facet normal 0.7497915 0.5756632 -0.3262278
    outer loop
      vertex 18.2918810 7.7920440 0.3703390
      vertex 18.3601380 7.7669700 0.4829730
      vertex 18.3800380 7.6772210 0.3703390
    endloop
  endfacet
  facet normal 0.8169844 0.5126177 -0.2641204
    outer loop
      vertex 18.3601380 7.7669700 0.4829730
      vertex 18.4301860 7.6553310 0.4829730
      vertex 18.3800380 7.6772210 0.3703390
    endloop
  endfacet
  facet normal 0.8756309 0.3622401 -0.3194568
    outer loop
      vertex 18.3800380 7.6772210 0.3703390
      vertex 18.4301860 7.6553310 0.4829730
      vertex 18.4353600 7.5434930 0.3703390
    endloop
  endfacet
  facet normal 0.9076008 0.3180233 -0.2740839
    outer loop
      vertex 18.4301860 7.6553310 0.4829730
      vertex 18.4737670 7.5309560 0.4829730
      vertex 18.4353600 7.5434930 0.3703390
    endloop
  endfacet
  facet normal 0.9432921 0.1242895 -0.3078183
    outer loop
      vertex 18.4353600 7.5434930 0.3703390
      vertex 18.4737670 7.5309560 0.4829730
      vertex 18.4542650 7.4000140 0.3703390
    endloop
  endfacet
  facet normal 0.9513052 0.1069857 -0.2890892
    outer loop
      vertex 18.4737670 7.5309560 0.4829730
      vertex 18.4884930 7.4000140 0.4829730
      vertex 18.4542650 7.4000140 0.3703390
    endloop
  endfacet
  facet normal 0 -0.9567966 -0.2907580
    outer loop
      vertex 17.9000500 0.0115420 0.4829730
      vertex -17.9000500 0.0115420 0.4829730
      vertex -17.9000500 0.0457700 0.3703390
    endloop
  endfacet
  facet normal 0 -0.9567966 -0.2907580
    outer loop
      vertex 17.9000500 0.0115420 0.4829730
      vertex -17.9000500 0.0457700 0.3703390
      vertex 17.9000500 0.0457700 0.3703390
    endloop
  endfacet
  facet normal -0.9567966 0 -0.2907580
    outer loop
      vertex -18.4884930 0.5999850 0.4829730
      vertex -18.4884930 7.4000140 0.4829730
      vertex -18.4542650 7.4000140 0.3703390
    endloop
  endfacet
  facet normal -0.9567966 0 -0.2907580
    outer loop
      vertex -18.4884930 0.5999850 0.4829730
      vertex -18.4542650 7.4000140 0.3703390
      vertex -18.4542650 0.5999850 0.3703390
    endloop
  endfacet
  facet normal 0 0.9567966 -0.2907580
    outer loop
      vertex -17.9000500 7.9884570 0.4829730
      vertex 17.9000500 7.9884570 0.4829730
      vertex 17.9000500 7.9542290 0.3703390
    endloop
  endfacet
  facet normal 0 0.9567966 -0.2907580
    outer loop
      vertex -17.9000500 7.9884570 0.4829730
      vertex 17.9000500 7.9542290 0.3703390
      vertex -17.9000500 7.9542290 0.3703390
    endloop
  endfacet
  facet normal 0.9567966 0 -0.2907580
    outer loop
      vertex 18.4884930 7.4000140 0.4829730
      vertex 18.4884930 0.5999850 0.4829730
      vertex 18.4542650 0.5999850 0.3703390
    endloop
  endfacet
  facet normal 0.9567966 0 -0.2907580
    outer loop
      vertex 18.4884930 7.4000140 0.4829730
      vertex 18.4542650 0.5999850 0.3703390
      vertex 18.4542650 7.4000140 0.3703390
    endloop
  endfacet
  facet normal 0.8763577 0.1154702 0.4676150
    outer loop
      vertex 18.4542650 7.4000140 7.0296750
      vertex 18.4353600 7.5434930 7.0296750
      vertex 18.3989430 7.4000140 7.1333540
    endloop
  endfacet
  facet normal 0.8603140 0.1365402 0.4911380
    outer loop
      vertex 18.3989430 7.4000140 7.1333540
      vertex 18.4353600 7.5434930 7.0296750
      vertex 18.3744660 7.5542390 7.1333540
    endloop
  endfacet
  facet normal 0.8254686 0.3414885 0.4494299
    outer loop
      vertex 18.4353600 7.5434930 7.0296750
      vertex 18.3800380 7.6772210 7.0296750
      vertex 18.3744660 7.5542390 7.1333540
    endloop
  endfacet
  facet normal 0.7683101 0.3918601 0.5061080
    outer loop
      vertex 18.3744660 7.5542390 7.1333540
      vertex 18.3800380 7.6772210 7.0296750
      vertex 18.3036220 7.6931410 7.1333540
    endloop
  endfacet
  facet normal 0.7119624 0.5466193 0.4408139
    outer loop
      vertex 18.3800380 7.6772210 7.0296750
      vertex 18.2918810 7.7920440 7.0296750
      vertex 18.3036220 7.6931410 7.1333540
    endloop
  endfacet
  facet normal 0.6078200 0.6078200 0.5109888
    outer loop
      vertex 18.3036220 7.6931410 7.1333540
      vertex 18.2918810 7.7920440 7.0296750
      vertex 18.1931770 7.8035860 7.1333540
    endloop
  endfacet
  facet normal 0.5464074 0.7120603 0.4409185
    outer loop
      vertex 18.2918810 7.7920440 7.0296750
      vertex 18.1772570 7.8800020 7.0296750
      vertex 18.1931770 7.8035860 7.1333540
    endloop
  endfacet
  facet normal 0.3913684 0.7684453 0.5062831
    outer loop
      vertex 18.1931770 7.8035860 7.1333540
      vertex 18.1772570 7.8800020 7.0296750
      vertex 18.0540760 7.8744300 7.1333540
    endloop
  endfacet
  facet normal 0.3422473 0.8243376 0.4509261
    outer loop
      vertex 18.1772570 7.8800020 7.0296750
      vertex 18.0435290 7.9355230 7.0296750
      vertex 18.0540760 7.8744300 7.1333540
    endloop
  endfacet
  facet normal 0.1365859 0.8594920 0.4925624
    outer loop
      vertex 18.0540760 7.8744300 7.1333540
      vertex 18.0435290 7.9355230 7.0296750
      vertex 17.9000500 7.8989070 7.1333540
    endloop
  endfacet
  facet normal 0.1142706 0.8764801 0.4676803
    outer loop
      vertex 18.0435290 7.9355230 7.0296750
      vertex 17.9000500 7.9542290 7.0296750
      vertex 17.9000500 7.8989070 7.1333540
    endloop
  endfacet
  facet normal -0.1142706 0.8764801 0.4676803
    outer loop
      vertex -17.9000500 7.9542290 7.0296750
      vertex -18.0435290 7.9355230 7.0296750
      vertex -17.9000500 7.8989070 7.1333540
    endloop
  endfacet
  facet normal -0.1365859 0.8594920 0.4925624
    outer loop
      vertex -17.9000500 7.8989070 7.1333540
      vertex -18.0435290 7.9355230 7.0296750
      vertex -18.0540760 7.8744300 7.1333540
    endloop
  endfacet
  facet normal -0.3422473 0.8243376 0.4509261
    outer loop
      vertex -18.0435290 7.9355230 7.0296750
      vertex -18.1772570 7.8800020 7.0296750
      vertex -18.0540760 7.8744300 7.1333540
    endloop
  endfacet
  facet normal -0.3913684 0.7684453 0.5062831
    outer loop
      vertex -18.0540760 7.8744300 7.1333540
      vertex -18.1772570 7.8800020 7.0296750
      vertex -18.1931770 7.8035860 7.1333540
    endloop
  endfacet
  facet normal -0.5464074 0.7120603 0.4409185
    outer loop
      vertex -18.1772570 7.8800020 7.0296750
      vertex -18.2918810 7.7920440 7.0296750
      vertex -18.1931770 7.8035860 7.1333540
    endloop
  endfacet
  facet normal -0.6078200 0.6078200 0.5109888
    outer loop
      vertex -18.1931770 7.8035860 7.1333540
      vertex -18.2918810 7.7920440 7.0296750
      vertex -18.3036220 7.6931410 7.1333540
    endloop
  endfacet
  facet normal -0.7119624 0.5466193 0.4408139
    outer loop
      vertex -18.2918810 7.7920440 7.0296750
      vertex -18.3800380 7.6772210 7.0296750
      vertex -18.3036220 7.6931410 7.1333540
    endloop
  endfacet
  facet normal -0.7683101 0.3918601 0.5061080
    outer loop
      vertex -18.3036220 7.6931410 7.1333540
      vertex -18.3800380 7.6772210 7.0296750
      vertex -18.3744660 7.5542390 7.1333540
    endloop
  endfacet
  facet normal -0.8254686 0.3414885 0.4494299
    outer loop
      vertex -18.3800380 7.6772210 7.0296750
      vertex -18.4353600 7.5434930 7.0296750
      vertex -18.3744660 7.5542390 7.1333540
    endloop
  endfacet
  facet normal -0.8603140 0.1365402 0.4911380
    outer loop
      vertex -18.3744660 7.5542390 7.1333540
      vertex -18.4353600 7.5434930 7.0296750
      vertex -18.3989430 7.4000140 7.1333540
    endloop
  endfacet
  facet normal -0.8763577 0.1154702 0.4676150
    outer loop
      vertex -18.4353600 7.5434930 7.0296750
      vertex -18.4542650 7.4000140 7.0296750
      vertex -18.3989430 7.4000140 7.1333540
    endloop
  endfacet
  facet normal -0.8763577 -0.1154702 0.4676150
    outer loop
      vertex -18.4542650 0.5999850 7.0296750
      vertex -18.4353600 0.4565060 7.0296750
      vertex -18.3989430 0.5999850 7.1333540
    endloop
  endfacet
  facet normal -0.8603140 -0.1365402 0.4911380
    outer loop
      vertex -18.3989430 0.5999850 7.1333540
      vertex -18.4353600 0.4565060 7.0296750
      vertex -18.3744660 0.4457600 7.1333540
    endloop
  endfacet
  facet normal -0.8254686 -0.3414885 0.4494299
    outer loop
      vertex -18.4353600 0.4565060 7.0296750
      vertex -18.3800380 0.3227780 7.0296750
      vertex -18.3744660 0.4457600 7.1333540
    endloop
  endfacet
  facet normal -0.7683101 -0.3918601 0.5061080
    outer loop
      vertex -18.3744660 0.4457600 7.1333540
      vertex -18.3800380 0.3227780 7.0296750
      vertex -18.3036220 0.3068580 7.1333540
    endloop
  endfacet
  facet normal -0.7119624 -0.5466193 0.4408139
    outer loop
      vertex -18.3800380 0.3227780 7.0296750
      vertex -18.2918810 0.2079550 7.0296750
      vertex -18.3036220 0.3068580 7.1333540
    endloop
  endfacet
  facet normal -0.6078200 -0.6078200 0.5109888
    outer loop
      vertex -18.3036220 0.3068580 7.1333540
      vertex -18.2918810 0.2079550 7.0296750
      vertex -18.1931770 0.1964130 7.1333540
    endloop
  endfacet
  facet normal -0.5464074 -0.7120603 0.4409185
    outer loop
      vertex -18.2918810 0.2079550 7.0296750
      vertex -18.1772570 0.1199970 7.0296750
      vertex -18.1931770 0.1964130 7.1333540
    endloop
  endfacet
  facet normal -0.3913684 -0.7684453 0.5062831
    outer loop
      vertex -18.1931770 0.1964130 7.1333540
      vertex -18.1772570 0.1199970 7.0296750
      vertex -18.0540760 0.1255690 7.1333540
    endloop
  endfacet
  facet normal -0.3422473 -0.8243376 0.4509261
    outer loop
      vertex -18.1772570 0.1199970 7.0296750
      vertex -18.0435290 0.0644760 7.0296750
      vertex -18.0540760 0.1255690 7.1333540
    endloop
  endfacet
  facet normal -0.1365859 -0.8594920 0.4925624
    outer loop
      vertex -18.0540760 0.1255690 7.1333540
      vertex -18.0435290 0.0644760 7.0296750
      vertex -17.9000500 0.1010920 7.1333540
    endloop
  endfacet
  facet normal -0.1142706 -0.8764801 0.4676803
    outer loop
      vertex -18.0435290 0.0644760 7.0296750
      vertex -17.9000500 0.0457700 7.0296750
      vertex -17.9000500 0.1010920 7.1333540
    endloop
  endfacet
  facet normal 0.1142706 -0.8764801 0.4676803
    outer loop
      vertex 17.9000500 0.0457700 7.0296750
      vertex 18.0435290 0.0644760 7.0296750
      vertex 17.9000500 0.1010920 7.1333540
    endloop
  endfacet
  facet normal 0.1365859 -0.8594920 0.4925624
    outer loop
      vertex 17.9000500 0.1010920 7.1333540
      vertex 18.0435290 0.0644760 7.0296750
      vertex 18.0540760 0.1255690 7.1333540
    endloop
  endfacet
  facet normal 0.3422473 -0.8243376 0.4509261
    outer loop
      vertex 18.0435290 0.0644760 7.0296750
      vertex 18.1772570 0.1199970 7.0296750
      vertex 18.0540760 0.1255690 7.1333540
    endloop
  endfacet
  facet normal 0.3913684 -0.7684453 0.5062831
    outer loop
      vertex 18.0540760 0.1255690 7.1333540
      vertex 18.1772570 0.1199970 7.0296750
      vertex 18.1931770 0.1964130 7.1333540
    endloop
  endfacet
  facet normal 0.5464074 -0.7120603 0.4409185
    outer loop
      vertex 18.1772570 0.1199970 7.0296750
      vertex 18.2918810 0.2079550 7.0296750
      vertex 18.1931770 0.1964130 7.1333540
    endloop
  endfacet
  facet normal 0.6078200 -0.6078200 0.5109888
    outer loop
      vertex 18.1931770 0.1964130 7.1333540
      vertex 18.2918810 0.2079550 7.0296750
      vertex 18.3036220 0.3068580 7.1333540
    endloop
  endfacet
  facet normal 0.7119624 -0.5466193 0.4408139
    outer loop
      vertex 18.2918810 0.2079550 7.0296750
      vertex 18.3800380 0.3227780 7.0296750
      vertex 18.3036220 0.3068580 7.1333540
    endloop
  endfacet
  facet normal 0.7683101 -0.3918601 0.5061080
    outer loop
      vertex 18.3036220 0.3068580 7.1333540
      vertex 18.3800380 0.3227780 7.0296750
      vertex 18.3744660 0.4457600 7.1333540
    endloop
  endfacet
  facet normal 0.8254686 -0.3414885 0.4494299
    outer loop
      vertex 18.3800380 0.3227780 7.0296750
      vertex 18.4353600 0.4565060 7.0296750
      vertex 18.3744660 0.4457600 7.1333540
    endloop
  endfacet
  facet normal 0.8603140 -0.1365402 0.4911380
    outer loop
      vertex 18.3744660 0.4457600 7.1333540
      vertex 18.4353600 0.4565060 7.0296750
      vertex 18.3989430 0.5999850 7.1333540
    endloop
  endfacet
  facet normal 0.8763577 -0.1154702 0.4676150
    outer loop
      vertex 18.4353600 0.4565060 7.0296750
      vertex 18.4542650 0.5999850 7.0296750
      vertex 18.3989430 0.5999850 7.1333540
    endloop
  endfacet
  facet normal 0 0.8822592 0.4707640
    outer loop
      vertex 17.9000500 7.9542290 7.0296750
      vertex -17.9000500 7.9542290 7.0296750
      vertex -17.9000500 7.8989070 7.1333540
    endloop
  endfacet
  facet normal 0 0.8822592 0.4707640
    outer loop
      vertex 17.9000500 7.9542290 7.0296750
      vertex -17.9000500 7.8989070 7.1333540
      vertex 17.9000500 7.8989070 7.1333540
    endloop
  endfacet
  facet normal -0.8822592 0 0.4707640
    outer loop
      vertex -18.4542650 7.4000140 7.0296750
      vertex -18.4542650 0.5999850 7.0296750
      vertex -18.3989430 0.5999850 7.1333540
    endloop
  endfacet
  facet normal -0.8822592 0 0.4707640
    outer loop
      vertex -18.4542650 7.4000140 7.0296750
      vertex -18.3989430 0.5999850 7.1333540
      vertex -18.3989430 7.4000140 7.1333540
    endloop
  endfacet
  facet normal 0 -0.8822592 0.4707640
    outer loop
      vertex -17.9000500 0.0457700 7.0296750
      vertex 17.9000500 0.0457700 7.0296750
      vertex 17.9000500 0.1010920 7.1333540
    endloop
  endfacet
  facet normal 0 -0.8822592 0.4707640
    outer loop
      vertex -17.9000500 0.0457700 7.0296750
      vertex 17.9000500 0.1010920 7.1333540
      vertex -17.9000500 0.1010920 7.1333540
    endloop
  endfacet
  facet normal 0.8822592 0 0.4707640
    outer loop
      vertex 18.4542650 0.5999850 7.0296750
      vertex 18.4542650 7.4000140 7.0296750
      vertex 18.3989430 7.4000140 7.1333540
    endloop
  endfacet
  facet normal 0.8822592 0 0.4707640
    outer loop
      vertex 18.4542650 0.5999850 7.0296750
      vertex 18.3989430 7.4000140 7.1333540
      vertex 18.3989430 0.5999850 7.1333540
    endloop
  endfacet
  facet normal 0.8763577 -0.1154702 -0.4676150
    outer loop
      vertex 18.4542650 0.5999850 0.3703390
      vertex 18.4353600 0.4565060 0.3703390
      vertex 18.3989430 0.5999850 0.2666600
    endloop
  endfacet
  facet normal 0.8603140 -0.1365402 -0.4911380
    outer loop
      vertex 18.3989430 0.5999850 0.2666600
      vertex 18.4353600 0.4565060 0.3703390
      vertex 18.3744660 0.4457600 0.2666600
    endloop
  endfacet
  facet normal 0.8254686 -0.3414885 -0.4494299
    outer loop
      vertex 18.4353600 0.4565060 0.3703390
      vertex 18.3800380 0.3227780 0.3703390
      vertex 18.3744660 0.4457600 0.2666600
    endloop
  endfacet
  facet normal 0.7683101 -0.3918601 -0.5061080
    outer loop
      vertex 18.3744660 0.4457600 0.2666600
      vertex 18.3800380 0.3227780 0.3703390
      vertex 18.3036220 0.3068580 0.2666600
    endloop
  endfacet
  facet normal 0.7119624 -0.5466193 -0.4408139
    outer loop
      vertex 18.3800380 0.3227780 0.3703390
      vertex 18.2918810 0.2079550 0.3703390
      vertex 18.3036220 0.3068580 0.2666600
    endloop
  endfacet
  facet normal 0.6078200 -0.6078200 -0.5109888
    outer loop
      vertex 18.3036220 0.3068580 0.2666600
      vertex 18.2918810 0.2079550 0.3703390
      vertex 18.1931770 0.1964130 0.2666600
    endloop
  endfacet
  facet normal 0.5464074 -0.7120603 -0.4409185
    outer loop
      vertex 18.2918810 0.2079550 0.3703390
      vertex 18.1772570 0.1199970 0.3703390
      vertex 18.1931770 0.1964130 0.2666600
    endloop
  endfacet
  facet normal 0.3913684 -0.7684453 -0.5062831
    outer loop
      vertex 18.1931770 0.1964130 0.2666600
      vertex 18.1772570 0.1199970 0.3703390
      vertex 18.0540760 0.1255690 0.2666600
    endloop
  endfacet
  facet normal 0.3422473 -0.8243376 -0.4509261
    outer loop
      vertex 18.1772570 0.1199970 0.3703390
      vertex 18.0435290 0.0644760 0.3703390
      vertex 18.0540760 0.1255690 0.2666600
    endloop
  endfacet
  facet normal 0.1365859 -0.8594920 -0.4925624
    outer loop
      vertex 18.0540760 0.1255690 0.2666600
      vertex 18.0435290 0.0644760 0.3703390
      vertex 17.9000500 0.1010920 0.2666600
    endloop
  endfacet
  facet normal 0.1142706 -0.8764801 -0.4676803
    outer loop
      vertex 18.0435290 0.0644760 0.3703390
      vertex 17.9000500 0.0457700 0.3703390
      vertex 17.9000500 0.1010920 0.2666600
    endloop
  endfacet
  facet normal -0.1142706 -0.8764801 -0.4676803
    outer loop
      vertex -17.9000500 0.0457700 0.3703390
      vertex -18.0435290 0.0644760 0.3703390
      vertex -17.9000500 0.1010920 0.2666600
    endloop
  endfacet
  facet normal -0.1365859 -0.8594920 -0.4925624
    outer loop
      vertex -17.9000500 0.1010920 0.2666600
      vertex -18.0435290 0.0644760 0.3703390
      vertex -18.0540760 0.1255690 0.2666600
    endloop
  endfacet
  facet normal -0.3422473 -0.8243376 -0.4509261
    outer loop
      vertex -18.0435290 0.0644760 0.3703390
      vertex -18.1772570 0.1199970 0.3703390
      vertex -18.0540760 0.1255690 0.2666600
    endloop
  endfacet
  facet normal -0.3913684 -0.7684453 -0.5062831
    outer loop
      vertex -18.0540760 0.1255690 0.2666600
      vertex -18.1772570 0.1199970 0.3703390
      vertex -18.1931770 0.1964130 0.2666600
    endloop
  endfacet
  facet normal -0.5464074 -0.7120603 -0.4409185
    outer loop
      vertex -18.1772570 0.1199970 0.3703390
      vertex -18.2918810 0.2079550 0.3703390
      vertex -18.1931770 0.1964130 0.2666600
    endloop
  endfacet
  facet normal -0.6078200 -0.6078200 -0.5109888
    outer loop
      vertex -18.1931770 0.1964130 0.2666600
      vertex -18.2918810 0.2079550 0.3703390
      vertex -18.3036220 0.3068580 0.2666600
    endloop
  endfacet
  facet normal -0.7119624 -0.5466193 -0.4408139
    outer loop
      vertex -18.2918810 0.2079550 0.3703390
      vertex -18.3800380 0.3227780 0.3703390
      vertex -18.3036220 0.3068580 0.2666600
    endloop
  endfacet
  facet normal -0.7683101 -0.3918601 -0.5061080
    outer loop
      vertex -18.3036220 0.3068580 0.2666600
      vertex -18.3800380 0.3227780 0.3703390
      vertex -18.3744660 0.4457600 0.2666600
    endloop
  endfacet
  facet normal -0.8254686 -0.3414885 -0.4494299
    outer loop
      vertex -18.3800380 0.3227780 0.3703390
      vertex -18.4353600 0.4565060 0.3703390
      vertex -18.3744660 0.4457600 0.2666600
    endloop
  endfacet
  facet normal -0.8603140 -0.1365402 -0.4911380
    outer loop
      vertex -18.3744660 0.4457600 0.2666600
      vertex -18.4353600 0.4565060 0.3703390
      vertex -18.3989430 0.5999850 0.2666600
    endloop
  endfacet
  facet normal -0.8763577 -0.1154702 -0.4676150
    outer loop
      vertex -18.4353600 0.4565060 0.3703390
      vertex -18.4542650 0.5999850 0.3703390
      vertex -18.3989430 0.5999850 0.2666600
    endloop
  endfacet
  facet normal -0.8763577 0.1154702 -0.4676150
    outer loop
      vertex -18.4542650 7.4000140 0.3703390
      vertex -18.4353600 7.5434930 0.3703390
      vertex -18.3989430 7.4000140 0.2666600
    endloop
  endfacet
  facet normal -0.8603140 0.1365402 -0.4911380
    outer loop
      vertex -18.3989430 7.4000140 0.2666600
      vertex -18.4353600 7.5434930 0.3703390
      vertex -18.3744660 7.5542390 0.2666600
    endloop
  endfacet
  facet normal -0.8254686 0.3414885 -0.4494299
    outer loop
      vertex -18.4353600 7.5434930 0.3703390
      vertex -18.3800380 7.6772210 0.3703390
      vertex -18.3744660 7.5542390 0.2666600
    endloop
  endfacet
  facet normal -0.7683101 0.3918601 -0.5061080
    outer loop
      vertex -18.3744660 7.5542390 0.2666600
      vertex -18.3800380 7.6772210 0.3703390
      vertex -18.3036220 7.6931410 0.2666600
    endloop
  endfacet
  facet normal -0.7119624 0.5466193 -0.4408139
    outer loop
      vertex -18.3800380 7.6772210 0.3703390
      vertex -18.2918810 7.7920440 0.3703390
      vertex -18.3036220 7.6931410 0.2666600
    endloop
  endfacet
  facet normal -0.6078200 0.6078200 -0.5109888
    outer loop
      vertex -18.3036220 7.6931410 0.2666600
      vertex -18.2918810 7.7920440 0.3703390
      vertex -18.1931770 7.8035860 0.2666600
    endloop
  endfacet
  facet normal -0.5464074 0.7120603 -0.4409185
    outer loop
      vertex -18.2918810 7.7920440 0.3703390
      vertex -18.1772570 7.8800020 0.3703390
      vertex -18.1931770 7.8035860 0.2666600
    endloop
  endfacet
  facet normal -0.3913684 0.7684453 -0.5062831
    outer loop
      vertex -18.1931770 7.8035860 0.2666600
      vertex -18.1772570 7.8800020 0.3703390
      vertex -18.0540760 7.8744300 0.2666600
    endloop
  endfacet
  facet normal -0.3422473 0.8243376 -0.4509261
    outer loop
      vertex -18.1772570 7.8800020 0.3703390
      vertex -18.0435290 7.9355230 0.3703390
      vertex -18.0540760 7.8744300 0.2666600
    endloop
  endfacet
  facet normal -0.1365859 0.8594920 -0.4925624
    outer loop
      vertex -18.0540760 7.8744300 0.2666600
      vertex -18.0435290 7.9355230 0.3703390
      vertex -17.9000500 7.8989070 0.2666600
    endloop
  endfacet
  facet normal -0.1142706 0.8764801 -0.4676803
    outer loop
      vertex -18.0435290 7.9355230 0.3703390
      vertex -17.9000500 7.9542290 0.3703390
      vertex -17.9000500 7.8989070 0.2666600
    endloop
  endfacet
  facet normal 0.1142706 0.8764801 -0.4676803
    outer loop
      vertex 17.9000500 7.9542290 0.3703390
      vertex 18.0435290 7.9355230 0.3703390
      vertex 17.9000500 7.8989070 0.2666600
    endloop
  endfacet
  facet normal 0.1365859 0.8594920 -0.4925624
    outer loop
      vertex 17.9000500 7.8989070 0.2666600
      vertex 18.0435290 7.9355230 0.3703390
      vertex 18.0540760 7.8744300 0.2666600
    endloop
  endfacet
  facet normal 0.3422473 0.8243376 -0.4509261
    outer loop
      vertex 18.0435290 7.9355230 0.3703390
      vertex 18.1772570 7.8800020 0.3703390
      vertex 18.0540760 7.8744300 0.2666600
    endloop
  endfacet
  facet normal 0.3913684 0.7684453 -0.5062831
    outer loop
      vertex 18.0540760 7.8744300 0.2666600
      vertex 18.1772570 7.8800020 0.3703390
      vertex 18.1931770 7.8035860 0.2666600
    endloop
  endfacet
  facet normal 0.5464074 0.7120603 -0.4409185
    outer loop
      vertex 18.1772570 7.8800020 0.3703390
      vertex 18.2918810 7.7920440 0.3703390
      vertex 18.1931770 7.8035860 0.2666600
    endloop
  endfacet
  facet normal 0.6078200 0.6078200 -0.5109888
    outer loop
      vertex 18.1931770 7.8035860 0.2666600
      vertex 18.2918810 7.7920440 0.3703390
      vertex 18.3036220 7.6931410 0.2666600
    endloop
  endfacet
  facet normal 0.7119624 0.5466193 -0.4408139
    outer loop
      vertex 18.2918810 7.7920440 0.3703390
      vertex 18.3800380 7.6772210 0.3703390
      vertex 18.3036220 7.6931410 0.2666600
    endloop
  endfacet
  facet normal 0.7683101 0.3918601 -0.5061080
    outer loop
      vertex 18.3036220 7.6931410 0.2666600
      vertex 18.3800380 7.6772210 0.3703390
      vertex 18.3744660 7.5542390 0.2666600
    endloop
  endfacet
  facet normal 0.8254686 0.3414885 -0.4494299
    outer loop
      vertex 18.3800380 7.6772210 0.3703390
      vertex 18.4353600 7.5434930 0.3703390
      vertex 18.3744660 7.5542390 0.2666600
    endloop
  endfacet
  facet normal 0.8603140 0.1365402 -0.4911380
    outer loop
      vertex 18.3744660 7.5542390 0.2666600
      vertex 18.4353600 7.5434930 0.3703390
      vertex 18.3989430 7.4000140 0.2666600
    endloop
  endfacet
  facet normal 0.8763577 0.1154702 -0.4676150
    outer loop
      vertex 18.4353600 7.5434930 0.3703390
      vertex 18.4542650 7.4000140 0.3703390
      vertex 18.3989430 7.4000140 0.2666600
    endloop
  endfacet
  facet normal 0 -0.8822592 -0.4707640
    outer loop
      vertex 17.9000500 0.0457700 0.3703390
      vertex -17.9000500 0.0457700 0.3703390
      vertex -17.9000500 0.1010920 0.2666600
    endloop
  endfacet
  facet normal 0 -0.8822592 -0.4707640
    outer loop
      vertex 17.9000500 0.0457700 0.3703390
      vertex -17.9000500 0.1010920 0.2666600
      vertex 17.9000500 0.1010920 0.2666600
    endloop
  endfacet
  facet normal -0.8822592 0 -0.4707640
    outer loop
      vertex -18.4542650 0.5999850 0.3703390
      vertex -18.4542650 7.4000140 0.3703390
      vertex -18.3989430 7.4000140 0.2666600
    endloop
  endfacet
  facet normal -0.8822592 0 -0.4707640
    outer loop
      vertex -18.4542650 0.5999850 0.3703390
      vertex -18.3989430 7.4000140 0.2666600
      vertex -18.3989430 0.5999850 0.2666600
    endloop
  endfacet
  facet normal 0 0.8822592 -0.4707640
    outer loop
      vertex -17.9000500 7.9542290 0.3703390
      vertex 17.9000500 7.9542290 0.3703390
      vertex 17.9000500 7.8989070 0.2666600
    endloop
  endfacet
  facet normal 0 0.8822592 -0.4707640
    outer loop
      vertex -17.9000500 7.9542290 0.3703390
      vertex 17.9000500 7.8989070 0.2666600
      vertex -17.9000500 7.8989070 0.2666600
    endloop
  endfacet
  facet normal 0.8822592 0 -0.4707640
    outer loop
      vertex 18.4542650 7.4000140 0.3703390
      vertex 18.4542650 0.5999850 0.3703390
      vertex 18.3989430 0.5999850 0.2666600
    endloop
  endfacet
  facet normal 0.8822592 0 -0.4707640
    outer loop
      vertex 18.4542650 7.4000140 0.3703390
      vertex 18.3989430 0.5999850 0.2666600
      vertex 18.3989430 7.4000140 0.2666600
    endloop
  endfacet
  facet normal 0.7672986 0.1217777 0.6296214
    outer loop
      vertex 18.3989430 7.4000140 7.1333540
      vertex 18.3744660 7.5542390 7.1333540
      vertex 18.3243180 7.4000140 7.2242970
    endloop
  endfacet
  facet normal 0.7387544 0.1475698 0.6576208
    outer loop
      vertex 18.3243180 7.4000140 7.2242970
      vertex 18.3744660 7.5542390 7.1333540
      vertex 18.2918810 7.5623980 7.2242970
    endloop
  endfacet
  facet normal 0.7064435 0.3603064 0.6091936
    outer loop
      vertex 18.3744660 7.5542390 7.1333540
      vertex 18.3036220 7.6931410 7.1333540
      vertex 18.2918810 7.5623980 7.2242970
    endloop
  endfacet
  facet normal 0.6159502 0.4118220 0.6715713
    outer loop
      vertex 18.2918810 7.5623980 7.2242970
      vertex 18.3036220 7.6931410 7.1333540
      vertex 18.1999430 7.6999070 7.2242970
    endloop
  endfacet
  facet normal 0.5647284 0.5647284 0.6018003
    outer loop
      vertex 18.3036220 7.6931410 7.1333540
      vertex 18.1931770 7.8035860 7.1333540
      vertex 18.1999430 7.6999070 7.2242970
    endloop
  endfacet
  facet normal 0.4125801 0.6157513 0.6712882
    outer loop
      vertex 18.1999430 7.6999070 7.2242970
      vertex 18.1931770 7.8035860 7.1333540
      vertex 18.0624340 7.7920440 7.2242970
    endloop
  endfacet
  facet normal 0.3603594 0.7075596 0.6078656
    outer loop
      vertex 18.1931770 7.8035860 7.1333540
      vertex 18.0540760 7.8744300 7.1333540
      vertex 18.0624340 7.7920440 7.2242970
    endloop
  endfacet
  facet normal 0.1468632 0.7397553 0.6566531
    outer loop
      vertex 18.0624340 7.7920440 7.2242970
      vertex 18.0540760 7.8744300 7.1333540
      vertex 17.9000500 7.8242820 7.2242970
    endloop
  endfacet
  facet normal 0.1219327 0.7672839 0.6296093
    outer loop
      vertex 18.0540760 7.8744300 7.1333540
      vertex 17.9000500 7.8989070 7.1333540
      vertex 17.9000500 7.8242820 7.2242970
    endloop
  endfacet
  facet normal -0.1219327 0.7672839 0.6296093
    outer loop
      vertex -17.9000500 7.8989070 7.1333540
      vertex -18.0540760 7.8744300 7.1333540
      vertex -17.9000500 7.8242820 7.2242970
    endloop
  endfacet
  facet normal -0.1468632 0.7397553 0.6566531
    outer loop
      vertex -17.9000500 7.8242820 7.2242970
      vertex -18.0540760 7.8744300 7.1333540
      vertex -18.0624340 7.7920440 7.2242970
    endloop
  endfacet
  facet normal -0.3603594 0.7075596 0.6078656
    outer loop
      vertex -18.0540760 7.8744300 7.1333540
      vertex -18.1931770 7.8035860 7.1333540
      vertex -18.0624340 7.7920440 7.2242970
    endloop
  endfacet
  facet normal -0.4125801 0.6157513 0.6712882
    outer loop
      vertex -18.0624340 7.7920440 7.2242970
      vertex -18.1931770 7.8035860 7.1333540
      vertex -18.1999430 7.6999070 7.2242970
    endloop
  endfacet
  facet normal -0.5647284 0.5647284 0.6018003
    outer loop
      vertex -18.1931770 7.8035860 7.1333540
      vertex -18.3036220 7.6931410 7.1333540
      vertex -18.1999430 7.6999070 7.2242970
    endloop
  endfacet
  facet normal -0.6159502 0.4118220 0.6715713
    outer loop
      vertex -18.1999430 7.6999070 7.2242970
      vertex -18.3036220 7.6931410 7.1333540
      vertex -18.2918810 7.5623980 7.2242970
    endloop
  endfacet
  facet normal -0.7064435 0.3603064 0.6091936
    outer loop
      vertex -18.3036220 7.6931410 7.1333540
      vertex -18.3744660 7.5542390 7.1333540
      vertex -18.2918810 7.5623980 7.2242970
    endloop
  endfacet
  facet normal -0.7387544 0.1475698 0.6576208
    outer loop
      vertex -18.2918810 7.5623980 7.2242970
      vertex -18.3744660 7.5542390 7.1333540
      vertex -18.3243180 7.4000140 7.2242970
    endloop
  endfacet
  facet normal -0.7672986 0.1217777 0.6296214
    outer loop
      vertex -18.3744660 7.5542390 7.1333540
      vertex -18.3989430 7.4000140 7.1333540
      vertex -18.3243180 7.4000140 7.2242970
    endloop
  endfacet
  facet normal -0.7672986 -0.1217777 0.6296214
    outer loop
      vertex -18.3989430 0.5999850 7.1333540
      vertex -18.3744660 0.4457600 7.1333540
      vertex -18.3243180 0.5999850 7.2242970
    endloop
  endfacet
  facet normal -0.7387544 -0.1475698 0.6576208
    outer loop
      vertex -18.3243180 0.5999850 7.2242970
      vertex -18.3744660 0.4457600 7.1333540
      vertex -18.2918810 0.4376010 7.2242970
    endloop
  endfacet
  facet normal -0.7064435 -0.3603064 0.6091936
    outer loop
      vertex -18.3744660 0.4457600 7.1333540
      vertex -18.3036220 0.3068580 7.1333540
      vertex -18.2918810 0.4376010 7.2242970
    endloop
  endfacet
  facet normal -0.6159502 -0.4118220 0.6715713
    outer loop
      vertex -18.2918810 0.4376010 7.2242970
      vertex -18.3036220 0.3068580 7.1333540
      vertex -18.1999430 0.3000920 7.2242970
    endloop
  endfacet
  facet normal -0.5647284 -0.5647284 0.6018003
    outer loop
      vertex -18.3036220 0.3068580 7.1333540
      vertex -18.1931770 0.1964130 7.1333540
      vertex -18.1999430 0.3000920 7.2242970
    endloop
  endfacet
  facet normal -0.4125801 -0.6157513 0.6712882
    outer loop
      vertex -18.1999430 0.3000920 7.2242970
      vertex -18.1931770 0.1964130 7.1333540
      vertex -18.0624340 0.2079550 7.2242970
    endloop
  endfacet
  facet normal -0.3603594 -0.7075596 0.6078656
    outer loop
      vertex -18.1931770 0.1964130 7.1333540
      vertex -18.0540760 0.1255690 7.1333540
      vertex -18.0624340 0.2079550 7.2242970
    endloop
  endfacet
  facet normal -0.1468632 -0.7397553 0.6566531
    outer loop
      vertex -18.0624340 0.2079550 7.2242970
      vertex -18.0540760 0.1255690 7.1333540
      vertex -17.9000500 0.1757170 7.2242970
    endloop
  endfacet
  facet normal -0.1219327 -0.7672839 0.6296093
    outer loop
      vertex -18.0540760 0.1255690 7.1333540
      vertex -17.9000500 0.1010920 7.1333540
      vertex -17.9000500 0.1757170 7.2242970
    endloop
  endfacet
  facet normal 0.1219327 -0.7672839 0.6296093
    outer loop
      vertex 17.9000500 0.1010920 7.1333540
      vertex 18.0540760 0.1255690 7.1333540
      vertex 17.9000500 0.1757170 7.2242970
    endloop
  endfacet
  facet normal 0.1468632 -0.7397553 0.6566531
    outer loop
      vertex 17.9000500 0.1757170 7.2242970
      vertex 18.0540760 0.1255690 7.1333540
      vertex 18.0624340 0.2079550 7.2242970
    endloop
  endfacet
  facet normal 0.3603594 -0.7075596 0.6078656
    outer loop
      vertex 18.0540760 0.1255690 7.1333540
      vertex 18.1931770 0.1964130 7.1333540
      vertex 18.0624340 0.2079550 7.2242970
    endloop
  endfacet
  facet normal 0.4125801 -0.6157513 0.6712882
    outer loop
      vertex 18.0624340 0.2079550 7.2242970
      vertex 18.1931770 0.1964130 7.1333540
      vertex 18.1999430 0.3000920 7.2242970
    endloop
  endfacet
  facet normal 0.5647284 -0.5647284 0.6018003
    outer loop
      vertex 18.1931770 0.1964130 7.1333540
      vertex 18.3036220 0.3068580 7.1333540
      vertex 18.1999430 0.3000920 7.2242970
    endloop
  endfacet
  facet normal 0.6159502 -0.4118220 0.6715713
    outer loop
      vertex 18.1999430 0.3000920 7.2242970
      vertex 18.3036220 0.3068580 7.1333540
      vertex 18.2918810 0.4376010 7.2242970
    endloop
  endfacet
  facet normal 0.7064435 -0.3603064 0.6091936
    outer loop
      vertex 18.3036220 0.3068580 7.1333540
      vertex 18.3744660 0.4457600 7.1333540
      vertex 18.2918810 0.4376010 7.2242970
    endloop
  endfacet
  facet normal 0.7387544 -0.1475698 0.6576208
    outer loop
      vertex 18.2918810 0.4376010 7.2242970
      vertex 18.3744660 0.4457600 7.1333540
      vertex 18.3243180 0.5999850 7.2242970
    endloop
  endfacet
  facet normal 0.7672986 -0.1217777 0.6296214
    outer loop
      vertex 18.3744660 0.4457600 7.1333540
      vertex 18.3989430 0.5999850 7.1333540
      vertex 18.3243180 0.5999850 7.2242970
    endloop
  endfacet
  facet normal 0 0.7730521 0.6343425
    outer loop
      vertex 17.9000500 7.8989070 7.1333540
      vertex -17.9000500 7.8989070 7.1333540
      vertex -17.9000500 7.8242820 7.2242970
    endloop
  endfacet
  facet normal 0 0.7730521 0.6343425
    outer loop
      vertex 17.9000500 7.8989070 7.1333540
      vertex -17.9000500 7.8242820 7.2242970
      vertex 17.9000500 7.8242820 7.2242970
    endloop
  endfacet
  facet normal -0.7730521 0 0.6343425
    outer loop
      vertex -18.3989430 7.4000140 7.1333540
      vertex -18.3989430 0.5999850 7.1333540
      vertex -18.3243180 0.5999850 7.2242970
    endloop
  endfacet
  facet normal -0.7730521 0 0.6343425
    outer loop
      vertex -18.3989430 7.4000140 7.1333540
      vertex -18.3243180 0.5999850 7.2242970
      vertex -18.3243180 7.4000140 7.2242970
    endloop
  endfacet
  facet normal 0 -0.7730521 0.6343425
    outer loop
      vertex -17.9000500 0.1010920 7.1333540
      vertex 17.9000500 0.1010920 7.1333540
      vertex 17.9000500 0.1757170 7.2242970
    endloop
  endfacet
  facet normal 0 -0.7730521 0.6343425
    outer loop
      vertex -17.9000500 0.1010920 7.1333540
      vertex 17.9000500 0.1757170 7.2242970
      vertex -17.9000500 0.1757170 7.2242970
    endloop
  endfacet
  facet normal 0.7730521 0 0.6343425
    outer loop
      vertex 18.3989430 0.5999850 7.1333540
      vertex 18.3989430 7.4000140 7.1333540
      vertex 18.3243180 7.4000140 7.2242970
    endloop
  endfacet
  facet normal 0.7730521 0 0.6343425
    outer loop
      vertex 18.3989430 0.5999850 7.1333540
      vertex 18.3243180 7.4000140 7.2242970
      vertex 18.3243180 0.5999850 7.2242970
    endloop
  endfacet
  facet normal 0.7672986 -0.1217777 -0.6296214
    outer loop
      vertex 18.3989430 0.5999850 0.2666600
      vertex 18.3744660 0.4457600 0.2666600
      vertex 18.3243180 0.5999850 0.1757170
    endloop
  endfacet
  facet normal 0.7387544 -0.1475698 -0.6576208
    outer loop
      vertex 18.3243180 0.5999850 0.1757170
      vertex 18.3744660 0.4457600 0.2666600
      vertex 18.2918810 0.4376010 0.1757170
    endloop
  endfacet
  facet normal 0.7064435 -0.3603064 -0.6091936
    outer loop
      vertex 18.3744660 0.4457600 0.2666600
      vertex 18.3036220 0.3068580 0.2666600
      vertex 18.2918810 0.4376010 0.1757170
    endloop
  endfacet
  facet normal 0.6159502 -0.4118220 -0.6715713
    outer loop
      vertex 18.2918810 0.4376010 0.1757170
      vertex 18.3036220 0.3068580 0.2666600
      vertex 18.1999430 0.3000920 0.1757170
    endloop
  endfacet
  facet normal 0.5647284 -0.5647284 -0.6018003
    outer loop
      vertex 18.3036220 0.3068580 0.2666600
      vertex 18.1931770 0.1964130 0.2666600
      vertex 18.1999430 0.3000920 0.1757170
    endloop
  endfacet
  facet normal 0.4125801 -0.6157513 -0.6712882
    outer loop
      vertex 18.1999430 0.3000920 0.1757170
      vertex 18.1931770 0.1964130 0.2666600
      vertex 18.0624340 0.2079550 0.1757170
    endloop
  endfacet
  facet normal 0.3603594 -0.7075596 -0.6078656
    outer loop
      vertex 18.1931770 0.1964130 0.2666600
      vertex 18.0540760 0.1255690 0.2666600
      vertex 18.0624340 0.2079550 0.1757170
    endloop
  endfacet
  facet normal 0.1468632 -0.7397553 -0.6566531
    outer loop
      vertex 18.0624340 0.2079550 0.1757170
      vertex 18.0540760 0.1255690 0.2666600
      vertex 17.9000500 0.1757170 0.1757170
    endloop
  endfacet
  facet normal 0.1219327 -0.7672839 -0.6296093
    outer loop
      vertex 18.0540760 0.1255690 0.2666600
      vertex 17.9000500 0.1010920 0.2666600
      vertex 17.9000500 0.1757170 0.1757170
    endloop
  endfacet
  facet normal -0.1219327 -0.7672839 -0.6296093
    outer loop
      vertex -17.9000500 0.1010920 0.2666600
      vertex -18.0540760 0.1255690 0.2666600
      vertex -17.9000500 0.1757170 0.1757170
    endloop
  endfacet
  facet normal -0.1468632 -0.7397553 -0.6566531
    outer loop
      vertex -17.9000500 0.1757170 0.1757170
      vertex -18.0540760 0.1255690 0.2666600
      vertex -18.0624340 0.2079550 0.1757170
    endloop
  endfacet
  facet normal -0.3603594 -0.7075596 -0.6078656
    outer loop
      vertex -18.0540760 0.1255690 0.2666600
      vertex -18.1931770 0.1964130 0.2666600
      vertex -18.0624340 0.2079550 0.1757170
    endloop
  endfacet
  facet normal -0.4125801 -0.6157513 -0.6712882
    outer loop
      vertex -18.0624340 0.2079550 0.1757170
      vertex -18.1931770 0.1964130 0.2666600
      vertex -18.1999430 0.3000920 0.1757170
    endloop
  endfacet
  facet normal -0.5647284 -0.5647284 -0.6018003
    outer loop
      vertex -18.1931770 0.1964130 0.2666600
      vertex -18.3036220 0.3068580 0.2666600
      vertex -18.1999430 0.3000920 0.1757170
    endloop
  endfacet
  facet normal -0.6159502 -0.4118220 -0.6715713
    outer loop
      vertex -18.1999430 0.3000920 0.1757170
      vertex -18.3036220 0.3068580 0.2666600
      vertex -18.2918810 0.4376010 0.1757170
    endloop
  endfacet
  facet normal -0.7064435 -0.3603064 -0.6091936
    outer loop
      vertex -18.3036220 0.3068580 0.2666600
      vertex -18.3744660 0.4457600 0.2666600
      vertex -18.2918810 0.4376010 0.1757170
    endloop
  endfacet
  facet normal -0.7387544 -0.1475698 -0.6576208
    outer loop
      vertex -18.2918810 0.4376010 0.1757170
      vertex -18.3744660 0.4457600 0.2666600
      vertex -18.3243180 0.5999850 0.1757170
    endloop
  endfacet
  facet normal -0.7672986 -0.1217777 -0.6296214
    outer loop
      vertex -18.3744660 0.4457600 0.2666600
      vertex -18.3989430 0.5999850 0.2666600
      vertex -18.3243180 0.5999850 0.1757170
    endloop
  endfacet
  facet normal -0.7672986 0.1217777 -0.6296214
    outer loop
      vertex -18.3989430 7.4000140 0.2666600
      vertex -18.3744660 7.5542390 0.2666600
      vertex -18.3243180 7.4000140 0.1757170
    endloop
  endfacet
  facet normal -0.7387544 0.1475698 -0.6576208
    outer loop
      vertex -18.3243180 7.4000140 0.1757170
      vertex -18.3744660 7.5542390 0.2666600
      vertex -18.2918810 7.5623980 0.1757170
    endloop
  endfacet
  facet normal -0.7064435 0.3603064 -0.6091936
    outer loop
      vertex -18.3744660 7.5542390 0.2666600
      vertex -18.3036220 7.6931410 0.2666600
      vertex -18.2918810 7.5623980 0.1757170
    endloop
  endfacet
  facet normal -0.6159502 0.4118220 -0.6715713
    outer loop
      vertex -18.2918810 7.5623980 0.1757170
      vertex -18.3036220 7.6931410 0.2666600
      vertex -18.1999430 7.6999070 0.1757170
    endloop
  endfacet
  facet normal -0.5647284 0.5647284 -0.6018003
    outer loop
      vertex -18.3036220 7.6931410 0.2666600
      vertex -18.1931770 7.8035860 0.2666600
      vertex -18.1999430 7.6999070 0.1757170
    endloop
  endfacet
  facet normal -0.4125801 0.6157513 -0.6712882
    outer loop
      vertex -18.1999430 7.6999070 0.1757170
      vertex -18.1931770 7.8035860 0.2666600
      vertex -18.0624340 7.7920440 0.1757170
    endloop
  endfacet
  facet normal -0.3603594 0.7075596 -0.6078656
    outer loop
      vertex -18.1931770 7.8035860 0.2666600
      vertex -18.0540760 7.8744300 0.2666600
      vertex -18.0624340 7.7920440 0.1757170
    endloop
  endfacet
  facet normal -0.1468632 0.7397553 -0.6566531
    outer loop
      vertex -18.0624340 7.7920440 0.1757170
      vertex -18.0540760 7.8744300 0.2666600
      vertex -17.9000500 7.8242820 0.1757170
    endloop
  endfacet
  facet normal -0.1219327 0.7672839 -0.6296093
    outer loop
      vertex -18.0540760 7.8744300 0.2666600
      vertex -17.9000500 7.8989070 0.2666600
      vertex -17.9000500 7.8242820 0.1757170
    endloop
  endfacet
  facet normal 0.1219327 0.7672839 -0.6296093
    outer loop
      vertex 17.9000500 7.8989070 0.2666600
      vertex 18.0540760 7.8744300 0.2666600
      vertex 17.9000500 7.8242820 0.1757170
    endloop
  endfacet
  facet normal 0.1468632 0.7397553 -0.6566531
    outer loop
      vertex 17.9000500 7.8242820 0.1757170
      vertex 18.0540760 7.8744300 0.2666600
      vertex 18.0624340 7.7920440 0.1757170
    endloop
  endfacet
  facet normal 0.3603594 0.7075596 -0.6078656
    outer loop
      vertex 18.0540760 7.8744300 0.2666600
      vertex 18.1931770 7.8035860 0.2666600
      vertex 18.0624340 7.7920440 0.1757170
    endloop
  endfacet
  facet normal 0.4125801 0.6157513 -0.6712882
    outer loop
      vertex 18.0624340 7.7920440 0.1757170
      vertex 18.1931770 7.8035860 0.2666600
      vertex 18.1999430 7.6999070 0.1757170
    endloop
  endfacet
  facet normal 0.5647284 0.5647284 -0.6018003
    outer loop
      vertex 18.1931770 7.8035860 0.2666600
      vertex 18.3036220 7.6931410 0.2666600
      vertex 18.1999430 7.6999070 0.1757170
    endloop
  endfacet
  facet normal 0.6159502 0.4118220 -0.6715713
    outer loop
      vertex 18.1999430 7.6999070 0.1757170
      vertex 18.3036220 7.6931410 0.2666600
      vertex 18.2918810 7.5623980 0.1757170
    endloop
  endfacet
  facet normal 0.7064435 0.3603064 -0.6091936
    outer loop
      vertex 18.3036220 7.6931410 0.2666600
      vertex 18.3744660 7.5542390 0.2666600
      vertex 18.2918810 7.5623980 0.1757170
    endloop
  endfacet
  facet normal 0.7387544 0.1475698 -0.6576208
    outer loop
      vertex 18.2918810 7.5623980 0.1757170
      vertex 18.3744660 7.5542390 0.2666600
      vertex 18.3243180 7.4000140 0.1757170
    endloop
  endfacet
  facet normal 0.7672986 0.1217777 -0.6296214
    outer loop
      vertex 18.3744660 7.5542390 0.2666600
      vertex 18.3989430 7.4000140 0.2666600
      vertex 18.3243180 7.4000140 0.1757170
    endloop
  endfacet
  facet normal 0 -0.7730521 -0.6343425
    outer loop
      vertex 17.9000500 0.1010920 0.2666600
      vertex -17.9000500 0.1010920 0.2666600
      vertex -17.9000500 0.1757170 0.1757170
    endloop
  endfacet
  facet normal 0 -0.7730521 -0.6343425
    outer loop
      vertex 17.9000500 0.1010920 0.2666600
      vertex -17.9000500 0.1757170 0.1757170
      vertex 17.9000500 0.1757170 0.1757170
    endloop
  endfacet
  facet normal -0.7730521 0 -0.6343425
    outer loop
      vertex -18.3989430 0.5999850 0.2666600
      vertex -18.3989430 7.4000140 0.2666600
      vertex -18.3243180 7.4000140 0.1757170
    endloop
  endfacet
  facet normal -0.7730521 0 -0.6343425
    outer loop
      vertex -18.3989430 0.5999850 0.2666600
      vertex -18.3243180 7.4000140 0.1757170
      vertex -18.3243180 0.5999850 0.1757170
    endloop
  endfacet
  facet normal 0 0.7730521 -0.6343425
    outer loop
      vertex -17.9000500 7.8989070 0.2666600
      vertex 17.9000500 7.8989070 0.2666600
      vertex 17.9000500 7.8242820 0.1757170
    endloop
  endfacet
  facet normal 0 0.7730521 -0.6343425
    outer loop
      vertex -17.9000500 7.8989070 0.2666600
      vertex 17.9000500 7.8242820 0.1757170
      vertex -17.9000500 7.8242820 0.1757170
    endloop
  endfacet
  facet normal 0.7730521 0 -0.6343425
    outer loop
      vertex 18.3989430 7.4000140 0.2666600
      vertex 18.3989430 0.5999850 0.2666600
      vertex 18.3243180 0.5999850 0.1757170
    endloop
  endfacet
  facet normal 0.7730521 0 -0.6343425
    outer loop
      vertex 18.3989430 7.4000140 0.2666600
      vertex 18.3243180 0.5999850 0.1757170
      vertex 18.3243180 7.4000140 0.1757170
    endloop
  endfacet
  facet normal 0.6293105 0.1257079 0.7669197
    outer loop
      vertex 18.3243180 7.4000140 7.2242970
      vertex 18.2918810 7.5623980 7.2242970
      vertex 18.2333750 7.4000140 7.2989220
    endloop
  endfacet
  facet normal 0.5825903 0.1566103 0.7975348
    outer loop
      vertex 18.2333750 7.4000140 7.2989220
      vertex 18.2918810 7.5623980 7.2242970
      vertex 18.1886000 7.5665770 7.2989220
    endloop
  endfacet
  facet normal 0.5538283 0.3702875 0.7457623
    outer loop
      vertex 18.2918810 7.5623980 7.2242970
      vertex 18.1999430 7.6999070 7.2242970
      vertex 18.1886000 7.5665770 7.2989220
    endloop
  endfacet
  facet normal 0.4172502 0.4165707 0.8076950
    outer loop
      vertex 18.1886000 7.5665770 7.2989220
      vertex 18.1999430 7.6999070 7.2242970
      vertex 18.0666130 7.6887630 7.2989220
    endloop
  endfacet
  facet normal 0.3709912 0.5536824 0.7455209
    outer loop
      vertex 18.1999430 7.6999070 7.2242970
      vertex 18.0624340 7.7920440 7.2242970
      vertex 18.0666130 7.6887630 7.2989220
    endloop
  endfacet
  facet normal 0.1559264 0.5826356 0.7976357
    outer loop
      vertex 18.0666130 7.6887630 7.2989220
      vertex 18.0624340 7.7920440 7.2242970
      vertex 17.9000500 7.7333390 7.2989220
    endloop
  endfacet
  facet normal 0.1249487 0.6293713 0.7669938
    outer loop
      vertex 18.0624340 7.7920440 7.2242970
      vertex 17.9000500 7.8242820 7.2242970
      vertex 17.9000500 7.7333390 7.2989220
    endloop
  endfacet
  facet normal -0.1249487 0.6293713 0.7669938
    outer loop
      vertex -17.9000500 7.8242820 7.2242970
      vertex -18.0624340 7.7920440 7.2242970
      vertex -17.9000500 7.7333390 7.2989220
    endloop
  endfacet
  facet normal -0.1559264 0.5826356 0.7976357
    outer loop
      vertex -17.9000500 7.7333390 7.2989220
      vertex -18.0624340 7.7920440 7.2242970
      vertex -18.0666130 7.6887630 7.2989220
    endloop
  endfacet
  facet normal -0.3709912 0.5536824 0.7455209
    outer loop
      vertex -18.0624340 7.7920440 7.2242970
      vertex -18.1999430 7.6999070 7.2242970
      vertex -18.0666130 7.6887630 7.2989220
    endloop
  endfacet
  facet normal -0.4172502 0.4165707 0.8076950
    outer loop
      vertex -18.0666130 7.6887630 7.2989220
      vertex -18.1999430 7.6999070 7.2242970
      vertex -18.1886000 7.5665770 7.2989220
    endloop
  endfacet
  facet normal -0.5538283 0.3702875 0.7457623
    outer loop
      vertex -18.1999430 7.6999070 7.2242970
      vertex -18.2918810 7.5623980 7.2242970
      vertex -18.1886000 7.5665770 7.2989220
    endloop
  endfacet
  facet normal -0.5825903 0.1566103 0.7975348
    outer loop
      vertex -18.1886000 7.5665770 7.2989220
      vertex -18.2918810 7.5623980 7.2242970
      vertex -18.2333750 7.4000140 7.2989220
    endloop
  endfacet
  facet normal -0.6293105 0.1257079 0.7669197
    outer loop
      vertex -18.2918810 7.5623980 7.2242970
      vertex -18.3243180 7.4000140 7.2242970
      vertex -18.2333750 7.4000140 7.2989220
    endloop
  endfacet
  facet normal -0.6293105 -0.1257079 0.7669197
    outer loop
      vertex -18.3243180 0.5999850 7.2242970
      vertex -18.2918810 0.4376010 7.2242970
      vertex -18.2333750 0.5999850 7.2989220
    endloop
  endfacet
  facet normal -0.5825903 -0.1566103 0.7975348
    outer loop
      vertex -18.2333750 0.5999850 7.2989220
      vertex -18.2918810 0.4376010 7.2242970
      vertex -18.1886000 0.4334220 7.2989220
    endloop
  endfacet
  facet normal -0.5538283 -0.3702875 0.7457623
    outer loop
      vertex -18.2918810 0.4376010 7.2242970
      vertex -18.1999430 0.3000920 7.2242970
      vertex -18.1886000 0.4334220 7.2989220
    endloop
  endfacet
  facet normal -0.4172502 -0.4165707 0.8076950
    outer loop
      vertex -18.1886000 0.4334220 7.2989220
      vertex -18.1999430 0.3000920 7.2242970
      vertex -18.0666130 0.3112360 7.2989220
    endloop
  endfacet
  facet normal -0.3709912 -0.5536824 0.7455209
    outer loop
      vertex -18.1999430 0.3000920 7.2242970
      vertex -18.0624340 0.2079550 7.2242970
      vertex -18.0666130 0.3112360 7.2989220
    endloop
  endfacet
  facet normal -0.1559264 -0.5826356 0.7976357
    outer loop
      vertex -18.0666130 0.3112360 7.2989220
      vertex -18.0624340 0.2079550 7.2242970
      vertex -17.9000500 0.2666600 7.2989220
    endloop
  endfacet
  facet normal -0.1249487 -0.6293713 0.7669938
    outer loop
      vertex -18.0624340 0.2079550 7.2242970
      vertex -17.9000500 0.1757170 7.2242970
      vertex -17.9000500 0.2666600 7.2989220
    endloop
  endfacet
  facet normal 0.1249487 -0.6293713 0.7669938
    outer loop
      vertex 17.9000500 0.1757170 7.2242970
      vertex 18.0624340 0.2079550 7.2242970
      vertex 17.9000500 0.2666600 7.2989220
    endloop
  endfacet
  facet normal 0.1559264 -0.5826356 0.7976357
    outer loop
      vertex 17.9000500 0.2666600 7.2989220
      vertex 18.0624340 0.2079550 7.2242970
      vertex 18.0666130 0.3112360 7.2989220
    endloop
  endfacet
  facet normal 0.3709912 -0.5536824 0.7455209
    outer loop
      vertex 18.0624340 0.2079550 7.2242970
      vertex 18.1999430 0.3000920 7.2242970
      vertex 18.0666130 0.3112360 7.2989220
    endloop
  endfacet
  facet normal 0.4172502 -0.4165707 0.8076950
    outer loop
      vertex 18.0666130 0.3112360 7.2989220
      vertex 18.1999430 0.3000920 7.2242970
      vertex 18.1886000 0.4334220 7.2989220
    endloop
  endfacet
  facet normal 0.5538283 -0.3702875 0.7457623
    outer loop
      vertex 18.1999430 0.3000920 7.2242970
      vertex 18.2918810 0.4376010 7.2242970
      vertex 18.1886000 0.4334220 7.2989220
    endloop
  endfacet
  facet normal 0.5825903 -0.1566103 0.7975348
    outer loop
      vertex 18.1886000 0.4334220 7.2989220
      vertex 18.2918810 0.4376010 7.2242970
      vertex 18.2333750 0.5999850 7.2989220
    endloop
  endfacet
  facet normal 0.6293105 -0.1257079 0.7669197
    outer loop
      vertex 18.2918810 0.4376010 7.2242970
      vertex 18.3243180 0.5999850 7.2242970
      vertex 18.2333750 0.5999850 7.2989220
    endloop
  endfacet
  facet normal 0 0.6343425 0.7730521
    outer loop
      vertex 17.9000500 7.8242820 7.2242970
      vertex -17.9000500 7.8242820 7.2242970
      vertex -17.9000500 7.7333390 7.2989220
    endloop
  endfacet
  facet normal 0 0.6343425 0.7730521
    outer loop
      vertex 17.9000500 7.8242820 7.2242970
      vertex -17.9000500 7.7333390 7.2989220
      vertex 17.9000500 7.7333390 7.2989220
    endloop
  endfacet
  facet normal -0.6343425 0 0.7730521
    outer loop
      vertex -18.3243180 7.4000140 7.2242970
      vertex -18.3243180 0.5999850 7.2242970
      vertex -18.2333750 0.5999850 7.2989220
    endloop
  endfacet
  facet normal -0.6343425 0 0.7730521
    outer loop
      vertex -18.3243180 7.4000140 7.2242970
      vertex -18.2333750 0.5999850 7.2989220
      vertex -18.2333750 7.4000140 7.2989220
    endloop
  endfacet
  facet normal 0 -0.6343425 0.7730521
    outer loop
      vertex -17.9000500 0.1757170 7.2242970
      vertex 17.9000500 0.1757170 7.2242970
      vertex 17.9000500 0.2666600 7.2989220
    endloop
  endfacet
  facet normal 0 -0.6343425 0.7730521
    outer loop
      vertex -17.9000500 0.1757170 7.2242970
      vertex 17.9000500 0.2666600 7.2989220
      vertex -17.9000500 0.2666600 7.2989220
    endloop
  endfacet
  facet normal 0.6343425 0 0.7730521
    outer loop
      vertex 18.3243180 0.5999850 7.2242970
      vertex 18.3243180 7.4000140 7.2242970
      vertex 18.2333750 7.4000140 7.2989220
    endloop
  endfacet
  facet normal 0.6343425 0 0.7730521
    outer loop
      vertex 18.3243180 0.5999850 7.2242970
      vertex 18.2333750 7.4000140 7.2989220
      vertex 18.2333750 0.5999850 7.2989220
    endloop
  endfacet
  facet normal 0.6293105 -0.1257079 -0.7669197
    outer loop
      vertex 18.3243180 0.5999850 0.1757170
      vertex 18.2918810 0.4376010 0.1757170
      vertex 18.2333750 0.5999850 0.1010920
    endloop
  endfacet
  facet normal 0.5825903 -0.1566103 -0.7975348
    outer loop
      vertex 18.2333750 0.5999850 0.1010920
      vertex 18.2918810 0.4376010 0.1757170
      vertex 18.1886000 0.4334220 0.1010920
    endloop
  endfacet
  facet normal 0.5538283 -0.3702875 -0.7457623
    outer loop
      vertex 18.2918810 0.4376010 0.1757170
      vertex 18.1999430 0.3000920 0.1757170
      vertex 18.1886000 0.4334220 0.1010920
    endloop
  endfacet
  facet normal 0.4172502 -0.4165707 -0.8076950
    outer loop
      vertex 18.1886000 0.4334220 0.1010920
      vertex 18.1999430 0.3000920 0.1757170
      vertex 18.0666130 0.3112360 0.1010920
    endloop
  endfacet
  facet normal 0.3709912 -0.5536824 -0.7455209
    outer loop
      vertex 18.1999430 0.3000920 0.1757170
      vertex 18.0624340 0.2079550 0.1757170
      vertex 18.0666130 0.3112360 0.1010920
    endloop
  endfacet
  facet normal 0.1559264 -0.5826356 -0.7976357
    outer loop
      vertex 18.0666130 0.3112360 0.1010920
      vertex 18.0624340 0.2079550 0.1757170
      vertex 17.9000500 0.2666600 0.1010920
    endloop
  endfacet
  facet normal 0.1249487 -0.6293713 -0.7669938
    outer loop
      vertex 18.0624340 0.2079550 0.1757170
      vertex 17.9000500 0.1757170 0.1757170
      vertex 17.9000500 0.2666600 0.1010920
    endloop
  endfacet
  facet normal -0.1249487 -0.6293713 -0.7669938
    outer loop
      vertex -17.9000500 0.1757170 0.1757170
      vertex -18.0624340 0.2079550 0.1757170
      vertex -17.9000500 0.2666600 0.1010920
    endloop
  endfacet
  facet normal -0.1559264 -0.5826356 -0.7976357
    outer loop
      vertex -17.9000500 0.2666600 0.1010920
      vertex -18.0624340 0.2079550 0.1757170
      vertex -18.0666130 0.3112360 0.1010920
    endloop
  endfacet
  facet normal -0.3709912 -0.5536824 -0.7455209
    outer loop
      vertex -18.0624340 0.2079550 0.1757170
      vertex -18.1999430 0.3000920 0.1757170
      vertex -18.0666130 0.3112360 0.1010920
    endloop
  endfacet
  facet normal -0.4172502 -0.4165707 -0.8076950
    outer loop
      vertex -18.0666130 0.3112360 0.1010920
      vertex -18.1999430 0.3000920 0.1757170
      vertex -18.1886000 0.4334220 0.1010920
    endloop
  endfacet
  facet normal -0.5538283 -0.3702875 -0.7457623
    outer loop
      vertex -18.1999430 0.3000920 0.1757170
      vertex -18.2918810 0.4376010 0.1757170
      vertex -18.1886000 0.4334220 0.1010920
    endloop
  endfacet
  facet normal -0.5825903 -0.1566103 -0.7975348
    outer loop
      vertex -18.1886000 0.4334220 0.1010920
      vertex -18.2918810 0.4376010 0.1757170
      vertex -18.2333750 0.5999850 0.1010920
    endloop
  endfacet
  facet normal -0.6293105 -0.1257079 -0.7669197
    outer loop
      vertex -18.2918810 0.4376010 0.1757170
      vertex -18.3243180 0.5999850 0.1757170
      vertex -18.2333750 0.5999850 0.1010920
    endloop
  endfacet
  facet normal -0.6293105 0.1257079 -0.7669197
    outer loop
      vertex -18.3243180 7.4000140 0.1757170
      vertex -18.2918810 7.5623980 0.1757170
      vertex -18.2333750 7.4000140 0.1010920
    endloop
  endfacet
  facet normal -0.5825903 0.1566103 -0.7975348
    outer loop
      vertex -18.2333750 7.4000140 0.1010920
      vertex -18.2918810 7.5623980 0.1757170
      vertex -18.1886000 7.5665770 0.1010920
    endloop
  endfacet
  facet normal -0.5538283 0.3702875 -0.7457623
    outer loop
      vertex -18.2918810 7.5623980 0.1757170
      vertex -18.1999430 7.6999070 0.1757170
      vertex -18.1886000 7.5665770 0.1010920
    endloop
  endfacet
  facet normal -0.4172502 0.4165707 -0.8076950
    outer loop
      vertex -18.1886000 7.5665770 0.1010920
      vertex -18.1999430 7.6999070 0.1757170
      vertex -18.0666130 7.6887630 0.1010920
    endloop
  endfacet
  facet normal -0.3709912 0.5536824 -0.7455209
    outer loop
      vertex -18.1999430 7.6999070 0.1757170
      vertex -18.0624340 7.7920440 0.1757170
      vertex -18.0666130 7.6887630 0.1010920
    endloop
  endfacet
  facet normal -0.1559264 0.5826356 -0.7976357
    outer loop
      vertex -18.0666130 7.6887630 0.1010920
      vertex -18.0624340 7.7920440 0.1757170
      vertex -17.9000500 7.7333390 0.1010920
    endloop
  endfacet
  facet normal -0.1249487 0.6293713 -0.7669938
    outer loop
      vertex -18.0624340 7.7920440 0.1757170
      vertex -17.9000500 7.8242820 0.1757170
      vertex -17.9000500 7.7333390 0.1010920
    endloop
  endfacet
  facet normal 0.1249487 0.6293713 -0.7669938
    outer loop
      vertex 17.9000500 7.8242820 0.1757170
      vertex 18.0624340 7.7920440 0.1757170
      vertex 17.9000500 7.7333390 0.1010920
    endloop
  endfacet
  facet normal 0.1559264 0.5826356 -0.7976357
    outer loop
      vertex 17.9000500 7.7333390 0.1010920
      vertex 18.0624340 7.7920440 0.1757170
      vertex 18.0666130 7.6887630 0.1010920
    endloop
  endfacet
  facet normal 0.3709912 0.5536824 -0.7455209
    outer loop
      vertex 18.0624340 7.7920440 0.1757170
      vertex 18.1999430 7.6999070 0.1757170
      vertex 18.0666130 7.6887630 0.1010920
    endloop
  endfacet
  facet normal 0.4172502 0.4165707 -0.8076950
    outer loop
      vertex 18.0666130 7.6887630 0.1010920
      vertex 18.1999430 7.6999070 0.1757170
      vertex 18.1886000 7.5665770 0.1010920
    endloop
  endfacet
  facet normal 0.5538283 0.3702875 -0.7457623
    outer loop
      vertex 18.1999430 7.6999070 0.1757170
      vertex 18.2918810 7.5623980 0.1757170
      vertex 18.1886000 7.5665770 0.1010920
    endloop
  endfacet
  facet normal 0.5825903 0.1566103 -0.7975348
    outer loop
      vertex 18.1886000 7.5665770 0.1010920
      vertex 18.2918810 7.5623980 0.1757170
      vertex 18.2333750 7.4000140 0.1010920
    endloop
  endfacet
  facet normal 0.6293105 0.1257079 -0.7669197
    outer loop
      vertex 18.2918810 7.5623980 0.1757170
      vertex 18.3243180 7.4000140 0.1757170
      vertex 18.2333750 7.4000140 0.1010920
    endloop
  endfacet
  facet normal 0 -0.6343425 -0.7730521
    outer loop
      vertex 17.9000500 0.1757170 0.1757170
      vertex -17.9000500 0.1757170 0.1757170
      vertex -17.9000500 0.2666600 0.1010920
    endloop
  endfacet
  facet normal 0 -0.6343425 -0.7730521
    outer loop
      vertex 17.9000500 0.1757170 0.1757170
      vertex -17.9000500 0.2666600 0.1010920
      vertex 17.9000500 0.2666600 0.1010920
    endloop
  endfacet
  facet normal -0.6343425 0 -0.7730521
    outer loop
      vertex -18.3243180 0.5999850 0.1757170
      vertex -18.3243180 7.4000140 0.1757170
      vertex -18.2333750 7.4000140 0.1010920
    endloop
  endfacet
  facet normal -0.6343425 0 -0.7730521
    outer loop
      vertex -18.3243180 0.5999850 0.1757170
      vertex -18.2333750 7.4000140 0.1010920
      vertex -18.2333750 0.5999850 0.1010920
    endloop
  endfacet
  facet normal 0 0.6343425 -0.7730521
    outer loop
      vertex -17.9000500 7.8242820 0.1757170
      vertex 17.9000500 7.8242820 0.1757170
      vertex 17.9000500 7.7333390 0.1010920
    endloop
  endfacet
  facet normal 0 0.6343425 -0.7730521
    outer loop
      vertex -17.9000500 7.8242820 0.1757170
      vertex 17.9000500 7.7333390 0.1010920
      vertex -17.9000500 7.7333390 0.1010920
    endloop
  endfacet
  facet normal 0.6343425 0 -0.7730521
    outer loop
      vertex 18.3243180 7.4000140 0.1757170
      vertex 18.3243180 0.5999850 0.1757170
      vertex 18.2333750 0.5999850 0.1010920
    endloop
  endfacet
  facet normal 0.6343425 0 -0.7730521
    outer loop
      vertex 18.3243180 7.4000140 0.1757170
      vertex 18.2333750 0.5999850 0.1010920
      vertex 18.2333750 7.4000140 0.1010920
    endloop
  endfacet
  facet normal 0.4670391 0.1255481 0.8752783
    outer loop
      vertex 18.2333750 7.4000140 7.2989220
      vertex 18.1886000 7.5665770 7.2989220
      vertex 18.1296960 7.4000140 7.3542440
    endloop
  endfacet
  facet normal 0.3917415 0.1622655 0.9056536
    outer loop
      vertex 18.1296960 7.4000140 7.3542440
      vertex 18.1886000 7.5665770 7.2989220
      vertex 18.0624340 7.5623980 7.3542440
    endloop
  endfacet
  facet normal 0.3639989 0.3634061 0.8575785
    outer loop
      vertex 18.1886000 7.5665770 7.2989220
      vertex 18.0666130 7.6887630 7.2989220
      vertex 18.0624340 7.5623980 7.3542440
    endloop
  endfacet
  facet normal 0.1620586 0.3912422 0.9059065
    outer loop
      vertex 18.0624340 7.5623980 7.3542440
      vertex 18.0666130 7.6887630 7.2989220
      vertex 17.9000500 7.6296600 7.3542440
    endloop
  endfacet
  facet normal 0.1249989 0.4670718 0.8753395
    outer loop
      vertex 18.0666130 7.6887630 7.2989220
      vertex 17.9000500 7.7333390 7.2989220
      vertex 17.9000500 7.6296600 7.3542440
    endloop
  endfacet
  facet normal -0.1249989 0.4670718 0.8753395
    outer loop
      vertex -17.9000500 7.7333390 7.2989220
      vertex -18.0666130 7.6887630 7.2989220
      vertex -17.9000500 7.6296600 7.3542440
    endloop
  endfacet
  facet normal -0.1620586 0.3912422 0.9059065
    outer loop
      vertex -17.9000500 7.6296600 7.3542440
      vertex -18.0666130 7.6887630 7.2989220
      vertex -18.0624340 7.5623980 7.3542440
    endloop
  endfacet
  facet normal -0.3639989 0.3634061 0.8575785
    outer loop
      vertex -18.0666130 7.6887630 7.2989220
      vertex -18.1886000 7.5665770 7.2989220
      vertex -18.0624340 7.5623980 7.3542440
    endloop
  endfacet
  facet normal -0.3917415 0.1622655 0.9056536
    outer loop
      vertex -18.0624340 7.5623980 7.3542440
      vertex -18.1886000 7.5665770 7.2989220
      vertex -18.1296960 7.4000140 7.3542440
    endloop
  endfacet
  facet normal -0.4670391 0.1255481 0.8752783
    outer loop
      vertex -18.1886000 7.5665770 7.2989220
      vertex -18.2333750 7.4000140 7.2989220
      vertex -18.1296960 7.4000140 7.3542440
    endloop
  endfacet
  facet normal -0.4670391 -0.1255481 0.8752783
    outer loop
      vertex -18.2333750 0.5999850 7.2989220
      vertex -18.1886000 0.4334220 7.2989220
      vertex -18.1296960 0.5999850 7.3542440
    endloop
  endfacet
  facet normal -0.3917415 -0.1622655 0.9056536
    outer loop
      vertex -18.1296960 0.5999850 7.3542440
      vertex -18.1886000 0.4334220 7.2989220
      vertex -18.0624340 0.4376010 7.3542440
    endloop
  endfacet
  facet normal -0.3639989 -0.3634061 0.8575785
    outer loop
      vertex -18.1886000 0.4334220 7.2989220
      vertex -18.0666130 0.3112360 7.2989220
      vertex -18.0624340 0.4376010 7.3542440
    endloop
  endfacet
  facet normal -0.1620586 -0.3912422 0.9059065
    outer loop
      vertex -18.0624340 0.4376010 7.3542440
      vertex -18.0666130 0.3112360 7.2989220
      vertex -17.9000500 0.3703390 7.3542440
    endloop
  endfacet
  facet normal -0.1249989 -0.4670718 0.8753395
    outer loop
      vertex -18.0666130 0.3112360 7.2989220
      vertex -17.9000500 0.2666600 7.2989220
      vertex -17.9000500 0.3703390 7.3542440
    endloop
  endfacet
  facet normal 0.1249989 -0.4670718 0.8753395
    outer loop
      vertex 17.9000500 0.2666600 7.2989220
      vertex 18.0666130 0.3112360 7.2989220
      vertex 17.9000500 0.3703390 7.3542440
    endloop
  endfacet
  facet normal 0.1620586 -0.3912422 0.9059065
    outer loop
      vertex 17.9000500 0.3703390 7.3542440
      vertex 18.0666130 0.3112360 7.2989220
      vertex 18.0624340 0.4376010 7.3542440
    endloop
  endfacet
  facet normal 0.3639989 -0.3634061 0.8575785
    outer loop
      vertex 18.0666130 0.3112360 7.2989220
      vertex 18.1886000 0.4334220 7.2989220
      vertex 18.0624340 0.4376010 7.3542440
    endloop
  endfacet
  facet normal 0.3917415 -0.1622655 0.9056536
    outer loop
      vertex 18.0624340 0.4376010 7.3542440
      vertex 18.1886000 0.4334220 7.2989220
      vertex 18.1296960 0.5999850 7.3542440
    endloop
  endfacet
  facet normal 0.4670391 -0.1255481 0.8752783
    outer loop
      vertex 18.1886000 0.4334220 7.2989220
      vertex 18.2333750 0.5999850 7.2989220
      vertex 18.1296960 0.5999850 7.3542440
    endloop
  endfacet
  facet normal 0 0.4707640 0.8822592
    outer loop
      vertex 17.9000500 7.7333390 7.2989220
      vertex -17.9000500 7.7333390 7.2989220
      vertex -17.9000500 7.6296600 7.3542440
    endloop
  endfacet
  facet normal 0 0.4707640 0.8822592
    outer loop
      vertex 17.9000500 7.7333390 7.2989220
      vertex -17.9000500 7.6296600 7.3542440
      vertex 17.9000500 7.6296600 7.3542440
    endloop
  endfacet
  facet normal -0.4707640 0 0.8822592
    outer loop
      vertex -18.2333750 7.4000140 7.2989220
      vertex -18.2333750 0.5999850 7.2989220
      vertex -18.1296960 0.5999850 7.3542440
    endloop
  endfacet
  facet normal -0.4707640 0 0.8822592
    outer loop
      vertex -18.2333750 7.4000140 7.2989220
      vertex -18.1296960 0.5999850 7.3542440
      vertex -18.1296960 7.4000140 7.3542440
    endloop
  endfacet
  facet normal 0 -0.4707640 0.8822592
    outer loop
      vertex -17.9000500 0.2666600 7.2989220
      vertex 17.9000500 0.2666600 7.2989220
      vertex 17.9000500 0.3703390 7.3542440
    endloop
  endfacet
  facet normal 0 -0.4707640 0.8822592
    outer loop
      vertex -17.9000500 0.2666600 7.2989220
      vertex 17.9000500 0.3703390 7.3542440
      vertex -17.9000500 0.3703390 7.3542440
    endloop
  endfacet
  facet normal 0.4707640 0 0.8822592
    outer loop
      vertex 18.2333750 0.5999850 7.2989220
      vertex 18.2333750 7.4000140 7.2989220
      vertex 18.1296960 7.4000140 7.3542440
    endloop
  endfacet
  facet normal 0.4707640 0 0.8822592
    outer loop
      vertex 18.2333750 0.5999850 7.2989220
      vertex 18.1296960 7.4000140 7.3542440
      vertex 18.1296960 0.5999850 7.3542440
    endloop
  endfacet
  facet normal 0.4670391 -0.1255481 -0.8752783
    outer loop
      vertex 18.2333750 0.5999850 0.1010920
      vertex 18.1886000 0.4334220 0.1010920
      vertex 18.1296960 0.5999850 0.0457700
    endloop
  endfacet
  facet normal 0.3917415 -0.1622655 -0.9056536
    outer loop
      vertex 18.1296960 0.5999850 0.0457700
      vertex 18.1886000 0.4334220 0.1010920
      vertex 18.0624340 0.4376010 0.0457700
    endloop
  endfacet
  facet normal 0.3639989 -0.3634061 -0.8575785
    outer loop
      vertex 18.1886000 0.4334220 0.1010920
      vertex 18.0666130 0.3112360 0.1010920
      vertex 18.0624340 0.4376010 0.0457700
    endloop
  endfacet
  facet normal 0.1620586 -0.3912422 -0.9059065
    outer loop
      vertex 18.0624340 0.4376010 0.0457700
      vertex 18.0666130 0.3112360 0.1010920
      vertex 17.9000500 0.3703390 0.0457700
    endloop
  endfacet
  facet normal 0.1249989 -0.4670718 -0.8753395
    outer loop
      vertex 18.0666130 0.3112360 0.1010920
      vertex 17.9000500 0.2666600 0.1010920
      vertex 17.9000500 0.3703390 0.0457700
    endloop
  endfacet
  facet normal -0.1249989 -0.4670718 -0.8753395
    outer loop
      vertex -17.9000500 0.2666600 0.1010920
      vertex -18.0666130 0.3112360 0.1010920
      vertex -17.9000500 0.3703390 0.0457700
    endloop
  endfacet
  facet normal -0.1620586 -0.3912422 -0.9059065
    outer loop
      vertex -17.9000500 0.3703390 0.0457700
      vertex -18.0666130 0.3112360 0.1010920
      vertex -18.0624340 0.4376010 0.0457700
    endloop
  endfacet
  facet normal -0.3639989 -0.3634061 -0.8575785
    outer loop
      vertex -18.0666130 0.3112360 0.1010920
      vertex -18.1886000 0.4334220 0.1010920
      vertex -18.0624340 0.4376010 0.0457700
    endloop
  endfacet
  facet normal -0.3917415 -0.1622655 -0.9056536
    outer loop
      vertex -18.0624340 0.4376010 0.0457700
      vertex -18.1886000 0.4334220 0.1010920
      vertex -18.1296960 0.5999850 0.0457700
    endloop
  endfacet
  facet normal -0.4670391 -0.1255481 -0.8752783
    outer loop
      vertex -18.1886000 0.4334220 0.1010920
      vertex -18.2333750 0.5999850 0.1010920
      vertex -18.1296960 0.5999850 0.0457700
    endloop
  endfacet
  facet normal -0.4670391 0.1255481 -0.8752783
    outer loop
      vertex -18.2333750 7.4000140 0.1010920
      vertex -18.1886000 7.5665770 0.1010920
      vertex -18.1296960 7.4000140 0.0457700
    endloop
  endfacet
  facet normal -0.3917415 0.1622655 -0.9056536
    outer loop
      vertex -18.1296960 7.4000140 0.0457700
      vertex -18.1886000 7.5665770 0.1010920
      vertex -18.0624340 7.5623980 0.0457700
    endloop
  endfacet
  facet normal -0.3639989 0.3634061 -0.8575785
    outer loop
      vertex -18.1886000 7.5665770 0.1010920
      vertex -18.0666130 7.6887630 0.1010920
      vertex -18.0624340 7.5623980 0.0457700
    endloop
  endfacet
  facet normal -0.1620586 0.3912422 -0.9059065
    outer loop
      vertex -18.0624340 7.5623980 0.0457700
      vertex -18.0666130 7.6887630 0.1010920
      vertex -17.9000500 7.6296600 0.0457700
    endloop
  endfacet
  facet normal -0.1249989 0.4670718 -0.8753395
    outer loop
      vertex -18.0666130 7.6887630 0.1010920
      vertex -17.9000500 7.7333390 0.1010920
      vertex -17.9000500 7.6296600 0.0457700
    endloop
  endfacet
  facet normal 0.1249989 0.4670718 -0.8753395
    outer loop
      vertex 17.9000500 7.7333390 0.1010920
      vertex 18.0666130 7.6887630 0.1010920
      vertex 17.9000500 7.6296600 0.0457700
    endloop
  endfacet
  facet normal 0.1620586 0.3912422 -0.9059065
    outer loop
      vertex 17.9000500 7.6296600 0.0457700
      vertex 18.0666130 7.6887630 0.1010920
      vertex 18.0624340 7.5623980 0.0457700
    endloop
  endfacet
  facet normal 0.3639989 0.3634061 -0.8575785
    outer loop
      vertex 18.0666130 7.6887630 0.1010920
      vertex 18.1886000 7.5665770 0.1010920
      vertex 18.0624340 7.5623980 0.0457700
    endloop
  endfacet
  facet normal 0.3917415 0.1622655 -0.9056536
    outer loop
      vertex 18.0624340 7.5623980 0.0457700
      vertex 18.1886000 7.5665770 0.1010920
      vertex 18.1296960 7.4000140 0.0457700
    endloop
  endfacet
  facet normal 0.4670391 0.1255481 -0.8752783
    outer loop
      vertex 18.1886000 7.5665770 0.1010920
      vertex 18.2333750 7.4000140 0.1010920
      vertex 18.1296960 7.4000140 0.0457700
    endloop
  endfacet
  facet normal 0 -0.4707640 -0.8822592
    outer loop
      vertex 17.9000500 0.2666600 0.1010920
      vertex -17.9000500 0.2666600 0.1010920
      vertex -17.9000500 0.3703390 0.0457700
    endloop
  endfacet
  facet normal 0 -0.4707640 -0.8822592
    outer loop
      vertex 17.9000500 0.2666600 0.1010920
      vertex -17.9000500 0.3703390 0.0457700
      vertex 17.9000500 0.3703390 0.0457700
    endloop
  endfacet
  facet normal -0.4707640 0 -0.8822592
    outer loop
      vertex -18.2333750 0.5999850 0.1010920
      vertex -18.2333750 7.4000140 0.1010920
      vertex -18.1296960 7.4000140 0.0457700
    endloop
  endfacet
  facet normal -0.4707640 0 -0.8822592
    outer loop
      vertex -18.2333750 0.5999850 0.1010920
      vertex -18.1296960 7.4000140 0.0457700
      vertex -18.1296960 0.5999850 0.0457700
    endloop
  endfacet
  facet normal 0 0.4707640 -0.8822592
    outer loop
      vertex -17.9000500 7.7333390 0.1010920
      vertex 17.9000500 7.7333390 0.1010920
      vertex 17.9000500 7.6296600 0.0457700
    endloop
  endfacet
  facet normal 0 0.4707640 -0.8822592
    outer loop
      vertex -17.9000500 7.7333390 0.1010920
      vertex 17.9000500 7.6296600 0.0457700
      vertex -17.9000500 7.6296600 0.0457700
    endloop
  endfacet
  facet normal 0.4707640 0 -0.8822592
    outer loop
      vertex 18.2333750 7.4000140 0.1010920
      vertex 18.2333750 0.5999850 0.1010920
      vertex 18.1296960 0.5999850 0.0457700
    endloop
  endfacet
  facet normal 0.4707640 0 -0.8822592
    outer loop
      vertex 18.2333750 7.4000140 0.1010920
      vertex 18.1296960 0.5999850 0.0457700
      vertex 18.1296960 7.4000140 0.0457700
    endloop
  endfacet
  facet normal 0.2886719 0.1195724 0.9499321
    outer loop
      vertex 18.1296960 7.4000140 7.3542440
      vertex 18.0624340 7.5623980 7.3542440
      vertex 18.0170620 7.4000140 7.3884720
    endloop
  endfacet
  facet normal 0.1604533 0.1604533 0.9739145
    outer loop
      vertex 18.0170620 7.4000140 7.3884720
      vertex 18.0624340 7.5623980 7.3542440
      vertex 17.9000500 7.5170260 7.3884720
    endloop
  endfacet
  facet normal 0.1195724 0.2886719 0.9499321
    outer loop
      vertex 18.0624340 7.5623980 7.3542440
      vertex 17.9000500 7.6296600 7.3542440
      vertex 17.9000500 7.5170260 7.3884720
    endloop
  endfacet
  facet normal -0.1195724 0.2886719 0.9499321
    outer loop
      vertex -17.9000500 7.6296600 7.3542440
      vertex -18.0624340 7.5623980 7.3542440
      vertex -17.9000500 7.5170260 7.3884720
    endloop
  endfacet
  facet normal -0.1604533 0.1604533 0.9739145
    outer loop
      vertex -17.9000500 7.5170260 7.3884720
      vertex -18.0624340 7.5623980 7.3542440
      vertex -18.0170620 7.4000140 7.3884720
    endloop
  endfacet
  facet normal -0.2886719 0.1195724 0.9499321
    outer loop
      vertex -18.0624340 7.5623980 7.3542440
      vertex -18.1296960 7.4000140 7.3542440
      vertex -18.0170620 7.4000140 7.3884720
    endloop
  endfacet
  facet normal -0.2886719 -0.1195724 0.9499321
    outer loop
      vertex -18.1296960 0.5999850 7.3542440
      vertex -18.0624340 0.4376010 7.3542440
      vertex -18.0170620 0.5999850 7.3884720
    endloop
  endfacet
  facet normal -0.1604533 -0.1604533 0.9739145
    outer loop
      vertex -18.0170620 0.5999850 7.3884720
      vertex -18.0624340 0.4376010 7.3542440
      vertex -17.9000500 0.4829730 7.3884720
    endloop
  endfacet
  facet normal -0.1195724 -0.2886719 0.9499321
    outer loop
      vertex -18.0624340 0.4376010 7.3542440
      vertex -17.9000500 0.3703390 7.3542440
      vertex -17.9000500 0.4829730 7.3884720
    endloop
  endfacet
  facet normal 0.1195724 -0.2886719 0.9499321
    outer loop
      vertex 17.9000500 0.3703390 7.3542440
      vertex 18.0624340 0.4376010 7.3542440
      vertex 17.9000500 0.4829730 7.3884720
    endloop
  endfacet
  facet normal 0.1604533 -0.1604533 0.9739145
    outer loop
      vertex 17.9000500 0.4829730 7.3884720
      vertex 18.0624340 0.4376010 7.3542440
      vertex 18.0170620 0.5999850 7.3884720
    endloop
  endfacet
  facet normal 0.2886719 -0.1195724 0.9499321
    outer loop
      vertex 18.0624340 0.4376010 7.3542440
      vertex 18.1296960 0.5999850 7.3542440
      vertex 18.0170620 0.5999850 7.3884720
    endloop
  endfacet
  facet normal 0 0.2907580 0.9567966
    outer loop
      vertex 17.9000500 7.6296600 7.3542440
      vertex -17.9000500 7.6296600 7.3542440
      vertex -17.9000500 7.5170260 7.3884720
    endloop
  endfacet
  facet normal 0 0.2907580 0.9567966
    outer loop
      vertex 17.9000500 7.6296600 7.3542440
      vertex -17.9000500 7.5170260 7.3884720
      vertex 17.9000500 7.5170260 7.3884720
    endloop
  endfacet
  facet normal -0.2907580 0 0.9567966
    outer loop
      vertex -18.1296960 7.4000140 7.3542440
      vertex -18.1296960 0.5999850 7.3542440
      vertex -18.0170620 0.5999850 7.3884720
    endloop
  endfacet
  facet normal -0.2907580 0 0.9567966
    outer loop
      vertex -18.1296960 7.4000140 7.3542440
      vertex -18.0170620 0.5999850 7.3884720
      vertex -18.0170620 7.4000140 7.3884720
    endloop
  endfacet
  facet normal 0 -0.2907580 0.9567966
    outer loop
      vertex -17.9000500 0.3703390 7.3542440
      vertex 17.9000500 0.3703390 7.3542440
      vertex 17.9000500 0.4829730 7.3884720
    endloop
  endfacet
  facet normal 0 -0.2907580 0.9567966
    outer loop
      vertex -17.9000500 0.3703390 7.3542440
      vertex 17.9000500 0.4829730 7.3884720
      vertex -17.9000500 0.4829730 7.3884720
    endloop
  endfacet
  facet normal 0.2907580 0 0.9567966
    outer loop
      vertex 18.1296960 0.5999850 7.3542440
      vertex 18.1296960 7.4000140 7.3542440
      vertex 18.0170620 7.4000140 7.3884720
    endloop
  endfacet
  facet normal 0.2907580 0 0.9567966
    outer loop
      vertex 18.1296960 0.5999850 7.3542440
      vertex 18.0170620 7.4000140 7.3884720
      vertex 18.0170620 0.5999850 7.3884720
    endloop
  endfacet
  facet normal 0.2886719 -0.1195724 -0.9499321
    outer loop
      vertex 18.1296960 0.5999850 0.0457700
      vertex 18.0624340 0.4376010 0.0457700
      vertex 18.0170620 0.5999850 0.0115420
    endloop
  endfacet
  facet normal 0.1604533 -0.1604533 -0.9739145
    outer loop
      vertex 18.0170620 0.5999850 0.0115420
      vertex 18.0624340 0.4376010 0.0457700
      vertex 17.9000500 0.4829730 0.0115420
    endloop
  endfacet
  facet normal 0.1195724 -0.2886719 -0.9499321
    outer loop
      vertex 18.0624340 0.4376010 0.0457700
      vertex 17.9000500 0.3703390 0.0457700
      vertex 17.9000500 0.4829730 0.0115420
    endloop
  endfacet
  facet normal -0.1195724 -0.2886719 -0.9499321
    outer loop
      vertex -17.9000500 0.3703390 0.0457700
      vertex -18.0624340 0.4376010 0.0457700
      vertex -17.9000500 0.4829730 0.0115420
    endloop
  endfacet
  facet normal -0.1604533 -0.1604533 -0.9739145
    outer loop
      vertex -17.9000500 0.4829730 0.0115420
      vertex -18.0624340 0.4376010 0.0457700
      vertex -18.0170620 0.5999850 0.0115420
    endloop
  endfacet
  facet normal -0.2886719 -0.1195724 -0.9499321
    outer loop
      vertex -18.0624340 0.4376010 0.0457700
      vertex -18.1296960 0.5999850 0.0457700
      vertex -18.0170620 0.5999850 0.0115420
    endloop
  endfacet
  facet normal -0.2886719 0.1195724 -0.9499321
    outer loop
      vertex -18.1296960 7.4000140 0.0457700
      vertex -18.0624340 7.5623980 0.0457700
      vertex -18.0170620 7.4000140 0.0115420
    endloop
  endfacet
  facet normal -0.1604533 0.1604533 -0.9739145
    outer loop
      vertex -18.0170620 7.4000140 0.0115420
      vertex -18.0624340 7.5623980 0.0457700
      vertex -17.9000500 7.5170260 0.0115420
    endloop
  endfacet
  facet normal -0.1195724 0.2886719 -0.9499321
    outer loop
      vertex -18.0624340 7.5623980 0.0457700
      vertex -17.9000500 7.6296600 0.0457700
      vertex -17.9000500 7.5170260 0.0115420
    endloop
  endfacet
  facet normal 0.1195724 0.2886719 -0.9499321
    outer loop
      vertex 17.9000500 7.6296600 0.0457700
      vertex 18.0624340 7.5623980 0.0457700
      vertex 17.9000500 7.5170260 0.0115420
    endloop
  endfacet
  facet normal 0.1604533 0.1604533 -0.9739145
    outer loop
      vertex 17.9000500 7.5170260 0.0115420
      vertex 18.0624340 7.5623980 0.0457700
      vertex 18.0170620 7.4000140 0.0115420
    endloop
  endfacet
  facet normal 0.2886719 0.1195724 -0.9499321
    outer loop
      vertex 18.0624340 7.5623980 0.0457700
      vertex 18.1296960 7.4000140 0.0457700
      vertex 18.0170620 7.4000140 0.0115420
    endloop
  endfacet
  facet normal 0 -0.2907580 -0.9567966
    outer loop
      vertex 17.9000500 0.3703390 0.0457700
      vertex -17.9000500 0.3703390 0.0457700
      vertex -17.9000500 0.4829730 0.0115420
    endloop
  endfacet
  facet normal 0 -0.2907580 -0.9567966
    outer loop
      vertex 17.9000500 0.3703390 0.0457700
      vertex -17.9000500 0.4829730 0.0115420
      vertex 17.9000500 0.4829730 0.0115420
    endloop
  endfacet
  facet normal -0.2907580 0 -0.9567966
    outer loop
      vertex -18.1296960 0.5999850 0.0457700
      vertex -18.1296960 7.4000140 0.0457700
      vertex -18.0170620 7.4000140 0.0115420
    endloop
  endfacet
  facet normal -0.2907580 0 -0.9567966
    outer loop
      vertex -18.1296960 0.5999850 0.0457700
      vertex -18.0170620 7.4000140 0.0115420
      vertex -18.0170620 0.5999850 0.0115420
    endloop
  endfacet
  facet normal 0 0.2907580 -0.9567966
    outer loop
      vertex -17.9000500 7.6296600 0.0457700
      vertex 17.9000500 7.6296600 0.0457700
      vertex 17.9000500 7.5170260 0.0115420
    endloop
  endfacet
  facet normal 0 0.2907580 -0.9567966
    outer loop
      vertex -17.9000500 7.6296600 0.0457700
      vertex 17.9000500 7.5170260 0.0115420
      vertex -17.9000500 7.5170260 0.0115420
    endloop
  endfacet
  facet normal 0.2907580 0 -0.9567966
    outer loop
      vertex 18.1296960 7.4000140 0.0457700
      vertex 18.1296960 0.5999850 0.0457700
      vertex 18.0170620 0.5999850 0.0115420
    endloop
  endfacet
  facet normal 0.2907580 0 -0.9567966
    outer loop
      vertex 18.1296960 7.4000140 0.0457700
      vertex 18.0170620 0.5999850 0.0115420
      vertex 18.0170620 7.4000140 0.0115420
    endloop
  endfacet
  facet normal 0.0976935 0.0976935 0.9904100
    outer loop
      vertex 18.0170620 7.4000140 7.3884720
      vertex 17.9000500 7.5170260 7.3884720
      vertex 17.9000500 7.4000140 7.4000140
    endloop
  endfacet
  facet normal -0.0976935 0.0976935 0.9904100
    outer loop
      vertex -17.9000500 7.5170260 7.3884720
      vertex -18.0170620 7.4000140 7.3884720
      vertex -17.9000500 7.4000140 7.4000140
    endloop
  endfacet
  facet normal -0.0976935 -0.0976935 0.9904100
    outer loop
      vertex -18.0170620 0.5999850 7.3884720
      vertex -17.9000500 0.4829730 7.3884720
      vertex -17.9000500 0.5999850 7.4000140
    endloop
  endfacet
  facet normal 0.0976935 -0.0976935 0.9904100
    outer loop
      vertex 17.9000500 0.4829730 7.3884720
      vertex 18.0170620 0.5999850 7.3884720
      vertex 17.9000500 0.5999850 7.4000140
    endloop
  endfacet
  facet normal 0 0.0981631 0.9951703
    outer loop
      vertex 17.9000500 7.5170260 7.3884720
      vertex -17.9000500 7.5170260 7.3884720
      vertex -17.9000500 7.4000140 7.4000140
    endloop
  endfacet
  facet normal 0 0.0981631 0.9951703
    outer loop
      vertex 17.9000500 7.5170260 7.3884720
      vertex -17.9000500 7.4000140 7.4000140
      vertex 17.9000500 7.4000140 7.4000140
    endloop
  endfacet
  facet normal -0.0981631 0 0.9951703
    outer loop
      vertex -18.0170620 7.4000140 7.3884720
      vertex -18.0170620 0.5999850 7.3884720
      vertex -17.9000500 0.5999850 7.4000140
    endloop
  endfacet
  facet normal -0.0981631 0 0.9951703
    outer loop
      vertex -18.0170620 7.4000140 7.3884720
      vertex -17.9000500 0.5999850 7.4000140
      vertex -17.9000500 7.4000140 7.4000140
    endloop
  endfacet
  facet normal 0 -0.0981631 0.9951703
    outer loop
      vertex -17.9000500 0.4829730 7.3884720
      vertex 17.9000500 0.4829730 7.3884720
      vertex 17.9000500 0.5999850 7.4000140
    endloop
  endfacet
  facet normal 0 -0.0981631 0.9951703
    outer loop
      vertex -17.9000500 0.4829730 7.3884720
      vertex 17.9000500 0.5999850 7.4000140
      vertex -17.9000500 0.5999850 7.4000140
    endloop
  endfacet
  facet normal 0.0981631 0 0.9951703
    outer loop
      vertex 18.0170620 0.5999850 7.3884720
      vertex 18.0170620 7.4000140 7.3884720
      vertex 17.9000500 7.4000140 7.4000140
    endloop
  endfacet
  facet normal 0.0981631 0 0.9951703
    outer loop
      vertex 18.0170620 0.5999850 7.3884720
      vertex 17.9000500 7.4000140 7.4000140
      vertex 17.9000500 0.5999850 7.4000140
    endloop
  endfacet
  facet normal 0.0976935 -0.0976935 -0.9904100
    outer loop
      vertex 18.0170620 0.5999850 0.0115420
      vertex 17.9000500 0.4829730 0.0115420
      vertex 17.9000500 0.5999850 0
    endloop
  endfacet
  facet normal -0.0976935 -0.0976935 -0.9904100
    outer loop
      vertex -17.9000500 0.4829730 0.0115420
      vertex -18.0170620 0.5999850 0.0115420
      vertex -17.9000500 0.5999850 0
    endloop
  endfacet
  facet normal -0.0976935 0.0976935 -0.9904100
    outer loop
      vertex -18.0170620 7.4000140 0.0115420
      vertex -17.9000500 7.5170260 0.0115420
      vertex -17.9000500 7.4000140 0
    endloop
  endfacet
  facet normal 0.0976935 0.0976935 -0.9904100
    outer loop
      vertex 17.9000500 7.5170260 0.0115420
      vertex 18.0170620 7.4000140 0.0115420
      vertex 17.9000500 7.4000140 0
    endloop
  endfacet
  facet normal 0 -0.0981631 -0.9951703
    outer loop
      vertex 17.9000500 0.4829730 0.0115420
      vertex -17.9000500 0.4829730 0.0115420
      vertex -17.9000500 0.5999850 0
    endloop
  endfacet
  facet normal 0 -0.0981631 -0.9951703
    outer loop
      vertex 17.9000500 0.4829730 0.0115420
      vertex -17.9000500 0.5999850 0
      vertex 17.9000500 0.5999850 0
    endloop
  endfacet
  facet normal -0.0981631 0 -0.9951703
    outer loop
      vertex -18.0170620 0.5999850 0.0115420
      vertex -18.0170620 7.4000140 0.0115420
      vertex -17.9000500 7.4000140 0
    endloop
  endfacet
  facet normal -0.0981631 0 -0.9951703
    outer loop
      vertex -18.0170620 0.5999850 0.0115420
      vertex -17.9000500 7.4000140 0
      vertex -17.9000500 0.5999850 0
    endloop
  endfacet
  facet normal 0 0.0981631 -0.9951703
    outer loop
      vertex -17.9000500 7.5170260 0.0115420
      vertex 17.9000500 7.5170260 0.0115420
      vertex 17.9000500 7.4000140 0
    endloop
  endfacet
  facet normal 0 0.0981631 -0.9951703
    outer loop
      vertex -17.9000500 7.5170260 0.0115420
      vertex 17.9000500 7.4000140 0
      vertex -17.9000500 7.4000140 0
    endloop
  endfacet
  facet normal 0.0981631 0 -0.9951703
    outer loop
      vertex 18.0170620 7.4000140 0.0115420
      vertex 18.0170620 0.5999850 0.0115420
      vertex 17.9000500 0.5999850 0
    endloop
  endfacet
  facet normal 0.0981631 0 -0.9951703
    outer loop
      vertex 18.0170620 7.4000140 0.0115420
      vertex 17.9000500 0.5999850 0
      vertex 17.9000500 7.4000140 0
    endloop
  endfacet
  facet normal 0 0 1.0000000
    outer loop
      vertex 17.9000500 7.4000140 7.4000140
      vertex -17.9000500 7.4000140 7.4000140
      vertex -17.9000500 0.5999850 7.4000140
    endloop
  endfacet
  facet normal 0 0 1.0000000
    outer loop
      vertex 17.9000500 7.4000140 7.4000140
      vertex -17.9000500 0.5999850 7.4000140
      vertex 17.9000500 0.5999850 7.4000140
    endloop
  endfacet
  facet normal 0 0 -1.0000000
    outer loop
      vertex 17.9000500 0.5999850 0
      vertex -17.9000500 0.5999850 0
      vertex -17.9000500 7.4000140 0
    endloop
  endfacet
  facet normal 0 0 -1.0000000
    outer loop
      vertex 17.9000500 0.5999850 0
      vertex -17.9000500 7.4000140 0
      vertex 17.9000500 7.4000140 0
    endloop
  endfacet
  facet normal 0.9951372 0.0984983 0
    outer loop
      vertex 19.7000050 -0.9999750 -0.1999950
      vertex 19.6807020 -0.8049550 -0.1999950
      vertex 19.6807020 -0.8049550 7.6000090
    endloop
  endfacet
  facet normal 0.9951372 0.0984983 0
    outer loop
      vertex 19.7000050 -0.9999750 -0.1999950
      vertex 19.6807020 -0.8049550 7.6000090
      vertex 19.7000050 -0.9999750 7.6000090
    endloop
  endfacet
  facet normal 0.9569561 0.2902327 0
    outer loop
      vertex 19.6807020 -0.8049550 -0.1999950
      vertex 19.6237880 -0.6172980 -0.1999950
      vertex 19.6237880 -0.6172980 7.6000090
    endloop
  endfacet
  facet normal 0.9569561 0.2902327 0
    outer loop
      vertex 19.6807020 -0.8049550 -0.1999950
      vertex 19.6237880 -0.6172980 7.6000090
      vertex 19.6807020 -0.8049550 7.6000090
    endloop
  endfacet
  facet normal 0.8821280 0.4710097 0
    outer loop
      vertex 19.6237880 -0.6172980 -0.1999950
      vertex 19.5314520 -0.4443670 -0.1999950
      vertex 19.5314520 -0.4443670 7.6000090
    endloop
  endfacet
  facet normal 0.8821280 0.4710097 0
    outer loop
      vertex 19.6237880 -0.6172980 -0.1999950
      vertex 19.5314520 -0.4443670 7.6000090
      vertex 19.6237880 -0.6172980 7.6000090
    endloop
  endfacet
  facet normal 0.7727796 0.6346745 0
    outer loop
      vertex 19.5314520 -0.4443670 -0.1999950
      vertex 19.4070770 -0.2929280 -0.1999950
      vertex 19.4070770 -0.2929280 7.6000090
    endloop
  endfacet
  facet normal 0.7727796 0.6346745 0
    outer loop
      vertex 19.5314520 -0.4443670 -0.1999950
      vertex 19.4070770 -0.2929280 7.6000090
      vertex 19.5314520 -0.4443670 7.6000090
    endloop
  endfacet
  facet normal 0.6346745 0.7727796 0
    outer loop
      vertex 19.4070770 -0.2929280 -0.1999950
      vertex 19.2556380 -0.1685530 -0.1999950
      vertex 19.2556380 -0.1685530 7.6000090
    endloop
  endfacet
  facet normal 0.6346745 0.7727796 0
    outer loop
      vertex 19.4070770 -0.2929280 -0.1999950
      vertex 19.2556380 -0.1685530 7.6000090
      vertex 19.4070770 -0.2929280 7.6000090
    endloop
  endfacet
  facet normal 0.4710097 0.8821280 0
    outer loop
      vertex 19.2556380 -0.1685530 -0.1999950
      vertex 19.0827070 -0.0762170 -0.1999950
      vertex 19.0827070 -0.0762170 7.6000090
    endloop
  endfacet
  facet normal 0.4710097 0.8821280 0
    outer loop
      vertex 19.2556380 -0.1685530 -0.1999950
      vertex 19.0827070 -0.0762170 7.6000090
      vertex 19.2556380 -0.1685530 7.6000090
    endloop
  endfacet
  facet normal 0.2902327 0.9569561 0
    outer loop
      vertex 19.0827070 -0.0762170 -0.1999950
      vertex 18.8950500 -0.0193030 -0.1999950
      vertex 18.8950500 -0.0193030 7.6000090
    endloop
  endfacet
  facet normal 0.2902327 0.9569561 0
    outer loop
      vertex 19.0827070 -0.0762170 -0.1999950
      vertex 18.8950500 -0.0193030 7.6000090
      vertex 19.0827070 -0.0762170 7.6000090
    endloop
  endfacet
  facet normal 0.0984983 0.9951372 -0.0000186
    outer loop
      vertex 18.7651030 -0.0063680 3.7000070
      vertex 18.8950500 -0.0193030 -0.1999950
      vertex 18.7000300 0 -0.1999950
    endloop
  endfacet
  facet normal 0.0973941 0.9952459 0
    outer loop
      vertex 18.7651030 -0.0063680 3.7000070
      vertex 18.7000300 0 -0.1999950
      vertex 18.7000300 0 0.5999850
    endloop
  endfacet
  facet normal 0.0973941 0.9952459 0
    outer loop
      vertex 18.7651030 -0.0063680 3.7000070
      vertex 18.7000300 0 0.5999850
      vertex 18.7000300 0 6.8000290
    endloop
  endfacet
  facet normal 0.0973941 0.9952459 0
    outer loop
      vertex 18.7651030 -0.0063680 3.7000070
      vertex 18.7000300 0 6.8000290
      vertex 18.7000300 0 7.6000090
    endloop
  endfacet
  facet normal 0.0984983 0.9951372 0.0000186
    outer loop
      vertex 18.7651030 -0.0063680 3.7000070
      vertex 18.7000300 0 7.6000090
      vertex 18.8950500 -0.0193030 7.6000090
    endloop
  endfacet
  facet normal 0.0990511 0.9950824 0
    outer loop
      vertex 18.7651030 -0.0063680 3.7000070
      vertex 18.8950500 -0.0193030 7.6000090
      vertex 18.8950500 -0.0193030 -0.1999950
    endloop
  endfacet
  facet normal -0.0973941 0.9952459 0
    outer loop
      vertex -18.7651030 -0.0063680 3.7000070
      vertex -18.7000300 0 6.8000290
      vertex -18.7000300 0 0.5999850
    endloop
  endfacet
  facet normal -0.0973941 0.9952459 0
    outer loop
      vertex -18.7651030 -0.0063680 3.7000070
      vertex -18.7000300 0 0.5999850
      vertex -18.7000300 0 -0.1999950
    endloop
  endfacet
  facet normal -0.0984983 0.9951372 -0.0000186
    outer loop
      vertex -18.7651030 -0.0063680 3.7000070
      vertex -18.7000300 0 -0.1999950
      vertex -18.8950500 -0.0193030 -0.1999950
    endloop
  endfacet
  facet normal -0.0990511 0.9950824 0
    outer loop
      vertex -18.7651030 -0.0063680 3.7000070
      vertex -18.8950500 -0.0193030 -0.1999950
      vertex -18.8950500 -0.0193030 7.6000090
    endloop
  endfacet
  facet normal -0.0984983 0.9951372 0.0000186
    outer loop
      vertex -18.7651030 -0.0063680 3.7000070
      vertex -18.8950500 -0.0193030 7.6000090
      vertex -18.7000300 0 7.6000090
    endloop
  endfacet
  facet normal -0.0973941 0.9952459 0
    outer loop
      vertex -18.7651030 -0.0063680 3.7000070
      vertex -18.7000300 0 7.6000090
      vertex -18.7000300 0 6.8000290
    endloop
  endfacet
  facet normal -0.2902327 0.9569561 0
    outer loop
      vertex -18.8950500 -0.0193030 -0.1999950
      vertex -19.0827070 -0.0762170 -0.1999950
      vertex -19.0827070 -0.0762170 7.6000090
    endloop
  endfacet
  facet normal -0.2902327 0.9569561 0
    outer loop
      vertex -18.8950500 -0.0193030 -0.1999950
      vertex -19.0827070 -0.0762170 7.6000090
      vertex -18.8950500 -0.0193030 7.6000090
    endloop
  endfacet
  facet normal -0.4710097 0.8821280 0
    outer loop
      vertex -19.0827070 -0.0762170 -0.1999950
      vertex -19.2556380 -0.1685530 -0.1999950
      vertex -19.2556380 -0.1685530 7.6000090
    endloop
  endfacet
  facet normal -0.4710097 0.8821280 0
    outer loop
      vertex -19.0827070 -0.0762170 -0.1999950
      vertex -19.2556380 -0.1685530 7.6000090
      vertex -19.0827070 -0.0762170 7.6000090
    endloop
  endfacet
  facet normal -0.6346745 0.7727796 0
    outer loop
      vertex -19.2556380 -0.1685530 -0.1999950
      vertex -19.4070770 -0.2929280 -0.1999950
      vertex -19.4070770 -0.2929280 7.6000090
    endloop
  endfacet
  facet normal -0.6346745 0.7727796 0
    outer loop
      vertex -19.2556380 -0.1685530 -0.1999950
      vertex -19.4070770 -0.2929280 7.6000090
      vertex -19.2556380 -0.1685530 7.6000090
    endloop
  endfacet
  facet normal -0.7727796 0.6346745 0
    outer loop
      vertex -19.4070770 -0.2929280 -0.1999950
      vertex -19.5314520 -0.4443670 -0.1999950
      vertex -19.5314520 -0.4443670 7.6000090
    endloop
  endfacet
  facet normal -0.7727796 0.6346745 0
    outer loop
      vertex -19.4070770 -0.2929280 -0.1999950
      vertex -19.5314520 -0.4443670 7.6000090
      vertex -19.4070770 -0.2929280 7.6000090
    endloop
  endfacet
  facet normal -0.8821280 0.4710097 0
    outer loop
      vertex -19.5314520 -0.4443670 -0.1999950
      vertex -19.6237880 -0.6172980 -0.1999950
      vertex -19.6237880 -0.6172980 7.6000090
    endloop
  endfacet
  facet normal -0.8821280 0.4710097 0
    outer loop
      vertex -19.5314520 -0.4443670 -0.1999950
      vertex -19.6237880 -0.6172980 7.6000090
      vertex -19.5314520 -0.4443670 7.6000090
    endloop
  endfacet
  facet normal -0.9569561 0.2902327 0
    outer loop
      vertex -19.6237880 -0.6172980 -0.1999950
      vertex -19.6807020 -0.8049550 -0.1999950
      vertex -19.6807020 -0.8049550 7.6000090
    endloop
  endfacet
  facet normal -0.9569561 0.2902327 0
    outer loop
      vertex -19.6237880 -0.6172980 -0.1999950
      vertex -19.6807020 -0.8049550 7.6000090
      vertex -19.6237880 -0.6172980 7.6000090
    endloop
  endfacet
  facet normal -0.9951372 0.0984983 0
    outer loop
      vertex -19.6807020 -0.8049550 -0.1999950
      vertex -19.7000050 -0.9999750 -0.1999950
      vertex -19.7000050 -0.9999750 7.6000090
    endloop
  endfacet
  facet normal -0.9951372 0.0984983 0
    outer loop
      vertex -19.6807020 -0.8049550 -0.1999950
      vertex -19.7000050 -0.9999750 7.6000090
      vertex -19.6807020 -0.8049550 7.6000090
    endloop
  endfacet
  facet normal -1.0000000 0 0
    outer loop
      vertex -19.7000050 -0.9999750 -0.1999950
      vertex -19.7000050 -1.5000620 -0.1999950
      vertex -19.7000050 -1.5000620 7.6000090
    endloop
  endfacet
  facet normal -1.0000000 0 0
    outer loop
      vertex -19.7000050 -0.9999750 -0.1999950
      vertex -19.7000050 -1.5000620 7.6000090
      vertex -19.7000050 -0.9999750 7.6000090
    endloop
  endfacet
  facet normal -0.9951372 -0.0984983 0
    outer loop
      vertex -19.7000050 -1.5000620 -0.1999950
      vertex -19.6807020 -1.6950820 -0.1999950
      vertex -19.6807020 -1.6950820 7.6000090
    endloop
  endfacet
  facet normal -0.9951372 -0.0984983 0
    outer loop
      vertex -19.7000050 -1.5000620 -0.1999950
      vertex -19.6807020 -1.6950820 7.6000090
      vertex -19.7000050 -1.5000620 7.6000090
    endloop
  endfacet
  facet normal -0.9569561 -0.2902327 0
    outer loop
      vertex -19.6807020 -1.6950820 -0.1999950
      vertex -19.6237880 -1.8827390 -0.1999950
      vertex -19.6237880 -1.8827390 7.6000090
    endloop
  endfacet
  facet normal -0.9569561 -0.2902327 0
    outer loop
      vertex -19.6807020 -1.6950820 -0.1999950
      vertex -19.6237880 -1.8827390 7.6000090
      vertex -19.6807020 -1.6950820 7.6000090
    endloop
  endfacet
  facet normal -0.8819025 -0.4714318 0
    outer loop
      vertex -19.6237880 -1.8827390 -0.1999950
      vertex -19.5314520 -2.0554710 -0.1999950
      vertex -19.5314520 -2.0554710 7.6000090
    endloop
  endfacet
  facet normal -0.8819025 -0.4714318 0
    outer loop
      vertex -19.6237880 -1.8827390 -0.1999950
      vertex -19.5314520 -2.0554710 7.6000090
      vertex -19.6237880 -1.8827390 7.6000090
    endloop
  endfacet
  facet normal -0.7731882 -0.6341767 0
    outer loop
      vertex -19.5314520 -2.0554710 -0.1999950
      vertex -19.4070770 -2.2071090 -0.1999950
      vertex -19.4070770 -2.2071090 7.6000090
    endloop
  endfacet
  facet normal -0.7731882 -0.6341767 0
    outer loop
      vertex -19.5314520 -2.0554710 -0.1999950
      vertex -19.4070770 -2.2071090 7.6000090
      vertex -19.5314520 -2.0554710 7.6000090
    endloop
  endfacet
  facet normal -0.6346745 -0.7727796 0
    outer loop
      vertex -19.4070770 -2.2071090 -0.1999950
      vertex -19.2556380 -2.3314840 -0.1999950
      vertex -19.2556380 -2.3314840 7.6000090
    endloop
  endfacet
  facet normal -0.6346745 -0.7727796 0
    outer loop
      vertex -19.4070770 -2.2071090 -0.1999950
      vertex -19.2556380 -2.3314840 7.6000090
      vertex -19.4070770 -2.2071090 7.6000090
    endloop
  endfacet
  facet normal -0.4710097 -0.8821280 0
    outer loop
      vertex -19.2556380 -2.3314840 -0.1999950
      vertex -19.0827070 -2.4238200 -0.1999950
      vertex -19.0827070 -2.4238200 7.6000090
    endloop
  endfacet
  facet normal -0.4710097 -0.8821280 0
    outer loop
      vertex -19.2556380 -2.3314840 -0.1999950
      vertex -19.0827070 -2.4238200 7.6000090
      vertex -19.2556380 -2.3314840 7.6000090
    endloop
  endfacet
  facet normal -0.2902327 -0.9569561 0
    outer loop
      vertex -19.0827070 -2.4238200 -0.1999950
      vertex -18.8950500 -2.4807340 -0.1999950
      vertex -18.8950500 -2.4807340 7.6000090
    endloop
  endfacet
  facet normal -0.2902327 -0.9569561 0
    outer loop
      vertex -19.0827070 -2.4238200 -0.1999950
      vertex -18.8950500 -2.4807340 7.6000090
      vertex -19.0827070 -2.4238200 7.6000090
    endloop
  endfacet
  facet normal -0.0984983 -0.9951372 -0.0000104
    outer loop
      vertex -18.7185370 -2.4982460 3.7000070
      vertex -18.8950500 -2.4807340 -0.1999950
      vertex -18.7000300 -2.5000370 -0.1999950
    endloop
  endfacet
  facet normal -0.0963242 -0.9953500 0
    outer loop
      vertex -18.7185370 -2.4982460 3.7000070
      vertex -18.7000300 -2.5000370 -0.1999950
      vertex -18.7000300 -2.5000370 2.9999250
    endloop
  endfacet
  facet normal -0.0963242 -0.9953500 0
    outer loop
      vertex -18.7185370 -2.4982460 3.7000070
      vertex -18.7000300 -2.5000370 2.9999250
      vertex -18.7000300 -2.5000370 3.0134570
    endloop
  endfacet
  facet normal -0.0963242 -0.9953500 0
    outer loop
      vertex -18.7185370 -2.4982460 3.7000070
      vertex -18.7000300 -2.5000370 3.0134570
      vertex -18.7000300 -2.5000370 3.0532570
    endloop
  endfacet
  facet normal -0.0963242 -0.9953500 0
    outer loop
      vertex -18.7185370 -2.4982460 3.7000070
      vertex -18.7000300 -2.5000370 3.0532570
      vertex -18.7000300 -2.5000370 3.1179320
    endloop
  endfacet
  facet normal -0.0963242 -0.9953500 0
    outer loop
      vertex -18.7185370 -2.4982460 3.7000070
      vertex -18.7000300 -2.5000370 3.1179320
      vertex -18.7000300 -2.5000370 3.2050940
    endloop
  endfacet
  facet normal -0.0963242 -0.9953500 0
    outer loop
      vertex -18.7185370 -2.4982460 3.7000070
      vertex -18.7000300 -2.5000370 3.2050940
      vertex -18.7000300 -2.5000370 3.3111610
    endloop
  endfacet
  facet normal -0.0963242 -0.9953500 0
    outer loop
      vertex -18.7185370 -2.4982460 3.7000070
      vertex -18.7000300 -2.5000370 3.3111610
      vertex -18.7000300 -2.5000370 3.4321530
    endloop
  endfacet
  facet normal -0.0963242 -0.9953500 0
    outer loop
      vertex -18.7185370 -2.4982460 3.7000070
      vertex -18.7000300 -2.5000370 3.4321530
      vertex -18.7000300 -2.5000370 3.5634930
    endloop
  endfacet
  facet normal -0.0963242 -0.9953500 0
    outer loop
      vertex -18.7185370 -2.4982460 3.7000070
      vertex -18.7000300 -2.5000370 3.5634930
      vertex -18.7000300 -2.5000370 3.7000070
    endloop
  endfacet
  facet normal -0.0963242 -0.9953500 0
    outer loop
      vertex -18.7185370 -2.4982460 3.7000070
      vertex -18.7000300 -2.5000370 3.7000070
      vertex -18.7000300 -2.5000370 3.8365210
    endloop
  endfacet
  facet normal -0.0963242 -0.9953500 0
    outer loop
      vertex -18.7185370 -2.4982460 3.7000070
      vertex -18.7000300 -2.5000370 3.8365210
      vertex -18.7000300 -2.5000370 3.9678610
    endloop
  endfacet
  facet normal -0.0963242 -0.9953500 0
    outer loop
      vertex -18.7185370 -2.4982460 3.7000070
      vertex -18.7000300 -2.5000370 3.9678610
      vertex -18.7000300 -2.5000370 4.0888530
    endloop
  endfacet
  facet normal -0.0963242 -0.9953500 0
    outer loop
      vertex -18.7185370 -2.4982460 3.7000070
      vertex -18.7000300 -2.5000370 4.0888530
      vertex -18.7000300 -2.5000370 4.1949200
    endloop
  endfacet
  facet normal -0.0963242 -0.9953500 0
    outer loop
      vertex -18.7185370 -2.4982460 3.7000070
      vertex -18.7000300 -2.5000370 4.1949200
      vertex -18.7000300 -2.5000370 4.2820820
    endloop
  endfacet
  facet normal -0.0963242 -0.9953500 0
    outer loop
      vertex -18.7185370 -2.4982460 3.7000070
      vertex -18.7000300 -2.5000370 4.2820820
      vertex -18.7000300 -2.5000370 4.3467570
    endloop
  endfacet
  facet normal -0.0963242 -0.9953500 0
    outer loop
      vertex -18.7185370 -2.4982460 3.7000070
      vertex -18.7000300 -2.5000370 4.3467570
      vertex -18.7000300 -2.5000370 4.3865570
    endloop
  endfacet
  facet normal -0.0963242 -0.9953500 0
    outer loop
      vertex -18.7185370 -2.4982460 3.7000070
      vertex -18.7000300 -2.5000370 4.3865570
      vertex -18.7000300 -2.5000370 4.4000890
    endloop
  endfacet
  facet normal -0.0963242 -0.9953500 0
    outer loop
      vertex -18.7185370 -2.4982460 3.7000070
      vertex -18.7000300 -2.5000370 4.4000890
      vertex -18.7000300 -2.5000370 7.6000090
    endloop
  endfacet
  facet normal -0.0984983 -0.9951372 0.0000104
    outer loop
      vertex -18.7185370 -2.4982460 3.7000070
      vertex -18.7000300 -2.5000370 7.6000090
      vertex -18.8950500 -2.4807340 7.6000090
    endloop
  endfacet
  facet normal -0.0987261 -0.9951146 0
    outer loop
      vertex -18.7185370 -2.4982460 3.7000070
      vertex -18.8950500 -2.4807340 7.6000090
      vertex -18.8950500 -2.4807340 -0.1999950
    endloop
  endfacet
  facet normal 0.0963242 -0.9953500 0
    outer loop
      vertex 18.7185370 -2.4982460 3.7000070
      vertex 18.7000300 -2.5000370 4.4000890
      vertex 18.7000300 -2.5000370 4.3865570
    endloop
  endfacet
  facet normal 0.0963242 -0.9953500 0
    outer loop
      vertex 18.7185370 -2.4982460 3.7000070
      vertex 18.7000300 -2.5000370 4.3865570
      vertex 18.7000300 -2.5000370 4.3467570
    endloop
  endfacet
  facet normal 0.0963242 -0.9953500 0
    outer loop
      vertex 18.7185370 -2.4982460 3.7000070
      vertex 18.7000300 -2.5000370 4.3467570
      vertex 18.7000300 -2.5000370 4.2820820
    endloop
  endfacet
  facet normal 0.0963242 -0.9953500 0
    outer loop
      vertex 18.7185370 -2.4982460 3.7000070
      vertex 18.7000300 -2.5000370 4.2820820
      vertex 18.7000300 -2.5000370 4.1949200
    endloop
  endfacet
  facet normal 0.0963242 -0.9953500 0
    outer loop
      vertex 18.7185370 -2.4982460 3.7000070
      vertex 18.7000300 -2.5000370 4.1949200
      vertex 18.7000300 -2.5000370 4.0888530
    endloop
  endfacet
  facet normal 0.0963242 -0.9953500 0
    outer loop
      vertex 18.7185370 -2.4982460 3.7000070
      vertex 18.7000300 -2.5000370 4.0888530
      vertex 18.7000300 -2.5000370 3.9678610
    endloop
  endfacet
  facet normal 0.0963242 -0.9953500 0
    outer loop
      vertex 18.7185370 -2.4982460 3.7000070
      vertex 18.7000300 -2.5000370 3.9678610
      vertex 18.7000300 -2.5000370 3.8365210
    endloop
  endfacet
  facet normal 0.0963242 -0.9953500 0
    outer loop
      vertex 18.7185370 -2.4982460 3.7000070
      vertex 18.7000300 -2.5000370 3.8365210
      vertex 18.7000300 -2.5000370 3.7000070
    endloop
  endfacet
  facet normal 0.0963242 -0.9953500 0
    outer loop
      vertex 18.7185370 -2.4982460 3.7000070
      vertex 18.7000300 -2.5000370 3.7000070
      vertex 18.7000300 -2.5000370 3.5634930
    endloop
  endfacet
  facet normal 0.0963242 -0.9953500 0
    outer loop
      vertex 18.7185370 -2.4982460 3.7000070
      vertex 18.7000300 -2.5000370 3.5634930
      vertex 18.7000300 -2.5000370 3.4321530
    endloop
  endfacet
  facet normal 0.0963242 -0.9953500 0
    outer loop
      vertex 18.7185370 -2.4982460 3.7000070
      vertex 18.7000300 -2.5000370 3.4321530
      vertex 18.7000300 -2.5000370 3.3111610
    endloop
  endfacet
  facet normal 0.0963242 -0.9953500 0
    outer loop
      vertex 18.7185370 -2.4982460 3.7000070
      vertex 18.7000300 -2.5000370 3.3111610
      vertex 18.7000300 -2.5000370 3.2050940
    endloop
  endfacet
  facet normal 0.0963242 -0.9953500 0
    outer loop
      vertex 18.7185370 -2.4982460 3.7000070
      vertex 18.7000300 -2.5000370 3.2050940
      vertex 18.7000300 -2.5000370 3.1179320
    endloop
  endfacet
  facet normal 0.0963242 -0.9953500 0
    outer loop
      vertex 18.7185370 -2.4982460 3.7000070
      vertex 18.7000300 -2.5000370 3.1179320
      vertex 18.7000300 -2.5000370 3.0532570
    endloop
  endfacet
  facet normal 0.0963242 -0.9953500 0
    outer loop
      vertex 18.7185370 -2.4982460 3.7000070
      vertex 18.7000300 -2.5000370 3.0532570
      vertex 18.7000300 -2.5000370 3.0134570
    endloop
  endfacet
  facet normal 0.0963242 -0.9953500 0
    outer loop
      vertex 18.7185370 -2.4982460 3.7000070
      vertex 18.7000300 -2.5000370 3.0134570
      vertex 18.7000300 -2.5000370 2.9999250
    endloop
  endfacet
  facet normal 0.0963242 -0.9953500 0
    outer loop
      vertex 18.7185370 -2.4982460 3.7000070
      vertex 18.7000300 -2.5000370 2.9999250
      vertex 18.7000300 -2.5000370 -0.1999950
    endloop
  endfacet
  facet normal 0.0984983 -0.9951372 -0.0000104
    outer loop
      vertex 18.7185370 -2.4982460 3.7000070
      vertex 18.7000300 -2.5000370 -0.1999950
      vertex 18.8950500 -2.4807340 -0.1999950
    endloop
  endfacet
  facet normal 0.0987261 -0.9951146 0
    outer loop
      vertex 18.7185370 -2.4982460 3.7000070
      vertex 18.8950500 -2.4807340 -0.1999950
      vertex 18.8950500 -2.4807340 7.6000090
    endloop
  endfacet
  facet normal 0.0984983 -0.9951372 0.0000104
    outer loop
      vertex 18.7185370 -2.4982460 3.7000070
      vertex 18.8950500 -2.4807340 7.6000090
      vertex 18.7000300 -2.5000370 7.6000090
    endloop
  endfacet
  facet normal 0.0963242 -0.9953500 0
    outer loop
      vertex 18.7185370 -2.4982460 3.7000070
      vertex 18.7000300 -2.5000370 7.6000090
      vertex 18.7000300 -2.5000370 4.4000890
    endloop
  endfacet
  facet normal 0.2902327 -0.9569561 0
    outer loop
      vertex 18.8950500 -2.4807340 -0.1999950
      vertex 19.0827070 -2.4238200 -0.1999950
      vertex 19.0827070 -2.4238200 7.6000090
    endloop
  endfacet
  facet normal 0.2902327 -0.9569561 0
    outer loop
      vertex 18.8950500 -2.4807340 -0.1999950
      vertex 19.0827070 -2.4238200 7.6000090
      vertex 18.8950500 -2.4807340 7.6000090
    endloop
  endfacet
  facet normal 0.4710097 -0.8821280 0
    outer loop
      vertex 19.0827070 -2.4238200 -0.1999950
      vertex 19.2556380 -2.3314840 -0.1999950
      vertex 19.2556380 -2.3314840 7.6000090
    endloop
  endfacet
  facet normal 0.4710097 -0.8821280 0
    outer loop
      vertex 19.0827070 -2.4238200 -0.1999950
      vertex 19.2556380 -2.3314840 7.6000090
      vertex 19.0827070 -2.4238200 7.6000090
    endloop
  endfacet
  facet normal 0.6346745 -0.7727796 0
    outer loop
      vertex 19.2556380 -2.3314840 -0.1999950
      vertex 19.4070770 -2.2071090 -0.1999950
      vertex 19.4070770 -2.2071090 7.6000090
    endloop
  endfacet
  facet normal 0.6346745 -0.7727796 0
    outer loop
      vertex 19.2556380 -2.3314840 -0.1999950
      vertex 19.4070770 -2.2071090 7.6000090
      vertex 19.2556380 -2.3314840 7.6000090
    endloop
  endfacet
  facet normal 0.7731882 -0.6341767 0
    outer loop
      vertex 19.4070770 -2.2071090 -0.1999950
      vertex 19.5314520 -2.0554710 -0.1999950
      vertex 19.5314520 -2.0554710 7.6000090
    endloop
  endfacet
  facet normal 0.7731882 -0.6341767 0
    outer loop
      vertex 19.4070770 -2.2071090 -0.1999950
      vertex 19.5314520 -2.0554710 7.6000090
      vertex 19.4070770 -2.2071090 7.6000090
    endloop
  endfacet
  facet normal 0.8819025 -0.4714318 0
    outer loop
      vertex 19.5314520 -2.0554710 -0.1999950
      vertex 19.6237880 -1.8827390 -0.1999950
      vertex 19.6237880 -1.8827390 7.6000090
    endloop
  endfacet
  facet normal 0.8819025 -0.4714318 0
    outer loop
      vertex 19.5314520 -2.0554710 -0.1999950
      vertex 19.6237880 -1.8827390 7.6000090
      vertex 19.5314520 -2.0554710 7.6000090
    endloop
  endfacet
  facet normal 0.9569561 -0.2902327 0
    outer loop
      vertex 19.6237880 -1.8827390 -0.1999950
      vertex 19.6807020 -1.6950820 -0.1999950
      vertex 19.6807020 -1.6950820 7.6000090
    endloop
  endfacet
  facet normal 0.9569561 -0.2902327 0
    outer loop
      vertex 19.6237880 -1.8827390 -0.1999950
      vertex 19.6807020 -1.6950820 7.6000090
      vertex 19.6237880 -1.8827390 7.6000090
    endloop
  endfacet
  facet normal 0.9951372 -0.0984983 0
    outer loop
      vertex 19.6807020 -1.6950820 -0.1999950
      vertex 19.7000050 -1.5000620 -0.1999950
      vertex 19.7000050 -1.5000620 7.6000090
    endloop
  endfacet
  facet normal 0.9951372 -0.0984983 0
    outer loop
      vertex 19.6807020 -1.6950820 -0.1999950
      vertex 19.7000050 -1.5000620 7.6000090
      vertex 19.6807020 -1.6950820 7.6000090
    endloop
  endfacet
  facet normal 1.0000000 0 0
    outer loop
      vertex 19.7000050 -1.5000620 -0.1999950
      vertex 19.7000050 -0.9999750 -0.1999950
      vertex 19.7000050 -0.9999750 7.6000090
    endloop
  endfacet
  facet normal 1.0000000 0 0
    outer loop
      vertex 19.7000050 -1.5000620 -0.1999950
      vertex 19.7000050 -0.9999750 7.6000090
      vertex 19.7000050 -1.5000620 7.6000090
    endloop
  endfacet
  facet normal 0.9903447 0.0980239 0.0980239
    outer loop
      vertex 19.7000050 -0.9999750 7.6000090
      vertex 19.6807020 -0.8049550 7.6000090
      vertex 19.6807020 -0.9999750 7.7950290
    endloop
  endfacet
  facet normal 0.9876604 0.1107404 0.1107404
    outer loop
      vertex 19.6807020 -0.9999750 7.7950290
      vertex 19.6807020 -0.8049550 7.6000090
      vertex 19.6562250 -0.7816720 7.7950290
    endloop
  endfacet
  facet normal 0.9534808 0.2891787 0.0851472
    outer loop
      vertex 19.6807020 -0.8049550 7.6000090
      vertex 19.6237880 -0.6172980 7.6000090
      vertex 19.6562250 -0.7816720 7.7950290
    endloop
  endfacet
  facet normal 0.9367378 0.3284431 0.1210263
    outer loop
      vertex 19.6562250 -0.7816720 7.7950290
      vertex 19.6237880 -0.6172980 7.6000090
      vertex 19.5835900 -0.5745130 7.7950290
    endloop
  endfacet
  facet normal 0.8794231 0.4695654 0.0782519
    outer loop
      vertex 19.6237880 -0.6172980 7.6000090
      vertex 19.5314520 -0.4443670 7.6000090
      vertex 19.5835900 -0.5745130 7.7950290
    endloop
  endfacet
  facet normal 0.8400306 0.5273775 0.1273641
    outer loop
      vertex 19.5835900 -0.5745130 7.7950290
      vertex 19.5314520 -0.4443670 7.6000090
      vertex 19.4667770 -0.3884480 7.7950290
    endloop
  endfacet
  facet normal 0.7706556 0.6329300 0.0740916
    outer loop
      vertex 19.5314520 -0.4443670 7.6000090
      vertex 19.4070770 -0.2929280 7.6000090
      vertex 19.4667770 -0.3884480 7.7950290
    endloop
  endfacet
  facet normal 0.7012175 0.7012175 0.1287950
    outer loop
      vertex 19.4667770 -0.3884480 7.7950290
      vertex 19.4070770 -0.2929280 7.6000090
      vertex 19.3115570 -0.2332280 7.7950290
    endloop
  endfacet
  facet normal 0.6329300 0.7706556 0.0740916
    outer loop
      vertex 19.4070770 -0.2929280 7.6000090
      vertex 19.2556380 -0.1685530 7.6000090
      vertex 19.3115570 -0.2332280 7.7950290
    endloop
  endfacet
  facet normal 0.5273775 0.8400306 0.1273641
    outer loop
      vertex 19.3115570 -0.2332280 7.7950290
      vertex 19.2556380 -0.1685530 7.6000090
      vertex 19.1254920 -0.1164150 7.7950290
    endloop
  endfacet
  facet normal 0.4695654 0.8794231 0.0782519
    outer loop
      vertex 19.2556380 -0.1685530 7.6000090
      vertex 19.0827070 -0.0762170 7.6000090
      vertex 19.1254920 -0.1164150 7.7950290
    endloop
  endfacet
  facet normal 0.3284431 0.9367378 0.1210263
    outer loop
      vertex 19.1254920 -0.1164150 7.7950290
      vertex 19.0827070 -0.0762170 7.6000090
      vertex 18.9183330 -0.0437800 7.7950290
    endloop
  endfacet
  facet normal 0.2891787 0.9534808 0.0851472
    outer loop
      vertex 19.0827070 -0.0762170 7.6000090
      vertex 18.8950500 -0.0193030 7.6000090
      vertex 18.9183330 -0.0437800 7.7950290
    endloop
  endfacet
  facet normal 0.1107404 0.9876604 0.1107404
    outer loop
      vertex 18.9183330 -0.0437800 7.7950290
      vertex 18.8950500 -0.0193030 7.6000090
      vertex 18.7000300 -0.0193030 7.7950290
    endloop
  endfacet
  facet normal 0.0980239 0.9903447 0.0980239
    outer loop
      vertex 18.8950500 -0.0193030 7.6000090
      vertex 18.7000300 0 7.6000090
      vertex 18.7000300 -0.0193030 7.7950290
    endloop
  endfacet
  facet normal -0.0980239 0.9903447 0.0980239
    outer loop
      vertex -18.7000300 0 7.6000090
      vertex -18.8950500 -0.0193030 7.6000090
      vertex -18.7000300 -0.0193030 7.7950290
    endloop
  endfacet
  facet normal -0.1107404 0.9876604 0.1107404
    outer loop
      vertex -18.7000300 -0.0193030 7.7950290
      vertex -18.8950500 -0.0193030 7.6000090
      vertex -18.9183330 -0.0437800 7.7950290
    endloop
  endfacet
  facet normal -0.2891787 0.9534808 0.0851472
    outer loop
      vertex -18.8950500 -0.0193030 7.6000090
      vertex -19.0827070 -0.0762170 7.6000090
      vertex -18.9183330 -0.0437800 7.7950290
    endloop
  endfacet
  facet normal -0.3284431 0.9367378 0.1210263
    outer loop
      vertex -18.9183330 -0.0437800 7.7950290
      vertex -19.0827070 -0.0762170 7.6000090
      vertex -19.1254920 -0.1164150 7.7950290
    endloop
  endfacet
  facet normal -0.4695654 0.8794231 0.0782519
    outer loop
      vertex -19.0827070 -0.0762170 7.6000090
      vertex -19.2556380 -0.1685530 7.6000090
      vertex -19.1254920 -0.1164150 7.7950290
    endloop
  endfacet
  facet normal -0.5273775 0.8400306 0.1273641
    outer loop
      vertex -19.1254920 -0.1164150 7.7950290
      vertex -19.2556380 -0.1685530 7.6000090
      vertex -19.3115570 -0.2332280 7.7950290
    endloop
  endfacet
  facet normal -0.6329300 0.7706556 0.0740916
    outer loop
      vertex -19.2556380 -0.1685530 7.6000090
      vertex -19.4070770 -0.2929280 7.6000090
      vertex -19.3115570 -0.2332280 7.7950290
    endloop
  endfacet
  facet normal -0.7012175 0.7012175 0.1287950
    outer loop
      vertex -19.3115570 -0.2332280 7.7950290
      vertex -19.4070770 -0.2929280 7.6000090
      vertex -19.4667770 -0.3884480 7.7950290
    endloop
  endfacet
  facet normal -0.7706556 0.6329300 0.0740916
    outer loop
      vertex -19.4070770 -0.2929280 7.6000090
      vertex -19.5314520 -0.4443670 7.6000090
      vertex -19.4667770 -0.3884480 7.7950290
    endloop
  endfacet
  facet normal -0.8400306 0.5273775 0.1273641
    outer loop
      vertex -19.4667770 -0.3884480 7.7950290
      vertex -19.5314520 -0.4443670 7.6000090
      vertex -19.5835900 -0.5745130 7.7950290
    endloop
  endfacet
  facet normal -0.8794231 0.4695654 0.0782519
    outer loop
      vertex -19.5314520 -0.4443670 7.6000090
      vertex -19.6237880 -0.6172980 7.6000090
      vertex -19.5835900 -0.5745130 7.7950290
    endloop
  endfacet
  facet normal -0.9367378 0.3284431 0.1210263
    outer loop
      vertex -19.5835900 -0.5745130 7.7950290
      vertex -19.6237880 -0.6172980 7.6000090
      vertex -19.6562250 -0.7816720 7.7950290
    endloop
  endfacet
  facet normal -0.9534808 0.2891787 0.0851472
    outer loop
      vertex -19.6237880 -0.6172980 7.6000090
      vertex -19.6807020 -0.8049550 7.6000090
      vertex -19.6562250 -0.7816720 7.7950290
    endloop
  endfacet
  facet normal -0.9876604 0.1107404 0.1107404
    outer loop
      vertex -19.6562250 -0.7816720 7.7950290
      vertex -19.6807020 -0.8049550 7.6000090
      vertex -19.6807020 -0.9999750 7.7950290
    endloop
  endfacet
  facet normal -0.9903447 0.0980239 0.0980239
    outer loop
      vertex -19.6807020 -0.8049550 7.6000090
      vertex -19.7000050 -0.9999750 7.6000090
      vertex -19.6807020 -0.9999750 7.7950290
    endloop
  endfacet
  facet normal -0.9903447 -0.0980239 0.0980239
    outer loop
      vertex -19.7000050 -1.5000620 7.6000090
      vertex -19.6807020 -1.6950820 7.6000090
      vertex -19.6807020 -1.5000620 7.7950290
    endloop
  endfacet
  facet normal -0.9876383 -0.1108390 0.1108390
    outer loop
      vertex -19.6807020 -1.5000620 7.7950290
      vertex -19.6807020 -1.6950820 7.6000090
      vertex -19.6562250 -1.7181660 7.7950290
    endloop
  endfacet
  facet normal -0.9534568 -0.2891714 0.0854401
    outer loop
      vertex -19.6807020 -1.6950820 7.6000090
      vertex -19.6237880 -1.8827390 7.6000090
      vertex -19.6562250 -1.7181660 7.7950290
    endloop
  endfacet
  facet normal -0.9368269 -0.3281591 0.1211070
    outer loop
      vertex -19.6562250 -1.7181660 7.7950290
      vertex -19.6237880 -1.8827390 7.6000090
      vertex -19.5835900 -1.9255240 7.7950290
    endloop
  endfacet
  facet normal -0.8792078 -0.4699913 0.0781141
    outer loop
      vertex -19.6237880 -1.8827390 7.6000090
      vertex -19.5314520 -2.0554710 7.6000090
      vertex -19.5835900 -1.9255240 7.7950290
    endloop
  endfacet
  facet normal -0.8400880 -0.5274136 0.1268347
    outer loop
      vertex -19.5835900 -1.9255240 7.7950290
      vertex -19.5314520 -2.0554710 7.6000090
      vertex -19.4667770 -2.1115890 7.7950290
    endloop
  endfacet
  facet normal -0.7710840 -0.6324508 0.0737257
    outer loop
      vertex -19.5314520 -2.0554710 7.6000090
      vertex -19.4070770 -2.2071090 7.6000090
      vertex -19.4667770 -2.1115890 7.7950290
    endloop
  endfacet
  facet normal -0.7012175 -0.7012175 0.1287950
    outer loop
      vertex -19.4667770 -2.1115890 7.7950290
      vertex -19.4070770 -2.2071090 7.6000090
      vertex -19.3115570 -2.2668090 7.7950290
    endloop
  endfacet
  facet normal -0.6329300 -0.7706556 0.0740916
    outer loop
      vertex -19.4070770 -2.2071090 7.6000090
      vertex -19.2556380 -2.3314840 7.6000090
      vertex -19.3115570 -2.2668090 7.7950290
    endloop
  endfacet
  facet normal -0.5273775 -0.8400306 0.1273641
    outer loop
      vertex -19.3115570 -2.2668090 7.7950290
      vertex -19.2556380 -2.3314840 7.6000090
      vertex -19.1254920 -2.3836220 7.7950290
    endloop
  endfacet
  facet normal -0.4695654 -0.8794231 0.0782519
    outer loop
      vertex -19.2556380 -2.3314840 7.6000090
      vertex -19.0827070 -2.4238200 7.6000090
      vertex -19.1254920 -2.3836220 7.7950290
    endloop
  endfacet
  facet normal -0.3284431 -0.9367378 0.1210263
    outer loop
      vertex -19.1254920 -2.3836220 7.7950290
      vertex -19.0827070 -2.4238200 7.6000090
      vertex -18.9183330 -2.4562570 7.7950290
    endloop
  endfacet
  facet normal -0.2891787 -0.9534808 0.0851472
    outer loop
      vertex -19.0827070 -2.4238200 7.6000090
      vertex -18.8950500 -2.4807340 7.6000090
      vertex -18.9183330 -2.4562570 7.7950290
    endloop
  endfacet
  facet normal -0.1107404 -0.9876604 0.1107404
    outer loop
      vertex -18.9183330 -2.4562570 7.7950290
      vertex -18.8950500 -2.4807340 7.6000090
      vertex -18.7000300 -2.4807340 7.7950290
    endloop
  endfacet
  facet normal -0.0980239 -0.9903447 0.0980239
    outer loop
      vertex -18.8950500 -2.4807340 7.6000090
      vertex -18.7000300 -2.5000370 7.6000090
      vertex -18.7000300 -2.4807340 7.7950290
    endloop
  endfacet
  facet normal 0.0980239 -0.9903447 0.0980239
    outer loop
      vertex 18.7000300 -2.5000370 7.6000090
      vertex 18.8950500 -2.4807340 7.6000090
      vertex 18.7000300 -2.4807340 7.7950290
    endloop
  endfacet
  facet normal 0.1107404 -0.9876604 0.1107404
    outer loop
      vertex 18.7000300 -2.4807340 7.7950290
      vertex 18.8950500 -2.4807340 7.6000090
      vertex 18.9183330 -2.4562570 7.7950290
    endloop
  endfacet
  facet normal 0.2891787 -0.9534808 0.0851472
    outer loop
      vertex 18.8950500 -2.4807340 7.6000090
      vertex 19.0827070 -2.4238200 7.6000090
      vertex 18.9183330 -2.4562570 7.7950290
    endloop
  endfacet
  facet normal 0.3284431 -0.9367378 0.1210263
    outer loop
      vertex 18.9183330 -2.4562570 7.7950290
      vertex 19.0827070 -2.4238200 7.6000090
      vertex 19.1254920 -2.3836220 7.7950290
    endloop
  endfacet
  facet normal 0.4695654 -0.8794231 0.0782519
    outer loop
      vertex 19.0827070 -2.4238200 7.6000090
      vertex 19.2556380 -2.3314840 7.6000090
      vertex 19.1254920 -2.3836220 7.7950290
    endloop
  endfacet
  facet normal 0.5273775 -0.8400306 0.1273641
    outer loop
      vertex 19.1254920 -2.3836220 7.7950290
      vertex 19.2556380 -2.3314840 7.6000090
      vertex 19.3115570 -2.2668090 7.7950290
    endloop
  endfacet
  facet normal 0.6329300 -0.7706556 0.0740916
    outer loop
      vertex 19.2556380 -2.3314840 7.6000090
      vertex 19.4070770 -2.2071090 7.6000090
      vertex 19.3115570 -2.2668090 7.7950290
    endloop
  endfacet
  facet normal 0.7012175 -0.7012175 0.1287950
    outer loop
      vertex 19.3115570 -2.2668090 7.7950290
      vertex 19.4070770 -2.2071090 7.6000090
      vertex 19.4667770 -2.1115890 7.7950290
    endloop
  endfacet
  facet normal 0.7710840 -0.6324508 0.0737257
    outer loop
      vertex 19.4070770 -2.2071090 7.6000090
      vertex 19.5314520 -2.0554710 7.6000090
      vertex 19.4667770 -2.1115890 7.7950290
    endloop
  endfacet
  facet normal 0.8400880 -0.5274136 0.1268347
    outer loop
      vertex 19.4667770 -2.1115890 7.7950290
      vertex 19.5314520 -2.0554710 7.6000090
      vertex 19.5835900 -1.9255240 7.7950290
    endloop
  endfacet
  facet normal 0.8792078 -0.4699913 0.0781141
    outer loop
      vertex 19.5314520 -2.0554710 7.6000090
      vertex 19.6237880 -1.8827390 7.6000090
      vertex 19.5835900 -1.9255240 7.7950290
    endloop
  endfacet
  facet normal 0.9368269 -0.3281591 0.1211070
    outer loop
      vertex 19.5835900 -1.9255240 7.7950290
      vertex 19.6237880 -1.8827390 7.6000090
      vertex 19.6562250 -1.7181660 7.7950290
    endloop
  endfacet
  facet normal 0.9534568 -0.2891714 0.0854401
    outer loop
      vertex 19.6237880 -1.8827390 7.6000090
      vertex 19.6807020 -1.6950820 7.6000090
      vertex 19.6562250 -1.7181660 7.7950290
    endloop
  endfacet
  facet normal 0.9876383 -0.1108390 0.1108390
    outer loop
      vertex 19.6562250 -1.7181660 7.7950290
      vertex 19.6807020 -1.6950820 7.6000090
      vertex 19.6807020 -1.5000620 7.7950290
    endloop
  endfacet
  facet normal 0.9903447 -0.0980239 0.0980239
    outer loop
      vertex 19.6807020 -1.6950820 7.6000090
      vertex 19.7000050 -1.5000620 7.6000090
      vertex 19.6807020 -1.5000620 7.7950290
    endloop
  endfacet
  facet normal 0 0.9951372 0.0984983
    outer loop
      vertex 18.7000300 0 7.6000090
      vertex -18.7000300 0 7.6000090
      vertex -18.7000300 -0.0193030 7.7950290
    endloop
  endfacet
  facet normal 0 0.9951372 0.0984983
    outer loop
      vertex 18.7000300 0 7.6000090
      vertex -18.7000300 -0.0193030 7.7950290
      vertex 18.7000300 -0.0193030 7.7950290
    endloop
  endfacet
  facet normal -0.9951372 0 0.0984983
    outer loop
      vertex -19.7000050 -0.9999750 7.6000090
      vertex -19.7000050 -1.5000620 7.6000090
      vertex -19.6807020 -1.5000620 7.7950290
    endloop
  endfacet
  facet normal -0.9951372 0 0.0984983
    outer loop
      vertex -19.7000050 -0.9999750 7.6000090
      vertex -19.6807020 -1.5000620 7.7950290
      vertex -19.6807020 -0.9999750 7.7950290
    endloop
  endfacet
  facet normal 0 -0.9951372 0.0984983
    outer loop
      vertex -18.7000300 -2.5000370 7.6000090
      vertex 18.7000300 -2.5000370 7.6000090
      vertex 18.7000300 -2.4807340 7.7950290
    endloop
  endfacet
  facet normal 0 -0.9951372 0.0984983
    outer loop
      vertex -18.7000300 -2.5000370 7.6000090
      vertex 18.7000300 -2.4807340 7.7950290
      vertex -18.7000300 -2.4807340 7.7950290
    endloop
  endfacet
  facet normal 0.9951372 0 0.0984983
    outer loop
      vertex 19.7000050 -1.5000620 7.6000090
      vertex 19.7000050 -0.9999750 7.6000090
      vertex 19.6807020 -0.9999750 7.7950290
    endloop
  endfacet
  facet normal 0.9951372 0 0.0984983
    outer loop
      vertex 19.7000050 -1.5000620 7.6000090
      vertex 19.6807020 -0.9999750 7.7950290
      vertex 19.6807020 -1.5000620 7.7950290
    endloop
  endfacet
  facet normal 0.9903447 -0.0980239 -0.0980239
    outer loop
      vertex 19.7000050 -1.5000620 -0.1999950
      vertex 19.6807020 -1.6950820 -0.1999950
      vertex 19.6807020 -1.5000620 -0.3950150
    endloop
  endfacet
  facet normal 0.9876383 -0.1108390 -0.1108390
    outer loop
      vertex 19.6807020 -1.5000620 -0.3950150
      vertex 19.6807020 -1.6950820 -0.1999950
      vertex 19.6562250 -1.7181660 -0.3950150
    endloop
  endfacet
  facet normal 0.9534568 -0.2891714 -0.0854401
    outer loop
      vertex 19.6807020 -1.6950820 -0.1999950
      vertex 19.6237880 -1.8827390 -0.1999950
      vertex 19.6562250 -1.7181660 -0.3950150
    endloop
  endfacet
  facet normal 0.9368269 -0.3281591 -0.1211070
    outer loop
      vertex 19.6562250 -1.7181660 -0.3950150
      vertex 19.6237880 -1.8827390 -0.1999950
      vertex 19.5835900 -1.9255240 -0.3950150
    endloop
  endfacet
  facet normal 0.8792078 -0.4699913 -0.0781141
    outer loop
      vertex 19.6237880 -1.8827390 -0.1999950
      vertex 19.5314520 -2.0554710 -0.1999950
      vertex 19.5835900 -1.9255240 -0.3950150
    endloop
  endfacet
  facet normal 0.8400880 -0.5274136 -0.1268347
    outer loop
      vertex 19.5835900 -1.9255240 -0.3950150
      vertex 19.5314520 -2.0554710 -0.1999950
      vertex 19.4667770 -2.1115890 -0.3950150
    endloop
  endfacet
  facet normal 0.7710840 -0.6324508 -0.0737257
    outer loop
      vertex 19.5314520 -2.0554710 -0.1999950
      vertex 19.4070770 -2.2071090 -0.1999950
      vertex 19.4667770 -2.1115890 -0.3950150
    endloop
  endfacet
  facet normal 0.7012175 -0.7012175 -0.1287950
    outer loop
      vertex 19.4667770 -2.1115890 -0.3950150
      vertex 19.4070770 -2.2071090 -0.1999950
      vertex 19.3115570 -2.2668090 -0.3950150
    endloop
  endfacet
  facet normal 0.6329300 -0.7706556 -0.0740916
    outer loop
      vertex 19.4070770 -2.2071090 -0.1999950
      vertex 19.2556380 -2.3314840 -0.1999950
      vertex 19.3115570 -2.2668090 -0.3950150
    endloop
  endfacet
  facet normal 0.5273775 -0.8400306 -0.1273641
    outer loop
      vertex 19.3115570 -2.2668090 -0.3950150
      vertex 19.2556380 -2.3314840 -0.1999950
      vertex 19.1254920 -2.3836220 -0.3950150
    endloop
  endfacet
  facet normal 0.4695654 -0.8794231 -0.0782519
    outer loop
      vertex 19.2556380 -2.3314840 -0.1999950
      vertex 19.0827070 -2.4238200 -0.1999950
      vertex 19.1254920 -2.3836220 -0.3950150
    endloop
  endfacet
  facet normal 0.3284431 -0.9367378 -0.1210263
    outer loop
      vertex 19.1254920 -2.3836220 -0.3950150
      vertex 19.0827070 -2.4238200 -0.1999950
      vertex 18.9183330 -2.4562570 -0.3950150
    endloop
  endfacet
  facet normal 0.2891787 -0.9534808 -0.0851472
    outer loop
      vertex 19.0827070 -2.4238200 -0.1999950
      vertex 18.8950500 -2.4807340 -0.1999950
      vertex 18.9183330 -2.4562570 -0.3950150
    endloop
  endfacet
  facet normal 0.1107404 -0.9876604 -0.1107404
    outer loop
      vertex 18.9183330 -2.4562570 -0.3950150
      vertex 18.8950500 -2.4807340 -0.1999950
      vertex 18.7000300 -2.4807340 -0.3950150
    endloop
  endfacet
  facet normal 0.0980239 -0.9903447 -0.0980239
    outer loop
      vertex 18.8950500 -2.4807340 -0.1999950
      vertex 18.7000300 -2.5000370 -0.1999950
      vertex 18.7000300 -2.4807340 -0.3950150
    endloop
  endfacet
  facet normal -0.0980239 -0.9903447 -0.0980239
    outer loop
      vertex -18.7000300 -2.5000370 -0.1999950
      vertex -18.8950500 -2.4807340 -0.1999950
      vertex -18.7000300 -2.4807340 -0.3950150
    endloop
  endfacet
  facet normal -0.1107404 -0.9876604 -0.1107404
    outer loop
      vertex -18.7000300 -2.4807340 -0.3950150
      vertex -18.8950500 -2.4807340 -0.1999950
      vertex -18.9183330 -2.4562570 -0.3950150
    endloop
  endfacet
  facet normal -0.2891787 -0.9534808 -0.0851472
    outer loop
      vertex -18.8950500 -2.4807340 -0.1999950
      vertex -19.0827070 -2.4238200 -0.1999950
      vertex -18.9183330 -2.4562570 -0.3950150
    endloop
  endfacet
  facet normal -0.3284431 -0.9367378 -0.1210263
    outer loop
      vertex -18.9183330 -2.4562570 -0.3950150
      vertex -19.0827070 -2.4238200 -0.1999950
      vertex -19.1254920 -2.3836220 -0.3950150
    endloop
  endfacet
  facet normal -0.4695654 -0.8794231 -0.0782519
    outer loop
      vertex -19.0827070 -2.4238200 -0.1999950
      vertex -19.2556380 -2.3314840 -0.1999950
      vertex -19.1254920 -2.3836220 -0.3950150
    endloop
  endfacet
  facet normal -0.5273775 -0.8400306 -0.1273641
    outer loop
      vertex -19.1254920 -2.3836220 -0.3950150
      vertex -19.2556380 -2.3314840 -0.1999950
      vertex -19.3115570 -2.2668090 -0.3950150
    endloop
  endfacet
  facet normal -0.6329300 -0.7706556 -0.0740916
    outer loop
      vertex -19.2556380 -2.3314840 -0.1999950
      vertex -19.4070770 -2.2071090 -0.1999950
      vertex -19.3115570 -2.2668090 -0.3950150
    endloop
  endfacet
  facet normal -0.7012175 -0.7012175 -0.1287950
    outer loop
      vertex -19.3115570 -2.2668090 -0.3950150
      vertex -19.4070770 -2.2071090 -0.1999950
      vertex -19.4667770 -2.1115890 -0.3950150
    endloop
  endfacet
  facet normal -0.7710840 -0.6324508 -0.0737257
    outer loop
      vertex -19.4070770 -2.2071090 -0.1999950
      vertex -19.5314520 -2.0554710 -0.1999950
      vertex -19.4667770 -2.1115890 -0.3950150
    endloop
  endfacet
  facet normal -0.8400880 -0.5274136 -0.1268347
    outer loop
      vertex -19.4667770 -2.1115890 -0.3950150
      vertex -19.5314520 -2.0554710 -0.1999950
      vertex -19.5835900 -1.9255240 -0.3950150
    endloop
  endfacet
  facet normal -0.8792078 -0.4699913 -0.0781141
    outer loop
      vertex -19.5314520 -2.0554710 -0.1999950
      vertex -19.6237880 -1.8827390 -0.1999950
      vertex -19.5835900 -1.9255240 -0.3950150
    endloop
  endfacet
  facet normal -0.9368269 -0.3281591 -0.1211070
    outer loop
      vertex -19.5835900 -1.9255240 -0.3950150
      vertex -19.6237880 -1.8827390 -0.1999950
      vertex -19.6562250 -1.7181660 -0.3950150
    endloop
  endfacet
  facet normal -0.9534568 -0.2891714 -0.0854401
    outer loop
      vertex -19.6237880 -1.8827390 -0.1999950
      vertex -19.6807020 -1.6950820 -0.1999950
      vertex -19.6562250 -1.7181660 -0.3950150
    endloop
  endfacet
  facet normal -0.9876383 -0.1108390 -0.1108390
    outer loop
      vertex -19.6562250 -1.7181660 -0.3950150
      vertex -19.6807020 -1.6950820 -0.1999950
      vertex -19.6807020 -1.5000620 -0.3950150
    endloop
  endfacet
  facet normal -0.9903447 -0.0980239 -0.0980239
    outer loop
      vertex -19.6807020 -1.6950820 -0.1999950
      vertex -19.7000050 -1.5000620 -0.1999950
      vertex -19.6807020 -1.5000620 -0.3950150
    endloop
  endfacet
  facet normal -0.9903447 0.0980239 -0.0980239
    outer loop
      vertex -19.7000050 -0.9999750 -0.1999950
      vertex -19.6807020 -0.8049550 -0.1999950
      vertex -19.6807020 -0.9999750 -0.3950150
    endloop
  endfacet
  facet normal -0.9876604 0.1107404 -0.1107404
    outer loop
      vertex -19.6807020 -0.9999750 -0.3950150
      vertex -19.6807020 -0.8049550 -0.1999950
      vertex -19.6562250 -0.7816720 -0.3950150
    endloop
  endfacet
  facet normal -0.9534808 0.2891787 -0.0851472
    outer loop
      vertex -19.6807020 -0.8049550 -0.1999950
      vertex -19.6237880 -0.6172980 -0.1999950
      vertex -19.6562250 -0.7816720 -0.3950150
    endloop
  endfacet
  facet normal -0.9367378 0.3284431 -0.1210263
    outer loop
      vertex -19.6562250 -0.7816720 -0.3950150
      vertex -19.6237880 -0.6172980 -0.1999950
      vertex -19.5835900 -0.5745130 -0.3950150
    endloop
  endfacet
  facet normal -0.8794231 0.4695654 -0.0782519
    outer loop
      vertex -19.6237880 -0.6172980 -0.1999950
      vertex -19.5314520 -0.4443670 -0.1999950
      vertex -19.5835900 -0.5745130 -0.3950150
    endloop
  endfacet
  facet normal -0.8400306 0.5273775 -0.1273641
    outer loop
      vertex -19.5835900 -0.5745130 -0.3950150
      vertex -19.5314520 -0.4443670 -0.1999950
      vertex -19.4667770 -0.3884480 -0.3950150
    endloop
  endfacet
  facet normal -0.7706556 0.6329300 -0.0740916
    outer loop
      vertex -19.5314520 -0.4443670 -0.1999950
      vertex -19.4070770 -0.2929280 -0.1999950
      vertex -19.4667770 -0.3884480 -0.3950150
    endloop
  endfacet
  facet normal -0.7012175 0.7012175 -0.1287950
    outer loop
      vertex -19.4667770 -0.3884480 -0.3950150
      vertex -19.4070770 -0.2929280 -0.1999950
      vertex -19.3115570 -0.2332280 -0.3950150
    endloop
  endfacet
  facet normal -0.6329300 0.7706556 -0.0740916
    outer loop
      vertex -19.4070770 -0.2929280 -0.1999950
      vertex -19.2556380 -0.1685530 -0.1999950
      vertex -19.3115570 -0.2332280 -0.3950150
    endloop
  endfacet
  facet normal -0.5273775 0.8400306 -0.1273641
    outer loop
      vertex -19.3115570 -0.2332280 -0.3950150
      vertex -19.2556380 -0.1685530 -0.1999950
      vertex -19.1254920 -0.1164150 -0.3950150
    endloop
  endfacet
  facet normal -0.4695654 0.8794231 -0.0782519
    outer loop
      vertex -19.2556380 -0.1685530 -0.1999950
      vertex -19.0827070 -0.0762170 -0.1999950
      vertex -19.1254920 -0.1164150 -0.3950150
    endloop
  endfacet
  facet normal -0.3284431 0.9367378 -0.1210263
    outer loop
      vertex -19.1254920 -0.1164150 -0.3950150
      vertex -19.0827070 -0.0762170 -0.1999950
      vertex -18.9183330 -0.0437800 -0.3950150
    endloop
  endfacet
  facet normal -0.2891787 0.9534808 -0.0851472
    outer loop
      vertex -19.0827070 -0.0762170 -0.1999950
      vertex -18.8950500 -0.0193030 -0.1999950
      vertex -18.9183330 -0.0437800 -0.3950150
    endloop
  endfacet
  facet normal -0.1107404 0.9876604 -0.1107404
    outer loop
      vertex -18.9183330 -0.0437800 -0.3950150
      vertex -18.8950500 -0.0193030 -0.1999950
      vertex -18.7000300 -0.0193030 -0.3950150
    endloop
  endfacet
  facet normal -0.0980239 0.9903447 -0.0980239
    outer loop
      vertex -18.8950500 -0.0193030 -0.1999950
      vertex -18.7000300 0 -0.1999950
      vertex -18.7000300 -0.0193030 -0.3950150
    endloop
  endfacet
  facet normal 0.0980239 0.9903447 -0.0980239
    outer loop
      vertex 18.7000300 0 -0.1999950
      vertex 18.8950500 -0.0193030 -0.1999950
      vertex 18.7000300 -0.0193030 -0.3950150
    endloop
  endfacet
  facet normal 0.1107404 0.9876604 -0.1107404
    outer loop
      vertex 18.7000300 -0.0193030 -0.3950150
      vertex 18.8950500 -0.0193030 -0.1999950
      vertex 18.9183330 -0.0437800 -0.3950150
    endloop
  endfacet
  facet normal 0.2891787 0.9534808 -0.0851472
    outer loop
      vertex 18.8950500 -0.0193030 -0.1999950
      vertex 19.0827070 -0.0762170 -0.1999950
      vertex 18.9183330 -0.0437800 -0.3950150
    endloop
  endfacet
  facet normal 0.3284431 0.9367378 -0.1210263
    outer loop
      vertex 18.9183330 -0.0437800 -0.3950150
      vertex 19.0827070 -0.0762170 -0.1999950
      vertex 19.1254920 -0.1164150 -0.3950150
    endloop
  endfacet
  facet normal 0.4695654 0.8794231 -0.0782519
    outer loop
      vertex 19.0827070 -0.0762170 -0.1999950
      vertex 19.2556380 -0.1685530 -0.1999950
      vertex 19.1254920 -0.1164150 -0.3950150
    endloop
  endfacet
  facet normal 0.5273775 0.8400306 -0.1273641
    outer loop
      vertex 19.1254920 -0.1164150 -0.3950150
      vertex 19.2556380 -0.1685530 -0.1999950
      vertex 19.3115570 -0.2332280 -0.3950150
    endloop
  endfacet
  facet normal 0.6329300 0.7706556 -0.0740916
    outer loop
      vertex 19.2556380 -0.1685530 -0.1999950
      vertex 19.4070770 -0.2929280 -0.1999950
      vertex 19.3115570 -0.2332280 -0.3950150
    endloop
  endfacet
  facet normal 0.7012175 0.7012175 -0.1287950
    outer loop
      vertex 19.3115570 -0.2332280 -0.3950150
      vertex 19.4070770 -0.2929280 -0.1999950
      vertex 19.4667770 -0.3884480 -0.3950150
    endloop
  endfacet
  facet normal 0.7706556 0.6329300 -0.0740916
    outer loop
      vertex 19.4070770 -0.2929280 -0.1999950
      vertex 19.5314520 -0.4443670 -0.1999950
      vertex 19.4667770 -0.3884480 -0.3950150
    endloop
  endfacet
  facet normal 0.8400306 0.5273775 -0.1273641
    outer loop
      vertex 19.4667770 -0.3884480 -0.3950150
      vertex 19.5314520 -0.4443670 -0.1999950
      vertex 19.5835900 -0.5745130 -0.3950150
    endloop
  endfacet
  facet normal 0.8794231 0.4695654 -0.0782519
    outer loop
      vertex 19.5314520 -0.4443670 -0.1999950
      vertex 19.6237880 -0.6172980 -0.1999950
      vertex 19.5835900 -0.5745130 -0.3950150
    endloop
  endfacet
  facet normal 0.9367378 0.3284431 -0.1210263
    outer loop
      vertex 19.5835900 -0.5745130 -0.3950150
      vertex 19.6237880 -0.6172980 -0.1999950
      vertex 19.6562250 -0.7816720 -0.3950150
    endloop
  endfacet
  facet normal 0.9534808 0.2891787 -0.0851472
    outer loop
      vertex 19.6237880 -0.6172980 -0.1999950
      vertex 19.6807020 -0.8049550 -0.1999950
      vertex 19.6562250 -0.7816720 -0.3950150
    endloop
  endfacet
  facet normal 0.9876604 0.1107404 -0.1107404
    outer loop
      vertex 19.6562250 -0.7816720 -0.3950150
      vertex 19.6807020 -0.8049550 -0.1999950
      vertex 19.6807020 -0.9999750 -0.3950150
    endloop
  endfacet
  facet normal 0.9903447 0.0980239 -0.0980239
    outer loop
      vertex 19.6807020 -0.8049550 -0.1999950
      vertex 19.7000050 -0.9999750 -0.1999950
      vertex 19.6807020 -0.9999750 -0.3950150
    endloop
  endfacet
  facet normal 0 -0.9951372 -0.0984983
    outer loop
      vertex 18.7000300 -2.5000370 -0.1999950
      vertex -18.7000300 -2.5000370 -0.1999950
      vertex -18.7000300 -2.4807340 -0.3950150
    endloop
  endfacet
  facet normal 0 -0.9951372 -0.0984983
    outer loop
      vertex 18.7000300 -2.5000370 -0.1999950
      vertex -18.7000300 -2.4807340 -0.3950150
      vertex 18.7000300 -2.4807340 -0.3950150
    endloop
  endfacet
  facet normal -0.9951372 0 -0.0984983
    outer loop
      vertex -19.7000050 -1.5000620 -0.1999950
      vertex -19.7000050 -0.9999750 -0.1999950
      vertex -19.6807020 -0.9999750 -0.3950150
    endloop
  endfacet
  facet normal -0.9951372 0 -0.0984983
    outer loop
      vertex -19.7000050 -1.5000620 -0.1999950
      vertex -19.6807020 -0.9999750 -0.3950150
      vertex -19.6807020 -1.5000620 -0.3950150
    endloop
  endfacet
  facet normal 0 0.9951372 -0.0984983
    outer loop
      vertex -18.7000300 0 -0.1999950
      vertex 18.7000300 0 -0.1999950
      vertex 18.7000300 -0.0193030 -0.3950150
    endloop
  endfacet
  facet normal 0 0.9951372 -0.0984983
    outer loop
      vertex -18.7000300 0 -0.1999950
      vertex 18.7000300 -0.0193030 -0.3950150
      vertex -18.7000300 -0.0193030 -0.3950150
    endloop
  endfacet
  facet normal 0.9951372 0 -0.0984983
    outer loop
      vertex 19.7000050 -0.9999750 -0.1999950
      vertex 19.7000050 -1.5000620 -0.1999950
      vertex 19.6807020 -1.5000620 -0.3950150
    endloop
  endfacet
  facet normal 0.9951372 0 -0.0984983
    outer loop
      vertex 19.7000050 -0.9999750 -0.1999950
      vertex 19.6807020 -1.5000620 -0.3950150
      vertex 19.6807020 -0.9999750 -0.3950150
    endloop
  endfacet
  facet normal 0.9514946 0.1066854 0.2885763
    outer loop
      vertex 19.6807020 -0.9999750 7.7950290
      vertex 19.6562250 -0.7816720 7.7950290
      vertex 19.6237880 -0.9999750 7.9826860
    endloop
  endfacet
  facet normal 0.9434323 0.1241152 0.3074589
    outer loop
      vertex 19.6237880 -0.9999750 7.9826860
      vertex 19.6562250 -0.7816720 7.7950290
      vertex 19.5923460 -0.7609760 7.9826860
    endloop
  endfacet
  facet normal 0.9075992 0.3182264 0.2738534
    outer loop
      vertex 19.6562250 -0.7816720 7.7950290
      vertex 19.5835900 -0.5745130 7.7950290
      vertex 19.5923460 -0.7609760 7.9826860
    endloop
  endfacet
  facet normal 0.8754264 0.3626766 0.3195220
    outer loop
      vertex 19.5923460 -0.7609760 7.9826860
      vertex 19.5835900 -0.5745130 7.7950290
      vertex 19.5000100 -0.5380960 7.9826860
    endloop
  endfacet
  facet normal 0.8168154 0.5128028 0.2642837
    outer loop
      vertex 19.5835900 -0.5745130 7.7950290
      vertex 19.4667770 -0.3884480 7.7950290
      vertex 19.5000100 -0.5380960 7.9826860
    endloop
  endfacet
  facet normal 0.7505549 0.5750093 0.3256250
    outer loop
      vertex 19.5000100 -0.5380960 7.9826860
      vertex 19.4667770 -0.3884480 7.7950290
      vertex 19.3533470 -0.3466580 7.9826860
    endloop
  endfacet
  facet normal 0.6826708 0.6826708 0.2606167
    outer loop
      vertex 19.4667770 -0.3884480 7.7950290
      vertex 19.3115570 -0.2332280 7.7950290
      vertex 19.3533470 -0.3466580 7.9826860
    endloop
  endfacet
  facet normal 0.5750093 0.7505549 0.3256250
    outer loop
      vertex 19.3533470 -0.3466580 7.9826860
      vertex 19.3115570 -0.2332280 7.7950290
      vertex 19.1619090 -0.1999950 7.9826860
    endloop
  endfacet
  facet normal 0.5128028 0.8168154 0.2642837
    outer loop
      vertex 19.3115570 -0.2332280 7.7950290
      vertex 19.1254920 -0.1164150 7.7950290
      vertex 19.1619090 -0.1999950 7.9826860
    endloop
  endfacet
  facet normal 0.3626766 0.8754264 0.3195220
    outer loop
      vertex 19.1619090 -0.1999950 7.9826860
      vertex 19.1254920 -0.1164150 7.7950290
      vertex 18.9390290 -0.1076590 7.9826860
    endloop
  endfacet
  facet normal 0.3182264 0.9075992 0.2738534
    outer loop
      vertex 19.1254920 -0.1164150 7.7950290
      vertex 18.9183330 -0.0437800 7.7950290
      vertex 18.9390290 -0.1076590 7.9826860
    endloop
  endfacet
  facet normal 0.1241152 0.9434323 0.3074589
    outer loop
      vertex 18.9390290 -0.1076590 7.9826860
      vertex 18.9183330 -0.0437800 7.7950290
      vertex 18.7000300 -0.0762170 7.9826860
    endloop
  endfacet
  facet normal 0.1066854 0.9514946 0.2885763
    outer loop
      vertex 18.9183330 -0.0437800 7.7950290
      vertex 18.7000300 -0.0193030 7.7950290
      vertex 18.7000300 -0.0762170 7.9826860
    endloop
  endfacet
  facet normal -0.1066854 0.9514946 0.2885763
    outer loop
      vertex -18.7000300 -0.0193030 7.7950290
      vertex -18.9183330 -0.0437800 7.7950290
      vertex -18.7000300 -0.0762170 7.9826860
    endloop
  endfacet
  facet normal -0.1241152 0.9434323 0.3074589
    outer loop
      vertex -18.7000300 -0.0762170 7.9826860
      vertex -18.9183330 -0.0437800 7.7950290
      vertex -18.9390290 -0.1076590 7.9826860
    endloop
  endfacet
  facet normal -0.3182264 0.9075992 0.2738534
    outer loop
      vertex -18.9183330 -0.0437800 7.7950290
      vertex -19.1254920 -0.1164150 7.7950290
      vertex -18.9390290 -0.1076590 7.9826860
    endloop
  endfacet
  facet normal -0.3626766 0.8754264 0.3195220
    outer loop
      vertex -18.9390290 -0.1076590 7.9826860
      vertex -19.1254920 -0.1164150 7.7950290
      vertex -19.1619090 -0.1999950 7.9826860
    endloop
  endfacet
  facet normal -0.5128028 0.8168154 0.2642837
    outer loop
      vertex -19.1254920 -0.1164150 7.7950290
      vertex -19.3115570 -0.2332280 7.7950290
      vertex -19.1619090 -0.1999950 7.9826860
    endloop
  endfacet
  facet normal -0.5750093 0.7505549 0.3256250
    outer loop
      vertex -19.1619090 -0.1999950 7.9826860
      vertex -19.3115570 -0.2332280 7.7950290
      vertex -19.3533470 -0.3466580 7.9826860
    endloop
  endfacet
  facet normal -0.6826708 0.6826708 0.2606167
    outer loop
      vertex -19.3115570 -0.2332280 7.7950290
      vertex -19.4667770 -0.3884480 7.7950290
      vertex -19.3533470 -0.3466580 7.9826860
    endloop
  endfacet
  facet normal -0.7505549 0.5750093 0.3256250
    outer loop
      vertex -19.3533470 -0.3466580 7.9826860
      vertex -19.4667770 -0.3884480 7.7950290
      vertex -19.5000100 -0.5380960 7.9826860
    endloop
  endfacet
  facet normal -0.8168154 0.5128028 0.2642837
    outer loop
      vertex -19.4667770 -0.3884480 7.7950290
      vertex -19.5835900 -0.5745130 7.7950290
      vertex -19.5000100 -0.5380960 7.9826860
    endloop
  endfacet
  facet normal -0.8754264 0.3626766 0.3195220
    outer loop
      vertex -19.5000100 -0.5380960 7.9826860
      vertex -19.5835900 -0.5745130 7.7950290
      vertex -19.5923460 -0.7609760 7.9826860
    endloop
  endfacet
  facet normal -0.9075992 0.3182264 0.2738534
    outer loop
      vertex -19.5835900 -0.5745130 7.7950290
      vertex -19.6562250 -0.7816720 7.7950290
      vertex -19.5923460 -0.7609760 7.9826860
    endloop
  endfacet
  facet normal -0.9434323 0.1241152 0.3074589
    outer loop
      vertex -19.5923460 -0.7609760 7.9826860
      vertex -19.6562250 -0.7816720 7.7950290
      vertex -19.6237880 -0.9999750 7.9826860
    endloop
  endfacet
  facet normal -0.9514946 0.1066854 0.2885763
    outer loop
      vertex -19.6562250 -0.7816720 7.7950290
      vertex -19.6807020 -0.9999750 7.7950290
      vertex -19.6237880 -0.9999750 7.9826860
    endloop
  endfacet
  facet normal -0.9514847 -0.1067816 0.2885733
    outer loop
      vertex -19.6807020 -1.5000620 7.7950290
      vertex -19.6562250 -1.7181660 7.7950290
      vertex -19.6237880 -1.5000620 7.9826860
    endloop
  endfacet
  facet normal -0.9434704 -0.1241202 0.3073398
    outer loop
      vertex -19.6237880 -1.5000620 7.9826860
      vertex -19.6562250 -1.7181660 7.7950290
      vertex -19.5923460 -1.7390610 7.9826860
    endloop
  endfacet
  facet normal -0.9077628 -0.3179783 0.2735993
    outer loop
      vertex -19.6562250 -1.7181660 7.7950290
      vertex -19.5835900 -1.9255240 7.7950290
      vertex -19.5923460 -1.7390610 7.9826860
    endloop
  endfacet
  facet normal -0.8754264 -0.3626766 0.3195220
    outer loop
      vertex -19.5923460 -1.7390610 7.9826860
      vertex -19.5835900 -1.9255240 7.7950290
      vertex -19.5000100 -1.9619410 7.9826860
    endloop
  endfacet
  facet normal -0.8168154 -0.5128028 0.2642837
    outer loop
      vertex -19.5835900 -1.9255240 7.7950290
      vertex -19.4667770 -2.1115890 7.7950290
      vertex -19.5000100 -1.9619410 7.9826860
    endloop
  endfacet
  facet normal -0.7505549 -0.5750093 0.3256250
    outer loop
      vertex -19.5000100 -1.9619410 7.9826860
      vertex -19.4667770 -2.1115890 7.7950290
      vertex -19.3533470 -2.1533790 7.9826860
    endloop
  endfacet
  facet normal -0.6826708 -0.6826708 0.2606167
    outer loop
      vertex -19.4667770 -2.1115890 7.7950290
      vertex -19.3115570 -2.2668090 7.7950290
      vertex -19.3533470 -2.1533790 7.9826860
    endloop
  endfacet
  facet normal -0.5750093 -0.7505549 0.3256250
    outer loop
      vertex -19.3533470 -2.1533790 7.9826860
      vertex -19.3115570 -2.2668090 7.7950290
      vertex -19.1619090 -2.3000420 7.9826860
    endloop
  endfacet
  facet normal -0.5128028 -0.8168154 0.2642837
    outer loop
      vertex -19.3115570 -2.2668090 7.7950290
      vertex -19.1254920 -2.3836220 7.7950290
      vertex -19.1619090 -2.3000420 7.9826860
    endloop
  endfacet
  facet normal -0.3626766 -0.8754264 0.3195220
    outer loop
      vertex -19.1619090 -2.3000420 7.9826860
      vertex -19.1254920 -2.3836220 7.7950290
      vertex -18.9390290 -2.3923780 7.9826860
    endloop
  endfacet
  facet normal -0.3182264 -0.9075992 0.2738534
    outer loop
      vertex -19.1254920 -2.3836220 7.7950290
      vertex -18.9183330 -2.4562570 7.7950290
      vertex -18.9390290 -2.3923780 7.9826860
    endloop
  endfacet
  facet normal -0.1241152 -0.9434323 0.3074589
    outer loop
      vertex -18.9390290 -2.3923780 7.9826860
      vertex -18.9183330 -2.4562570 7.7950290
      vertex -18.7000300 -2.4238200 7.9826860
    endloop
  endfacet
  facet normal -0.1066854 -0.9514946 0.2885763
    outer loop
      vertex -18.9183330 -2.4562570 7.7950290
      vertex -18.7000300 -2.4807340 7.7950290
      vertex -18.7000300 -2.4238200 7.9826860
    endloop
  endfacet
  facet normal 0.1066854 -0.9514946 0.2885763
    outer loop
      vertex 18.7000300 -2.4807340 7.7950290
      vertex 18.9183330 -2.4562570 7.7950290
      vertex 18.7000300 -2.4238200 7.9826860
    endloop
  endfacet
  facet normal 0.1241152 -0.9434323 0.3074589
    outer loop
      vertex 18.7000300 -2.4238200 7.9826860
      vertex 18.9183330 -2.4562570 7.7950290
      vertex 18.9390290 -2.3923780 7.9826860
    endloop
  endfacet
  facet normal 0.3182264 -0.9075992 0.2738534
    outer loop
      vertex 18.9183330 -2.4562570 7.7950290
      vertex 19.1254920 -2.3836220 7.7950290
      vertex 18.9390290 -2.3923780 7.9826860
    endloop
  endfacet
  facet normal 0.3626766 -0.8754264 0.3195220
    outer loop
      vertex 18.9390290 -2.3923780 7.9826860
      vertex 19.1254920 -2.3836220 7.7950290
      vertex 19.1619090 -2.3000420 7.9826860
    endloop
  endfacet
  facet normal 0.5128028 -0.8168154 0.2642837
    outer loop
      vertex 19.1254920 -2.3836220 7.7950290
      vertex 19.3115570 -2.2668090 7.7950290
      vertex 19.1619090 -2.3000420 7.9826860
    endloop
  endfacet
  facet normal 0.5750093 -0.7505549 0.3256250
    outer loop
      vertex 19.1619090 -2.3000420 7.9826860
      vertex 19.3115570 -2.2668090 7.7950290
      vertex 19.3533470 -2.1533790 7.9826860
    endloop
  endfacet
  facet normal 0.6826708 -0.6826708 0.2606167
    outer loop
      vertex 19.3115570 -2.2668090 7.7950290
      vertex 19.4667770 -2.1115890 7.7950290
      vertex 19.3533470 -2.1533790 7.9826860
    endloop
  endfacet
  facet normal 0.7505549 -0.5750093 0.3256250
    outer loop
      vertex 19.3533470 -2.1533790 7.9826860
      vertex 19.4667770 -2.1115890 7.7950290
      vertex 19.5000100 -1.9619410 7.9826860
    endloop
  endfacet
  facet normal 0.8168154 -0.5128028 0.2642837
    outer loop
      vertex 19.4667770 -2.1115890 7.7950290
      vertex 19.5835900 -1.9255240 7.7950290
      vertex 19.5000100 -1.9619410 7.9826860
    endloop
  endfacet
  facet normal 0.8754264 -0.3626766 0.3195220
    outer loop
      vertex 19.5000100 -1.9619410 7.9826860
      vertex 19.5835900 -1.9255240 7.7950290
      vertex 19.5923460 -1.7390610 7.9826860
    endloop
  endfacet
  facet normal 0.9077628 -0.3179783 0.2735993
    outer loop
      vertex 19.5835900 -1.9255240 7.7950290
      vertex 19.6562250 -1.7181660 7.7950290
      vertex 19.5923460 -1.7390610 7.9826860
    endloop
  endfacet
  facet normal 0.9434704 -0.1241202 0.3073398
    outer loop
      vertex 19.5923460 -1.7390610 7.9826860
      vertex 19.6562250 -1.7181660 7.7950290
      vertex 19.6237880 -1.5000620 7.9826860
    endloop
  endfacet
  facet normal 0.9514847 -0.1067816 0.2885733
    outer loop
      vertex 19.6562250 -1.7181660 7.7950290
      vertex 19.6807020 -1.5000620 7.7950290
      vertex 19.6237880 -1.5000620 7.9826860
    endloop
  endfacet
  facet normal 0 0.9569561 0.2902327
    outer loop
      vertex 18.7000300 -0.0193030 7.7950290
      vertex -18.7000300 -0.0193030 7.7950290
      vertex -18.7000300 -0.0762170 7.9826860
    endloop
  endfacet
  facet normal 0 0.9569561 0.2902327
    outer loop
      vertex 18.7000300 -0.0193030 7.7950290
      vertex -18.7000300 -0.0762170 7.9826860
      vertex 18.7000300 -0.0762170 7.9826860
    endloop
  endfacet
  facet normal -0.9569561 0 0.2902327
    outer loop
      vertex -19.6807020 -0.9999750 7.7950290
      vertex -19.6807020 -1.5000620 7.7950290
      vertex -19.6237880 -1.5000620 7.9826860
    endloop
  endfacet
  facet normal -0.9569561 0 0.2902327
    outer loop
      vertex -19.6807020 -0.9999750 7.7950290
      vertex -19.6237880 -1.5000620 7.9826860
      vertex -19.6237880 -0.9999750 7.9826860
    endloop
  endfacet
  facet normal 0 -0.9569561 0.2902327
    outer loop
      vertex -18.7000300 -2.4807340 7.7950290
      vertex 18.7000300 -2.4807340 7.7950290
      vertex 18.7000300 -2.4238200 7.9826860
    endloop
  endfacet
  facet normal 0 -0.9569561 0.2902327
    outer loop
      vertex -18.7000300 -2.4807340 7.7950290
      vertex 18.7000300 -2.4238200 7.9826860
      vertex -18.7000300 -2.4238200 7.9826860
    endloop
  endfacet
  facet normal 0.9569561 0 0.2902327
    outer loop
      vertex 19.6807020 -1.5000620 7.7950290
      vertex 19.6807020 -0.9999750 7.7950290
      vertex 19.6237880 -0.9999750 7.9826860
    endloop
  endfacet
  facet normal 0.9569561 0 0.2902327
    outer loop
      vertex 19.6807020 -1.5000620 7.7950290
      vertex 19.6237880 -0.9999750 7.9826860
      vertex 19.6237880 -1.5000620 7.9826860
    endloop
  endfacet
  facet normal 0.9514847 -0.1067816 -0.2885733
    outer loop
      vertex 19.6807020 -1.5000620 -0.3950150
      vertex 19.6562250 -1.7181660 -0.3950150
      vertex 19.6237880 -1.5000620 -0.5826720
    endloop
  endfacet
  facet normal 0.9434704 -0.1241202 -0.3073398
    outer loop
      vertex 19.6237880 -1.5000620 -0.5826720
      vertex 19.6562250 -1.7181660 -0.3950150
      vertex 19.5923460 -1.7390610 -0.5826720
    endloop
  endfacet
  facet normal 0.9077628 -0.3179783 -0.2735993
    outer loop
      vertex 19.6562250 -1.7181660 -0.3950150
      vertex 19.5835900 -1.9255240 -0.3950150
      vertex 19.5923460 -1.7390610 -0.5826720
    endloop
  endfacet
  facet normal 0.8754264 -0.3626766 -0.3195220
    outer loop
      vertex 19.5923460 -1.7390610 -0.5826720
      vertex 19.5835900 -1.9255240 -0.3950150
      vertex 19.5000100 -1.9619410 -0.5826720
    endloop
  endfacet
  facet normal 0.8168154 -0.5128028 -0.2642837
    outer loop
      vertex 19.5835900 -1.9255240 -0.3950150
      vertex 19.4667770 -2.1115890 -0.3950150
      vertex 19.5000100 -1.9619410 -0.5826720
    endloop
  endfacet
  facet normal 0.7505549 -0.5750093 -0.3256250
    outer loop
      vertex 19.5000100 -1.9619410 -0.5826720
      vertex 19.4667770 -2.1115890 -0.3950150
      vertex 19.3533470 -2.1533790 -0.5826720
    endloop
  endfacet
  facet normal 0.6826708 -0.6826708 -0.2606167
    outer loop
      vertex 19.4667770 -2.1115890 -0.3950150
      vertex 19.3115570 -2.2668090 -0.3950150
      vertex 19.3533470 -2.1533790 -0.5826720
    endloop
  endfacet
  facet normal 0.5750093 -0.7505549 -0.3256250
    outer loop
      vertex 19.3533470 -2.1533790 -0.5826720
      vertex 19.3115570 -2.2668090 -0.3950150
      vertex 19.1619090 -2.3000420 -0.5826720
    endloop
  endfacet
  facet normal 0.5128028 -0.8168154 -0.2642837
    outer loop
      vertex 19.3115570 -2.2668090 -0.3950150
      vertex 19.1254920 -2.3836220 -0.3950150
      vertex 19.1619090 -2.3000420 -0.5826720
    endloop
  endfacet
  facet normal 0.3626766 -0.8754264 -0.3195220
    outer loop
      vertex 19.1619090 -2.3000420 -0.5826720
      vertex 19.1254920 -2.3836220 -0.3950150
      vertex 18.9390290 -2.3923780 -0.5826720
    endloop
  endfacet
  facet normal 0.3182264 -0.9075992 -0.2738534
    outer loop
      vertex 19.1254920 -2.3836220 -0.3950150
      vertex 18.9183330 -2.4562570 -0.3950150
      vertex 18.9390290 -2.3923780 -0.5826720
    endloop
  endfacet
  facet normal 0.1241152 -0.9434323 -0.3074589
    outer loop
      vertex 18.9390290 -2.3923780 -0.5826720
      vertex 18.9183330 -2.4562570 -0.3950150
      vertex 18.7000300 -2.4238200 -0.5826720
    endloop
  endfacet
  facet normal 0.1066854 -0.9514946 -0.2885763
    outer loop
      vertex 18.9183330 -2.4562570 -0.3950150
      vertex 18.7000300 -2.4807340 -0.3950150
      vertex 18.7000300 -2.4238200 -0.5826720
    endloop
  endfacet
  facet normal -0.1066854 -0.9514946 -0.2885763
    outer loop
      vertex -18.7000300 -2.4807340 -0.3950150
      vertex -18.9183330 -2.4562570 -0.3950150
      vertex -18.7000300 -2.4238200 -0.5826720
    endloop
  endfacet
  facet normal -0.1241152 -0.9434323 -0.3074589
    outer loop
      vertex -18.7000300 -2.4238200 -0.5826720
      vertex -18.9183330 -2.4562570 -0.3950150
      vertex -18.9390290 -2.3923780 -0.5826720
    endloop
  endfacet
  facet normal -0.3182264 -0.9075992 -0.2738534
    outer loop
      vertex -18.9183330 -2.4562570 -0.3950150
      vertex -19.1254920 -2.3836220 -0.3950150
      vertex -18.9390290 -2.3923780 -0.5826720
    endloop
  endfacet
  facet normal -0.3626766 -0.8754264 -0.3195220
    outer loop
      vertex -18.9390290 -2.3923780 -0.5826720
      vertex -19.1254920 -2.3836220 -0.3950150
      vertex -19.1619090 -2.3000420 -0.5826720
    endloop
  endfacet
  facet normal -0.5128028 -0.8168154 -0.2642837
    outer loop
      vertex -19.1254920 -2.3836220 -0.3950150
      vertex -19.3115570 -2.2668090 -0.3950150
      vertex -19.1619090 -2.3000420 -0.5826720
    endloop
  endfacet
  facet normal -0.5750093 -0.7505549 -0.3256250
    outer loop
      vertex -19.1619090 -2.3000420 -0.5826720
      vertex -19.3115570 -2.2668090 -0.3950150
      vertex -19.3533470 -2.1533790 -0.5826720
    endloop
  endfacet
  facet normal -0.6826708 -0.6826708 -0.2606167
    outer loop
      vertex -19.3115570 -2.2668090 -0.3950150
      vertex -19.4667770 -2.1115890 -0.3950150
      vertex -19.3533470 -2.1533790 -0.5826720
    endloop
  endfacet
  facet normal -0.7505549 -0.5750093 -0.3256250
    outer loop
      vertex -19.3533470 -2.1533790 -0.5826720
      vertex -19.4667770 -2.1115890 -0.3950150
      vertex -19.5000100 -1.9619410 -0.5826720
    endloop
  endfacet
  facet normal -0.8168154 -0.5128028 -0.2642837
    outer loop
      vertex -19.4667770 -2.1115890 -0.3950150
      vertex -19.5835900 -1.9255240 -0.3950150
      vertex -19.5000100 -1.9619410 -0.5826720
    endloop
  endfacet
  facet normal -0.8754264 -0.3626766 -0.3195220
    outer loop
      vertex -19.5000100 -1.9619410 -0.5826720
      vertex -19.5835900 -1.9255240 -0.3950150
      vertex -19.5923460 -1.7390610 -0.5826720
    endloop
  endfacet
  facet normal -0.9077628 -0.3179783 -0.2735993
    outer loop
      vertex -19.5835900 -1.9255240 -0.3950150
      vertex -19.6562250 -1.7181660 -0.3950150
      vertex -19.5923460 -1.7390610 -0.5826720
    endloop
  endfacet
  facet normal -0.9434704 -0.1241202 -0.3073398
    outer loop
      vertex -19.5923460 -1.7390610 -0.5826720
      vertex -19.6562250 -1.7181660 -0.3950150
      vertex -19.6237880 -1.5000620 -0.5826720
    endloop
  endfacet
  facet normal -0.9514847 -0.1067816 -0.2885733
    outer loop
      vertex -19.6562250 -1.7181660 -0.3950150
      vertex -19.6807020 -1.5000620 -0.3950150
      vertex -19.6237880 -1.5000620 -0.5826720
    endloop
  endfacet
  facet normal -0.9514946 0.1066854 -0.2885763
    outer loop
      vertex -19.6807020 -0.9999750 -0.3950150
      vertex -19.6562250 -0.7816720 -0.3950150
      vertex -19.6237880 -0.9999750 -0.5826720
    endloop
  endfacet
  facet normal -0.9434323 0.1241152 -0.3074589
    outer loop
      vertex -19.6237880 -0.9999750 -0.5826720
      vertex -19.6562250 -0.7816720 -0.3950150
      vertex -19.5923460 -0.7609760 -0.5826720
    endloop
  endfacet
  facet normal -0.9075992 0.3182264 -0.2738534
    outer loop
      vertex -19.6562250 -0.7816720 -0.3950150
      vertex -19.5835900 -0.5745130 -0.3950150
      vertex -19.5923460 -0.7609760 -0.5826720
    endloop
  endfacet
  facet normal -0.8754264 0.3626766 -0.3195220
    outer loop
      vertex -19.5923460 -0.7609760 -0.5826720
      vertex -19.5835900 -0.5745130 -0.3950150
      vertex -19.5000100 -0.5380960 -0.5826720
    endloop
  endfacet
  facet normal -0.8168154 0.5128028 -0.2642837
    outer loop
      vertex -19.5835900 -0.5745130 -0.3950150
      vertex -19.4667770 -0.3884480 -0.3950150
      vertex -19.5000100 -0.5380960 -0.5826720
    endloop
  endfacet
  facet normal -0.7505549 0.5750093 -0.3256250
    outer loop
      vertex -19.5000100 -0.5380960 -0.5826720
      vertex -19.4667770 -0.3884480 -0.3950150
      vertex -19.3533470 -0.3466580 -0.5826720
    endloop
  endfacet
  facet normal -0.6826708 0.6826708 -0.2606167
    outer loop
      vertex -19.4667770 -0.3884480 -0.3950150
      vertex -19.3115570 -0.2332280 -0.3950150
      vertex -19.3533470 -0.3466580 -0.5826720
    endloop
  endfacet
  facet normal -0.5750093 0.7505549 -0.3256250
    outer loop
      vertex -19.3533470 -0.3466580 -0.5826720
      vertex -19.3115570 -0.2332280 -0.3950150
      vertex -19.1619090 -0.1999950 -0.5826720
    endloop
  endfacet
  facet normal -0.5128028 0.8168154 -0.2642837
    outer loop
      vertex -19.3115570 -0.2332280 -0.3950150
      vertex -19.1254920 -0.1164150 -0.3950150
      vertex -19.1619090 -0.1999950 -0.5826720
    endloop
  endfacet
  facet normal -0.3626766 0.8754264 -0.3195220
    outer loop
      vertex -19.1619090 -0.1999950 -0.5826720
      vertex -19.1254920 -0.1164150 -0.3950150
      vertex -18.9390290 -0.1076590 -0.5826720
    endloop
  endfacet
  facet normal -0.3182264 0.9075992 -0.2738534
    outer loop
      vertex -19.1254920 -0.1164150 -0.3950150
      vertex -18.9183330 -0.0437800 -0.3950150
      vertex -18.9390290 -0.1076590 -0.5826720
    endloop
  endfacet
  facet normal -0.1241152 0.9434323 -0.3074589
    outer loop
      vertex -18.9390290 -0.1076590 -0.5826720
      vertex -18.9183330 -0.0437800 -0.3950150
      vertex -18.7000300 -0.0762170 -0.5826720
    endloop
  endfacet
  facet normal -0.1066854 0.9514946 -0.2885763
    outer loop
      vertex -18.9183330 -0.0437800 -0.3950150
      vertex -18.7000300 -0.0193030 -0.3950150
      vertex -18.7000300 -0.0762170 -0.5826720
    endloop
  endfacet
  facet normal 0.1066854 0.9514946 -0.2885763
    outer loop
      vertex 18.7000300 -0.0193030 -0.3950150
      vertex 18.9183330 -0.0437800 -0.3950150
      vertex 18.7000300 -0.0762170 -0.5826720
    endloop
  endfacet
  facet normal 0.1241152 0.9434323 -0.3074589
    outer loop
      vertex 18.7000300 -0.0762170 -0.5826720
      vertex 18.9183330 -0.0437800 -0.3950150
      vertex 18.9390290 -0.1076590 -0.5826720
    endloop
  endfacet
  facet normal 0.3182264 0.9075992 -0.2738534
    outer loop
      vertex 18.9183330 -0.0437800 -0.3950150
      vertex 19.1254920 -0.1164150 -0.3950150
      vertex 18.9390290 -0.1076590 -0.5826720
    endloop
  endfacet
  facet normal 0.3626766 0.8754264 -0.3195220
    outer loop
      vertex 18.9390290 -0.1076590 -0.5826720
      vertex 19.1254920 -0.1164150 -0.3950150
      vertex 19.1619090 -0.1999950 -0.5826720
    endloop
  endfacet
  facet normal 0.5128028 0.8168154 -0.2642837
    outer loop
      vertex 19.1254920 -0.1164150 -0.3950150
      vertex 19.3115570 -0.2332280 -0.3950150
      vertex 19.1619090 -0.1999950 -0.5826720
    endloop
  endfacet
  facet normal 0.5750093 0.7505549 -0.3256250
    outer loop
      vertex 19.1619090 -0.1999950 -0.5826720
      vertex 19.3115570 -0.2332280 -0.3950150
      vertex 19.3533470 -0.3466580 -0.5826720
    endloop
  endfacet
  facet normal 0.6826708 0.6826708 -0.2606167
    outer loop
      vertex 19.3115570 -0.2332280 -0.3950150
      vertex 19.4667770 -0.3884480 -0.3950150
      vertex 19.3533470 -0.3466580 -0.5826720
    endloop
  endfacet
  facet normal 0.7505549 0.5750093 -0.3256250
    outer loop
      vertex 19.3533470 -0.3466580 -0.5826720
      vertex 19.4667770 -0.3884480 -0.3950150
      vertex 19.5000100 -0.5380960 -0.5826720
    endloop
  endfacet
  facet normal 0.8168154 0.5128028 -0.2642837
    outer loop
      vertex 19.4667770 -0.3884480 -0.3950150
      vertex 19.5835900 -0.5745130 -0.3950150
      vertex 19.5000100 -0.5380960 -0.5826720
    endloop
  endfacet
  facet normal 0.8754264 0.3626766 -0.3195220
    outer loop
      vertex 19.5000100 -0.5380960 -0.5826720
      vertex 19.5835900 -0.5745130 -0.3950150
      vertex 19.5923460 -0.7609760 -0.5826720
    endloop
  endfacet
  facet normal 0.9075992 0.3182264 -0.2738534
    outer loop
      vertex 19.5835900 -0.5745130 -0.3950150
      vertex 19.6562250 -0.7816720 -0.3950150
      vertex 19.5923460 -0.7609760 -0.5826720
    endloop
  endfacet
  facet normal 0.9434323 0.1241152 -0.3074589
    outer loop
      vertex 19.5923460 -0.7609760 -0.5826720
      vertex 19.6562250 -0.7816720 -0.3950150
      vertex 19.6237880 -0.9999750 -0.5826720
    endloop
  endfacet
  facet normal 0.9514946 0.1066854 -0.2885763
    outer loop
      vertex 19.6562250 -0.7816720 -0.3950150
      vertex 19.6807020 -0.9999750 -0.3950150
      vertex 19.6237880 -0.9999750 -0.5826720
    endloop
  endfacet
  facet normal 0 -0.9569561 -0.2902327
    outer loop
      vertex 18.7000300 -2.4807340 -0.3950150
      vertex -18.7000300 -2.4807340 -0.3950150
      vertex -18.7000300 -2.4238200 -0.5826720
    endloop
  endfacet
  facet normal 0 -0.9569561 -0.2902327
    outer loop
      vertex 18.7000300 -2.4807340 -0.3950150
      vertex -18.7000300 -2.4238200 -0.5826720
      vertex 18.7000300 -2.4238200 -0.5826720
    endloop
  endfacet
  facet normal -0.9569561 0 -0.2902327
    outer loop
      vertex -19.6807020 -1.5000620 -0.3950150
      vertex -19.6807020 -0.9999750 -0.3950150
      vertex -19.6237880 -0.9999750 -0.5826720
    endloop
  endfacet
  facet normal -0.9569561 0 -0.2902327
    outer loop
      vertex -19.6807020 -1.5000620 -0.3950150
      vertex -19.6237880 -0.9999750 -0.5826720
      vertex -19.6237880 -1.5000620 -0.5826720
    endloop
  endfacet
  facet normal 0 0.9569561 -0.2902327
    outer loop
      vertex -18.7000300 -0.0193030 -0.3950150
      vertex 18.7000300 -0.0193030 -0.3950150
      vertex 18.7000300 -0.0762170 -0.5826720
    endloop
  endfacet
  facet normal 0 0.9569561 -0.2902327
    outer loop
      vertex -18.7000300 -0.0193030 -0.3950150
      vertex 18.7000300 -0.0762170 -0.5826720
      vertex -18.7000300 -0.0762170 -0.5826720
    endloop
  endfacet
  facet normal 0.9569561 0 -0.2902327
    outer loop
      vertex 19.6807020 -0.9999750 -0.3950150
      vertex 19.6807020 -1.5000620 -0.3950150
      vertex 19.6237880 -1.5000620 -0.5826720
    endloop
  endfacet
  facet normal 0.9569561 0 -0.2902327
    outer loop
      vertex 19.6807020 -0.9999750 -0.3950150
      vertex 19.6237880 -1.5000620 -0.5826720
      vertex 19.6237880 -0.9999750 -0.5826720
    endloop
  endfacet
  facet normal 0.8762473 0.1152765 0.4678697
    outer loop
      vertex 19.6237880 -0.9999750 7.9826860
      vertex 19.5923460 -0.7609760 7.9826860
      vertex 19.5314520 -0.9999750 8.1556170
    endloop
  endfacet
  facet normal 0.8605170 0.1359764 0.4909388
    outer loop
      vertex 19.5314520 -0.9999750 8.1556170
      vertex 19.5923460 -0.7609760 7.9826860
      vertex 19.4908560 -0.7430660 8.1556170
    endloop
  endfacet
  facet normal 0.8254767 0.3419832 0.4490387
    outer loop
      vertex 19.5923460 -0.7609760 7.9826860
      vertex 19.5000100 -0.5380960 7.9826860
      vertex 19.4908560 -0.7430660 8.1556170
    endloop
  endfacet
  facet normal 0.7687823 0.3919800 0.5052973
    outer loop
      vertex 19.4908560 -0.7430660 8.1556170
      vertex 19.5000100 -0.5380960 7.9826860
      vertex 19.3726500 -0.5112310 8.1556170
    endloop
  endfacet
  facet normal 0.7127984 0.5460836 0.4401262
    outer loop
      vertex 19.5000100 -0.5380960 7.9826860
      vertex 19.3533470 -0.3466580 7.9826860
      vertex 19.3726500 -0.5112310 8.1556170
    endloop
  endfacet
  facet normal 0.6079418 0.6079418 0.5106991
    outer loop
      vertex 19.3726500 -0.5112310 8.1556170
      vertex 19.3533470 -0.3466580 7.9826860
      vertex 19.1887740 -0.3273550 8.1556170
    endloop
  endfacet
  facet normal 0.5460836 0.7127984 0.4401262
    outer loop
      vertex 19.3533470 -0.3466580 7.9826860
      vertex 19.1619090 -0.1999950 7.9826860
      vertex 19.1887740 -0.3273550 8.1556170
    endloop
  endfacet
  facet normal 0.3919800 0.7687823 0.5052973
    outer loop
      vertex 19.1887740 -0.3273550 8.1556170
      vertex 19.1619090 -0.1999950 7.9826860
      vertex 18.9569390 -0.2091490 8.1556170
    endloop
  endfacet
  facet normal 0.3419832 0.8254767 0.4490387
    outer loop
      vertex 19.1619090 -0.1999950 7.9826860
      vertex 18.9390290 -0.1076590 7.9826860
      vertex 18.9569390 -0.2091490 8.1556170
    endloop
  endfacet
  facet normal 0.1359764 0.8605170 0.4909388
    outer loop
      vertex 18.9569390 -0.2091490 8.1556170
      vertex 18.9390290 -0.1076590 7.9826860
      vertex 18.7000300 -0.1685530 8.1556170
    endloop
  endfacet
  facet normal 0.1152765 0.8762473 0.4678697
    outer loop
      vertex 18.9390290 -0.1076590 7.9826860
      vertex 18.7000300 -0.0762170 7.9826860
      vertex 18.7000300 -0.1685530 8.1556170
    endloop
  endfacet
  facet normal -0.1152765 0.8762473 0.4678697
    outer loop
      vertex -18.7000300 -0.0762170 7.9826860
      vertex -18.9390290 -0.1076590 7.9826860
      vertex -18.7000300 -0.1685530 8.1556170
    endloop
  endfacet
  facet normal -0.1359764 0.8605170 0.4909388
    outer loop
      vertex -18.7000300 -0.1685530 8.1556170
      vertex -18.9390290 -0.1076590 7.9826860
      vertex -18.9569390 -0.2091490 8.1556170
    endloop
  endfacet
  facet normal -0.3419832 0.8254767 0.4490387
    outer loop
      vertex -18.9390290 -0.1076590 7.9826860
      vertex -19.1619090 -0.1999950 7.9826860
      vertex -18.9569390 -0.2091490 8.1556170
    endloop
  endfacet
  facet normal -0.3919800 0.7687823 0.5052973
    outer loop
      vertex -18.9569390 -0.2091490 8.1556170
      vertex -19.1619090 -0.1999950 7.9826860
      vertex -19.1887740 -0.3273550 8.1556170
    endloop
  endfacet
  facet normal -0.5460836 0.7127984 0.4401262
    outer loop
      vertex -19.1619090 -0.1999950 7.9826860
      vertex -19.3533470 -0.3466580 7.9826860
      vertex -19.1887740 -0.3273550 8.1556170
    endloop
  endfacet
  facet normal -0.6079418 0.6079418 0.5106991
    outer loop
      vertex -19.1887740 -0.3273550 8.1556170
      vertex -19.3533470 -0.3466580 7.9826860
      vertex -19.3726500 -0.5112310 8.1556170
    endloop
  endfacet
  facet normal -0.7127984 0.5460836 0.4401262
    outer loop
      vertex -19.3533470 -0.3466580 7.9826860
      vertex -19.5000100 -0.5380960 7.9826860
      vertex -19.3726500 -0.5112310 8.1556170
    endloop
  endfacet
  facet normal -0.7687823 0.3919800 0.5052973
    outer loop
      vertex -19.3726500 -0.5112310 8.1556170
      vertex -19.5000100 -0.5380960 7.9826860
      vertex -19.4908560 -0.7430660 8.1556170
    endloop
  endfacet
  facet normal -0.8254767 0.3419832 0.4490387
    outer loop
      vertex -19.5000100 -0.5380960 7.9826860
      vertex -19.5923460 -0.7609760 7.9826860
      vertex -19.4908560 -0.7430660 8.1556170
    endloop
  endfacet
  facet normal -0.8605170 0.1359764 0.4909388
    outer loop
      vertex -19.4908560 -0.7430660 8.1556170
      vertex -19.5923460 -0.7609760 7.9826860
      vertex -19.5314520 -0.9999750 8.1556170
    endloop
  endfacet
  facet normal -0.8762473 0.1152765 0.4678697
    outer loop
      vertex -19.5923460 -0.7609760 7.9826860
      vertex -19.6237880 -0.9999750 7.9826860
      vertex -19.5314520 -0.9999750 8.1556170
    endloop
  endfacet
  facet normal -0.8762473 -0.1152765 0.4678697
    outer loop
      vertex -19.6237880 -1.5000620 7.9826860
      vertex -19.5923460 -1.7390610 7.9826860
      vertex -19.5314520 -1.5000620 8.1556170
    endloop
  endfacet
  facet normal -0.8605170 -0.1359764 0.4909388
    outer loop
      vertex -19.5314520 -1.5000620 8.1556170
      vertex -19.5923460 -1.7390610 7.9826860
      vertex -19.4908560 -1.7569710 8.1556170
    endloop
  endfacet
  facet normal -0.8254767 -0.3419832 0.4490387
    outer loop
      vertex -19.5923460 -1.7390610 7.9826860
      vertex -19.5000100 -1.9619410 7.9826860
      vertex -19.4908560 -1.7569710 8.1556170
    endloop
  endfacet
  facet normal -0.7687823 -0.3919800 0.5052973
    outer loop
      vertex -19.4908560 -1.7569710 8.1556170
      vertex -19.5000100 -1.9619410 7.9826860
      vertex -19.3726500 -1.9888060 8.1556170
    endloop
  endfacet
  facet normal -0.7127984 -0.5460836 0.4401262
    outer loop
      vertex -19.5000100 -1.9619410 7.9826860
      vertex -19.3533470 -2.1533790 7.9826860
      vertex -19.3726500 -1.9888060 8.1556170
    endloop
  endfacet
  facet normal -0.6079418 -0.6079418 0.5106991
    outer loop
      vertex -19.3726500 -1.9888060 8.1556170
      vertex -19.3533470 -2.1533790 7.9826860
      vertex -19.1887740 -2.1726820 8.1556170
    endloop
  endfacet
  facet normal -0.5460836 -0.7127984 0.4401262
    outer loop
      vertex -19.3533470 -2.1533790 7.9826860
      vertex -19.1619090 -2.3000420 7.9826860
      vertex -19.1887740 -2.1726820 8.1556170
    endloop
  endfacet
  facet normal -0.3914010 -0.7689412 0.5055043
    outer loop
      vertex -19.1887740 -2.1726820 8.1556170
      vertex -19.1619090 -2.3000420 7.9826860
      vertex -18.9569390 -2.2906890 8.1556170
    endloop
  endfacet
  facet normal -0.3418373 -0.8251244 0.4497966
    outer loop
      vertex -19.1619090 -2.3000420 7.9826860
      vertex -18.9390290 -2.3923780 7.9826860
      vertex -18.9569390 -2.2906890 8.1556170
    endloop
  endfacet
  facet normal -0.1365687 -0.8600497 0.4915929
    outer loop
      vertex -18.9569390 -2.2906890 8.1556170
      vertex -18.9390290 -2.3923780 7.9826860
      vertex -18.7000300 -2.3314840 8.1556170
    endloop
  endfacet
  facet normal -0.1152765 -0.8762473 0.4678697
    outer loop
      vertex -18.9390290 -2.3923780 7.9826860
      vertex -18.7000300 -2.4238200 7.9826860
      vertex -18.7000300 -2.3314840 8.1556170
    endloop
  endfacet
  facet normal 0.1152765 -0.8762473 0.4678697
    outer loop
      vertex 18.7000300 -2.4238200 7.9826860
      vertex 18.9390290 -2.3923780 7.9826860
      vertex 18.7000300 -2.3314840 8.1556170
    endloop
  endfacet
  facet normal 0.1365687 -0.8600497 0.4915929
    outer loop
      vertex 18.7000300 -2.3314840 8.1556170
      vertex 18.9390290 -2.3923780 7.9826860
      vertex 18.9569390 -2.2906890 8.1556170
    endloop
  endfacet
  facet normal 0.3418373 -0.8251244 0.4497966
    outer loop
      vertex 18.9390290 -2.3923780 7.9826860
      vertex 19.1619090 -2.3000420 7.9826860
      vertex 18.9569390 -2.2906890 8.1556170
    endloop
  endfacet
  facet normal 0.3914010 -0.7689412 0.5055043
    outer loop
      vertex 18.9569390 -2.2906890 8.1556170
      vertex 19.1619090 -2.3000420 7.9826860
      vertex 19.1887740 -2.1726820 8.1556170
    endloop
  endfacet
  facet normal 0.5460836 -0.7127984 0.4401262
    outer loop
      vertex 19.1619090 -2.3000420 7.9826860
      vertex 19.3533470 -2.1533790 7.9826860
      vertex 19.1887740 -2.1726820 8.1556170
    endloop
  endfacet
  facet normal 0.6079418 -0.6079418 0.5106991
    outer loop
      vertex 19.1887740 -2.1726820 8.1556170
      vertex 19.3533470 -2.1533790 7.9826860
      vertex 19.3726500 -1.9888060 8.1556170
    endloop
  endfacet
  facet normal 0.7127984 -0.5460836 0.4401262
    outer loop
      vertex 19.3533470 -2.1533790 7.9826860
      vertex 19.5000100 -1.9619410 7.9826860
      vertex 19.3726500 -1.9888060 8.1556170
    endloop
  endfacet
  facet normal 0.7687823 -0.3919800 0.5052973
    outer loop
      vertex 19.3726500 -1.9888060 8.1556170
      vertex 19.5000100 -1.9619410 7.9826860
      vertex 19.4908560 -1.7569710 8.1556170
    endloop
  endfacet
  facet normal 0.8254767 -0.3419832 0.4490387
    outer loop
      vertex 19.5000100 -1.9619410 7.9826860
      vertex 19.5923460 -1.7390610 7.9826860
      vertex 19.4908560 -1.7569710 8.1556170
    endloop
  endfacet
  facet normal 0.8605170 -0.1359764 0.4909388
    outer loop
      vertex 19.4908560 -1.7569710 8.1556170
      vertex 19.5923460 -1.7390610 7.9826860
      vertex 19.5314520 -1.5000620 8.1556170
    endloop
  endfacet
  facet normal 0.8762473 -0.1152765 0.4678697
    outer loop
      vertex 19.5923460 -1.7390610 7.9826860
      vertex 19.6237880 -1.5000620 7.9826860
      vertex 19.5314520 -1.5000620 8.1556170
    endloop
  endfacet
  facet normal 0 0.8821280 0.4710097
    outer loop
      vertex 18.7000300 -0.0762170 7.9826860
      vertex -18.7000300 -0.0762170 7.9826860
      vertex -18.7000300 -0.1685530 8.1556170
    endloop
  endfacet
  facet normal 0 0.8821280 0.4710097
    outer loop
      vertex 18.7000300 -0.0762170 7.9826860
      vertex -18.7000300 -0.1685530 8.1556170
      vertex 18.7000300 -0.1685530 8.1556170
    endloop
  endfacet
  facet normal -0.8821280 0 0.4710097
    outer loop
      vertex -19.6237880 -0.9999750 7.9826860
      vertex -19.6237880 -1.5000620 7.9826860
      vertex -19.5314520 -1.5000620 8.1556170
    endloop
  endfacet
  facet normal -0.8821280 0 0.4710097
    outer loop
      vertex -19.6237880 -0.9999750 7.9826860
      vertex -19.5314520 -1.5000620 8.1556170
      vertex -19.5314520 -0.9999750 8.1556170
    endloop
  endfacet
  facet normal 0 -0.8821280 0.4710097
    outer loop
      vertex -18.7000300 -2.4238200 7.9826860
      vertex 18.7000300 -2.4238200 7.9826860
      vertex 18.7000300 -2.3314840 8.1556170
    endloop
  endfacet
  facet normal 0 -0.8821280 0.4710097
    outer loop
      vertex -18.7000300 -2.4238200 7.9826860
      vertex 18.7000300 -2.3314840 8.1556170
      vertex -18.7000300 -2.3314840 8.1556170
    endloop
  endfacet
  facet normal 0.8821280 0 0.4710097
    outer loop
      vertex 19.6237880 -1.5000620 7.9826860
      vertex 19.6237880 -0.9999750 7.9826860
      vertex 19.5314520 -0.9999750 8.1556170
    endloop
  endfacet
  facet normal 0.8821280 0 0.4710097
    outer loop
      vertex 19.6237880 -1.5000620 7.9826860
      vertex 19.5314520 -0.9999750 8.1556170
      vertex 19.5314520 -1.5000620 8.1556170
    endloop
  endfacet
  facet normal 0.8762473 -0.1152765 -0.4678697
    outer loop
      vertex 19.6237880 -1.5000620 -0.5826720
      vertex 19.5923460 -1.7390610 -0.5826720
      vertex 19.5314520 -1.5000620 -0.7556030
    endloop
  endfacet
  facet normal 0.8605170 -0.1359764 -0.4909388
    outer loop
      vertex 19.5314520 -1.5000620 -0.7556030
      vertex 19.5923460 -1.7390610 -0.5826720
      vertex 19.4908560 -1.7569710 -0.7556030
    endloop
  endfacet
  facet normal 0.8254767 -0.3419832 -0.4490387
    outer loop
      vertex 19.5923460 -1.7390610 -0.5826720
      vertex 19.5000100 -1.9619410 -0.5826720
      vertex 19.4908560 -1.7569710 -0.7556030
    endloop
  endfacet
  facet normal 0.7687823 -0.3919800 -0.5052973
    outer loop
      vertex 19.4908560 -1.7569710 -0.7556030
      vertex 19.5000100 -1.9619410 -0.5826720
      vertex 19.3726500 -1.9888060 -0.7556030
    endloop
  endfacet
  facet normal 0.7127984 -0.5460836 -0.4401262
    outer loop
      vertex 19.5000100 -1.9619410 -0.5826720
      vertex 19.3533470 -2.1533790 -0.5826720
      vertex 19.3726500 -1.9888060 -0.7556030
    endloop
  endfacet
  facet normal 0.6079418 -0.6079418 -0.5106991
    outer loop
      vertex 19.3726500 -1.9888060 -0.7556030
      vertex 19.3533470 -2.1533790 -0.5826720
      vertex 19.1887740 -2.1726820 -0.7556030
    endloop
  endfacet
  facet normal 0.5460836 -0.7127984 -0.4401262
    outer loop
      vertex 19.3533470 -2.1533790 -0.5826720
      vertex 19.1619090 -2.3000420 -0.5826720
      vertex 19.1887740 -2.1726820 -0.7556030
    endloop
  endfacet
  facet normal 0.3914010 -0.7689412 -0.5055043
    outer loop
      vertex 19.1887740 -2.1726820 -0.7556030
      vertex 19.1619090 -2.3000420 -0.5826720
      vertex 18.9569390 -2.2906890 -0.7556030
    endloop
  endfacet
  facet normal 0.3418373 -0.8251244 -0.4497966
    outer loop
      vertex 19.1619090 -2.3000420 -0.5826720
      vertex 18.9390290 -2.3923780 -0.5826720
      vertex 18.9569390 -2.2906890 -0.7556030
    endloop
  endfacet
  facet normal 0.1365687 -0.8600497 -0.4915929
    outer loop
      vertex 18.9569390 -2.2906890 -0.7556030
      vertex 18.9390290 -2.3923780 -0.5826720
      vertex 18.7000300 -2.3314840 -0.7556030
    endloop
  endfacet
  facet normal 0.1152765 -0.8762473 -0.4678697
    outer loop
      vertex 18.9390290 -2.3923780 -0.5826720
      vertex 18.7000300 -2.4238200 -0.5826720
      vertex 18.7000300 -2.3314840 -0.7556030
    endloop
  endfacet
  facet normal -0.1152765 -0.8762473 -0.4678697
    outer loop
      vertex -18.7000300 -2.4238200 -0.5826720
      vertex -18.9390290 -2.3923780 -0.5826720
      vertex -18.7000300 -2.3314840 -0.7556030
    endloop
  endfacet
  facet normal -0.1365687 -0.8600497 -0.4915929
    outer loop
      vertex -18.7000300 -2.3314840 -0.7556030
      vertex -18.9390290 -2.3923780 -0.5826720
      vertex -18.9569390 -2.2906890 -0.7556030
    endloop
  endfacet
  facet normal -0.3418373 -0.8251244 -0.4497966
    outer loop
      vertex -18.9390290 -2.3923780 -0.5826720
      vertex -19.1619090 -2.3000420 -0.5826720
      vertex -18.9569390 -2.2906890 -0.7556030
    endloop
  endfacet
  facet normal -0.3914010 -0.7689412 -0.5055043
    outer loop
      vertex -18.9569390 -2.2906890 -0.7556030
      vertex -19.1619090 -2.3000420 -0.5826720
      vertex -19.1887740 -2.1726820 -0.7556030
    endloop
  endfacet
  facet normal -0.5460836 -0.7127984 -0.4401262
    outer loop
      vertex -19.1619090 -2.3000420 -0.5826720
      vertex -19.3533470 -2.1533790 -0.5826720
      vertex -19.1887740 -2.1726820 -0.7556030
    endloop
  endfacet
  facet normal -0.6079418 -0.6079418 -0.5106991
    outer loop
      vertex -19.1887740 -2.1726820 -0.7556030
      vertex -19.3533470 -2.1533790 -0.5826720
      vertex -19.3726500 -1.9888060 -0.7556030
    endloop
  endfacet
  facet normal -0.7127984 -0.5460836 -0.4401262
    outer loop
      vertex -19.3533470 -2.1533790 -0.5826720
      vertex -19.5000100 -1.9619410 -0.5826720
      vertex -19.3726500 -1.9888060 -0.7556030
    endloop
  endfacet
  facet normal -0.7687823 -0.3919800 -0.5052973
    outer loop
      vertex -19.3726500 -1.9888060 -0.7556030
      vertex -19.5000100 -1.9619410 -0.5826720
      vertex -19.4908560 -1.7569710 -0.7556030
    endloop
  endfacet
  facet normal -0.8254767 -0.3419832 -0.4490387
    outer loop
      vertex -19.5000100 -1.9619410 -0.5826720
      vertex -19.5923460 -1.7390610 -0.5826720
      vertex -19.4908560 -1.7569710 -0.7556030
    endloop
  endfacet
  facet normal -0.8605170 -0.1359764 -0.4909388
    outer loop
      vertex -19.4908560 -1.7569710 -0.7556030
      vertex -19.5923460 -1.7390610 -0.5826720
      vertex -19.5314520 -1.5000620 -0.7556030
    endloop
  endfacet
  facet normal -0.8762473 -0.1152765 -0.4678697
    outer loop
      vertex -19.5923460 -1.7390610 -0.5826720
      vertex -19.6237880 -1.5000620 -0.5826720
      vertex -19.5314520 -1.5000620 -0.7556030
    endloop
  endfacet
  facet normal -0.8762473 0.1152765 -0.4678697
    outer loop
      vertex -19.6237880 -0.9999750 -0.5826720
      vertex -19.5923460 -0.7609760 -0.5826720
      vertex -19.5314520 -0.9999750 -0.7556030
    endloop
  endfacet
  facet normal -0.8605170 0.1359764 -0.4909388
    outer loop
      vertex -19.5314520 -0.9999750 -0.7556030
      vertex -19.5923460 -0.7609760 -0.5826720
      vertex -19.4908560 -0.7430660 -0.7556030
    endloop
  endfacet
  facet normal -0.8254767 0.3419832 -0.4490387
    outer loop
      vertex -19.5923460 -0.7609760 -0.5826720
      vertex -19.5000100 -0.5380960 -0.5826720
      vertex -19.4908560 -0.7430660 -0.7556030
    endloop
  endfacet
  facet normal -0.7687823 0.3919800 -0.5052973
    outer loop
      vertex -19.4908560 -0.7430660 -0.7556030
      vertex -19.5000100 -0.5380960 -0.5826720
      vertex -19.3726500 -0.5112310 -0.7556030
    endloop
  endfacet
  facet normal -0.7127984 0.5460836 -0.4401262
    outer loop
      vertex -19.5000100 -0.5380960 -0.5826720
      vertex -19.3533470 -0.3466580 -0.5826720
      vertex -19.3726500 -0.5112310 -0.7556030
    endloop
  endfacet
  facet normal -0.6079418 0.6079418 -0.5106991
    outer loop
      vertex -19.3726500 -0.5112310 -0.7556030
      vertex -19.3533470 -0.3466580 -0.5826720
      vertex -19.1887740 -0.3273550 -0.7556030
    endloop
  endfacet
  facet normal -0.5460836 0.7127984 -0.4401262
    outer loop
      vertex -19.3533470 -0.3466580 -0.5826720
      vertex -19.1619090 -0.1999950 -0.5826720
      vertex -19.1887740 -0.3273550 -0.7556030
    endloop
  endfacet
  facet normal -0.3919800 0.7687823 -0.5052973
    outer loop
      vertex -19.1887740 -0.3273550 -0.7556030
      vertex -19.1619090 -0.1999950 -0.5826720
      vertex -18.9569390 -0.2091490 -0.7556030
    endloop
  endfacet
  facet normal -0.3419832 0.8254767 -0.4490387
    outer loop
      vertex -19.1619090 -0.1999950 -0.5826720
      vertex -18.9390290 -0.1076590 -0.5826720
      vertex -18.9569390 -0.2091490 -0.7556030
    endloop
  endfacet
  facet normal -0.1359764 0.8605170 -0.4909388
    outer loop
      vertex -18.9569390 -0.2091490 -0.7556030
      vertex -18.9390290 -0.1076590 -0.5826720
      vertex -18.7000300 -0.1685530 -0.7556030
    endloop
  endfacet
  facet normal -0.1152765 0.8762473 -0.4678697
    outer loop
      vertex -18.9390290 -0.1076590 -0.5826720
      vertex -18.7000300 -0.0762170 -0.5826720
      vertex -18.7000300 -0.1685530 -0.7556030
    endloop
  endfacet
  facet normal 0.1152765 0.8762473 -0.4678697
    outer loop
      vertex 18.7000300 -0.0762170 -0.5826720
      vertex 18.9390290 -0.1076590 -0.5826720
      vertex 18.7000300 -0.1685530 -0.7556030
    endloop
  endfacet
  facet normal 0.1359764 0.8605170 -0.4909388
    outer loop
      vertex 18.7000300 -0.1685530 -0.7556030
      vertex 18.9390290 -0.1076590 -0.5826720
      vertex 18.9569390 -0.2091490 -0.7556030
    endloop
  endfacet
  facet normal 0.3419832 0.8254767 -0.4490387
    outer loop
      vertex 18.9390290 -0.1076590 -0.5826720
      vertex 19.1619090 -0.1999950 -0.5826720
      vertex 18.9569390 -0.2091490 -0.7556030
    endloop
  endfacet
  facet normal 0.3919800 0.7687823 -0.5052973
    outer loop
      vertex 18.9569390 -0.2091490 -0.7556030
      vertex 19.1619090 -0.1999950 -0.5826720
      vertex 19.1887740 -0.3273550 -0.7556030
    endloop
  endfacet
  facet normal 0.5460836 0.7127984 -0.4401262
    outer loop
      vertex 19.1619090 -0.1999950 -0.5826720
      vertex 19.3533470 -0.3466580 -0.5826720
      vertex 19.1887740 -0.3273550 -0.7556030
    endloop
  endfacet
  facet normal 0.6079418 0.6079418 -0.5106991
    outer loop
      vertex 19.1887740 -0.3273550 -0.7556030
      vertex 19.3533470 -0.3466580 -0.5826720
      vertex 19.3726500 -0.5112310 -0.7556030
    endloop
  endfacet
  facet normal 0.7127984 0.5460836 -0.4401262
    outer loop
      vertex 19.3533470 -0.3466580 -0.5826720
      vertex 19.5000100 -0.5380960 -0.5826720
      vertex 19.3726500 -0.5112310 -0.7556030
    endloop
  endfacet
  facet normal 0.7687823 0.3919800 -0.5052973
    outer loop
      vertex 19.3726500 -0.5112310 -0.7556030
      vertex 19.5000100 -0.5380960 -0.5826720
      vertex 19.4908560 -0.7430660 -0.7556030
    endloop
  endfacet
  facet normal 0.8254767 0.3419832 -0.4490387
    outer loop
      vertex 19.5000100 -0.5380960 -0.5826720
      vertex 19.5923460 -0.7609760 -0.5826720
      vertex 19.4908560 -0.7430660 -0.7556030
    endloop
  endfacet
  facet normal 0.8605170 0.1359764 -0.4909388
    outer loop
      vertex 19.4908560 -0.7430660 -0.7556030
      vertex 19.5923460 -0.7609760 -0.5826720
      vertex 19.5314520 -0.9999750 -0.7556030
    endloop
  endfacet
  facet normal 0.8762473 0.1152765 -0.4678697
    outer loop
      vertex 19.5923460 -0.7609760 -0.5826720
      vertex 19.6237880 -0.9999750 -0.5826720
      vertex 19.5314520 -0.9999750 -0.7556030
    endloop
  endfacet
  facet normal 0 -0.8821280 -0.4710097
    outer loop
      vertex 18.7000300 -2.4238200 -0.5826720
      vertex -18.7000300 -2.4238200 -0.5826720
      vertex -18.7000300 -2.3314840 -0.7556030
    endloop
  endfacet
  facet normal 0 -0.8821280 -0.4710097
    outer loop
      vertex 18.7000300 -2.4238200 -0.5826720
      vertex -18.7000300 -2.3314840 -0.7556030
      vertex 18.7000300 -2.3314840 -0.7556030
    endloop
  endfacet
  facet normal -0.8821280 0 -0.4710097
    outer loop
      vertex -19.6237880 -1.5000620 -0.5826720
      vertex -19.6237880 -0.9999750 -0.5826720
      vertex -19.5314520 -0.9999750 -0.7556030
    endloop
  endfacet
  facet normal -0.8821280 0 -0.4710097
    outer loop
      vertex -19.6237880 -1.5000620 -0.5826720
      vertex -19.5314520 -0.9999750 -0.7556030
      vertex -19.5314520 -1.5000620 -0.7556030
    endloop
  endfacet
  facet normal 0 0.8821280 -0.4710097
    outer loop
      vertex -18.7000300 -0.0762170 -0.5826720
      vertex 18.7000300 -0.0762170 -0.5826720
      vertex 18.7000300 -0.1685530 -0.7556030
    endloop
  endfacet
  facet normal 0 0.8821280 -0.4710097
    outer loop
      vertex -18.7000300 -0.0762170 -0.5826720
      vertex 18.7000300 -0.1685530 -0.7556030
      vertex -18.7000300 -0.1685530 -0.7556030
    endloop
  endfacet
  facet normal 0.8821280 0 -0.4710097
    outer loop
      vertex 19.6237880 -0.9999750 -0.5826720
      vertex 19.6237880 -1.5000620 -0.5826720
      vertex 19.5314520 -1.5000620 -0.7556030
    endloop
  endfacet
  facet normal 0.8821280 0 -0.4710097
    outer loop
      vertex 19.6237880 -0.9999750 -0.5826720
      vertex 19.5314520 -1.5000620 -0.7556030
      vertex 19.5314520 -0.9999750 -0.7556030
    endloop
  endfacet
  facet normal 0.7670816 0.1212120 0.6299948
    outer loop
      vertex 19.5314520 -0.9999750 8.1556170
      vertex 19.4908560 -0.7430660 8.1556170
      vertex 19.4070770 -0.9999750 8.3070560
    endloop
  endfacet
  facet normal 0.7389103 0.1466954 0.6576413
    outer loop
      vertex 19.4070770 -0.9999750 8.3070560
      vertex 19.4908560 -0.7430660 8.1556170
      vertex 19.3533470 -0.7293350 8.3070560
    endloop
  endfacet
  facet normal 0.7066400 0.3602954 0.6089722
    outer loop
      vertex 19.4908560 -0.7430660 8.1556170
      vertex 19.3726500 -0.5112310 8.1556170
      vertex 19.3533470 -0.7293350 8.3070560
    endloop
  endfacet
  facet normal 0.6155766 0.4119875 0.6718123
    outer loop
      vertex 19.3533470 -0.7293350 8.3070560
      vertex 19.3726500 -0.5112310 8.1556170
      vertex 19.1999180 -0.5000870 8.3070560
    endloop
  endfacet
  facet normal 0.5644652 0.5644652 0.6022940
    outer loop
      vertex 19.3726500 -0.5112310 8.1556170
      vertex 19.1887740 -0.3273550 8.1556170
      vertex 19.1999180 -0.5000870 8.3070560
    endloop
  endfacet
  facet normal 0.4119875 0.6155766 0.6718123
    outer loop
      vertex 19.1999180 -0.5000870 8.3070560
      vertex 19.1887740 -0.3273550 8.1556170
      vertex 18.9706700 -0.3466580 8.3070560
    endloop
  endfacet
  facet normal 0.3602954 0.7066400 0.6089722
    outer loop
      vertex 19.1887740 -0.3273550 8.1556170
      vertex 18.9569390 -0.2091490 8.1556170
      vertex 18.9706700 -0.3466580 8.3070560
    endloop
  endfacet
  facet normal 0.1466954 0.7389103 0.6576413
    outer loop
      vertex 18.9706700 -0.3466580 8.3070560
      vertex 18.9569390 -0.2091490 8.1556170
      vertex 18.7000300 -0.2929280 8.3070560
    endloop
  endfacet
  facet normal 0.1212120 0.7670816 0.6299948
    outer loop
      vertex 18.9569390 -0.2091490 8.1556170
      vertex 18.7000300 -0.1685530 8.1556170
      vertex 18.7000300 -0.2929280 8.3070560
    endloop
  endfacet
  facet normal -0.1212120 0.7670816 0.6299948
    outer loop
      vertex -18.7000300 -0.1685530 8.1556170
      vertex -18.9569390 -0.2091490 8.1556170
      vertex -18.7000300 -0.2929280 8.3070560
    endloop
  endfacet
  facet normal -0.1466954 0.7389103 0.6576413
    outer loop
      vertex -18.7000300 -0.2929280 8.3070560
      vertex -18.9569390 -0.2091490 8.1556170
      vertex -18.9706700 -0.3466580 8.3070560
    endloop
  endfacet
  facet normal -0.3602954 0.7066400 0.6089722
    outer loop
      vertex -18.9569390 -0.2091490 8.1556170
      vertex -19.1887740 -0.3273550 8.1556170
      vertex -18.9706700 -0.3466580 8.3070560
    endloop
  endfacet
  facet normal -0.4119875 0.6155766 0.6718123
    outer loop
      vertex -18.9706700 -0.3466580 8.3070560
      vertex -19.1887740 -0.3273550 8.1556170
      vertex -19.1999180 -0.5000870 8.3070560
    endloop
  endfacet
  facet normal -0.5644652 0.5644652 0.6022940
    outer loop
      vertex -19.1887740 -0.3273550 8.1556170
      vertex -19.3726500 -0.5112310 8.1556170
      vertex -19.1999180 -0.5000870 8.3070560
    endloop
  endfacet
  facet normal -0.6155766 0.4119875 0.6718123
    outer loop
      vertex -19.1999180 -0.5000870 8.3070560
      vertex -19.3726500 -0.5112310 8.1556170
      vertex -19.3533470 -0.7293350 8.3070560
    endloop
  endfacet
  facet normal -0.7066400 0.3602954 0.6089722
    outer loop
      vertex -19.3726500 -0.5112310 8.1556170
      vertex -19.4908560 -0.7430660 8.1556170
      vertex -19.3533470 -0.7293350 8.3070560
    endloop
  endfacet
  facet normal -0.7389103 0.1466954 0.6576413
    outer loop
      vertex -19.3533470 -0.7293350 8.3070560
      vertex -19.4908560 -0.7430660 8.1556170
      vertex -19.4070770 -0.9999750 8.3070560
    endloop
  endfacet
  facet normal -0.7670816 0.1212120 0.6299948
    outer loop
      vertex -19.4908560 -0.7430660 8.1556170
      vertex -19.5314520 -0.9999750 8.1556170
      vertex -19.4070770 -0.9999750 8.3070560
    endloop
  endfacet
  facet normal -0.7670816 -0.1212120 0.6299948
    outer loop
      vertex -19.5314520 -1.5000620 8.1556170
      vertex -19.4908560 -1.7569710 8.1556170
      vertex -19.4070770 -1.5000620 8.3070560
    endloop
  endfacet
  facet normal -0.7388096 -0.1467834 0.6577348
    outer loop
      vertex -19.4070770 -1.5000620 8.3070560
      vertex -19.4908560 -1.7569710 8.1556170
      vertex -19.3533470 -1.7705030 8.3070560
    endloop
  endfacet
  facet normal -0.7064363 -0.3601915 0.6092699
    outer loop
      vertex -19.4908560 -1.7569710 8.1556170
      vertex -19.3726500 -1.9888060 8.1556170
      vertex -19.3533470 -1.7705030 8.3070560
    endloop
  endfacet
  facet normal -0.6156563 -0.4116834 0.6719256
    outer loop
      vertex -19.3533470 -1.7705030 8.3070560
      vertex -19.3726500 -1.9888060 8.1556170
      vertex -19.1999180 -1.9999500 8.3070560
    endloop
  endfacet
  facet normal -0.5644652 -0.5644652 0.6022940
    outer loop
      vertex -19.3726500 -1.9888060 8.1556170
      vertex -19.1887740 -2.1726820 8.1556170
      vertex -19.1999180 -1.9999500 8.3070560
    endloop
  endfacet
  facet normal -0.4119875 -0.6155766 0.6718123
    outer loop
      vertex -19.1999180 -1.9999500 8.3070560
      vertex -19.1887740 -2.1726820 8.1556170
      vertex -18.9706700 -2.1533790 8.3070560
    endloop
  endfacet
  facet normal -0.3599589 -0.7071705 0.6085552
    outer loop
      vertex -19.1887740 -2.1726820 8.1556170
      vertex -18.9569390 -2.2906890 8.1556170
      vertex -18.9706700 -2.1533790 8.3070560
    endloop
  endfacet
  facet normal -0.1467891 -0.7393822 0.6570897
    outer loop
      vertex -18.9706700 -2.1533790 8.3070560
      vertex -18.9569390 -2.2906890 8.1556170
      vertex -18.7000300 -2.2071090 8.3070560
    endloop
  endfacet
  facet normal -0.1217974 -0.7670263 0.6299493
    outer loop
      vertex -18.9569390 -2.2906890 8.1556170
      vertex -18.7000300 -2.3314840 8.1556170
      vertex -18.7000300 -2.2071090 8.3070560
    endloop
  endfacet
  facet normal 0.1217974 -0.7670263 0.6299493
    outer loop
      vertex 18.7000300 -2.3314840 8.1556170
      vertex 18.9569390 -2.2906890 8.1556170
      vertex 18.7000300 -2.2071090 8.3070560
    endloop
  endfacet
  facet normal 0.1467891 -0.7393822 0.6570897
    outer loop
      vertex 18.7000300 -2.2071090 8.3070560
      vertex 18.9569390 -2.2906890 8.1556170
      vertex 18.9706700 -2.1533790 8.3070560
    endloop
  endfacet
  facet normal 0.3599589 -0.7071705 0.6085552
    outer loop
      vertex 18.9569390 -2.2906890 8.1556170
      vertex 19.1887740 -2.1726820 8.1556170
      vertex 18.9706700 -2.1533790 8.3070560
    endloop
  endfacet
  facet normal 0.4119875 -0.6155766 0.6718123
    outer loop
      vertex 18.9706700 -2.1533790 8.3070560
      vertex 19.1887740 -2.1726820 8.1556170
      vertex 19.1999180 -1.9999500 8.3070560
    endloop
  endfacet
  facet normal 0.5644652 -0.5644652 0.6022940
    outer loop
      vertex 19.1887740 -2.1726820 8.1556170
      vertex 19.3726500 -1.9888060 8.1556170
      vertex 19.1999180 -1.9999500 8.3070560
    endloop
  endfacet
  facet normal 0.6156563 -0.4116834 0.6719256
    outer loop
      vertex 19.1999180 -1.9999500 8.3070560
      vertex 19.3726500 -1.9888060 8.1556170
      vertex 19.3533470 -1.7705030 8.3070560
    endloop
  endfacet
  facet normal 0.7064363 -0.3601915 0.6092699
    outer loop
      vertex 19.3726500 -1.9888060 8.1556170
      vertex 19.4908560 -1.7569710 8.1556170
      vertex 19.3533470 -1.7705030 8.3070560
    endloop
  endfacet
  facet normal 0.7388096 -0.1467834 0.6577348
    outer loop
      vertex 19.3533470 -1.7705030 8.3070560
      vertex 19.4908560 -1.7569710 8.1556170
      vertex 19.4070770 -1.5000620 8.3070560
    endloop
  endfacet
  facet normal 0.7670816 -0.1212120 0.6299948
    outer loop
      vertex 19.4908560 -1.7569710 8.1556170
      vertex 19.5314520 -1.5000620 8.1556170
      vertex 19.4070770 -1.5000620 8.3070560
    endloop
  endfacet
  facet normal 0 0.7727796 0.6346745
    outer loop
      vertex 18.7000300 -0.1685530 8.1556170
      vertex -18.7000300 -0.1685530 8.1556170
      vertex -18.7000300 -0.2929280 8.3070560
    endloop
  endfacet
  facet normal 0 0.7727796 0.6346745
    outer loop
      vertex 18.7000300 -0.1685530 8.1556170
      vertex -18.7000300 -0.2929280 8.3070560
      vertex 18.7000300 -0.2929280 8.3070560
    endloop
  endfacet
  facet normal -0.7727796 0 0.6346745
    outer loop
      vertex -19.5314520 -0.9999750 8.1556170
      vertex -19.5314520 -1.5000620 8.1556170
      vertex -19.4070770 -1.5000620 8.3070560
    endloop
  endfacet
  facet normal -0.7727796 0 0.6346745
    outer loop
      vertex -19.5314520 -0.9999750 8.1556170
      vertex -19.4070770 -1.5000620 8.3070560
      vertex -19.4070770 -0.9999750 8.3070560
    endloop
  endfacet
  facet normal 0 -0.7727796 0.6346745
    outer loop
      vertex -18.7000300 -2.3314840 8.1556170
      vertex 18.7000300 -2.3314840 8.1556170
      vertex 18.7000300 -2.2071090 8.3070560
    endloop
  endfacet
  facet normal 0 -0.7727796 0.6346745
    outer loop
      vertex -18.7000300 -2.3314840 8.1556170
      vertex 18.7000300 -2.2071090 8.3070560
      vertex -18.7000300 -2.2071090 8.3070560
    endloop
  endfacet
  facet normal 0.7727796 0 0.6346745
    outer loop
      vertex 19.5314520 -1.5000620 8.1556170
      vertex 19.5314520 -0.9999750 8.1556170
      vertex 19.4070770 -0.9999750 8.3070560
    endloop
  endfacet
  facet normal 0.7727796 0 0.6346745
    outer loop
      vertex 19.5314520 -1.5000620 8.1556170
      vertex 19.4070770 -0.9999750 8.3070560
      vertex 19.4070770 -1.5000620 8.3070560
    endloop
  endfacet
  facet normal 0.7670816 -0.1212120 -0.6299948
    outer loop
      vertex 19.5314520 -1.5000620 -0.7556030
      vertex 19.4908560 -1.7569710 -0.7556030
      vertex 19.4070770 -1.5000620 -0.9070420
    endloop
  endfacet
  facet normal 0.7388096 -0.1467834 -0.6577348
    outer loop
      vertex 19.4070770 -1.5000620 -0.9070420
      vertex 19.4908560 -1.7569710 -0.7556030
      vertex 19.3533470 -1.7705030 -0.9070420
    endloop
  endfacet
  facet normal 0.7064363 -0.3601915 -0.6092699
    outer loop
      vertex 19.4908560 -1.7569710 -0.7556030
      vertex 19.3726500 -1.9888060 -0.7556030
      vertex 19.3533470 -1.7705030 -0.9070420
    endloop
  endfacet
  facet normal 0.6156563 -0.4116834 -0.6719256
    outer loop
      vertex 19.3533470 -1.7705030 -0.9070420
      vertex 19.3726500 -1.9888060 -0.7556030
      vertex 19.1999180 -1.9999500 -0.9070420
    endloop
  endfacet
  facet normal 0.5644652 -0.5644652 -0.6022940
    outer loop
      vertex 19.3726500 -1.9888060 -0.7556030
      vertex 19.1887740 -2.1726820 -0.7556030
      vertex 19.1999180 -1.9999500 -0.9070420
    endloop
  endfacet
  facet normal 0.4119875 -0.6155766 -0.6718123
    outer loop
      vertex 19.1999180 -1.9999500 -0.9070420
      vertex 19.1887740 -2.1726820 -0.7556030
      vertex 18.9706700 -2.1533790 -0.9070420
    endloop
  endfacet
  facet normal 0.3599589 -0.7071705 -0.6085552
    outer loop
      vertex 19.1887740 -2.1726820 -0.7556030
      vertex 18.9569390 -2.2906890 -0.7556030
      vertex 18.9706700 -2.1533790 -0.9070420
    endloop
  endfacet
  facet normal 0.1467891 -0.7393822 -0.6570897
    outer loop
      vertex 18.9706700 -2.1533790 -0.9070420
      vertex 18.9569390 -2.2906890 -0.7556030
      vertex 18.7000300 -2.2071090 -0.9070420
    endloop
  endfacet
  facet normal 0.1217974 -0.7670263 -0.6299493
    outer loop
      vertex 18.9569390 -2.2906890 -0.7556030
      vertex 18.7000300 -2.3314840 -0.7556030
      vertex 18.7000300 -2.2071090 -0.9070420
    endloop
  endfacet
  facet normal -0.1217974 -0.7670263 -0.6299493
    outer loop
      vertex -18.7000300 -2.3314840 -0.7556030
      vertex -18.9569390 -2.2906890 -0.7556030
      vertex -18.7000300 -2.2071090 -0.9070420
    endloop
  endfacet
  facet normal -0.1467891 -0.7393822 -0.6570897
    outer loop
      vertex -18.7000300 -2.2071090 -0.9070420
      vertex -18.9569390 -2.2906890 -0.7556030
      vertex -18.9706700 -2.1533790 -0.9070420
    endloop
  endfacet
  facet normal -0.3599589 -0.7071705 -0.6085552
    outer loop
      vertex -18.9569390 -2.2906890 -0.7556030
      vertex -19.1887740 -2.1726820 -0.7556030
      vertex -18.9706700 -2.1533790 -0.9070420
    endloop
  endfacet
  facet normal -0.4119875 -0.6155766 -0.6718123
    outer loop
      vertex -18.9706700 -2.1533790 -0.9070420
      vertex -19.1887740 -2.1726820 -0.7556030
      vertex -19.1999180 -1.9999500 -0.9070420
    endloop
  endfacet
  facet normal -0.5644652 -0.5644652 -0.6022940
    outer loop
      vertex -19.1887740 -2.1726820 -0.7556030
      vertex -19.3726500 -1.9888060 -0.7556030
      vertex -19.1999180 -1.9999500 -0.9070420
    endloop
  endfacet
  facet normal -0.6156563 -0.4116834 -0.6719256
    outer loop
      vertex -19.1999180 -1.9999500 -0.9070420
      vertex -19.3726500 -1.9888060 -0.7556030
      vertex -19.3533470 -1.7705030 -0.9070420
    endloop
  endfacet
  facet normal -0.7064363 -0.3601915 -0.6092699
    outer loop
      vertex -19.3726500 -1.9888060 -0.7556030
      vertex -19.4908560 -1.7569710 -0.7556030
      vertex -19.3533470 -1.7705030 -0.9070420
    endloop
  endfacet
  facet normal -0.7388096 -0.1467834 -0.6577348
    outer loop
      vertex -19.3533470 -1.7705030 -0.9070420
      vertex -19.4908560 -1.7569710 -0.7556030
      vertex -19.4070770 -1.5000620 -0.9070420
    endloop
  endfacet
  facet normal -0.7670816 -0.1212120 -0.6299948
    outer loop
      vertex -19.4908560 -1.7569710 -0.7556030
      vertex -19.5314520 -1.5000620 -0.7556030
      vertex -19.4070770 -1.5000620 -0.9070420
    endloop
  endfacet
  facet normal -0.7670816 0.1212120 -0.6299948
    outer loop
      vertex -19.5314520 -0.9999750 -0.7556030
      vertex -19.4908560 -0.7430660 -0.7556030
      vertex -19.4070770 -0.9999750 -0.9070420
    endloop
  endfacet
  facet normal -0.7389103 0.1466954 -0.6576413
    outer loop
      vertex -19.4070770 -0.9999750 -0.9070420
      vertex -19.4908560 -0.7430660 -0.7556030
      vertex -19.3533470 -0.7293350 -0.9070420
    endloop
  endfacet
  facet normal -0.7066400 0.3602954 -0.6089722
    outer loop
      vertex -19.4908560 -0.7430660 -0.7556030
      vertex -19.3726500 -0.5112310 -0.7556030
      vertex -19.3533470 -0.7293350 -0.9070420
    endloop
  endfacet
  facet normal -0.6155766 0.4119875 -0.6718123
    outer loop
      vertex -19.3533470 -0.7293350 -0.9070420
      vertex -19.3726500 -0.5112310 -0.7556030
      vertex -19.1999180 -0.5000870 -0.9070420
    endloop
  endfacet
  facet normal -0.5644652 0.5644652 -0.6022940
    outer loop
      vertex -19.3726500 -0.5112310 -0.7556030
      vertex -19.1887740 -0.3273550 -0.7556030
      vertex -19.1999180 -0.5000870 -0.9070420
    endloop
  endfacet
  facet normal -0.4119875 0.6155766 -0.6718123
    outer loop
      vertex -19.1999180 -0.5000870 -0.9070420
      vertex -19.1887740 -0.3273550 -0.7556030
      vertex -18.9706700 -0.3466580 -0.9070420
    endloop
  endfacet
  facet normal -0.3602954 0.7066400 -0.6089722
    outer loop
      vertex -19.1887740 -0.3273550 -0.7556030
      vertex -18.9569390 -0.2091490 -0.7556030
      vertex -18.9706700 -0.3466580 -0.9070420
    endloop
  endfacet
  facet normal -0.1466954 0.7389103 -0.6576413
    outer loop
      vertex -18.9706700 -0.3466580 -0.9070420
      vertex -18.9569390 -0.2091490 -0.7556030
      vertex -18.7000300 -0.2929280 -0.9070420
    endloop
  endfacet
  facet normal -0.1212120 0.7670816 -0.6299948
    outer loop
      vertex -18.9569390 -0.2091490 -0.7556030
      vertex -18.7000300 -0.1685530 -0.7556030
      vertex -18.7000300 -0.2929280 -0.9070420
    endloop
  endfacet
  facet normal 0.1212120 0.7670816 -0.6299948
    outer loop
      vertex 18.7000300 -0.1685530 -0.7556030
      vertex 18.9569390 -0.2091490 -0.7556030
      vertex 18.7000300 -0.2929280 -0.9070420
    endloop
  endfacet
  facet normal 0.1466954 0.7389103 -0.6576413
    outer loop
      vertex 18.7000300 -0.2929280 -0.9070420
      vertex 18.9569390 -0.2091490 -0.7556030
      vertex 18.9706700 -0.3466580 -0.9070420
    endloop
  endfacet
  facet normal 0.3602954 0.7066400 -0.6089722
    outer loop
      vertex 18.9569390 -0.2091490 -0.7556030
      vertex 19.1887740 -0.3273550 -0.7556030
      vertex 18.9706700 -0.3466580 -0.9070420
    endloop
  endfacet
  facet normal 0.4119875 0.6155766 -0.6718123
    outer loop
      vertex 18.9706700 -0.3466580 -0.9070420
      vertex 19.1887740 -0.3273550 -0.7556030
      vertex 19.1999180 -0.5000870 -0.9070420
    endloop
  endfacet
  facet normal 0.5644652 0.5644652 -0.6022940
    outer loop
      vertex 19.1887740 -0.3273550 -0.7556030
      vertex 19.3726500 -0.5112310 -0.7556030
      vertex 19.1999180 -0.5000870 -0.9070420
    endloop
  endfacet
  facet normal 0.6155766 0.4119875 -0.6718123
    outer loop
      vertex 19.1999180 -0.5000870 -0.9070420
      vertex 19.3726500 -0.5112310 -0.7556030
      vertex 19.3533470 -0.7293350 -0.9070420
    endloop
  endfacet
  facet normal 0.7066400 0.3602954 -0.6089722
    outer loop
      vertex 19.3726500 -0.5112310 -0.7556030
      vertex 19.4908560 -0.7430660 -0.7556030
      vertex 19.3533470 -0.7293350 -0.9070420
    endloop
  endfacet
  facet normal 0.7389103 0.1466954 -0.6576413
    outer loop
      vertex 19.3533470 -0.7293350 -0.9070420
      vertex 19.4908560 -0.7430660 -0.7556030
      vertex 19.4070770 -0.9999750 -0.9070420
    endloop
  endfacet
  facet normal 0.7670816 0.1212120 -0.6299948
    outer loop
      vertex 19.4908560 -0.7430660 -0.7556030
      vertex 19.5314520 -0.9999750 -0.7556030
      vertex 19.4070770 -0.9999750 -0.9070420
    endloop
  endfacet
  facet normal 0 -0.7727796 -0.6346745
    outer loop
      vertex 18.7000300 -2.3314840 -0.7556030
      vertex -18.7000300 -2.3314840 -0.7556030
      vertex -18.7000300 -2.2071090 -0.9070420
    endloop
  endfacet
  facet normal 0 -0.7727796 -0.6346745
    outer loop
      vertex 18.7000300 -2.3314840 -0.7556030
      vertex -18.7000300 -2.2071090 -0.9070420
      vertex 18.7000300 -2.2071090 -0.9070420
    endloop
  endfacet
  facet normal -0.7727796 0 -0.6346745
    outer loop
      vertex -19.5314520 -1.5000620 -0.7556030
      vertex -19.5314520 -0.9999750 -0.7556030
      vertex -19.4070770 -0.9999750 -0.9070420
    endloop
  endfacet
  facet normal -0.7727796 0 -0.6346745
    outer loop
      vertex -19.5314520 -1.5000620 -0.7556030
      vertex -19.4070770 -0.9999750 -0.9070420
      vertex -19.4070770 -1.5000620 -0.9070420
    endloop
  endfacet
  facet normal 0 0.7727796 -0.6346745
    outer loop
      vertex -18.7000300 -0.1685530 -0.7556030
      vertex 18.7000300 -0.1685530 -0.7556030
      vertex 18.7000300 -0.2929280 -0.9070420
    endloop
  endfacet
  facet normal 0 0.7727796 -0.6346745
    outer loop
      vertex -18.7000300 -0.1685530 -0.7556030
      vertex 18.7000300 -0.2929280 -0.9070420
      vertex -18.7000300 -0.2929280 -0.9070420
    endloop
  endfacet
  facet normal 0.7727796 0 -0.6346745
    outer loop
      vertex 19.5314520 -0.9999750 -0.7556030
      vertex 19.5314520 -1.5000620 -0.7556030
      vertex 19.4070770 -1.5000620 -0.9070420
    endloop
  endfacet
  facet normal 0.7727796 0 -0.6346745
    outer loop
      vertex 19.5314520 -0.9999750 -0.7556030
      vertex 19.4070770 -1.5000620 -0.9070420
      vertex 19.4070770 -0.9999750 -0.9070420
    endloop
  endfacet
  facet normal 0.6296955 0.1250131 0.7667172
    outer loop
      vertex 19.4070770 -0.9999750 8.3070560
      vertex 19.3533470 -0.7293350 8.3070560
      vertex 19.2556380 -0.9999750 8.4314310
    endloop
  endfacet
  facet normal 0.5827408 0.1561211 0.7975207
    outer loop
      vertex 19.2556380 -0.9999750 8.4314310
      vertex 19.3533470 -0.7293350 8.3070560
      vertex 19.1812120 -0.7221710 8.4314310
    endloop
  endfacet
  facet normal 0.5540052 0.3707795 0.7453863
    outer loop
      vertex 19.3533470 -0.7293350 8.3070560
      vertex 19.1999180 -0.5000870 8.3070560
      vertex 19.1812120 -0.7221710 8.4314310
    endloop
  endfacet
  facet normal 0.4170979 0.4170979 0.8075015
    outer loop
      vertex 19.1812120 -0.7221710 8.4314310
      vertex 19.1999180 -0.5000870 8.3070560
      vertex 18.9778340 -0.5187930 8.4314310
    endloop
  endfacet
  facet normal 0.3707795 0.5540052 0.7453863
    outer loop
      vertex 19.1999180 -0.5000870 8.3070560
      vertex 18.9706700 -0.3466580 8.3070560
      vertex 18.9778340 -0.5187930 8.4314310
    endloop
  endfacet
  facet normal 0.1561211 0.5827408 0.7975207
    outer loop
      vertex 18.9778340 -0.5187930 8.4314310
      vertex 18.9706700 -0.3466580 8.3070560
      vertex 18.7000300 -0.4443670 8.4314310
    endloop
  endfacet
  facet normal 0.1250131 0.6296955 0.7667172
    outer loop
      vertex 18.9706700 -0.3466580 8.3070560
      vertex 18.7000300 -0.2929280 8.3070560
      vertex 18.7000300 -0.4443670 8.4314310
    endloop
  endfacet
  facet normal -0.1250131 0.6296955 0.7667172
    outer loop
      vertex -18.7000300 -0.2929280 8.3070560
      vertex -18.9706700 -0.3466580 8.3070560
      vertex -18.7000300 -0.4443670 8.4314310
    endloop
  endfacet
  facet normal -0.1561211 0.5827408 0.7975207
    outer loop
      vertex -18.7000300 -0.4443670 8.4314310
      vertex -18.9706700 -0.3466580 8.3070560
      vertex -18.9778340 -0.5187930 8.4314310
    endloop
  endfacet
  facet normal -0.3707795 0.5540052 0.7453863
    outer loop
      vertex -18.9706700 -0.3466580 8.3070560
      vertex -19.1999180 -0.5000870 8.3070560
      vertex -18.9778340 -0.5187930 8.4314310
    endloop
  endfacet
  facet normal -0.4170979 0.4170979 0.8075015
    outer loop
      vertex -18.9778340 -0.5187930 8.4314310
      vertex -19.1999180 -0.5000870 8.3070560
      vertex -19.1812120 -0.7221710 8.4314310
    endloop
  endfacet
  facet normal -0.5540052 0.3707795 0.7453863
    outer loop
      vertex -19.1999180 -0.5000870 8.3070560
      vertex -19.3533470 -0.7293350 8.3070560
      vertex -19.1812120 -0.7221710 8.4314310
    endloop
  endfacet
  facet normal -0.5827408 0.1561211 0.7975207
    outer loop
      vertex -19.1812120 -0.7221710 8.4314310
      vertex -19.3533470 -0.7293350 8.3070560
      vertex -19.2556380 -0.9999750 8.4314310
    endloop
  endfacet
  facet normal -0.6296955 0.1250131 0.7667172
    outer loop
      vertex -19.3533470 -0.7293350 8.3070560
      vertex -19.4070770 -0.9999750 8.3070560
      vertex -19.2556380 -0.9999750 8.4314310
    endloop
  endfacet
  facet normal -0.6296882 -0.1251036 0.7667084
    outer loop
      vertex -19.4070770 -1.5000620 8.3070560
      vertex -19.3533470 -1.7705030 8.3070560
      vertex -19.2556380 -1.5000620 8.4314310
    endloop
  endfacet
  facet normal -0.5828569 -0.1561522 0.7974298
    outer loop
      vertex -19.2556380 -1.5000620 8.4314310
      vertex -19.3533470 -1.7705030 8.3070560
      vertex -19.1812120 -1.7778660 8.4314310
    endloop
  endfacet
  facet normal -0.5543085 -0.3706608 0.7452199
    outer loop
      vertex -19.3533470 -1.7705030 8.3070560
      vertex -19.1999180 -1.9999500 8.3070560
      vertex -19.1812120 -1.7778660 8.4314310
    endloop
  endfacet
  facet normal -0.4167814 -0.4171896 0.8076176
    outer loop
      vertex -19.1812120 -1.7778660 8.4314310
      vertex -19.1999180 -1.9999500 8.3070560
      vertex -18.9778340 -1.9810450 8.4314310
    endloop
  endfacet
  facet normal -0.3705346 -0.5536393 0.7457798
    outer loop
      vertex -19.1999180 -1.9999500 8.3070560
      vertex -18.9706700 -2.1533790 8.3070560
      vertex -18.9778340 -1.9810450 8.4314310
    endloop
  endfacet
  facet normal -0.1560051 -0.5823077 0.7978597
    outer loop
      vertex -18.9778340 -1.9810450 8.4314310
      vertex -18.9706700 -2.1533790 8.3070560
      vertex -18.7000300 -2.0554710 8.4314310
    endloop
  endfacet
  facet normal -0.1249166 -0.6292093 0.7671320
    outer loop
      vertex -18.9706700 -2.1533790 8.3070560
      vertex -18.7000300 -2.2071090 8.3070560
      vertex -18.7000300 -2.0554710 8.4314310
    endloop
  endfacet
  facet normal 0.1249166 -0.6292093 0.7671320
    outer loop
      vertex 18.7000300 -2.2071090 8.3070560
      vertex 18.9706700 -2.1533790 8.3070560
      vertex 18.7000300 -2.0554710 8.4314310
    endloop
  endfacet
  facet normal 0.1560051 -0.5823077 0.7978597
    outer loop
      vertex 18.7000300 -2.0554710 8.4314310
      vertex 18.9706700 -2.1533790 8.3070560
      vertex 18.9778340 -1.9810450 8.4314310
    endloop
  endfacet
  facet normal 0.3705346 -0.5536393 0.7457798
    outer loop
      vertex 18.9706700 -2.1533790 8.3070560
      vertex 19.1999180 -1.9999500 8.3070560
      vertex 18.9778340 -1.9810450 8.4314310
    endloop
  endfacet
  facet normal 0.4167814 -0.4171896 0.8076176
    outer loop
      vertex 18.9778340 -1.9810450 8.4314310
      vertex 19.1999180 -1.9999500 8.3070560
      vertex 19.1812120 -1.7778660 8.4314310
    endloop
  endfacet
  facet normal 0.5543085 -0.3706608 0.7452199
    outer loop
      vertex 19.1999180 -1.9999500 8.3070560
      vertex 19.3533470 -1.7705030 8.3070560
      vertex 19.1812120 -1.7778660 8.4314310
    endloop
  endfacet
  facet normal 0.5828569 -0.1561522 0.7974298
    outer loop
      vertex 19.1812120 -1.7778660 8.4314310
      vertex 19.3533470 -1.7705030 8.3070560
      vertex 19.2556380 -1.5000620 8.4314310
    endloop
  endfacet
  facet normal 0.6296882 -0.1251036 0.7667084
    outer loop
      vertex 19.3533470 -1.7705030 8.3070560
      vertex 19.4070770 -1.5000620 8.3070560
      vertex 19.2556380 -1.5000620 8.4314310
    endloop
  endfacet
  facet normal 0 0.6346745 0.7727796
    outer loop
      vertex 18.7000300 -0.2929280 8.3070560
      vertex -18.7000300 -0.2929280 8.3070560
      vertex -18.7000300 -0.4443670 8.4314310
    endloop
  endfacet
  facet normal 0 0.6346745 0.7727796
    outer loop
      vertex 18.7000300 -0.2929280 8.3070560
      vertex -18.7000300 -0.4443670 8.4314310
      vertex 18.7000300 -0.4443670 8.4314310
    endloop
  endfacet
  facet normal -0.6346745 0 0.7727796
    outer loop
      vertex -19.4070770 -0.9999750 8.3070560
      vertex -19.4070770 -1.5000620 8.3070560
      vertex -19.2556380 -1.5000620 8.4314310
    endloop
  endfacet
  facet normal -0.6346745 0 0.7727796
    outer loop
      vertex -19.4070770 -0.9999750 8.3070560
      vertex -19.2556380 -1.5000620 8.4314310
      vertex -19.2556380 -0.9999750 8.4314310
    endloop
  endfacet
  facet normal 0 -0.6341767 0.7731882
    outer loop
      vertex -18.7000300 -2.2071090 8.3070560
      vertex 18.7000300 -2.2071090 8.3070560
      vertex 18.7000300 -2.0554710 8.4314310
    endloop
  endfacet
  facet normal 0 -0.6341767 0.7731882
    outer loop
      vertex -18.7000300 -2.2071090 8.3070560
      vertex 18.7000300 -2.0554710 8.4314310
      vertex -18.7000300 -2.0554710 8.4314310
    endloop
  endfacet
  facet normal 0.6346745 0 0.7727796
    outer loop
      vertex 19.4070770 -1.5000620 8.3070560
      vertex 19.4070770 -0.9999750 8.3070560
      vertex 19.2556380 -0.9999750 8.4314310
    endloop
  endfacet
  facet normal 0.6346745 0 0.7727796
    outer loop
      vertex 19.4070770 -1.5000620 8.3070560
      vertex 19.2556380 -0.9999750 8.4314310
      vertex 19.2556380 -1.5000620 8.4314310
    endloop
  endfacet
  facet normal 0.6296882 -0.1251036 -0.7667084
    outer loop
      vertex 19.4070770 -1.5000620 -0.9070420
      vertex 19.3533470 -1.7705030 -0.9070420
      vertex 19.2556380 -1.5000620 -1.0314170
    endloop
  endfacet
  facet normal 0.5828569 -0.1561522 -0.7974298
    outer loop
      vertex 19.2556380 -1.5000620 -1.0314170
      vertex 19.3533470 -1.7705030 -0.9070420
      vertex 19.1812120 -1.7778660 -1.0314170
    endloop
  endfacet
  facet normal 0.5543085 -0.3706608 -0.7452199
    outer loop
      vertex 19.3533470 -1.7705030 -0.9070420
      vertex 19.1999180 -1.9999500 -0.9070420
      vertex 19.1812120 -1.7778660 -1.0314170
    endloop
  endfacet
  facet normal 0.4167814 -0.4171896 -0.8076176
    outer loop
      vertex 19.1812120 -1.7778660 -1.0314170
      vertex 19.1999180 -1.9999500 -0.9070420
      vertex 18.9778340 -1.9810450 -1.0314170
    endloop
  endfacet
  facet normal 0.3705346 -0.5536393 -0.7457798
    outer loop
      vertex 19.1999180 -1.9999500 -0.9070420
      vertex 18.9706700 -2.1533790 -0.9070420
      vertex 18.9778340 -1.9810450 -1.0314170
    endloop
  endfacet
  facet normal 0.1560051 -0.5823077 -0.7978597
    outer loop
      vertex 18.9778340 -1.9810450 -1.0314170
      vertex 18.9706700 -2.1533790 -0.9070420
      vertex 18.7000300 -2.0554710 -1.0314170
    endloop
  endfacet
  facet normal 0.1249166 -0.6292093 -0.7671320
    outer loop
      vertex 18.9706700 -2.1533790 -0.9070420
      vertex 18.7000300 -2.2071090 -0.9070420
      vertex 18.7000300 -2.0554710 -1.0314170
    endloop
  endfacet
  facet normal -0.1249166 -0.6292093 -0.7671320
    outer loop
      vertex -18.7000300 -2.2071090 -0.9070420
      vertex -18.9706700 -2.1533790 -0.9070420
      vertex -18.7000300 -2.0554710 -1.0314170
    endloop
  endfacet
  facet normal -0.1560051 -0.5823077 -0.7978597
    outer loop
      vertex -18.7000300 -2.0554710 -1.0314170
      vertex -18.9706700 -2.1533790 -0.9070420
      vertex -18.9778340 -1.9810450 -1.0314170
    endloop
  endfacet
  facet normal -0.3705346 -0.5536393 -0.7457798
    outer loop
      vertex -18.9706700 -2.1533790 -0.9070420
      vertex -19.1999180 -1.9999500 -0.9070420
      vertex -18.9778340 -1.9810450 -1.0314170
    endloop
  endfacet
  facet normal -0.4167814 -0.4171896 -0.8076176
    outer loop
      vertex -18.9778340 -1.9810450 -1.0314170
      vertex -19.1999180 -1.9999500 -0.9070420
      vertex -19.1812120 -1.7778660 -1.0314170
    endloop
  endfacet
  facet normal -0.5543085 -0.3706608 -0.7452199
    outer loop
      vertex -19.1999180 -1.9999500 -0.9070420
      vertex -19.3533470 -1.7705030 -0.9070420
      vertex -19.1812120 -1.7778660 -1.0314170
    endloop
  endfacet
  facet normal -0.5828569 -0.1561522 -0.7974298
    outer loop
      vertex -19.1812120 -1.7778660 -1.0314170
      vertex -19.3533470 -1.7705030 -0.9070420
      vertex -19.2556380 -1.5000620 -1.0314170
    endloop
  endfacet
  facet normal -0.6296882 -0.1251036 -0.7667084
    outer loop
      vertex -19.3533470 -1.7705030 -0.9070420
      vertex -19.4070770 -1.5000620 -0.9070420
      vertex -19.2556380 -1.5000620 -1.0314170
    endloop
  endfacet
  facet normal -0.6296955 0.1250131 -0.7667172
    outer loop
      vertex -19.4070770 -0.9999750 -0.9070420
      vertex -19.3533470 -0.7293350 -0.9070420
      vertex -19.2556380 -0.9999750 -1.0314170
    endloop
  endfacet
  facet normal -0.5827408 0.1561211 -0.7975207
    outer loop
      vertex -19.2556380 -0.9999750 -1.0314170
      vertex -19.3533470 -0.7293350 -0.9070420
      vertex -19.1812120 -0.7221710 -1.0314170
    endloop
  endfacet
  facet normal -0.5540052 0.3707795 -0.7453863
    outer loop
      vertex -19.3533470 -0.7293350 -0.9070420
      vertex -19.1999180 -0.5000870 -0.9070420
      vertex -19.1812120 -0.7221710 -1.0314170
    endloop
  endfacet
  facet normal -0.4170979 0.4170979 -0.8075015
    outer loop
      vertex -19.1812120 -0.7221710 -1.0314170
      vertex -19.1999180 -0.5000870 -0.9070420
      vertex -18.9778340 -0.5187930 -1.0314170
    endloop
  endfacet
  facet normal -0.3707795 0.5540052 -0.7453863
    outer loop
      vertex -19.1999180 -0.5000870 -0.9070420
      vertex -18.9706700 -0.3466580 -0.9070420
      vertex -18.9778340 -0.5187930 -1.0314170
    endloop
  endfacet
  facet normal -0.1561211 0.5827408 -0.7975207
    outer loop
      vertex -18.9778340 -0.5187930 -1.0314170
      vertex -18.9706700 -0.3466580 -0.9070420
      vertex -18.7000300 -0.4443670 -1.0314170
    endloop
  endfacet
  facet normal -0.1250131 0.6296955 -0.7667172
    outer loop
      vertex -18.9706700 -0.3466580 -0.9070420
      vertex -18.7000300 -0.2929280 -0.9070420
      vertex -18.7000300 -0.4443670 -1.0314170
    endloop
  endfacet
  facet normal 0.1250131 0.6296955 -0.7667172
    outer loop
      vertex 18.7000300 -0.2929280 -0.9070420
      vertex 18.9706700 -0.3466580 -0.9070420
      vertex 18.7000300 -0.4443670 -1.0314170
    endloop
  endfacet
  facet normal 0.1561211 0.5827408 -0.7975207
    outer loop
      vertex 18.7000300 -0.4443670 -1.0314170
      vertex 18.9706700 -0.3466580 -0.9070420
      vertex 18.9778340 -0.5187930 -1.0314170
    endloop
  endfacet
  facet normal 0.3707795 0.5540052 -0.7453863
    outer loop
      vertex 18.9706700 -0.3466580 -0.9070420
      vertex 19.1999180 -0.5000870 -0.9070420
      vertex 18.9778340 -0.5187930 -1.0314170
    endloop
  endfacet
  facet normal 0.4170979 0.4170979 -0.8075015
    outer loop
      vertex 18.9778340 -0.5187930 -1.0314170
      vertex 19.1999180 -0.5000870 -0.9070420
      vertex 19.1812120 -0.7221710 -1.0314170
    endloop
  endfacet
  facet normal 0.5540052 0.3707795 -0.7453863
    outer loop
      vertex 19.1999180 -0.5000870 -0.9070420
      vertex 19.3533470 -0.7293350 -0.9070420
      vertex 19.1812120 -0.7221710 -1.0314170
    endloop
  endfacet
  facet normal 0.5827408 0.1561211 -0.7975207
    outer loop
      vertex 19.1812120 -0.7221710 -1.0314170
      vertex 19.3533470 -0.7293350 -0.9070420
      vertex 19.2556380 -0.9999750 -1.0314170
    endloop
  endfacet
  facet normal 0.6296955 0.1250131 -0.7667172
    outer loop
      vertex 19.3533470 -0.7293350 -0.9070420
      vertex 19.4070770 -0.9999750 -0.9070420
      vertex 19.2556380 -0.9999750 -1.0314170
    endloop
  endfacet
  facet normal 0 -0.6341767 -0.7731882
    outer loop
      vertex 18.7000300 -2.2071090 -0.9070420
      vertex -18.7000300 -2.2071090 -0.9070420
      vertex -18.7000300 -2.0554710 -1.0314170
    endloop
  endfacet
  facet normal 0 -0.6341767 -0.7731882
    outer loop
      vertex 18.7000300 -2.2071090 -0.9070420
      vertex -18.7000300 -2.0554710 -1.0314170
      vertex 18.7000300 -2.0554710 -1.0314170
    endloop
  endfacet
  facet normal -0.6346745 0 -0.7727796
    outer loop
      vertex -19.4070770 -1.5000620 -0.9070420
      vertex -19.4070770 -0.9999750 -0.9070420
      vertex -19.2556380 -0.9999750 -1.0314170
    endloop
  endfacet
  facet normal -0.6346745 0 -0.7727796
    outer loop
      vertex -19.4070770 -1.5000620 -0.9070420
      vertex -19.2556380 -0.9999750 -1.0314170
      vertex -19.2556380 -1.5000620 -1.0314170
    endloop
  endfacet
  facet normal 0 0.6346745 -0.7727796
    outer loop
      vertex -18.7000300 -0.2929280 -0.9070420
      vertex 18.7000300 -0.2929280 -0.9070420
      vertex 18.7000300 -0.4443670 -1.0314170
    endloop
  endfacet
  facet normal 0 0.6346745 -0.7727796
    outer loop
      vertex -18.7000300 -0.2929280 -0.9070420
      vertex 18.7000300 -0.4443670 -1.0314170
      vertex -18.7000300 -0.4443670 -1.0314170
    endloop
  endfacet
  facet normal 0.6346745 0 -0.7727796
    outer loop
      vertex 19.4070770 -0.9999750 -0.9070420
      vertex 19.4070770 -1.5000620 -0.9070420
      vertex 19.2556380 -1.5000620 -1.0314170
    endloop
  endfacet
  facet normal 0.6346745 0 -0.7727796
    outer loop
      vertex 19.4070770 -0.9999750 -0.9070420
      vertex 19.2556380 -1.5000620 -1.0314170
      vertex 19.2556380 -0.9999750 -1.0314170
    endloop
  endfacet
  facet normal 0.4680747 0.1254011 0.8747460
    outer loop
      vertex 19.2556380 -0.9999750 8.4314310
      vertex 19.1812120 -0.7221710 8.4314310
      vertex 19.0827070 -0.9999750 8.5239660
    endloop
  endfacet
  facet normal 0.3923805 0.1624340 0.9053467
    outer loop
      vertex 19.0827070 -0.9999750 8.5239660
      vertex 19.1812120 -0.7221710 8.4314310
      vertex 18.9706700 -0.7293350 8.5239660
    endloop
  endfacet
  facet normal 0.3642959 0.3642959 0.8570747
    outer loop
      vertex 19.1812120 -0.7221710 8.4314310
      vertex 18.9778340 -0.5187930 8.4314310
      vertex 18.9706700 -0.7293350 8.5239660
    endloop
  endfacet
  facet normal 0.1624340 0.3923805 0.9053467
    outer loop
      vertex 18.9706700 -0.7293350 8.5239660
      vertex 18.9778340 -0.5187930 8.4314310
      vertex 18.7000300 -0.6172980 8.5239660
    endloop
  endfacet
  facet normal 0.1254011 0.4680747 0.8747460
    outer loop
      vertex 18.9778340 -0.5187930 8.4314310
      vertex 18.7000300 -0.4443670 8.4314310
      vertex 18.7000300 -0.6172980 8.5239660
    endloop
  endfacet
  facet normal -0.1254011 0.4680747 0.8747460
    outer loop
      vertex -18.7000300 -0.4443670 8.4314310
      vertex -18.9778340 -0.5187930 8.4314310
      vertex -18.7000300 -0.6172980 8.5239660
    endloop
  endfacet
  facet normal -0.1624340 0.3923805 0.9053467
    outer loop
      vertex -18.7000300 -0.6172980 8.5239660
      vertex -18.9778340 -0.5187930 8.4314310
      vertex -18.9706700 -0.7293350 8.5239660
    endloop
  endfacet
  facet normal -0.3642959 0.3642959 0.8570747
    outer loop
      vertex -18.9778340 -0.5187930 8.4314310
      vertex -19.1812120 -0.7221710 8.4314310
      vertex -18.9706700 -0.7293350 8.5239660
    endloop
  endfacet
  facet normal -0.3923805 0.1624340 0.9053467
    outer loop
      vertex -18.9706700 -0.7293350 8.5239660
      vertex -19.1812120 -0.7221710 8.4314310
      vertex -19.0827070 -0.9999750 8.5239660
    endloop
  endfacet
  facet normal -0.4680747 0.1254011 0.8747460
    outer loop
      vertex -19.1812120 -0.7221710 8.4314310
      vertex -19.2556380 -0.9999750 8.4314310
      vertex -19.0827070 -0.9999750 8.5239660
    endloop
  endfacet
  facet normal -0.4680747 -0.1254011 0.8747460
    outer loop
      vertex -19.2556380 -1.5000620 8.4314310
      vertex -19.1812120 -1.7778660 8.4314310
      vertex -19.0827070 -1.5000620 8.5239660
    endloop
  endfacet
  facet normal -0.3922455 -0.1624976 0.9053938
    outer loop
      vertex -19.0827070 -1.5000620 8.5239660
      vertex -19.1812120 -1.7778660 8.4314310
      vertex -18.9706700 -1.7705030 8.5239660
    endloop
  endfacet
  facet normal -0.3639953 -0.3643518 0.8571786
    outer loop
      vertex -19.1812120 -1.7778660 8.4314310
      vertex -18.9778340 -1.9810450 8.4314310
      vertex -18.9706700 -1.7705030 8.5239660
    endloop
  endfacet
  facet normal -0.1627116 -0.3923542 0.9053083
    outer loop
      vertex -18.9706700 -1.7705030 8.5239660
      vertex -18.9778340 -1.9810450 8.4314310
      vertex -18.7000300 -1.8827390 8.5239660
    endloop
  endfacet
  facet normal -0.1255116 -0.4684872 0.8745094
    outer loop
      vertex -18.9778340 -1.9810450 8.4314310
      vertex -18.7000300 -2.0554710 8.4314310
      vertex -18.7000300 -1.8827390 8.5239660
    endloop
  endfacet
  facet normal 0.1255116 -0.4684872 0.8745094
    outer loop
      vertex 18.7000300 -2.0554710 8.4314310
      vertex 18.9778340 -1.9810450 8.4314310
      vertex 18.7000300 -1.8827390 8.5239660
    endloop
  endfacet
  facet normal 0.1627116 -0.3923542 0.9053083
    outer loop
      vertex 18.7000300 -1.8827390 8.5239660
      vertex 18.9778340 -1.9810450 8.4314310
      vertex 18.9706700 -1.7705030 8.5239660
    endloop
  endfacet
  facet normal 0.3639953 -0.3643518 0.8571786
    outer loop
      vertex 18.9778340 -1.9810450 8.4314310
      vertex 19.1812120 -1.7778660 8.4314310
      vertex 18.9706700 -1.7705030 8.5239660
    endloop
  endfacet
  facet normal 0.3922455 -0.1624976 0.9053938
    outer loop
      vertex 18.9706700 -1.7705030 8.5239660
      vertex 19.1812120 -1.7778660 8.4314310
      vertex 19.0827070 -1.5000620 8.5239660
    endloop
  endfacet
  facet normal 0.4680747 -0.1254011 0.8747460
    outer loop
      vertex 19.1812120 -1.7778660 8.4314310
      vertex 19.2556380 -1.5000620 8.4314310
      vertex 19.0827070 -1.5000620 8.5239660
    endloop
  endfacet
  facet normal 0 0.4717990 0.8817061
    outer loop
      vertex 18.7000300 -0.4443670 8.4314310
      vertex -18.7000300 -0.4443670 8.4314310
      vertex -18.7000300 -0.6172980 8.5239660
    endloop
  endfacet
  facet normal 0 0.4717990 0.8817061
    outer loop
      vertex 18.7000300 -0.4443670 8.4314310
      vertex -18.7000300 -0.6172980 8.5239660
      vertex 18.7000300 -0.6172980 8.5239660
    endloop
  endfacet
  facet normal -0.4717990 0 0.8817061
    outer loop
      vertex -19.2556380 -0.9999750 8.4314310
      vertex -19.2556380 -1.5000620 8.4314310
      vertex -19.0827070 -1.5000620 8.5239660
    endloop
  endfacet
  facet normal -0.4717990 0 0.8817061
    outer loop
      vertex -19.2556380 -0.9999750 8.4314310
      vertex -19.0827070 -1.5000620 8.5239660
      vertex -19.0827070 -0.9999750 8.5239660
    endloop
  endfacet
  facet normal 0 -0.4722214 0.8814800
    outer loop
      vertex -18.7000300 -2.0554710 8.4314310
      vertex 18.7000300 -2.0554710 8.4314310
      vertex 18.7000300 -1.8827390 8.5239660
    endloop
  endfacet
  facet normal 0 -0.4722214 0.8814800
    outer loop
      vertex -18.7000300 -2.0554710 8.4314310
      vertex 18.7000300 -1.8827390 8.5239660
      vertex -18.7000300 -1.8827390 8.5239660
    endloop
  endfacet
  facet normal 0.4717990 0 0.8817061
    outer loop
      vertex 19.2556380 -1.5000620 8.4314310
      vertex 19.2556380 -0.9999750 8.4314310
      vertex 19.0827070 -0.9999750 8.5239660
    endloop
  endfacet
  facet normal 0.4717990 0 0.8817061
    outer loop
      vertex 19.2556380 -1.5000620 8.4314310
      vertex 19.0827070 -0.9999750 8.5239660
      vertex 19.0827070 -1.5000620 8.5239660
    endloop
  endfacet
  facet normal 0.4680747 -0.1254011 -0.8747460
    outer loop
      vertex 19.2556380 -1.5000620 -1.0314170
      vertex 19.1812120 -1.7778660 -1.0314170
      vertex 19.0827070 -1.5000620 -1.1239520
    endloop
  endfacet
  facet normal 0.3922455 -0.1624976 -0.9053938
    outer loop
      vertex 19.0827070 -1.5000620 -1.1239520
      vertex 19.1812120 -1.7778660 -1.0314170
      vertex 18.9706700 -1.7705030 -1.1239520
    endloop
  endfacet
  facet normal 0.3639953 -0.3643518 -0.8571786
    outer loop
      vertex 19.1812120 -1.7778660 -1.0314170
      vertex 18.9778340 -1.9810450 -1.0314170
      vertex 18.9706700 -1.7705030 -1.1239520
    endloop
  endfacet
  facet normal 0.1627116 -0.3923542 -0.9053083
    outer loop
      vertex 18.9706700 -1.7705030 -1.1239520
      vertex 18.9778340 -1.9810450 -1.0314170
      vertex 18.7000300 -1.8827390 -1.1239520
    endloop
  endfacet
  facet normal 0.1255116 -0.4684872 -0.8745094
    outer loop
      vertex 18.9778340 -1.9810450 -1.0314170
      vertex 18.7000300 -2.0554710 -1.0314170
      vertex 18.7000300 -1.8827390 -1.1239520
    endloop
  endfacet
  facet normal -0.1255116 -0.4684872 -0.8745094
    outer loop
      vertex -18.7000300 -2.0554710 -1.0314170
      vertex -18.9778340 -1.9810450 -1.0314170
      vertex -18.7000300 -1.8827390 -1.1239520
    endloop
  endfacet
  facet normal -0.1627116 -0.3923542 -0.9053083
    outer loop
      vertex -18.7000300 -1.8827390 -1.1239520
      vertex -18.9778340 -1.9810450 -1.0314170
      vertex -18.9706700 -1.7705030 -1.1239520
    endloop
  endfacet
  facet normal -0.3639953 -0.3643518 -0.8571786
    outer loop
      vertex -18.9778340 -1.9810450 -1.0314170
      vertex -19.1812120 -1.7778660 -1.0314170
      vertex -18.9706700 -1.7705030 -1.1239520
    endloop
  endfacet
  facet normal -0.3922455 -0.1624976 -0.9053938
    outer loop
      vertex -18.9706700 -1.7705030 -1.1239520
      vertex -19.1812120 -1.7778660 -1.0314170
      vertex -19.0827070 -1.5000620 -1.1239520
    endloop
  endfacet
  facet normal -0.4680747 -0.1254011 -0.8747460
    outer loop
      vertex -19.1812120 -1.7778660 -1.0314170
      vertex -19.2556380 -1.5000620 -1.0314170
      vertex -19.0827070 -1.5000620 -1.1239520
    endloop
  endfacet
  facet normal -0.4680747 0.1254011 -0.8747460
    outer loop
      vertex -19.2556380 -0.9999750 -1.0314170
      vertex -19.1812120 -0.7221710 -1.0314170
      vertex -19.0827070 -0.9999750 -1.1239520
    endloop
  endfacet
  facet normal -0.3923805 0.1624340 -0.9053467
    outer loop
      vertex -19.0827070 -0.9999750 -1.1239520
      vertex -19.1812120 -0.7221710 -1.0314170
      vertex -18.9706700 -0.7293350 -1.1239520
    endloop
  endfacet
  facet normal -0.3642959 0.3642959 -0.8570747
    outer loop
      vertex -19.1812120 -0.7221710 -1.0314170
      vertex -18.9778340 -0.5187930 -1.0314170
      vertex -18.9706700 -0.7293350 -1.1239520
    endloop
  endfacet
  facet normal -0.1624340 0.3923805 -0.9053467
    outer loop
      vertex -18.9706700 -0.7293350 -1.1239520
      vertex -18.9778340 -0.5187930 -1.0314170
      vertex -18.7000300 -0.6172980 -1.1239520
    endloop
  endfacet
  facet normal -0.1254011 0.4680747 -0.8747460
    outer loop
      vertex -18.9778340 -0.5187930 -1.0314170
      vertex -18.7000300 -0.4443670 -1.0314170
      vertex -18.7000300 -0.6172980 -1.1239520
    endloop
  endfacet
  facet normal 0.1254011 0.4680747 -0.8747460
    outer loop
      vertex 18.7000300 -0.4443670 -1.0314170
      vertex 18.9778340 -0.5187930 -1.0314170
      vertex 18.7000300 -0.6172980 -1.1239520
    endloop
  endfacet
  facet normal 0.1624340 0.3923805 -0.9053467
    outer loop
      vertex 18.7000300 -0.6172980 -1.1239520
      vertex 18.9778340 -0.5187930 -1.0314170
      vertex 18.9706700 -0.7293350 -1.1239520
    endloop
  endfacet
  facet normal 0.3642959 0.3642959 -0.8570747
    outer loop
      vertex 18.9778340 -0.5187930 -1.0314170
      vertex 19.1812120 -0.7221710 -1.0314170
      vertex 18.9706700 -0.7293350 -1.1239520
    endloop
  endfacet
  facet normal 0.3923805 0.1624340 -0.9053467
    outer loop
      vertex 18.9706700 -0.7293350 -1.1239520
      vertex 19.1812120 -0.7221710 -1.0314170
      vertex 19.0827070 -0.9999750 -1.1239520
    endloop
  endfacet
  facet normal 0.4680747 0.1254011 -0.8747460
    outer loop
      vertex 19.1812120 -0.7221710 -1.0314170
      vertex 19.2556380 -0.9999750 -1.0314170
      vertex 19.0827070 -0.9999750 -1.1239520
    endloop
  endfacet
  facet normal 0 -0.4722214 -0.8814800
    outer loop
      vertex 18.7000300 -2.0554710 -1.0314170
      vertex -18.7000300 -2.0554710 -1.0314170
      vertex -18.7000300 -1.8827390 -1.1239520
    endloop
  endfacet
  facet normal 0 -0.4722214 -0.8814800
    outer loop
      vertex 18.7000300 -2.0554710 -1.0314170
      vertex -18.7000300 -1.8827390 -1.1239520
      vertex 18.7000300 -1.8827390 -1.1239520
    endloop
  endfacet
  facet normal -0.4717990 0 -0.8817061
    outer loop
      vertex -19.2556380 -1.5000620 -1.0314170
      vertex -19.2556380 -0.9999750 -1.0314170
      vertex -19.0827070 -0.9999750 -1.1239520
    endloop
  endfacet
  facet normal -0.4717990 0 -0.8817061
    outer loop
      vertex -19.2556380 -1.5000620 -1.0314170
      vertex -19.0827070 -0.9999750 -1.1239520
      vertex -19.0827070 -1.5000620 -1.1239520
    endloop
  endfacet
  facet normal 0 0.4717990 -0.8817061
    outer loop
      vertex -18.7000300 -0.4443670 -1.0314170
      vertex 18.7000300 -0.4443670 -1.0314170
      vertex 18.7000300 -0.6172980 -1.1239520
    endloop
  endfacet
  facet normal 0 0.4717990 -0.8817061
    outer loop
      vertex -18.7000300 -0.4443670 -1.0314170
      vertex 18.7000300 -0.6172980 -1.1239520
      vertex -18.7000300 -0.6172980 -1.1239520
    endloop
  endfacet
  facet normal 0.4717990 0 -0.8817061
    outer loop
      vertex 19.2556380 -0.9999750 -1.0314170
      vertex 19.2556380 -1.5000620 -1.0314170
      vertex 19.0827070 -1.5000620 -1.1239520
    endloop
  endfacet
  facet normal 0.4717990 0 -0.8817061
    outer loop
      vertex 19.2556380 -0.9999750 -1.0314170
      vertex 19.0827070 -1.5000620 -1.1239520
      vertex 19.0827070 -0.9999750 -1.1239520
    endloop
  endfacet
  facet normal 0.2881603 0.1192899 0.9501229
    outer loop
      vertex 19.0827070 -0.9999750 8.5239660
      vertex 18.9706700 -0.7293350 8.5239660
      vertex 18.8950500 -0.9999750 8.5808800
    endloop
  endfacet
  facet normal 0.1600993 0.1600993 0.9740310
    outer loop
      vertex 18.8950500 -0.9999750 8.5808800
      vertex 18.9706700 -0.7293350 8.5239660
      vertex 18.7000300 -0.8049550 8.5808800
    endloop
  endfacet
  facet normal 0.1192899 0.2881603 0.9501229
    outer loop
      vertex 18.9706700 -0.7293350 8.5239660
      vertex 18.7000300 -0.6172980 8.5239660
      vertex 18.7000300 -0.8049550 8.5808800
    endloop
  endfacet
  facet normal -0.1192899 0.2881603 0.9501229
    outer loop
      vertex -18.7000300 -0.6172980 8.5239660
      vertex -18.9706700 -0.7293350 8.5239660
      vertex -18.7000300 -0.8049550 8.5808800
    endloop
  endfacet
  facet normal -0.1600993 0.1600993 0.9740310
    outer loop
      vertex -18.7000300 -0.8049550 8.5808800
      vertex -18.9706700 -0.7293350 8.5239660
      vertex -18.8950500 -0.9999750 8.5808800
    endloop
  endfacet
  facet normal -0.2881603 0.1192899 0.9501229
    outer loop
      vertex -18.9706700 -0.7293350 8.5239660
      vertex -19.0827070 -0.9999750 8.5239660
      vertex -18.8950500 -0.9999750 8.5808800
    endloop
  endfacet
  facet normal -0.2881573 -0.1193764 0.9501130
    outer loop
      vertex -19.0827070 -1.5000620 8.5239660
      vertex -18.9706700 -1.7705030 8.5239660
      vertex -18.8950500 -1.5000620 8.5808800
    endloop
  endfacet
  facet normal -0.1601867 -0.1601867 0.9740023
    outer loop
      vertex -18.8950500 -1.5000620 8.5808800
      vertex -18.9706700 -1.7705030 8.5239660
      vertex -18.7000300 -1.6950820 8.5808800
    endloop
  endfacet
  facet normal -0.1194987 -0.2881530 0.9500989
    outer loop
      vertex -18.9706700 -1.7705030 8.5239660
      vertex -18.7000300 -1.8827390 8.5239660
      vertex -18.7000300 -1.6950820 8.5808800
    endloop
  endfacet
  facet normal 0.1194987 -0.2881530 0.9500989
    outer loop
      vertex 18.7000300 -1.8827390 8.5239660
      vertex 18.9706700 -1.7705030 8.5239660
      vertex 18.7000300 -1.6950820 8.5808800
    endloop
  endfacet
  facet normal 0.1601867 -0.1601867 0.9740023
    outer loop
      vertex 18.7000300 -1.6950820 8.5808800
      vertex 18.9706700 -1.7705030 8.5239660
      vertex 18.8950500 -1.5000620 8.5808800
    endloop
  endfacet
  facet normal 0.2881573 -0.1193764 0.9501130
    outer loop
      vertex 18.9706700 -1.7705030 8.5239660
      vertex 19.0827070 -1.5000620 8.5239660
      vertex 18.8950500 -1.5000620 8.5808800
    endloop
  endfacet
  facet normal 0 0.2902327 0.9569561
    outer loop
      vertex 18.7000300 -0.6172980 8.5239660
      vertex -18.7000300 -0.6172980 8.5239660
      vertex -18.7000300 -0.8049550 8.5808800
    endloop
  endfacet
  facet normal 0 0.2902327 0.9569561
    outer loop
      vertex 18.7000300 -0.6172980 8.5239660
      vertex -18.7000300 -0.8049550 8.5808800
      vertex 18.7000300 -0.8049550 8.5808800
    endloop
  endfacet
  facet normal -0.2902327 0 0.9569561
    outer loop
      vertex -19.0827070 -0.9999750 8.5239660
      vertex -19.0827070 -1.5000620 8.5239660
      vertex -18.8950500 -1.5000620 8.5808800
    endloop
  endfacet
  facet normal -0.2902327 0 0.9569561
    outer loop
      vertex -19.0827070 -0.9999750 8.5239660
      vertex -18.8950500 -1.5000620 8.5808800
      vertex -18.8950500 -0.9999750 8.5808800
    endloop
  endfacet
  facet normal 0 -0.2902327 0.9569561
    outer loop
      vertex -18.7000300 -1.8827390 8.5239660
      vertex 18.7000300 -1.8827390 8.5239660
      vertex 18.7000300 -1.6950820 8.5808800
    endloop
  endfacet
  facet normal 0 -0.2902327 0.9569561
    outer loop
      vertex -18.7000300 -1.8827390 8.5239660
      vertex 18.7000300 -1.6950820 8.5808800
      vertex -18.7000300 -1.6950820 8.5808800
    endloop
  endfacet
  facet normal 0.2902327 0 0.9569561
    outer loop
      vertex 19.0827070 -1.5000620 8.5239660
      vertex 19.0827070 -0.9999750 8.5239660
      vertex 18.8950500 -0.9999750 8.5808800
    endloop
  endfacet
  facet normal 0.2902327 0 0.9569561
    outer loop
      vertex 19.0827070 -1.5000620 8.5239660
      vertex 18.8950500 -0.9999750 8.5808800
      vertex 18.8950500 -1.5000620 8.5808800
    endloop
  endfacet
  facet normal 0.2881573 -0.1193764 -0.9501130
    outer loop
      vertex 19.0827070 -1.5000620 -1.1239520
      vertex 18.9706700 -1.7705030 -1.1239520
      vertex 18.8950500 -1.5000620 -1.1808660
    endloop
  endfacet
  facet normal 0.1601867 -0.1601867 -0.9740023
    outer loop
      vertex 18.8950500 -1.5000620 -1.1808660
      vertex 18.9706700 -1.7705030 -1.1239520
      vertex 18.7000300 -1.6950820 -1.1808660
    endloop
  endfacet
  facet normal 0.1194987 -0.2881530 -0.9500989
    outer loop
      vertex 18.9706700 -1.7705030 -1.1239520
      vertex 18.7000300 -1.8827390 -1.1239520
      vertex 18.7000300 -1.6950820 -1.1808660
    endloop
  endfacet
  facet normal -0.1194987 -0.2881530 -0.9500989
    outer loop
      vertex -18.7000300 -1.8827390 -1.1239520
      vertex -18.9706700 -1.7705030 -1.1239520
      vertex -18.7000300 -1.6950820 -1.1808660
    endloop
  endfacet
  facet normal -0.1601867 -0.1601867 -0.9740023
    outer loop
      vertex -18.7000300 -1.6950820 -1.1808660
      vertex -18.9706700 -1.7705030 -1.1239520
      vertex -18.8950500 -1.5000620 -1.1808660
    endloop
  endfacet
  facet normal -0.2881573 -0.1193764 -0.9501130
    outer loop
      vertex -18.9706700 -1.7705030 -1.1239520
      vertex -19.0827070 -1.5000620 -1.1239520
      vertex -18.8950500 -1.5000620 -1.1808660
    endloop
  endfacet
  facet normal -0.2881603 0.1192899 -0.9501229
    outer loop
      vertex -19.0827070 -0.9999750 -1.1239520
      vertex -18.9706700 -0.7293350 -1.1239520
      vertex -18.8950500 -0.9999750 -1.1808660
    endloop
  endfacet
  facet normal -0.1600993 0.1600993 -0.9740310
    outer loop
      vertex -18.8950500 -0.9999750 -1.1808660
      vertex -18.9706700 -0.7293350 -1.1239520
      vertex -18.7000300 -0.8049550 -1.1808660
    endloop
  endfacet
  facet normal -0.1192899 0.2881603 -0.9501229
    outer loop
      vertex -18.9706700 -0.7293350 -1.1239520
      vertex -18.7000300 -0.6172980 -1.1239520
      vertex -18.7000300 -0.8049550 -1.1808660
    endloop
  endfacet
  facet normal 0.1192899 0.2881603 -0.9501229
    outer loop
      vertex 18.7000300 -0.6172980 -1.1239520
      vertex 18.9706700 -0.7293350 -1.1239520
      vertex 18.7000300 -0.8049550 -1.1808660
    endloop
  endfacet
  facet normal 0.1600993 0.1600993 -0.9740310
    outer loop
      vertex 18.7000300 -0.8049550 -1.1808660
      vertex 18.9706700 -0.7293350 -1.1239520
      vertex 18.8950500 -0.9999750 -1.1808660
    endloop
  endfacet
  facet normal 0.2881603 0.1192899 -0.9501229
    outer loop
      vertex 18.9706700 -0.7293350 -1.1239520
      vertex 19.0827070 -0.9999750 -1.1239520
      vertex 18.8950500 -0.9999750 -1.1808660
    endloop
  endfacet
  facet normal 0 -0.2902327 -0.9569561
    outer loop
      vertex 18.7000300 -1.8827390 -1.1239520
      vertex -18.7000300 -1.8827390 -1.1239520
      vertex -18.7000300 -1.6950820 -1.1808660
    endloop
  endfacet
  facet normal 0 -0.2902327 -0.9569561
    outer loop
      vertex 18.7000300 -1.8827390 -1.1239520
      vertex -18.7000300 -1.6950820 -1.1808660
      vertex 18.7000300 -1.6950820 -1.1808660
    endloop
  endfacet
  facet normal -0.2902327 0 -0.9569561
    outer loop
      vertex -19.0827070 -1.5000620 -1.1239520
      vertex -19.0827070 -0.9999750 -1.1239520
      vertex -18.8950500 -0.9999750 -1.1808660
    endloop
  endfacet
  facet normal -0.2902327 0 -0.9569561
    outer loop
      vertex -19.0827070 -1.5000620 -1.1239520
      vertex -18.8950500 -0.9999750 -1.1808660
      vertex -18.8950500 -1.5000620 -1.1808660
    endloop
  endfacet
  facet normal 0 0.2902327 -0.9569561
    outer loop
      vertex -18.7000300 -0.6172980 -1.1239520
      vertex 18.7000300 -0.6172980 -1.1239520
      vertex 18.7000300 -0.8049550 -1.1808660
    endloop
  endfacet
  facet normal 0 0.2902327 -0.9569561
    outer loop
      vertex -18.7000300 -0.6172980 -1.1239520
      vertex 18.7000300 -0.8049550 -1.1808660
      vertex -18.7000300 -0.8049550 -1.1808660
    endloop
  endfacet
  facet normal 0.2902327 0 -0.9569561
    outer loop
      vertex 19.0827070 -0.9999750 -1.1239520
      vertex 19.0827070 -1.5000620 -1.1239520
      vertex 18.8950500 -1.5000620 -1.1808660
    endloop
  endfacet
  facet normal 0.2902327 0 -0.9569561
    outer loop
      vertex 19.0827070 -0.9999750 -1.1239520
      vertex 18.8950500 -1.5000620 -1.1808660
      vertex 18.8950500 -0.9999750 -1.1808660
    endloop
  endfacet
  facet normal 0.0970325 0.0970325 0.9905400
    outer loop
      vertex 18.8950500 -0.9999750 8.5808800
      vertex 18.7000300 -0.8049550 8.5808800
      vertex 18.7000300 -0.9999750 8.5999840
    endloop
  endfacet
  facet normal -0.0970325 0.0970325 0.9905400
    outer loop
      vertex -18.7000300 -0.8049550 8.5808800
      vertex -18.8950500 -0.9999750 8.5808800
      vertex -18.7000300 -0.9999750 8.5999840
    endloop
  endfacet
  facet normal -0.0970325 -0.0970325 0.9905400
    outer loop
      vertex -18.8950500 -1.5000620 8.5808800
      vertex -18.7000300 -1.6950820 8.5808800
      vertex -18.7000300 -1.5000620 8.5999840
    endloop
  endfacet
  facet normal 0.0970325 -0.0970325 0.9905400
    outer loop
      vertex 18.7000300 -1.6950820 8.5808800
      vertex 18.8950500 -1.5000620 8.5808800
      vertex 18.7000300 -1.5000620 8.5999840
    endloop
  endfacet
  facet normal 0 0.0974925 0.9952363
    outer loop
      vertex 18.7000300 -0.8049550 8.5808800
      vertex -18.7000300 -0.8049550 8.5808800
      vertex -18.7000300 -0.9999750 8.5999840
    endloop
  endfacet
  facet normal 0 0.0974925 0.9952363
    outer loop
      vertex 18.7000300 -0.8049550 8.5808800
      vertex -18.7000300 -0.9999750 8.5999840
      vertex 18.7000300 -0.9999750 8.5999840
    endloop
  endfacet
  facet normal -0.0974925 0 0.9952363
    outer loop
      vertex -18.8950500 -0.9999750 8.5808800
      vertex -18.8950500 -1.5000620 8.5808800
      vertex -18.7000300 -1.5000620 8.5999840
    endloop
  endfacet
  facet normal -0.0974925 0 0.9952363
    outer loop
      vertex -18.8950500 -0.9999750 8.5808800
      vertex -18.7000300 -1.5000620 8.5999840
      vertex -18.7000300 -0.9999750 8.5999840
    endloop
  endfacet
  facet normal 0 -0.0974925 0.9952363
    outer loop
      vertex -18.7000300 -1.6950820 8.5808800
      vertex 18.7000300 -1.6950820 8.5808800
      vertex 18.7000300 -1.5000620 8.5999840
    endloop
  endfacet
  facet normal 0 -0.0974925 0.9952363
    outer loop
      vertex -18.7000300 -1.6950820 8.5808800
      vertex 18.7000300 -1.5000620 8.5999840
      vertex -18.7000300 -1.5000620 8.5999840
    endloop
  endfacet
  facet normal 0.0974925 0 0.9952363
    outer loop
      vertex 18.8950500 -1.5000620 8.5808800
      vertex 18.8950500 -0.9999750 8.5808800
      vertex 18.7000300 -0.9999750 8.5999840
    endloop
  endfacet
  facet normal 0.0974925 0 0.9952363
    outer loop
      vertex 18.8950500 -1.5000620 8.5808800
      vertex 18.7000300 -0.9999750 8.5999840
      vertex 18.7000300 -1.5000620 8.5999840
    endloop
  endfacet
  facet normal 0.0970325 -0.0970325 -0.9905400
    outer loop
      vertex 18.8950500 -1.5000620 -1.1808660
      vertex 18.7000300 -1.6950820 -1.1808660
      vertex 18.7000300 -1.5000620 -1.1999700
    endloop
  endfacet
  facet normal -0.0970325 -0.0970325 -0.9905400
    outer loop
      vertex -18.7000300 -1.6950820 -1.1808660
      vertex -18.8950500 -1.5000620 -1.1808660
      vertex -18.7000300 -1.5000620 -1.1999700
    endloop
  endfacet
  facet normal -0.0970325 0.0970325 -0.9905400
    outer loop
      vertex -18.8950500 -0.9999750 -1.1808660
      vertex -18.7000300 -0.8049550 -1.1808660
      vertex -18.7000300 -0.9999750 -1.1999700
    endloop
  endfacet
  facet normal 0.0970325 0.0970325 -0.9905400
    outer loop
      vertex 18.7000300 -0.8049550 -1.1808660
      vertex 18.8950500 -0.9999750 -1.1808660
      vertex 18.7000300 -0.9999750 -1.1999700
    endloop
  endfacet
  facet normal 0 -0.0974925 -0.9952363
    outer loop
      vertex 18.7000300 -1.6950820 -1.1808660
      vertex -18.7000300 -1.6950820 -1.1808660
      vertex -18.7000300 -1.5000620 -1.1999700
    endloop
  endfacet
  facet normal 0 -0.0974925 -0.9952363
    outer loop
      vertex 18.7000300 -1.6950820 -1.1808660
      vertex -18.7000300 -1.5000620 -1.1999700
      vertex 18.7000300 -1.5000620 -1.1999700
    endloop
  endfacet
  facet normal -0.0974925 0 -0.9952363
    outer loop
      vertex -18.8950500 -1.5000620 -1.1808660
      vertex -18.8950500 -0.9999750 -1.1808660
      vertex -18.7000300 -0.9999750 -1.1999700
    endloop
  endfacet
  facet normal -0.0974925 0 -0.9952363
    outer loop
      vertex -18.8950500 -1.5000620 -1.1808660
      vertex -18.7000300 -0.9999750 -1.1999700
      vertex -18.7000300 -1.5000620 -1.1999700
    endloop
  endfacet
  facet normal 0 0.0974925 -0.9952363
    outer loop
      vertex -18.7000300 -0.8049550 -1.1808660
      vertex 18.7000300 -0.8049550 -1.1808660
      vertex 18.7000300 -0.9999750 -1.1999700
    endloop
  endfacet
  facet normal 0 0.0974925 -0.9952363
    outer loop
      vertex -18.7000300 -0.8049550 -1.1808660
      vertex 18.7000300 -0.9999750 -1.1999700
      vertex -18.7000300 -0.9999750 -1.1999700
    endloop
  endfacet
  facet normal 0.0974925 0 -0.9952363
    outer loop
      vertex 18.8950500 -0.9999750 -1.1808660
      vertex 18.8950500 -1.5000620 -1.1808660
      vertex 18.7000300 -1.5000620 -1.1999700
    endloop
  endfacet
  facet normal 0.0974925 0 -0.9952363
    outer loop
      vertex 18.8950500 -0.9999750 -1.1808660
      vertex 18.7000300 -1.5000620 -1.1999700
      vertex 18.7000300 -0.9999750 -1.1999700
    endloop
  endfacet
  facet normal 0 0 1.0000000
    outer loop
      vertex 18.7000300 -0.9999750 8.5999840
      vertex -18.7000300 -0.9999750 8.5999840
      vertex -18.7000300 -1.5000620 8.5999840
    endloop
  endfacet
  facet normal 0 0 1.0000000
    outer loop
      vertex 18.7000300 -0.9999750 8.5999840
      vertex -18.7000300 -1.5000620 8.5999840
      vertex 18.7000300 -1.5000620 8.5999840
    endloop
  endfacet
  facet normal 0 0 -1.0000000
    outer loop
      vertex 18.7000300 -1.5000620 -1.1999700
      vertex -18.7000300 -1.5000620 -1.1999700
      vertex -18.7000300 -0.9999750 -1.1999700
    endloop
  endfacet
  facet normal 0 0 -1.0000000
    outer loop
      vertex 18.7000300 -1.5000620 -1.1999700
      vertex -18.7000300 -0.9999750 -1.1999700
      vertex 18.7000300 -0.9999750 -1.1999700
    endloop
  endfacet
  facet normal 0 1.0000000 0
    outer loop
      vertex 0 0 7.0666890
      vertex 18.7000300 0 7.6000090
      vertex 18.7000300 0 6.8000290
    endloop
  endfacet
  facet normal 0 1.0000000 0
    outer loop
      vertex 0 0 7.0666890
      vertex 18.7000300 0 6.8000290
      vertex 17.9000500 0 6.8000290
    endloop
  endfacet
  facet normal 0 1.0000000 0
    outer loop
      vertex 0 0 7.0666890
      vertex 17.9000500 0 6.8000290
      vertex -17.9000500 0 6.8000290
    endloop
  endfacet
  facet normal 0 1.0000000 0
    outer loop
      vertex 0 0 7.0666890
      vertex -17.9000500 0 6.8000290
      vertex -18.7000300 0 6.8000290
    endloop
  endfacet
  facet normal 0 1.0000000 0
    outer loop
      vertex 0 0 7.0666890
      vertex -18.7000300 0 6.8000290
      vertex -18.7000300 0 7.6000090
    endloop
  endfacet
  facet normal 0 1.0000000 0
    outer loop
      vertex 0 0 7.0666890
      vertex -18.7000300 0 7.6000090
      vertex 18.7000300 0 7.6000090
    endloop
  endfacet
  facet normal 0 1.0000000 0
    outer loop
      vertex -17.9000500 0 6.8000290
      vertex -17.9000500 0 0.5999850
      vertex -18.7000300 0 0.5999850
    endloop
  endfacet
  facet normal 0 1.0000000 0
    outer loop
      vertex -17.9000500 0 6.8000290
      vertex -18.7000300 0 0.5999850
      vertex -18.7000300 0 6.8000290
    endloop
  endfacet
  facet normal 0 1.0000000 0
    outer loop
      vertex 18.7000300 0 6.8000290
      vertex 18.7000300 0 0.5999850
      vertex 17.9000500 0 0.5999850
    endloop
  endfacet
  facet normal 0 1.0000000 0
    outer loop
      vertex 18.7000300 0 6.8000290
      vertex 17.9000500 0 0.5999850
      vertex 17.9000500 0 6.8000290
    endloop
  endfacet
  facet normal 0 1.0000000 0
    outer loop
      vertex 0 0 0.3333250
      vertex -17.9000500 0 0.5999850
      vertex 17.9000500 0 0.5999850
    endloop
  endfacet
  facet normal 0 1.0000000 0
    outer loop
      vertex 0 0 0.3333250
      vertex 17.9000500 0 0.5999850
      vertex 18.7000300 0 0.5999850
    endloop
  endfacet
  facet normal 0 1.0000000 0
    outer loop
      vertex 0 0 0.3333250
      vertex 18.7000300 0 0.5999850
      vertex 18.7000300 0 -0.1999950
    endloop
  endfacet
  facet normal 0 1.0000000 0
    outer loop
      vertex 0 0 0.3333250
      vertex 18.7000300 0 -0.1999950
      vertex -18.7000300 0 -0.1999950
    endloop
  endfacet
  facet normal 0 1.0000000 0
    outer loop
      vertex 0 0 0.3333250
      vertex -18.7000300 0 -0.1999950
      vertex -18.7000300 0 0.5999850
    endloop
  endfacet
  facet normal 0 1.0000000 0
    outer loop
      vertex 0 0 0.3333250
      vertex -18.7000300 0 0.5999850
      vertex -17.9000500 0 0.5999850
    endloop
  endfacet
  facet normal -0.9951372 -0.0984983 0
    outer loop
      vertex 17.9000500 7.3500650 5.8000540
      vertex 17.8807470 7.5450850 5.8000540
      vertex 17.8807470 7.5450850 1.5999600
    endloop
  endfacet
  facet normal -0.9951372 -0.0984983 0
    outer loop
      vertex 17.9000500 7.3500650 5.8000540
      vertex 17.8807470 7.5450850 1.5999600
      vertex 17.9000500 7.3500650 1.5999600
    endloop
  endfacet
  facet normal -0.9569561 -0.2902327 0
    outer loop
      vertex 17.8807470 7.5450850 5.8000540
      vertex 17.8238330 7.7327420 5.8000540
      vertex 17.8238330 7.7327420 1.5999600
    endloop
  endfacet
  facet normal -0.9569561 -0.2902327 0
    outer loop
      vertex 17.8807470 7.5450850 5.8000540
      vertex 17.8238330 7.7327420 1.5999600
      vertex 17.8807470 7.5450850 1.5999600
    endloop
  endfacet
  facet normal -0.8819025 -0.4714318 0
    outer loop
      vertex 17.8238330 7.7327420 5.8000540
      vertex 17.7314970 7.9054740 5.8000540
      vertex 17.7314970 7.9054740 1.5999600
    endloop
  endfacet
  facet normal -0.8819025 -0.4714318 0
    outer loop
      vertex 17.8238330 7.7327420 5.8000540
      vertex 17.7314970 7.9054740 1.5999600
      vertex 17.8238330 7.7327420 1.5999600
    endloop
  endfacet
  facet normal 0.8819025 -0.4714318 0
    outer loop
      vertex -17.7314970 7.9054740 5.8000540
      vertex -17.8238330 7.7327420 5.8000540
      vertex -17.8238330 7.7327420 1.5999600
    endloop
  endfacet
  facet normal 0.8819025 -0.4714318 0
    outer loop
      vertex -17.7314970 7.9054740 5.8000540
      vertex -17.8238330 7.7327420 1.5999600
      vertex -17.7314970 7.9054740 1.5999600
    endloop
  endfacet
  facet normal 0.9569561 -0.2902327 0
    outer loop
      vertex -17.8238330 7.7327420 5.8000540
      vertex -17.8807470 7.5450850 5.8000540
      vertex -17.8807470 7.5450850 1.5999600
    endloop
  endfacet
  facet normal 0.9569561 -0.2902327 0
    outer loop
      vertex -17.8238330 7.7327420 5.8000540
      vertex -17.8807470 7.5450850 1.5999600
      vertex -17.8238330 7.7327420 1.5999600
    endloop
  endfacet
  facet normal 0.9951372 -0.0984983 0
    outer loop
      vertex -17.8807470 7.5450850 5.8000540
      vertex -17.9000500 7.3500650 5.8000540
      vertex -17.9000500 7.3500650 1.5999600
    endloop
  endfacet
  facet normal 0.9951372 -0.0984983 0
    outer loop
      vertex -17.8807470 7.5450850 5.8000540
      vertex -17.9000500 7.3500650 1.5999600
      vertex -17.8807470 7.5450850 1.5999600
    endloop
  endfacet
  facet normal 1.0000000 0 0
    outer loop
      vertex -17.9000500 7.3500650 5.8000540
      vertex -17.9000500 0.8499290 5.8000540
      vertex -17.9000500 0.8499290 1.5999600
    endloop
  endfacet
  facet normal 1.0000000 0 0
    outer loop
      vertex -17.9000500 7.3500650 5.8000540
      vertex -17.9000500 0.8499290 1.5999600
      vertex -17.9000500 7.3500650 1.5999600
    endloop
  endfacet
  facet normal 0.9951372 0.0984983 0
    outer loop
      vertex -17.9000500 0.8499290 5.8000540
      vertex -17.8807470 0.6549090 5.8000540
      vertex -17.8807470 0.6549090 1.5999600
    endloop
  endfacet
  facet normal 0.9951372 0.0984983 0
    outer loop
      vertex -17.9000500 0.8499290 5.8000540
      vertex -17.8807470 0.6549090 1.5999600
      vertex -17.9000500 0.8499290 1.5999600
    endloop
  endfacet
  facet normal 0.9569561 0.2902327 0
    outer loop
      vertex -17.8807470 0.6549090 5.8000540
      vertex -17.8238330 0.4672520 5.8000540
      vertex -17.8238330 0.4672520 1.5999600
    endloop
  endfacet
  facet normal 0.9569561 0.2902327 0
    outer loop
      vertex -17.8807470 0.6549090 5.8000540
      vertex -17.8238330 0.4672520 1.5999600
      vertex -17.8807470 0.6549090 1.5999600
    endloop
  endfacet
  facet normal 0.8819025 0.4714318 0
    outer loop
      vertex -17.8238330 0.4672520 5.8000540
      vertex -17.7314970 0.2945200 5.8000540
      vertex -17.7314970 0.2945200 1.5999600
    endloop
  endfacet
  facet normal 0.8819025 0.4714318 0
    outer loop
      vertex -17.8238330 0.4672520 5.8000540
      vertex -17.7314970 0.2945200 1.5999600
      vertex -17.8238330 0.4672520 1.5999600
    endloop
  endfacet
  facet normal 0.7731882 0.6341767 0
    outer loop
      vertex -17.7314970 0.2945200 5.8000540
      vertex -17.6071220 0.1428820 5.8000540
      vertex -17.6071220 0.1428820 1.5999600
    endloop
  endfacet
  facet normal 0.7731882 0.6341767 0
    outer loop
      vertex -17.7314970 0.2945200 5.8000540
      vertex -17.6071220 0.1428820 1.5999600
      vertex -17.7314970 0.2945200 1.5999600
    endloop
  endfacet
  facet normal 0.6341767 0.7731882 0
    outer loop
      vertex -17.6071220 0.1428820 5.8000540
      vertex -17.4554840 0.0185070 5.8000540
      vertex -17.4554840 0.0185070 1.5999600
    endloop
  endfacet
  facet normal 0.6341767 0.7731882 0
    outer loop
      vertex -17.6071220 0.1428820 5.8000540
      vertex -17.4554840 0.0185070 1.5999600
      vertex -17.6071220 0.1428820 1.5999600
    endloop
  endfacet
  facet normal 0.4714318 0.8819025 0
    outer loop
      vertex -17.4554840 0.0185070 5.8000540
      vertex -17.2827520 -0.0738290 5.8000540
      vertex -17.2827520 -0.0738290 1.5999600
    endloop
  endfacet
  facet normal 0.4714318 0.8819025 0
    outer loop
      vertex -17.4554840 0.0185070 5.8000540
      vertex -17.2827520 -0.0738290 1.5999600
      vertex -17.4554840 0.0185070 1.5999600
    endloop
  endfacet
  facet normal 0.2902327 0.9569561 0
    outer loop
      vertex -17.2827520 -0.0738290 5.8000540
      vertex -17.0950950 -0.1307430 5.8000540
      vertex -17.0950950 -0.1307430 1.5999600
    endloop
  endfacet
  facet normal 0.2902327 0.9569561 0
    outer loop
      vertex -17.2827520 -0.0738290 5.8000540
      vertex -17.0950950 -0.1307430 1.5999600
      vertex -17.2827520 -0.0738290 1.5999600
    endloop
  endfacet
  facet normal 0.0984983 0.9951372 -0.0000193
    outer loop
      vertex -16.9185820 -0.1482550 3.7000070
      vertex -17.0950950 -0.1307430 5.8000540
      vertex -16.9000750 -0.1500460 5.8000540
    endloop
  endfacet
  facet normal 0.0963242 0.9953500 0
    outer loop
      vertex -16.9185820 -0.1482550 3.7000070
      vertex -16.9000750 -0.1500460 5.8000540
      vertex -16.9000750 -0.1500460 4.4000890
    endloop
  endfacet
  facet normal 0.0963242 0.9953500 0
    outer loop
      vertex -16.9185820 -0.1482550 3.7000070
      vertex -16.9000750 -0.1500460 4.4000890
      vertex -16.9000750 -0.1500460 4.3865570
    endloop
  endfacet
  facet normal 0.0963242 0.9953500 0
    outer loop
      vertex -16.9185820 -0.1482550 3.7000070
      vertex -16.9000750 -0.1500460 4.3865570
      vertex -16.9000750 -0.1500460 4.3467570
    endloop
  endfacet
  facet normal 0.0963242 0.9953500 0
    outer loop
      vertex -16.9185820 -0.1482550 3.7000070
      vertex -16.9000750 -0.1500460 4.3467570
      vertex -16.9000750 -0.1500460 4.2820820
    endloop
  endfacet
  facet normal 0.0963242 0.9953500 0
    outer loop
      vertex -16.9185820 -0.1482550 3.7000070
      vertex -16.9000750 -0.1500460 4.2820820
      vertex -16.9000750 -0.1500460 4.1949200
    endloop
  endfacet
  facet normal 0.0963242 0.9953500 0
    outer loop
      vertex -16.9185820 -0.1482550 3.7000070
      vertex -16.9000750 -0.1500460 4.1949200
      vertex -16.9000750 -0.1500460 4.0888530
    endloop
  endfacet
  facet normal 0.0963242 0.9953500 0
    outer loop
      vertex -16.9185820 -0.1482550 3.7000070
      vertex -16.9000750 -0.1500460 4.0888530
      vertex -16.9000750 -0.1500460 3.9678610
    endloop
  endfacet
  facet normal 0.0963242 0.9953500 0
    outer loop
      vertex -16.9185820 -0.1482550 3.7000070
      vertex -16.9000750 -0.1500460 3.9678610
      vertex -16.9000750 -0.1500460 3.8365210
    endloop
  endfacet
  facet normal 0.0963242 0.9953500 0
    outer loop
      vertex -16.9185820 -0.1482550 3.7000070
      vertex -16.9000750 -0.1500460 3.8365210
      vertex -16.9000750 -0.1500460 3.7000070
    endloop
  endfacet
  facet normal 0.0963242 0.9953500 0
    outer loop
      vertex -16.9185820 -0.1482550 3.7000070
      vertex -16.9000750 -0.1500460 3.7000070
      vertex -16.9000750 -0.1500460 3.5634930
    endloop
  endfacet
  facet normal 0.0963242 0.9953500 0
    outer loop
      vertex -16.9185820 -0.1482550 3.7000070
      vertex -16.9000750 -0.1500460 3.5634930
      vertex -16.9000750 -0.1500460 3.4321530
    endloop
  endfacet
  facet normal 0.0963242 0.9953500 0
    outer loop
      vertex -16.9185820 -0.1482550 3.7000070
      vertex -16.9000750 -0.1500460 3.4321530
      vertex -16.9000750 -0.1500460 3.3111610
    endloop
  endfacet
  facet normal 0.0963242 0.9953500 0
    outer loop
      vertex -16.9185820 -0.1482550 3.7000070
      vertex -16.9000750 -0.1500460 3.3111610
      vertex -16.9000750 -0.1500460 3.2050940
    endloop
  endfacet
  facet normal 0.0963242 0.9953500 0
    outer loop
      vertex -16.9185820 -0.1482550 3.7000070
      vertex -16.9000750 -0.1500460 3.2050940
      vertex -16.9000750 -0.1500460 3.1179320
    endloop
  endfacet
  facet normal 0.0963242 0.9953500 0
    outer loop
      vertex -16.9185820 -0.1482550 3.7000070
      vertex -16.9000750 -0.1500460 3.1179320
      vertex -16.9000750 -0.1500460 3.0532570
    endloop
  endfacet
  facet normal 0.0963242 0.9953500 0
    outer loop
      vertex -16.9185820 -0.1482550 3.7000070
      vertex -16.9000750 -0.1500460 3.0532570
      vertex -16.9000750 -0.1500460 3.0134570
    endloop
  endfacet
  facet normal 0.0963242 0.9953500 0
    outer loop
      vertex -16.9185820 -0.1482550 3.7000070
      vertex -16.9000750 -0.1500460 3.0134570
      vertex -16.9000750 -0.1500460 2.9999250
    endloop
  endfacet
  facet normal 0.0963242 0.9953500 0
    outer loop
      vertex -16.9185820 -0.1482550 3.7000070
      vertex -16.9000750 -0.1500460 2.9999250
      vertex -16.9000750 -0.1500460 1.5999600
    endloop
  endfacet
  facet normal 0.0984983 0.9951372 0.0000193
    outer loop
      vertex -16.9185820 -0.1482550 3.7000070
      vertex -16.9000750 -0.1500460 1.5999600
      vertex -17.0950950 -0.1307430 1.5999600
    endloop
  endfacet
  facet normal 0.0987261 0.9951146 0
    outer loop
      vertex -16.9185820 -0.1482550 3.7000070
      vertex -17.0950950 -0.1307430 1.5999600
      vertex -17.0950950 -0.1307430 5.8000540
    endloop
  endfacet
  facet normal -0.0963242 0.9953500 0
    outer loop
      vertex 16.9185820 -0.1482550 3.7000070
      vertex 16.9000750 -0.1500460 2.9999250
      vertex 16.9000750 -0.1500460 3.0134570
    endloop
  endfacet
  facet normal -0.0963242 0.9953500 0
    outer loop
      vertex 16.9185820 -0.1482550 3.7000070
      vertex 16.9000750 -0.1500460 3.0134570
      vertex 16.9000750 -0.1500460 3.0532570
    endloop
  endfacet
  facet normal -0.0963242 0.9953500 0
    outer loop
      vertex 16.9185820 -0.1482550 3.7000070
      vertex 16.9000750 -0.1500460 3.0532570
      vertex 16.9000750 -0.1500460 3.1179320
    endloop
  endfacet
  facet normal -0.0963242 0.9953500 0
    outer loop
      vertex 16.9185820 -0.1482550 3.7000070
      vertex 16.9000750 -0.1500460 3.1179320
      vertex 16.9000750 -0.1500460 3.2050940
    endloop
  endfacet
  facet normal -0.0963242 0.9953500 0
    outer loop
      vertex 16.9185820 -0.1482550 3.7000070
      vertex 16.9000750 -0.1500460 3.2050940
      vertex 16.9000750 -0.1500460 3.3111610
    endloop
  endfacet
  facet normal -0.0963242 0.9953500 0
    outer loop
      vertex 16.9185820 -0.1482550 3.7000070
      vertex 16.9000750 -0.1500460 3.3111610
      vertex 16.9000750 -0.1500460 3.4321530
    endloop
  endfacet
  facet normal -0.0963242 0.9953500 0
    outer loop
      vertex 16.9185820 -0.1482550 3.7000070
      vertex 16.9000750 -0.1500460 3.4321530
      vertex 16.9000750 -0.1500460 3.5634930
    endloop
  endfacet
  facet normal -0.0963242 0.9953500 0
    outer loop
      vertex 16.9185820 -0.1482550 3.7000070
      vertex 16.9000750 -0.1500460 3.5634930
      vertex 16.9000750 -0.1500460 3.7000070
    endloop
  endfacet
  facet normal -0.0963242 0.9953500 0
    outer loop
      vertex 16.9185820 -0.1482550 3.7000070
      vertex 16.9000750 -0.1500460 3.7000070
      vertex 16.9000750 -0.1500460 3.8365210
    endloop
  endfacet
  facet normal -0.0963242 0.9953500 0
    outer loop
      vertex 16.9185820 -0.1482550 3.7000070
      vertex 16.9000750 -0.1500460 3.8365210
      vertex 16.9000750 -0.1500460 3.9678610
    endloop
  endfacet
  facet normal -0.0963242 0.9953500 0
    outer loop
      vertex 16.9185820 -0.1482550 3.7000070
      vertex 16.9000750 -0.1500460 3.9678610
      vertex 16.9000750 -0.1500460 4.0888530
    endloop
  endfacet
  facet normal -0.0963242 0.9953500 0
    outer loop
      vertex 16.9185820 -0.1482550 3.7000070
      vertex 16.9000750 -0.1500460 4.0888530
      vertex 16.9000750 -0.1500460 4.1949200
    endloop
  endfacet
  facet normal -0.0963242 0.9953500 0
    outer loop
      vertex 16.9185820 -0.1482550 3.7000070
      vertex 16.9000750 -0.1500460 4.1949200
      vertex 16.9000750 -0.1500460 4.2820820
    endloop
  endfacet
  facet normal -0.0963242 0.9953500 0
    outer loop
      vertex 16.9185820 -0.1482550 3.7000070
      vertex 16.9000750 -0.1500460 4.2820820
      vertex 16.9000750 -0.1500460 4.3467570
    endloop
  endfacet
  facet normal -0.0963242 0.9953500 0
    outer loop
      vertex 16.9185820 -0.1482550 3.7000070
      vertex 16.9000750 -0.1500460 4.3467570
      vertex 16.9000750 -0.1500460 4.3865570
    endloop
  endfacet
  facet normal -0.0963242 0.9953500 0
    outer loop
      vertex 16.9185820 -0.1482550 3.7000070
      vertex 16.9000750 -0.1500460 4.3865570
      vertex 16.9000750 -0.1500460 4.4000890
    endloop
  endfacet
  facet normal -0.0963242 0.9953500 0
    outer loop
      vertex 16.9185820 -0.1482550 3.7000070
      vertex 16.9000750 -0.1500460 4.4000890
      vertex 16.9000750 -0.1500460 5.8000540
    endloop
  endfacet
  facet normal -0.0984983 0.9951372 -0.0000193
    outer loop
      vertex 16.9185820 -0.1482550 3.7000070
      vertex 16.9000750 -0.1500460 5.8000540
      vertex 17.0950950 -0.1307430 5.8000540
    endloop
  endfacet
  facet normal -0.0987261 0.9951146 0
    outer loop
      vertex 16.9185820 -0.1482550 3.7000070
      vertex 17.0950950 -0.1307430 5.8000540
      vertex 17.0950950 -0.1307430 1.5999600
    endloop
  endfacet
  facet normal -0.0984983 0.9951372 0.0000193
    outer loop
      vertex 16.9185820 -0.1482550 3.7000070
      vertex 17.0950950 -0.1307430 1.5999600
      vertex 16.9000750 -0.1500460 1.5999600
    endloop
  endfacet
  facet normal -0.0963242 0.9953500 0
    outer loop
      vertex 16.9185820 -0.1482550 3.7000070
      vertex 16.9000750 -0.1500460 1.5999600
      vertex 16.9000750 -0.1500460 2.9999250
    endloop
  endfacet
  facet normal -0.2902327 0.9569561 0
    outer loop
      vertex 17.0950950 -0.1307430 5.8000540
      vertex 17.2827520 -0.0738290 5.8000540
      vertex 17.2827520 -0.0738290 1.5999600
    endloop
  endfacet
  facet normal -0.2902327 0.9569561 0
    outer loop
      vertex 17.0950950 -0.1307430 5.8000540
      vertex 17.2827520 -0.0738290 1.5999600
      vertex 17.0950950 -0.1307430 1.5999600
    endloop
  endfacet
  facet normal -0.4714318 0.8819025 0
    outer loop
      vertex 17.2827520 -0.0738290 5.8000540
      vertex 17.4554840 0.0185070 5.8000540
      vertex 17.4554840 0.0185070 1.5999600
    endloop
  endfacet
  facet normal -0.4714318 0.8819025 0
    outer loop
      vertex 17.2827520 -0.0738290 5.8000540
      vertex 17.4554840 0.0185070 1.5999600
      vertex 17.2827520 -0.0738290 1.5999600
    endloop
  endfacet
  facet normal -0.6341767 0.7731882 0
    outer loop
      vertex 17.4554840 0.0185070 5.8000540
      vertex 17.6071220 0.1428820 5.8000540
      vertex 17.6071220 0.1428820 1.5999600
    endloop
  endfacet
  facet normal -0.6341767 0.7731882 0
    outer loop
      vertex 17.4554840 0.0185070 5.8000540
      vertex 17.6071220 0.1428820 1.5999600
      vertex 17.4554840 0.0185070 1.5999600
    endloop
  endfacet
  facet normal -0.7731882 0.6341767 0
    outer loop
      vertex 17.6071220 0.1428820 5.8000540
      vertex 17.7314970 0.2945200 5.8000540
      vertex 17.7314970 0.2945200 1.5999600
    endloop
  endfacet
  facet normal -0.7731882 0.6341767 0
    outer loop
      vertex 17.6071220 0.1428820 5.8000540
      vertex 17.7314970 0.2945200 1.5999600
      vertex 17.6071220 0.1428820 1.5999600
    endloop
  endfacet
  facet normal -0.8819025 0.4714318 0
    outer loop
      vertex 17.7314970 0.2945200 5.8000540
      vertex 17.8238330 0.4672520 5.8000540
      vertex 17.8238330 0.4672520 1.5999600
    endloop
  endfacet
  facet normal -0.8819025 0.4714318 0
    outer loop
      vertex 17.7314970 0.2945200 5.8000540
      vertex 17.8238330 0.4672520 1.5999600
      vertex 17.7314970 0.2945200 1.5999600
    endloop
  endfacet
  facet normal -0.9569561 0.2902327 0
    outer loop
      vertex 17.8238330 0.4672520 5.8000540
      vertex 17.8807470 0.6549090 5.8000540
      vertex 17.8807470 0.6549090 1.5999600
    endloop
  endfacet
  facet normal -0.9569561 0.2902327 0
    outer loop
      vertex 17.8238330 0.4672520 5.8000540
      vertex 17.8807470 0.6549090 1.5999600
      vertex 17.8238330 0.4672520 1.5999600
    endloop
  endfacet
  facet normal -0.9951372 0.0984983 0
    outer loop
      vertex 17.8807470 0.6549090 5.8000540
      vertex 17.9000500 0.8499290 5.8000540
      vertex 17.9000500 0.8499290 1.5999600
    endloop
  endfacet
  facet normal -0.9951372 0.0984983 0
    outer loop
      vertex 17.8807470 0.6549090 5.8000540
      vertex 17.9000500 0.8499290 1.5999600
      vertex 17.8807470 0.6549090 1.5999600
    endloop
  endfacet
  facet normal -1.0000000 0 0
    outer loop
      vertex 17.9000500 0.8499290 5.8000540
      vertex 17.9000500 7.3500650 5.8000540
      vertex 17.9000500 7.3500650 1.5999600
    endloop
  endfacet
  facet normal -1.0000000 0 0
    outer loop
      vertex 17.9000500 0.8499290 5.8000540
      vertex 17.9000500 7.3500650 1.5999600
      vertex 17.9000500 0.8499290 1.5999600
    endloop
  endfacet
  facet normal -0.9903447 -0.0980239 -0.0980239
    outer loop
      vertex 17.8807470 7.3500650 5.9950740
      vertex 17.8807470 7.5450850 5.8000540
      vertex 17.9000500 7.3500650 5.8000540
    endloop
  endfacet
  facet normal -0.9876383 -0.1108390 -0.1108390
    outer loop
      vertex 17.8562700 7.5681690 5.9950740
      vertex 17.8807470 7.5450850 5.8000540
      vertex 17.8807470 7.3500650 5.9950740
    endloop
  endfacet
  facet normal -0.9534568 -0.2891714 -0.0854401
    outer loop
      vertex 17.8562700 7.5681690 5.9950740
      vertex 17.8238330 7.7327420 5.8000540
      vertex 17.8807470 7.5450850 5.8000540
    endloop
  endfacet
  facet normal -0.9368269 -0.3281591 -0.1211070
    outer loop
      vertex 17.7836350 7.7755270 5.9950740
      vertex 17.8238330 7.7327420 5.8000540
      vertex 17.8562700 7.5681690 5.9950740
    endloop
  endfacet
  facet normal -0.8792078 -0.4699913 -0.0781141
    outer loop
      vertex 17.7836350 7.7755270 5.9950740
      vertex 17.7314970 7.9054740 5.8000540
      vertex 17.8238330 7.7327420 5.8000540
    endloop
  endfacet
  facet normal -0.8400880 -0.5274136 -0.1268347
    outer loop
      vertex 17.6668220 7.9615920 5.9950740
      vertex 17.7314970 7.9054740 5.8000540
      vertex 17.7836350 7.7755270 5.9950740
    endloop
  endfacet
  facet normal 0.8400880 -0.5274136 -0.1268347
    outer loop
      vertex -17.7836350 7.7755270 5.9950740
      vertex -17.7314970 7.9054740 5.8000540
      vertex -17.6668220 7.9615920 5.9950740
    endloop
  endfacet
  facet normal 0.8792078 -0.4699913 -0.0781141
    outer loop
      vertex -17.7836350 7.7755270 5.9950740
      vertex -17.8238330 7.7327420 5.8000540
      vertex -17.7314970 7.9054740 5.8000540
    endloop
  endfacet
  facet normal 0.9368269 -0.3281591 -0.1211070
    outer loop
      vertex -17.8562700 7.5681690 5.9950740
      vertex -17.8238330 7.7327420 5.8000540
      vertex -17.7836350 7.7755270 5.9950740
    endloop
  endfacet
  facet normal 0.9534568 -0.2891714 -0.0854401
    outer loop
      vertex -17.8562700 7.5681690 5.9950740
      vertex -17.8807470 7.5450850 5.8000540
      vertex -17.8238330 7.7327420 5.8000540
    endloop
  endfacet
  facet normal 0.9876383 -0.1108390 -0.1108390
    outer loop
      vertex -17.8807470 7.3500650 5.9950740
      vertex -17.8807470 7.5450850 5.8000540
      vertex -17.8562700 7.5681690 5.9950740
    endloop
  endfacet
  facet normal 0.9903447 -0.0980239 -0.0980239
    outer loop
      vertex -17.8807470 7.3500650 5.9950740
      vertex -17.9000500 7.3500650 5.8000540
      vertex -17.8807470 7.5450850 5.8000540
    endloop
  endfacet
  facet normal 0.9903447 0.0980239 -0.0980239
    outer loop
      vertex -17.8807470 0.8499290 5.9950740
      vertex -17.8807470 0.6549090 5.8000540
      vertex -17.9000500 0.8499290 5.8000540
    endloop
  endfacet
  facet normal 0.9876383 0.1108390 -0.1108390
    outer loop
      vertex -17.8562700 0.6318250 5.9950740
      vertex -17.8807470 0.6549090 5.8000540
      vertex -17.8807470 0.8499290 5.9950740
    endloop
  endfacet
  facet normal 0.9534568 0.2891714 -0.0854401
    outer loop
      vertex -17.8562700 0.6318250 5.9950740
      vertex -17.8238330 0.4672520 5.8000540
      vertex -17.8807470 0.6549090 5.8000540
    endloop
  endfacet
  facet normal 0.9368269 0.3281591 -0.1211070
    outer loop
      vertex -17.7836350 0.4244670 5.9950740
      vertex -17.8238330 0.4672520 5.8000540
      vertex -17.8562700 0.6318250 5.9950740
    endloop
  endfacet
  facet normal 0.8792078 0.4699913 -0.0781141
    outer loop
      vertex -17.7836350 0.4244670 5.9950740
      vertex -17.7314970 0.2945200 5.8000540
      vertex -17.8238330 0.4672520 5.8000540
    endloop
  endfacet
  facet normal 0.8400880 0.5274136 -0.1268347
    outer loop
      vertex -17.6668220 0.2384020 5.9950740
      vertex -17.7314970 0.2945200 5.8000540
      vertex -17.7836350 0.4244670 5.9950740
    endloop
  endfacet
  facet normal 0.7710840 0.6324508 -0.0737257
    outer loop
      vertex -17.6668220 0.2384020 5.9950740
      vertex -17.6071220 0.1428820 5.8000540
      vertex -17.7314970 0.2945200 5.8000540
    endloop
  endfacet
  facet normal 0.7012175 0.7012175 -0.1287950
    outer loop
      vertex -17.5116020 0.0831820 5.9950740
      vertex -17.6071220 0.1428820 5.8000540
      vertex -17.6668220 0.2384020 5.9950740
    endloop
  endfacet
  facet normal 0.6324508 0.7710840 -0.0737257
    outer loop
      vertex -17.5116020 0.0831820 5.9950740
      vertex -17.4554840 0.0185070 5.8000540
      vertex -17.6071220 0.1428820 5.8000540
    endloop
  endfacet
  facet normal 0.5274136 0.8400880 -0.1268347
    outer loop
      vertex -17.3255370 -0.0336310 5.9950740
      vertex -17.4554840 0.0185070 5.8000540
      vertex -17.5116020 0.0831820 5.9950740
    endloop
  endfacet
  facet normal 0.4699913 0.8792078 -0.0781141
    outer loop
      vertex -17.3255370 -0.0336310 5.9950740
      vertex -17.2827520 -0.0738290 5.8000540
      vertex -17.4554840 0.0185070 5.8000540
    endloop
  endfacet
  facet normal 0.3281591 0.9368269 -0.1211070
    outer loop
      vertex -17.1181790 -0.1062660 5.9950740
      vertex -17.2827520 -0.0738290 5.8000540
      vertex -17.3255370 -0.0336310 5.9950740
    endloop
  endfacet
  facet normal 0.2891714 0.9534568 -0.0854401
    outer loop
      vertex -17.1181790 -0.1062660 5.9950740
      vertex -17.0950950 -0.1307430 5.8000540
      vertex -17.2827520 -0.0738290 5.8000540
    endloop
  endfacet
  facet normal 0.1108390 0.9876383 -0.1108390
    outer loop
      vertex -16.9000750 -0.1307430 5.9950740
      vertex -17.0950950 -0.1307430 5.8000540
      vertex -17.1181790 -0.1062660 5.9950740
    endloop
  endfacet
  facet normal 0.0980239 0.9903447 -0.0980239
    outer loop
      vertex -16.9000750 -0.1307430 5.9950740
      vertex -16.9000750 -0.1500460 5.8000540
      vertex -17.0950950 -0.1307430 5.8000540
    endloop
  endfacet
  facet normal -0.0980239 0.9903447 -0.0980239
    outer loop
      vertex 16.9000750 -0.1307430 5.9950740
      vertex 17.0950950 -0.1307430 5.8000540
      vertex 16.9000750 -0.1500460 5.8000540
    endloop
  endfacet
  facet normal -0.1108390 0.9876383 -0.1108390
    outer loop
      vertex 17.1181790 -0.1062660 5.9950740
      vertex 17.0950950 -0.1307430 5.8000540
      vertex 16.9000750 -0.1307430 5.9950740
    endloop
  endfacet
  facet normal -0.2891714 0.9534568 -0.0854401
    outer loop
      vertex 17.1181790 -0.1062660 5.9950740
      vertex 17.2827520 -0.0738290 5.8000540
      vertex 17.0950950 -0.1307430 5.8000540
    endloop
  endfacet
  facet normal -0.3281591 0.9368269 -0.1211070
    outer loop
      vertex 17.3255370 -0.0336310 5.9950740
      vertex 17.2827520 -0.0738290 5.8000540
      vertex 17.1181790 -0.1062660 5.9950740
    endloop
  endfacet
  facet normal -0.4699913 0.8792078 -0.0781141
    outer loop
      vertex 17.3255370 -0.0336310 5.9950740
      vertex 17.4554840 0.0185070 5.8000540
      vertex 17.2827520 -0.0738290 5.8000540
    endloop
  endfacet
  facet normal -0.5274136 0.8400880 -0.1268347
    outer loop
      vertex 17.5116020 0.0831820 5.9950740
      vertex 17.4554840 0.0185070 5.8000540
      vertex 17.3255370 -0.0336310 5.9950740
    endloop
  endfacet
  facet normal -0.6324508 0.7710840 -0.0737257
    outer loop
      vertex 17.5116020 0.0831820 5.9950740
      vertex 17.6071220 0.1428820 5.8000540
      vertex 17.4554840 0.0185070 5.8000540
    endloop
  endfacet
  facet normal -0.7012175 0.7012175 -0.1287950
    outer loop
      vertex 17.6668220 0.2384020 5.9950740
      vertex 17.6071220 0.1428820 5.8000540
      vertex 17.5116020 0.0831820 5.9950740
    endloop
  endfacet
  facet normal -0.7710840 0.6324508 -0.0737257
    outer loop
      vertex 17.6668220 0.2384020 5.9950740
      vertex 17.7314970 0.2945200 5.8000540
      vertex 17.6071220 0.1428820 5.8000540
    endloop
  endfacet
  facet normal -0.8400880 0.5274136 -0.1268347
    outer loop
      vertex 17.7836350 0.4244670 5.9950740
      vertex 17.7314970 0.2945200 5.8000540
      vertex 17.6668220 0.2384020 5.9950740
    endloop
  endfacet
  facet normal -0.8792078 0.4699913 -0.0781141
    outer loop
      vertex 17.7836350 0.4244670 5.9950740
      vertex 17.8238330 0.4672520 5.8000540
      vertex 17.7314970 0.2945200 5.8000540
    endloop
  endfacet
  facet normal -0.9368269 0.3281591 -0.1211070
    outer loop
      vertex 17.8562700 0.6318250 5.9950740
      vertex 17.8238330 0.4672520 5.8000540
      vertex 17.7836350 0.4244670 5.9950740
    endloop
  endfacet
  facet normal -0.9534568 0.2891714 -0.0854401
    outer loop
      vertex 17.8562700 0.6318250 5.9950740
      vertex 17.8807470 0.6549090 5.8000540
      vertex 17.8238330 0.4672520 5.8000540
    endloop
  endfacet
  facet normal -0.9876383 0.1108390 -0.1108390
    outer loop
      vertex 17.8807470 0.8499290 5.9950740
      vertex 17.8807470 0.6549090 5.8000540
      vertex 17.8562700 0.6318250 5.9950740
    endloop
  endfacet
  facet normal -0.9903447 0.0980239 -0.0980239
    outer loop
      vertex 17.8807470 0.8499290 5.9950740
      vertex 17.9000500 0.8499290 5.8000540
      vertex 17.8807470 0.6549090 5.8000540
    endloop
  endfacet
  facet normal 0.9951372 0 -0.0984983
    outer loop
      vertex -17.8807470 7.3500650 5.9950740
      vertex -17.8807470 0.8499290 5.9950740
      vertex -17.9000500 0.8499290 5.8000540
    endloop
  endfacet
  facet normal 0.9951372 0 -0.0984983
    outer loop
      vertex -17.8807470 7.3500650 5.9950740
      vertex -17.9000500 0.8499290 5.8000540
      vertex -17.9000500 7.3500650 5.8000540
    endloop
  endfacet
  facet normal 0 0.9951372 -0.0984983
    outer loop
      vertex -16.9000750 -0.1307430 5.9950740
      vertex 16.9000750 -0.1307430 5.9950740
      vertex 16.9000750 -0.1500460 5.8000540
    endloop
  endfacet
  facet normal 0 0.9951372 -0.0984983
    outer loop
      vertex -16.9000750 -0.1307430 5.9950740
      vertex 16.9000750 -0.1500460 5.8000540
      vertex -16.9000750 -0.1500460 5.8000540
    endloop
  endfacet
  facet normal -0.9951372 0 -0.0984983
    outer loop
      vertex 17.8807470 0.8499290 5.9950740
      vertex 17.8807470 7.3500650 5.9950740
      vertex 17.9000500 7.3500650 5.8000540
    endloop
  endfacet
  facet normal -0.9951372 0 -0.0984983
    outer loop
      vertex 17.8807470 0.8499290 5.9950740
      vertex 17.9000500 7.3500650 5.8000540
      vertex 17.9000500 0.8499290 5.8000540
    endloop
  endfacet
  facet normal -0.9903447 0.0980239 0.0980239
    outer loop
      vertex 17.8807470 0.8499290 1.4049400
      vertex 17.8807470 0.6549090 1.5999600
      vertex 17.9000500 0.8499290 1.5999600
    endloop
  endfacet
  facet normal -0.9876383 0.1108390 0.1108390
    outer loop
      vertex 17.8562700 0.6318250 1.4049400
      vertex 17.8807470 0.6549090 1.5999600
      vertex 17.8807470 0.8499290 1.4049400
    endloop
  endfacet
  facet normal -0.9534568 0.2891714 0.0854401
    outer loop
      vertex 17.8562700 0.6318250 1.4049400
      vertex 17.8238330 0.4672520 1.5999600
      vertex 17.8807470 0.6549090 1.5999600
    endloop
  endfacet
  facet normal -0.9368269 0.3281591 0.1211070
    outer loop
      vertex 17.7836350 0.4244670 1.4049400
      vertex 17.8238330 0.4672520 1.5999600
      vertex 17.8562700 0.6318250 1.4049400
    endloop
  endfacet
  facet normal -0.8792078 0.4699913 0.0781141
    outer loop
      vertex 17.7836350 0.4244670 1.4049400
      vertex 17.7314970 0.2945200 1.5999600
      vertex 17.8238330 0.4672520 1.5999600
    endloop
  endfacet
  facet normal -0.8400880 0.5274136 0.1268347
    outer loop
      vertex 17.6668220 0.2384020 1.4049400
      vertex 17.7314970 0.2945200 1.5999600
      vertex 17.7836350 0.4244670 1.4049400
    endloop
  endfacet
  facet normal -0.7710840 0.6324508 0.0737257
    outer loop
      vertex 17.6668220 0.2384020 1.4049400
      vertex 17.6071220 0.1428820 1.5999600
      vertex 17.7314970 0.2945200 1.5999600
    endloop
  endfacet
  facet normal -0.7012175 0.7012175 0.1287950
    outer loop
      vertex 17.5116020 0.0831820 1.4049400
      vertex 17.6071220 0.1428820 1.5999600
      vertex 17.6668220 0.2384020 1.4049400
    endloop
  endfacet
  facet normal -0.6324508 0.7710840 0.0737257
    outer loop
      vertex 17.5116020 0.0831820 1.4049400
      vertex 17.4554840 0.0185070 1.5999600
      vertex 17.6071220 0.1428820 1.5999600
    endloop
  endfacet
  facet normal -0.5274136 0.8400880 0.1268347
    outer loop
      vertex 17.3255370 -0.0336310 1.4049400
      vertex 17.4554840 0.0185070 1.5999600
      vertex 17.5116020 0.0831820 1.4049400
    endloop
  endfacet
  facet normal -0.4699913 0.8792078 0.0781141
    outer loop
      vertex 17.3255370 -0.0336310 1.4049400
      vertex 17.2827520 -0.0738290 1.5999600
      vertex 17.4554840 0.0185070 1.5999600
    endloop
  endfacet
  facet normal -0.3281591 0.9368269 0.1211070
    outer loop
      vertex 17.1181790 -0.1062660 1.4049400
      vertex 17.2827520 -0.0738290 1.5999600
      vertex 17.3255370 -0.0336310 1.4049400
    endloop
  endfacet
  facet normal -0.2891714 0.9534568 0.0854401
    outer loop
      vertex 17.1181790 -0.1062660 1.4049400
      vertex 17.0950950 -0.1307430 1.5999600
      vertex 17.2827520 -0.0738290 1.5999600
    endloop
  endfacet
  facet normal -0.1108390 0.9876383 0.1108390
    outer loop
      vertex 16.9000750 -0.1307430 1.4049400
      vertex 17.0950950 -0.1307430 1.5999600
      vertex 17.1181790 -0.1062660 1.4049400
    endloop
  endfacet
  facet normal -0.0980239 0.9903447 0.0980239
    outer loop
      vertex 16.9000750 -0.1307430 1.4049400
      vertex 16.9000750 -0.1500460 1.5999600
      vertex 17.0950950 -0.1307430 1.5999600
    endloop
  endfacet
  facet normal 0.0980239 0.9903447 0.0980239
    outer loop
      vertex -16.9000750 -0.1307430 1.4049400
      vertex -17.0950950 -0.1307430 1.5999600
      vertex -16.9000750 -0.1500460 1.5999600
    endloop
  endfacet
  facet normal 0.1108390 0.9876383 0.1108390
    outer loop
      vertex -17.1181790 -0.1062660 1.4049400
      vertex -17.0950950 -0.1307430 1.5999600
      vertex -16.9000750 -0.1307430 1.4049400
    endloop
  endfacet
  facet normal 0.2891714 0.9534568 0.0854401
    outer loop
      vertex -17.1181790 -0.1062660 1.4049400
      vertex -17.2827520 -0.0738290 1.5999600
      vertex -17.0950950 -0.1307430 1.5999600
    endloop
  endfacet
  facet normal 0.3281591 0.9368269 0.1211070
    outer loop
      vertex -17.3255370 -0.0336310 1.4049400
      vertex -17.2827520 -0.0738290 1.5999600
      vertex -17.1181790 -0.1062660 1.4049400
    endloop
  endfacet
  facet normal 0.4699913 0.8792078 0.0781141
    outer loop
      vertex -17.3255370 -0.0336310 1.4049400
      vertex -17.4554840 0.0185070 1.5999600
      vertex -17.2827520 -0.0738290 1.5999600
    endloop
  endfacet
  facet normal 0.5274136 0.8400880 0.1268347
    outer loop
      vertex -17.5116020 0.0831820 1.4049400
      vertex -17.4554840 0.0185070 1.5999600
      vertex -17.3255370 -0.0336310 1.4049400
    endloop
  endfacet
  facet normal 0.6324508 0.7710840 0.0737257
    outer loop
      vertex -17.5116020 0.0831820 1.4049400
      vertex -17.6071220 0.1428820 1.5999600
      vertex -17.4554840 0.0185070 1.5999600
    endloop
  endfacet
  facet normal 0.7012175 0.7012175 0.1287950
    outer loop
      vertex -17.6668220 0.2384020 1.4049400
      vertex -17.6071220 0.1428820 1.5999600
      vertex -17.5116020 0.0831820 1.4049400
    endloop
  endfacet
  facet normal 0.7710840 0.6324508 0.0737257
    outer loop
      vertex -17.6668220 0.2384020 1.4049400
      vertex -17.7314970 0.2945200 1.5999600
      vertex -17.6071220 0.1428820 1.5999600
    endloop
  endfacet
  facet normal 0.8400880 0.5274136 0.1268347
    outer loop
      vertex -17.7836350 0.4244670 1.4049400
      vertex -17.7314970 0.2945200 1.5999600
      vertex -17.6668220 0.2384020 1.4049400
    endloop
  endfacet
  facet normal 0.8792078 0.4699913 0.0781141
    outer loop
      vertex -17.7836350 0.4244670 1.4049400
      vertex -17.8238330 0.4672520 1.5999600
      vertex -17.7314970 0.2945200 1.5999600
    endloop
  endfacet
  facet normal 0.9368269 0.3281591 0.1211070
    outer loop
      vertex -17.8562700 0.6318250 1.4049400
      vertex -17.8238330 0.4672520 1.5999600
      vertex -17.7836350 0.4244670 1.4049400
    endloop
  endfacet
  facet normal 0.9534568 0.2891714 0.0854401
    outer loop
      vertex -17.8562700 0.6318250 1.4049400
      vertex -17.8807470 0.6549090 1.5999600
      vertex -17.8238330 0.4672520 1.5999600
    endloop
  endfacet
  facet normal 0.9876383 0.1108390 0.1108390
    outer loop
      vertex -17.8807470 0.8499290 1.4049400
      vertex -17.8807470 0.6549090 1.5999600
      vertex -17.8562700 0.6318250 1.4049400
    endloop
  endfacet
  facet normal 0.9903447 0.0980239 0.0980239
    outer loop
      vertex -17.8807470 0.8499290 1.4049400
      vertex -17.9000500 0.8499290 1.5999600
      vertex -17.8807470 0.6549090 1.5999600
    endloop
  endfacet
  facet normal 0.9903447 -0.0980239 0.0980239
    outer loop
      vertex -17.8807470 7.3500650 1.4049400
      vertex -17.8807470 7.5450850 1.5999600
      vertex -17.9000500 7.3500650 1.5999600
    endloop
  endfacet
  facet normal 0.9876383 -0.1108390 0.1108390
    outer loop
      vertex -17.8562700 7.5681690 1.4049400
      vertex -17.8807470 7.5450850 1.5999600
      vertex -17.8807470 7.3500650 1.4049400
    endloop
  endfacet
  facet normal 0.9534568 -0.2891714 0.0854401
    outer loop
      vertex -17.8562700 7.5681690 1.4049400
      vertex -17.8238330 7.7327420 1.5999600
      vertex -17.8807470 7.5450850 1.5999600
    endloop
  endfacet
  facet normal 0.9368269 -0.3281591 0.1211070
    outer loop
      vertex -17.7836350 7.7755270 1.4049400
      vertex -17.8238330 7.7327420 1.5999600
      vertex -17.8562700 7.5681690 1.4049400
    endloop
  endfacet
  facet normal 0.8792078 -0.4699913 0.0781141
    outer loop
      vertex -17.7836350 7.7755270 1.4049400
      vertex -17.7314970 7.9054740 1.5999600
      vertex -17.8238330 7.7327420 1.5999600
    endloop
  endfacet
  facet normal 0.8400880 -0.5274136 0.1268347
    outer loop
      vertex -17.6668220 7.9615920 1.4049400
      vertex -17.7314970 7.9054740 1.5999600
      vertex -17.7836350 7.7755270 1.4049400
    endloop
  endfacet
  facet normal -0.8400880 -0.5274136 0.1268347
    outer loop
      vertex 17.7836350 7.7755270 1.4049400
      vertex 17.7314970 7.9054740 1.5999600
      vertex 17.6668220 7.9615920 1.4049400
    endloop
  endfacet
  facet normal -0.8792078 -0.4699913 0.0781141
    outer loop
      vertex 17.7836350 7.7755270 1.4049400
      vertex 17.8238330 7.7327420 1.5999600
      vertex 17.7314970 7.9054740 1.5999600
    endloop
  endfacet
  facet normal -0.9368269 -0.3281591 0.1211070
    outer loop
      vertex 17.8562700 7.5681690 1.4049400
      vertex 17.8238330 7.7327420 1.5999600
      vertex 17.7836350 7.7755270 1.4049400
    endloop
  endfacet
  facet normal -0.9534568 -0.2891714 0.0854401
    outer loop
      vertex 17.8562700 7.5681690 1.4049400
      vertex 17.8807470 7.5450850 1.5999600
      vertex 17.8238330 7.7327420 1.5999600
    endloop
  endfacet
  facet normal -0.9876383 -0.1108390 0.1108390
    outer loop
      vertex 17.8807470 7.3500650 1.4049400
      vertex 17.8807470 7.5450850 1.5999600
      vertex 17.8562700 7.5681690 1.4049400
    endloop
  endfacet
  facet normal -0.9903447 -0.0980239 0.0980239
    outer loop
      vertex 17.8807470 7.3500650 1.4049400
      vertex 17.9000500 7.3500650 1.5999600
      vertex 17.8807470 7.5450850 1.5999600
    endloop
  endfacet
  facet normal 0 0.9951372 0.0984983
    outer loop
      vertex 16.9000750 -0.1307430 1.4049400
      vertex -16.9000750 -0.1307430 1.4049400
      vertex -16.9000750 -0.1500460 1.5999600
    endloop
  endfacet
  facet normal 0 0.9951372 0.0984983
    outer loop
      vertex 16.9000750 -0.1307430 1.4049400
      vertex -16.9000750 -0.1500460 1.5999600
      vertex 16.9000750 -0.1500460 1.5999600
    endloop
  endfacet
  facet normal 0.9951372 0 0.0984983
    outer loop
      vertex -17.8807470 0.8499290 1.4049400
      vertex -17.8807470 7.3500650 1.4049400
      vertex -17.9000500 7.3500650 1.5999600
    endloop
  endfacet
  facet normal 0.9951372 0 0.0984983
    outer loop
      vertex -17.8807470 0.8499290 1.4049400
      vertex -17.9000500 7.3500650 1.5999600
      vertex -17.9000500 0.8499290 1.5999600
    endloop
  endfacet
  facet normal -0.9951372 0 0.0984983
    outer loop
      vertex 17.8807470 7.3500650 1.4049400
      vertex 17.8807470 0.8499290 1.4049400
      vertex 17.9000500 0.8499290 1.5999600
    endloop
  endfacet
  facet normal -0.9951372 0 0.0984983
    outer loop
      vertex 17.8807470 7.3500650 1.4049400
      vertex 17.9000500 0.8499290 1.5999600
      vertex 17.9000500 7.3500650 1.5999600
    endloop
  endfacet
  facet normal -0.9514847 -0.1067816 -0.2885733
    outer loop
      vertex 17.8238330 7.3500650 6.1827310
      vertex 17.8562700 7.5681690 5.9950740
      vertex 17.8807470 7.3500650 5.9950740
    endloop
  endfacet
  facet normal -0.9434704 -0.1241202 -0.3073398
    outer loop
      vertex 17.7923910 7.5890640 6.1827310
      vertex 17.8562700 7.5681690 5.9950740
      vertex 17.8238330 7.3500650 6.1827310
    endloop
  endfacet
  facet normal -0.9077628 -0.3179783 -0.2735993
    outer loop
      vertex 17.7923910 7.5890640 6.1827310
      vertex 17.7836350 7.7755270 5.9950740
      vertex 17.8562700 7.5681690 5.9950740
    endloop
  endfacet
  facet normal -0.8754264 -0.3626766 -0.3195220
    outer loop
      vertex 17.7000550 7.8119440 6.1827310
      vertex 17.7836350 7.7755270 5.9950740
      vertex 17.7923910 7.5890640 6.1827310
    endloop
  endfacet
  facet normal -0.8168154 -0.5128028 -0.2642837
    outer loop
      vertex 17.7000550 7.8119440 6.1827310
      vertex 17.6668220 7.9615920 5.9950740
      vertex 17.7836350 7.7755270 5.9950740
    endloop
  endfacet
  facet normal 0.8168154 -0.5128028 -0.2642837
    outer loop
      vertex -17.7000550 7.8119440 6.1827310
      vertex -17.7836350 7.7755270 5.9950740
      vertex -17.6668220 7.9615920 5.9950740
    endloop
  endfacet
  facet normal 0.8754264 -0.3626766 -0.3195220
    outer loop
      vertex -17.7923910 7.5890640 6.1827310
      vertex -17.7836350 7.7755270 5.9950740
      vertex -17.7000550 7.8119440 6.1827310
    endloop
  endfacet
  facet normal 0.9077628 -0.3179783 -0.2735993
    outer loop
      vertex -17.7923910 7.5890640 6.1827310
      vertex -17.8562700 7.5681690 5.9950740
      vertex -17.7836350 7.7755270 5.9950740
    endloop
  endfacet
  facet normal 0.9434704 -0.1241202 -0.3073398
    outer loop
      vertex -17.8238330 7.3500650 6.1827310
      vertex -17.8562700 7.5681690 5.9950740
      vertex -17.7923910 7.5890640 6.1827310
    endloop
  endfacet
  facet normal 0.9514847 -0.1067816 -0.2885733
    outer loop
      vertex -17.8238330 7.3500650 6.1827310
      vertex -17.8807470 7.3500650 5.9950740
      vertex -17.8562700 7.5681690 5.9950740
    endloop
  endfacet
  facet normal 0.9514847 0.1067816 -0.2885733
    outer loop
      vertex -17.8238330 0.8499290 6.1827310
      vertex -17.8562700 0.6318250 5.9950740
      vertex -17.8807470 0.8499290 5.9950740
    endloop
  endfacet
  facet normal 0.9434704 0.1241202 -0.3073398
    outer loop
      vertex -17.7923910 0.6109300 6.1827310
      vertex -17.8562700 0.6318250 5.9950740
      vertex -17.8238330 0.8499290 6.1827310
    endloop
  endfacet
  facet normal 0.9077628 0.3179783 -0.2735993
    outer loop
      vertex -17.7923910 0.6109300 6.1827310
      vertex -17.7836350 0.4244670 5.9950740
      vertex -17.8562700 0.6318250 5.9950740
    endloop
  endfacet
  facet normal 0.8754264 0.3626766 -0.3195220
    outer loop
      vertex -17.7000550 0.3880500 6.1827310
      vertex -17.7836350 0.4244670 5.9950740
      vertex -17.7923910 0.6109300 6.1827310
    endloop
  endfacet
  facet normal 0.8168154 0.5128028 -0.2642837
    outer loop
      vertex -17.7000550 0.3880500 6.1827310
      vertex -17.6668220 0.2384020 5.9950740
      vertex -17.7836350 0.4244670 5.9950740
    endloop
  endfacet
  facet normal 0.7496911 0.5757253 -0.3263489
    outer loop
      vertex -17.5531930 0.1968110 6.1827310
      vertex -17.6668220 0.2384020 5.9950740
      vertex -17.7000550 0.3880500 6.1827310
    endloop
  endfacet
  facet normal 0.6824127 0.6824127 -0.2619654
    outer loop
      vertex -17.5531930 0.1968110 6.1827310
      vertex -17.5116020 0.0831820 5.9950740
      vertex -17.6668220 0.2384020 5.9950740
    endloop
  endfacet
  facet normal 0.5757253 0.7496911 -0.3263489
    outer loop
      vertex -17.3619540 0.0499490 6.1827310
      vertex -17.5116020 0.0831820 5.9950740
      vertex -17.5531930 0.1968110 6.1827310
    endloop
  endfacet
  facet normal 0.5128028 0.8168154 -0.2642837
    outer loop
      vertex -17.3619540 0.0499490 6.1827310
      vertex -17.3255370 -0.0336310 5.9950740
      vertex -17.5116020 0.0831820 5.9950740
    endloop
  endfacet
  facet normal 0.3626766 0.8754264 -0.3195220
    outer loop
      vertex -17.1390740 -0.0423870 6.1827310
      vertex -17.3255370 -0.0336310 5.9950740
      vertex -17.3619540 0.0499490 6.1827310
    endloop
  endfacet
  facet normal 0.3179783 0.9077628 -0.2735993
    outer loop
      vertex -17.1390740 -0.0423870 6.1827310
      vertex -17.1181790 -0.1062660 5.9950740
      vertex -17.3255370 -0.0336310 5.9950740
    endloop
  endfacet
  facet normal 0.1241202 0.9434704 -0.3073398
    outer loop
      vertex -16.9000750 -0.0738290 6.1827310
      vertex -17.1181790 -0.1062660 5.9950740
      vertex -17.1390740 -0.0423870 6.1827310
    endloop
  endfacet
  facet normal 0.1067816 0.9514847 -0.2885733
    outer loop
      vertex -16.9000750 -0.0738290 6.1827310
      vertex -16.9000750 -0.1307430 5.9950740
      vertex -17.1181790 -0.1062660 5.9950740
    endloop
  endfacet
  facet normal -0.1067816 0.9514847 -0.2885733
    outer loop
      vertex 16.9000750 -0.0738290 6.1827310
      vertex 17.1181790 -0.1062660 5.9950740
      vertex 16.9000750 -0.1307430 5.9950740
    endloop
  endfacet
  facet normal -0.1241202 0.9434704 -0.3073398
    outer loop
      vertex 17.1390740 -0.0423870 6.1827310
      vertex 17.1181790 -0.1062660 5.9950740
      vertex 16.9000750 -0.0738290 6.1827310
    endloop
  endfacet
  facet normal -0.3179783 0.9077628 -0.2735993
    outer loop
      vertex 17.1390740 -0.0423870 6.1827310
      vertex 17.3255370 -0.0336310 5.9950740
      vertex 17.1181790 -0.1062660 5.9950740
    endloop
  endfacet
  facet normal -0.3626766 0.8754264 -0.3195220
    outer loop
      vertex 17.3619540 0.0499490 6.1827310
      vertex 17.3255370 -0.0336310 5.9950740
      vertex 17.1390740 -0.0423870 6.1827310
    endloop
  endfacet
  facet normal -0.5128028 0.8168154 -0.2642837
    outer loop
      vertex 17.3619540 0.0499490 6.1827310
      vertex 17.5116020 0.0831820 5.9950740
      vertex 17.3255370 -0.0336310 5.9950740
    endloop
  endfacet
  facet normal -0.5757253 0.7496911 -0.3263489
    outer loop
      vertex 17.5531930 0.1968110 6.1827310
      vertex 17.5116020 0.0831820 5.9950740
      vertex 17.3619540 0.0499490 6.1827310
    endloop
  endfacet
  facet normal -0.6824127 0.6824127 -0.2619654
    outer loop
      vertex 17.5531930 0.1968110 6.1827310
      vertex 17.6668220 0.2384020 5.9950740
      vertex 17.5116020 0.0831820 5.9950740
    endloop
  endfacet
  facet normal -0.7496911 0.5757253 -0.3263489
    outer loop
      vertex 17.7000550 0.3880500 6.1827310
      vertex 17.6668220 0.2384020 5.9950740
      vertex 17.5531930 0.1968110 6.1827310
    endloop
  endfacet
  facet normal -0.8168154 0.5128028 -0.2642837
    outer loop
      vertex 17.7000550 0.3880500 6.1827310
      vertex 17.7836350 0.4244670 5.9950740
      vertex 17.6668220 0.2384020 5.9950740
    endloop
  endfacet
  facet normal -0.8754264 0.3626766 -0.3195220
    outer loop
      vertex 17.7923910 0.6109300 6.1827310
      vertex 17.7836350 0.4244670 5.9950740
      vertex 17.7000550 0.3880500 6.1827310
    endloop
  endfacet
  facet normal -0.9077628 0.3179783 -0.2735993
    outer loop
      vertex 17.7923910 0.6109300 6.1827310
      vertex 17.8562700 0.6318250 5.9950740
      vertex 17.7836350 0.4244670 5.9950740
    endloop
  endfacet
  facet normal -0.9434704 0.1241202 -0.3073398
    outer loop
      vertex 17.8238330 0.8499290 6.1827310
      vertex 17.8562700 0.6318250 5.9950740
      vertex 17.7923910 0.6109300 6.1827310
    endloop
  endfacet
  facet normal -0.9514847 0.1067816 -0.2885733
    outer loop
      vertex 17.8238330 0.8499290 6.1827310
      vertex 17.8807470 0.8499290 5.9950740
      vertex 17.8562700 0.6318250 5.9950740
    endloop
  endfacet
  facet normal 0.9569561 0 -0.2902327
    outer loop
      vertex -17.8238330 7.3500650 6.1827310
      vertex -17.8238330 0.8499290 6.1827310
      vertex -17.8807470 0.8499290 5.9950740
    endloop
  endfacet
  facet normal 0.9569561 0 -0.2902327
    outer loop
      vertex -17.8238330 7.3500650 6.1827310
      vertex -17.8807470 0.8499290 5.9950740
      vertex -17.8807470 7.3500650 5.9950740
    endloop
  endfacet
  facet normal 0 0.9569561 -0.2902327
    outer loop
      vertex -16.9000750 -0.0738290 6.1827310
      vertex 16.9000750 -0.0738290 6.1827310
      vertex 16.9000750 -0.1307430 5.9950740
    endloop
  endfacet
  facet normal 0 0.9569561 -0.2902327
    outer loop
      vertex -16.9000750 -0.0738290 6.1827310
      vertex 16.9000750 -0.1307430 5.9950740
      vertex -16.9000750 -0.1307430 5.9950740
    endloop
  endfacet
  facet normal -0.9569561 0 -0.2902327
    outer loop
      vertex 17.8238330 0.8499290 6.1827310
      vertex 17.8238330 7.3500650 6.1827310
      vertex 17.8807470 7.3500650 5.9950740
    endloop
  endfacet
  facet normal -0.9569561 0 -0.2902327
    outer loop
      vertex 17.8238330 0.8499290 6.1827310
      vertex 17.8807470 7.3500650 5.9950740
      vertex 17.8807470 0.8499290 5.9950740
    endloop
  endfacet
  facet normal -0.9514847 0.1067816 0.2885733
    outer loop
      vertex 17.8238330 0.8499290 1.2172830
      vertex 17.8562700 0.6318250 1.4049400
      vertex 17.8807470 0.8499290 1.4049400
    endloop
  endfacet
  facet normal -0.9434704 0.1241202 0.3073398
    outer loop
      vertex 17.7923910 0.6109300 1.2172830
      vertex 17.8562700 0.6318250 1.4049400
      vertex 17.8238330 0.8499290 1.2172830
    endloop
  endfacet
  facet normal -0.9077628 0.3179783 0.2735993
    outer loop
      vertex 17.7923910 0.6109300 1.2172830
      vertex 17.7836350 0.4244670 1.4049400
      vertex 17.8562700 0.6318250 1.4049400
    endloop
  endfacet
  facet normal -0.8754264 0.3626766 0.3195220
    outer loop
      vertex 17.7000550 0.3880500 1.2172830
      vertex 17.7836350 0.4244670 1.4049400
      vertex 17.7923910 0.6109300 1.2172830
    endloop
  endfacet
  facet normal -0.8168154 0.5128028 0.2642837
    outer loop
      vertex 17.7000550 0.3880500 1.2172830
      vertex 17.6668220 0.2384020 1.4049400
      vertex 17.7836350 0.4244670 1.4049400
    endloop
  endfacet
  facet normal -0.7496911 0.5757253 0.3263489
    outer loop
      vertex 17.5531930 0.1968110 1.2172830
      vertex 17.6668220 0.2384020 1.4049400
      vertex 17.7000550 0.3880500 1.2172830
    endloop
  endfacet
  facet normal -0.6824127 0.6824127 0.2619654
    outer loop
      vertex 17.5531930 0.1968110 1.2172830
      vertex 17.5116020 0.0831820 1.4049400
      vertex 17.6668220 0.2384020 1.4049400
    endloop
  endfacet
  facet normal -0.5757253 0.7496911 0.3263489
    outer loop
      vertex 17.3619540 0.0499490 1.2172830
      vertex 17.5116020 0.0831820 1.4049400
      vertex 17.5531930 0.1968110 1.2172830
    endloop
  endfacet
  facet normal -0.5128028 0.8168154 0.2642837
    outer loop
      vertex 17.3619540 0.0499490 1.2172830
      vertex 17.3255370 -0.0336310 1.4049400
      vertex 17.5116020 0.0831820 1.4049400
    endloop
  endfacet
  facet normal -0.3626766 0.8754264 0.3195220
    outer loop
      vertex 17.1390740 -0.0423870 1.2172830
      vertex 17.3255370 -0.0336310 1.4049400
      vertex 17.3619540 0.0499490 1.2172830
    endloop
  endfacet
  facet normal -0.3179783 0.9077628 0.2735993
    outer loop
      vertex 17.1390740 -0.0423870 1.2172830
      vertex 17.1181790 -0.1062660 1.4049400
      vertex 17.3255370 -0.0336310 1.4049400
    endloop
  endfacet
  facet normal -0.1241202 0.9434704 0.3073398
    outer loop
      vertex 16.9000750 -0.0738290 1.2172830
      vertex 17.1181790 -0.1062660 1.4049400
      vertex 17.1390740 -0.0423870 1.2172830
    endloop
  endfacet
  facet normal -0.1067816 0.9514847 0.2885733
    outer loop
      vertex 16.9000750 -0.0738290 1.2172830
      vertex 16.9000750 -0.1307430 1.4049400
      vertex 17.1181790 -0.1062660 1.4049400
    endloop
  endfacet
  facet normal 0.1067816 0.9514847 0.2885733
    outer loop
      vertex -16.9000750 -0.0738290 1.2172830
      vertex -17.1181790 -0.1062660 1.4049400
      vertex -16.9000750 -0.1307430 1.4049400
    endloop
  endfacet
  facet normal 0.1241202 0.9434704 0.3073398
    outer loop
      vertex -17.1390740 -0.0423870 1.2172830
      vertex -17.1181790 -0.1062660 1.4049400
      vertex -16.9000750 -0.0738290 1.2172830
    endloop
  endfacet
  facet normal 0.3179783 0.9077628 0.2735993
    outer loop
      vertex -17.1390740 -0.0423870 1.2172830
      vertex -17.3255370 -0.0336310 1.4049400
      vertex -17.1181790 -0.1062660 1.4049400
    endloop
  endfacet
  facet normal 0.3626766 0.8754264 0.3195220
    outer loop
      vertex -17.3619540 0.0499490 1.2172830
      vertex -17.3255370 -0.0336310 1.4049400
      vertex -17.1390740 -0.0423870 1.2172830
    endloop
  endfacet
  facet normal 0.5128028 0.8168154 0.2642837
    outer loop
      vertex -17.3619540 0.0499490 1.2172830
      vertex -17.5116020 0.0831820 1.4049400
      vertex -17.3255370 -0.0336310 1.4049400
    endloop
  endfacet
  facet normal 0.5757253 0.7496911 0.3263489
    outer loop
      vertex -17.5531930 0.1968110 1.2172830
      vertex -17.5116020 0.0831820 1.4049400
      vertex -17.3619540 0.0499490 1.2172830
    endloop
  endfacet
  facet normal 0.6824127 0.6824127 0.2619654
    outer loop
      vertex -17.5531930 0.1968110 1.2172830
      vertex -17.6668220 0.2384020 1.4049400
      vertex -17.5116020 0.0831820 1.4049400
    endloop
  endfacet
  facet normal 0.7496911 0.5757253 0.3263489
    outer loop
      vertex -17.7000550 0.3880500 1.2172830
      vertex -17.6668220 0.2384020 1.4049400
      vertex -17.5531930 0.1968110 1.2172830
    endloop
  endfacet
  facet normal 0.8168154 0.5128028 0.2642837
    outer loop
      vertex -17.7000550 0.3880500 1.2172830
      vertex -17.7836350 0.4244670 1.4049400
      vertex -17.6668220 0.2384020 1.4049400
    endloop
  endfacet
  facet normal 0.8754264 0.3626766 0.3195220
    outer loop
      vertex -17.7923910 0.6109300 1.2172830
      vertex -17.7836350 0.4244670 1.4049400
      vertex -17.7000550 0.3880500 1.2172830
    endloop
  endfacet
  facet normal 0.9077628 0.3179783 0.2735993
    outer loop
      vertex -17.7923910 0.6109300 1.2172830
      vertex -17.8562700 0.6318250 1.4049400
      vertex -17.7836350 0.4244670 1.4049400
    endloop
  endfacet
  facet normal 0.9434704 0.1241202 0.3073398
    outer loop
      vertex -17.8238330 0.8499290 1.2172830
      vertex -17.8562700 0.6318250 1.4049400
      vertex -17.7923910 0.6109300 1.2172830
    endloop
  endfacet
  facet normal 0.9514847 0.1067816 0.2885733
    outer loop
      vertex -17.8238330 0.8499290 1.2172830
      vertex -17.8807470 0.8499290 1.4049400
      vertex -17.8562700 0.6318250 1.4049400
    endloop
  endfacet
  facet normal 0.9514847 -0.1067816 0.2885733
    outer loop
      vertex -17.8238330 7.3500650 1.2172830
      vertex -17.8562700 7.5681690 1.4049400
      vertex -17.8807470 7.3500650 1.4049400
    endloop
  endfacet
  facet normal 0.9434704 -0.1241202 0.3073398
    outer loop
      vertex -17.7923910 7.5890640 1.2172830
      vertex -17.8562700 7.5681690 1.4049400
      vertex -17.8238330 7.3500650 1.2172830
    endloop
  endfacet
  facet normal 0.9077628 -0.3179783 0.2735993
    outer loop
      vertex -17.7923910 7.5890640 1.2172830
      vertex -17.7836350 7.7755270 1.4049400
      vertex -17.8562700 7.5681690 1.4049400
    endloop
  endfacet
  facet normal 0.8754264 -0.3626766 0.3195220
    outer loop
      vertex -17.7000550 7.8119440 1.2172830
      vertex -17.7836350 7.7755270 1.4049400
      vertex -17.7923910 7.5890640 1.2172830
    endloop
  endfacet
  facet normal 0.8168154 -0.5128028 0.2642837
    outer loop
      vertex -17.7000550 7.8119440 1.2172830
      vertex -17.6668220 7.9615920 1.4049400
      vertex -17.7836350 7.7755270 1.4049400
    endloop
  endfacet
  facet normal -0.8168154 -0.5128028 0.2642837
    outer loop
      vertex 17.7000550 7.8119440 1.2172830
      vertex 17.7836350 7.7755270 1.4049400
      vertex 17.6668220 7.9615920 1.4049400
    endloop
  endfacet
  facet normal -0.8754264 -0.3626766 0.3195220
    outer loop
      vertex 17.7923910 7.5890640 1.2172830
      vertex 17.7836350 7.7755270 1.4049400
      vertex 17.7000550 7.8119440 1.2172830
    endloop
  endfacet
  facet normal -0.9077628 -0.3179783 0.2735993
    outer loop
      vertex 17.7923910 7.5890640 1.2172830
      vertex 17.8562700 7.5681690 1.4049400
      vertex 17.7836350 7.7755270 1.4049400
    endloop
  endfacet
  facet normal -0.9434704 -0.1241202 0.3073398
    outer loop
      vertex 17.8238330 7.3500650 1.2172830
      vertex 17.8562700 7.5681690 1.4049400
      vertex 17.7923910 7.5890640 1.2172830
    endloop
  endfacet
  facet normal -0.9514847 -0.1067816 0.2885733
    outer loop
      vertex 17.8238330 7.3500650 1.2172830
      vertex 17.8807470 7.3500650 1.4049400
      vertex 17.8562700 7.5681690 1.4049400
    endloop
  endfacet
  facet normal 0 0.9569561 0.2902327
    outer loop
      vertex 16.9000750 -0.0738290 1.2172830
      vertex -16.9000750 -0.0738290 1.2172830
      vertex -16.9000750 -0.1307430 1.4049400
    endloop
  endfacet
  facet normal 0 0.9569561 0.2902327
    outer loop
      vertex 16.9000750 -0.0738290 1.2172830
      vertex -16.9000750 -0.1307430 1.4049400
      vertex 16.9000750 -0.1307430 1.4049400
    endloop
  endfacet
  facet normal 0.9569561 0 0.2902327
    outer loop
      vertex -17.8238330 0.8499290 1.2172830
      vertex -17.8238330 7.3500650 1.2172830
      vertex -17.8807470 7.3500650 1.4049400
    endloop
  endfacet
  facet normal 0.9569561 0 0.2902327
    outer loop
      vertex -17.8238330 0.8499290 1.2172830
      vertex -17.8807470 7.3500650 1.4049400
      vertex -17.8807470 0.8499290 1.4049400
    endloop
  endfacet
  facet normal -0.9569561 0 0.2902327
    outer loop
      vertex 17.8238330 7.3500650 1.2172830
      vertex 17.8238330 0.8499290 1.2172830
      vertex 17.8807470 0.8499290 1.4049400
    endloop
  endfacet
  facet normal -0.9569561 0 0.2902327
    outer loop
      vertex 17.8238330 7.3500650 1.2172830
      vertex 17.8807470 0.8499290 1.4049400
      vertex 17.8807470 7.3500650 1.4049400
    endloop
  endfacet
  facet normal -0.8762473 -0.1152765 -0.4678697
    outer loop
      vertex 17.7314970 7.3500650 6.3556620
      vertex 17.7923910 7.5890640 6.1827310
      vertex 17.8238330 7.3500650 6.1827310
    endloop
  endfacet
  facet normal -0.8600497 -0.1365687 -0.4915929
    outer loop
      vertex 17.6907020 7.6069740 6.3556620
      vertex 17.7923910 7.5890640 6.1827310
      vertex 17.7314970 7.3500650 6.3556620
    endloop
  endfacet
  facet normal -0.8251244 -0.3418373 -0.4497966
    outer loop
      vertex 17.6907020 7.6069740 6.3556620
      vertex 17.7000550 7.8119440 6.1827310
      vertex 17.7923910 7.5890640 6.1827310
    endloop
  endfacet
  facet normal -0.7689412 -0.3914010 -0.5055043
    outer loop
      vertex 17.5726950 7.8388090 6.3556620
      vertex 17.7000550 7.8119440 6.1827310
      vertex 17.6907020 7.6069740 6.3556620
    endloop
  endfacet
  facet normal 0.7689412 -0.3914010 -0.5055043
    outer loop
      vertex -17.6907020 7.6069740 6.3556620
      vertex -17.7000550 7.8119440 6.1827310
      vertex -17.5726950 7.8388090 6.3556620
    endloop
  endfacet
  facet normal 0.8251244 -0.3418373 -0.4497966
    outer loop
      vertex -17.6907020 7.6069740 6.3556620
      vertex -17.7923910 7.5890640 6.1827310
      vertex -17.7000550 7.8119440 6.1827310
    endloop
  endfacet
  facet normal 0.8600497 -0.1365687 -0.4915929
    outer loop
      vertex -17.7314970 7.3500650 6.3556620
      vertex -17.7923910 7.5890640 6.1827310
      vertex -17.6907020 7.6069740 6.3556620
    endloop
  endfacet
  facet normal 0.8762473 -0.1152765 -0.4678697
    outer loop
      vertex -17.7314970 7.3500650 6.3556620
      vertex -17.8238330 7.3500650 6.1827310
      vertex -17.7923910 7.5890640 6.1827310
    endloop
  endfacet
  facet normal 0.8762473 0.1152765 -0.4678697
    outer loop
      vertex -17.7314970 0.8499290 6.3556620
      vertex -17.7923910 0.6109300 6.1827310
      vertex -17.8238330 0.8499290 6.1827310
    endloop
  endfacet
  facet normal 0.8600497 0.1365687 -0.4915929
    outer loop
      vertex -17.6907020 0.5930200 6.3556620
      vertex -17.7923910 0.6109300 6.1827310
      vertex -17.7314970 0.8499290 6.3556620
    endloop
  endfacet
  facet normal 0.8251244 0.3418373 -0.4497966
    outer loop
      vertex -17.6907020 0.5930200 6.3556620
      vertex -17.7000550 0.3880500 6.1827310
      vertex -17.7923910 0.6109300 6.1827310
    endloop
  endfacet
  facet normal 0.7689412 0.3914010 -0.5055043
    outer loop
      vertex -17.5726950 0.3611850 6.3556620
      vertex -17.7000550 0.3880500 6.1827310
      vertex -17.6907020 0.5930200 6.3556620
    endloop
  endfacet
  facet normal 0.7123522 0.5470509 -0.4396473
    outer loop
      vertex -17.5726950 0.3611850 6.3556620
      vertex -17.5531930 0.1968110 6.1827310
      vertex -17.7000550 0.3880500 6.1827310
    endloop
  endfacet
  facet normal 0.6083761 0.6083761 -0.5096637
    outer loop
      vertex -17.3888190 0.1773090 6.3556620
      vertex -17.5531930 0.1968110 6.1827310
      vertex -17.5726950 0.3611850 6.3556620
    endloop
  endfacet
  facet normal 0.5470509 0.7123522 -0.4396473
    outer loop
      vertex -17.3888190 0.1773090 6.3556620
      vertex -17.3619540 0.0499490 6.1827310
      vertex -17.5531930 0.1968110 6.1827310
    endloop
  endfacet
  facet normal 0.3914010 0.7689412 -0.5055043
    outer loop
      vertex -17.1569840 0.0593020 6.3556620
      vertex -17.3619540 0.0499490 6.1827310
      vertex -17.3888190 0.1773090 6.3556620
    endloop
  endfacet
  facet normal 0.3418373 0.8251244 -0.4497966
    outer loop
      vertex -17.1569840 0.0593020 6.3556620
      vertex -17.1390740 -0.0423870 6.1827310
      vertex -17.3619540 0.0499490 6.1827310
    endloop
  endfacet
  facet normal 0.1365687 0.8600497 -0.4915929
    outer loop
      vertex -16.9000750 0.0185070 6.3556620
      vertex -17.1390740 -0.0423870 6.1827310
      vertex -17.1569840 0.0593020 6.3556620
    endloop
  endfacet
  facet normal 0.1152765 0.8762473 -0.4678697
    outer loop
      vertex -16.9000750 0.0185070 6.3556620
      vertex -16.9000750 -0.0738290 6.1827310
      vertex -17.1390740 -0.0423870 6.1827310
    endloop
  endfacet
  facet normal -0.1152765 0.8762473 -0.4678697
    outer loop
      vertex 16.9000750 0.0185070 6.3556620
      vertex 17.1390740 -0.0423870 6.1827310
      vertex 16.9000750 -0.0738290 6.1827310
    endloop
  endfacet
  facet normal -0.1365687 0.8600497 -0.4915929
    outer loop
      vertex 17.1569840 0.0593020 6.3556620
      vertex 17.1390740 -0.0423870 6.1827310
      vertex 16.9000750 0.0185070 6.3556620
    endloop
  endfacet
  facet normal -0.3418373 0.8251244 -0.4497966
    outer loop
      vertex 17.1569840 0.0593020 6.3556620
      vertex 17.3619540 0.0499490 6.1827310
      vertex 17.1390740 -0.0423870 6.1827310
    endloop
  endfacet
  facet normal -0.3914010 0.7689412 -0.5055043
    outer loop
      vertex 17.3888190 0.1773090 6.3556620
      vertex 17.3619540 0.0499490 6.1827310
      vertex 17.1569840 0.0593020 6.3556620
    endloop
  endfacet
  facet normal -0.5470509 0.7123522 -0.4396473
    outer loop
      vertex 17.3888190 0.1773090 6.3556620
      vertex 17.5531930 0.1968110 6.1827310
      vertex 17.3619540 0.0499490 6.1827310
    endloop
  endfacet
  facet normal -0.6083761 0.6083761 -0.5096637
    outer loop
      vertex 17.5726950 0.3611850 6.3556620
      vertex 17.5531930 0.1968110 6.1827310
      vertex 17.3888190 0.1773090 6.3556620
    endloop
  endfacet
  facet normal -0.7123522 0.5470509 -0.4396473
    outer loop
      vertex 17.5726950 0.3611850 6.3556620
      vertex 17.7000550 0.3880500 6.1827310
      vertex 17.5531930 0.1968110 6.1827310
    endloop
  endfacet
  facet normal -0.7689412 0.3914010 -0.5055043
    outer loop
      vertex 17.6907020 0.5930200 6.3556620
      vertex 17.7000550 0.3880500 6.1827310
      vertex 17.5726950 0.3611850 6.3556620
    endloop
  endfacet
  facet normal -0.8251244 0.3418373 -0.4497966
    outer loop
      vertex 17.6907020 0.5930200 6.3556620
      vertex 17.7923910 0.6109300 6.1827310
      vertex 17.7000550 0.3880500 6.1827310
    endloop
  endfacet
  facet normal -0.8600497 0.1365687 -0.4915929
    outer loop
      vertex 17.7314970 0.8499290 6.3556620
      vertex 17.7923910 0.6109300 6.1827310
      vertex 17.6907020 0.5930200 6.3556620
    endloop
  endfacet
  facet normal -0.8762473 0.1152765 -0.4678697
    outer loop
      vertex 17.7314970 0.8499290 6.3556620
      vertex 17.8238330 0.8499290 6.1827310
      vertex 17.7923910 0.6109300 6.1827310
    endloop
  endfacet
  facet normal 0.8821280 0 -0.4710097
    outer loop
      vertex -17.7314970 7.3500650 6.3556620
      vertex -17.7314970 0.8499290 6.3556620
      vertex -17.8238330 0.8499290 6.1827310
    endloop
  endfacet
  facet normal 0.8821280 0 -0.4710097
    outer loop
      vertex -17.7314970 7.3500650 6.3556620
      vertex -17.8238330 0.8499290 6.1827310
      vertex -17.8238330 7.3500650 6.1827310
    endloop
  endfacet
  facet normal 0 0.8821280 -0.4710097
    outer loop
      vertex -16.9000750 0.0185070 6.3556620
      vertex 16.9000750 0.0185070 6.3556620
      vertex 16.9000750 -0.0738290 6.1827310
    endloop
  endfacet
  facet normal 0 0.8821280 -0.4710097
    outer loop
      vertex -16.9000750 0.0185070 6.3556620
      vertex 16.9000750 -0.0738290 6.1827310
      vertex -16.9000750 -0.0738290 6.1827310
    endloop
  endfacet
  facet normal -0.8821280 0 -0.4710097
    outer loop
      vertex 17.7314970 0.8499290 6.3556620
      vertex 17.7314970 7.3500650 6.3556620
      vertex 17.8238330 7.3500650 6.1827310
    endloop
  endfacet
  facet normal -0.8821280 0 -0.4710097
    outer loop
      vertex 17.7314970 0.8499290 6.3556620
      vertex 17.8238330 7.3500650 6.1827310
      vertex 17.8238330 0.8499290 6.1827310
    endloop
  endfacet
  facet normal -0.8762473 0.1152765 0.4678697
    outer loop
      vertex 17.7314970 0.8499290 1.0443520
      vertex 17.7923910 0.6109300 1.2172830
      vertex 17.8238330 0.8499290 1.2172830
    endloop
  endfacet
  facet normal -0.8600497 0.1365687 0.4915929
    outer loop
      vertex 17.6907020 0.5930200 1.0443520
      vertex 17.7923910 0.6109300 1.2172830
      vertex 17.7314970 0.8499290 1.0443520
    endloop
  endfacet
  facet normal -0.8251244 0.3418373 0.4497966
    outer loop
      vertex 17.6907020 0.5930200 1.0443520
      vertex 17.7000550 0.3880500 1.2172830
      vertex 17.7923910 0.6109300 1.2172830
    endloop
  endfacet
  facet normal -0.7689412 0.3914010 0.5055043
    outer loop
      vertex 17.5726950 0.3611850 1.0443520
      vertex 17.7000550 0.3880500 1.2172830
      vertex 17.6907020 0.5930200 1.0443520
    endloop
  endfacet
  facet normal -0.7123522 0.5470509 0.4396473
    outer loop
      vertex 17.5726950 0.3611850 1.0443520
      vertex 17.5531930 0.1968110 1.2172830
      vertex 17.7000550 0.3880500 1.2172830
    endloop
  endfacet
  facet normal -0.6083761 0.6083761 0.5096637
    outer loop
      vertex 17.3888190 0.1773090 1.0443520
      vertex 17.5531930 0.1968110 1.2172830
      vertex 17.5726950 0.3611850 1.0443520
    endloop
  endfacet
  facet normal -0.5470509 0.7123522 0.4396473
    outer loop
      vertex 17.3888190 0.1773090 1.0443520
      vertex 17.3619540 0.0499490 1.2172830
      vertex 17.5531930 0.1968110 1.2172830
    endloop
  endfacet
  facet normal -0.3914010 0.7689412 0.5055043
    outer loop
      vertex 17.1569840 0.0593020 1.0443520
      vertex 17.3619540 0.0499490 1.2172830
      vertex 17.3888190 0.1773090 1.0443520
    endloop
  endfacet
  facet normal -0.3418373 0.8251244 0.4497966
    outer loop
      vertex 17.1569840 0.0593020 1.0443520
      vertex 17.1390740 -0.0423870 1.2172830
      vertex 17.3619540 0.0499490 1.2172830
    endloop
  endfacet
  facet normal -0.1365687 0.8600497 0.4915929
    outer loop
      vertex 16.9000750 0.0185070 1.0443520
      vertex 17.1390740 -0.0423870 1.2172830
      vertex 17.1569840 0.0593020 1.0443520
    endloop
  endfacet
  facet normal -0.1152765 0.8762473 0.4678697
    outer loop
      vertex 16.9000750 0.0185070 1.0443520
      vertex 16.9000750 -0.0738290 1.2172830
      vertex 17.1390740 -0.0423870 1.2172830
    endloop
  endfacet
  facet normal 0.1152765 0.8762473 0.4678697
    outer loop
      vertex -16.9000750 0.0185070 1.0443520
      vertex -17.1390740 -0.0423870 1.2172830
      vertex -16.9000750 -0.0738290 1.2172830
    endloop
  endfacet
  facet normal 0.1365687 0.8600497 0.4915929
    outer loop
      vertex -17.1569840 0.0593020 1.0443520
      vertex -17.1390740 -0.0423870 1.2172830
      vertex -16.9000750 0.0185070 1.0443520
    endloop
  endfacet
  facet normal 0.3418373 0.8251244 0.4497966
    outer loop
      vertex -17.1569840 0.0593020 1.0443520
      vertex -17.3619540 0.0499490 1.2172830
      vertex -17.1390740 -0.0423870 1.2172830
    endloop
  endfacet
  facet normal 0.3914010 0.7689412 0.5055043
    outer loop
      vertex -17.3888190 0.1773090 1.0443520
      vertex -17.3619540 0.0499490 1.2172830
      vertex -17.1569840 0.0593020 1.0443520
    endloop
  endfacet
  facet normal 0.5470509 0.7123522 0.4396473
    outer loop
      vertex -17.3888190 0.1773090 1.0443520
      vertex -17.5531930 0.1968110 1.2172830
      vertex -17.3619540 0.0499490 1.2172830
    endloop
  endfacet
  facet normal 0.6083761 0.6083761 0.5096637
    outer loop
      vertex -17.5726950 0.3611850 1.0443520
      vertex -17.5531930 0.1968110 1.2172830
      vertex -17.3888190 0.1773090 1.0443520
    endloop
  endfacet
  facet normal 0.7123522 0.5470509 0.4396473
    outer loop
      vertex -17.5726950 0.3611850 1.0443520
      vertex -17.7000550 0.3880500 1.2172830
      vertex -17.5531930 0.1968110 1.2172830
    endloop
  endfacet
  facet normal 0.7689412 0.3914010 0.5055043
    outer loop
      vertex -17.6907020 0.5930200 1.0443520
      vertex -17.7000550 0.3880500 1.2172830
      vertex -17.5726950 0.3611850 1.0443520
    endloop
  endfacet
  facet normal 0.8251244 0.3418373 0.4497966
    outer loop
      vertex -17.6907020 0.5930200 1.0443520
      vertex -17.7923910 0.6109300 1.2172830
      vertex -17.7000550 0.3880500 1.2172830
    endloop
  endfacet
  facet normal 0.8600497 0.1365687 0.4915929
    outer loop
      vertex -17.7314970 0.8499290 1.0443520
      vertex -17.7923910 0.6109300 1.2172830
      vertex -17.6907020 0.5930200 1.0443520
    endloop
  endfacet
  facet normal 0.8762473 0.1152765 0.4678697
    outer loop
      vertex -17.7314970 0.8499290 1.0443520
      vertex -17.8238330 0.8499290 1.2172830
      vertex -17.7923910 0.6109300 1.2172830
    endloop
  endfacet
  facet normal 0.8762473 -0.1152765 0.4678697
    outer loop
      vertex -17.7314970 7.3500650 1.0443520
      vertex -17.7923910 7.5890640 1.2172830
      vertex -17.8238330 7.3500650 1.2172830
    endloop
  endfacet
  facet normal 0.8600497 -0.1365687 0.4915929
    outer loop
      vertex -17.6907020 7.6069740 1.0443520
      vertex -17.7923910 7.5890640 1.2172830
      vertex -17.7314970 7.3500650 1.0443520
    endloop
  endfacet
  facet normal 0.8251244 -0.3418373 0.4497966
    outer loop
      vertex -17.6907020 7.6069740 1.0443520
      vertex -17.7000550 7.8119440 1.2172830
      vertex -17.7923910 7.5890640 1.2172830
    endloop
  endfacet
  facet normal 0.7689412 -0.3914010 0.5055043
    outer loop
      vertex -17.5726950 7.8388090 1.0443520
      vertex -17.7000550 7.8119440 1.2172830
      vertex -17.6907020 7.6069740 1.0443520
    endloop
  endfacet
  facet normal -0.7689412 -0.3914010 0.5055043
    outer loop
      vertex 17.6907020 7.6069740 1.0443520
      vertex 17.7000550 7.8119440 1.2172830
      vertex 17.5726950 7.8388090 1.0443520
    endloop
  endfacet
  facet normal -0.8251244 -0.3418373 0.4497966
    outer loop
      vertex 17.6907020 7.6069740 1.0443520
      vertex 17.7923910 7.5890640 1.2172830
      vertex 17.7000550 7.8119440 1.2172830
    endloop
  endfacet
  facet normal -0.8600497 -0.1365687 0.4915929
    outer loop
      vertex 17.7314970 7.3500650 1.0443520
      vertex 17.7923910 7.5890640 1.2172830
      vertex 17.6907020 7.6069740 1.0443520
    endloop
  endfacet
  facet normal -0.8762473 -0.1152765 0.4678697
    outer loop
      vertex 17.7314970 7.3500650 1.0443520
      vertex 17.8238330 7.3500650 1.2172830
      vertex 17.7923910 7.5890640 1.2172830
    endloop
  endfacet
  facet normal 0 0.8821280 0.4710097
    outer loop
      vertex 16.9000750 0.0185070 1.0443520
      vertex -16.9000750 0.0185070 1.0443520
      vertex -16.9000750 -0.0738290 1.2172830
    endloop
  endfacet
  facet normal 0 0.8821280 0.4710097
    outer loop
      vertex 16.9000750 0.0185070 1.0443520
      vertex -16.9000750 -0.0738290 1.2172830
      vertex 16.9000750 -0.0738290 1.2172830
    endloop
  endfacet
  facet normal 0.8821280 0 0.4710097
    outer loop
      vertex -17.7314970 0.8499290 1.0443520
      vertex -17.7314970 7.3500650 1.0443520
      vertex -17.8238330 7.3500650 1.2172830
    endloop
  endfacet
  facet normal 0.8821280 0 0.4710097
    outer loop
      vertex -17.7314970 0.8499290 1.0443520
      vertex -17.8238330 7.3500650 1.2172830
      vertex -17.8238330 0.8499290 1.2172830
    endloop
  endfacet
  facet normal -0.8821280 0 0.4710097
    outer loop
      vertex 17.7314970 7.3500650 1.0443520
      vertex 17.7314970 0.8499290 1.0443520
      vertex 17.8238330 0.8499290 1.2172830
    endloop
  endfacet
  facet normal -0.8821280 0 0.4710097
    outer loop
      vertex 17.7314970 7.3500650 1.0443520
      vertex 17.8238330 0.8499290 1.2172830
      vertex 17.8238330 7.3500650 1.2172830
    endloop
  endfacet
  facet normal -0.7670263 -0.1217974 -0.6299493
    outer loop
      vertex 17.6071220 7.3500650 6.5071010
      vertex 17.6907020 7.6069740 6.3556620
      vertex 17.7314970 7.3500650 6.3556620
    endloop
  endfacet
  facet normal -0.7387741 -0.1473199 -0.6576546
    outer loop
      vertex 17.5531930 7.6205060 6.5071010
      vertex 17.6907020 7.6069740 6.3556620
      vertex 17.6071220 7.3500650 6.5071010
    endloop
  endfacet
  facet normal -0.7065671 -0.3596518 -0.6094370
    outer loop
      vertex 17.5531930 7.6205060 6.5071010
      vertex 17.5726950 7.8388090 6.3556620
      vertex 17.6907020 7.6069740 6.3556620
    endloop
  endfacet
  facet normal -0.6157753 -0.4112290 -0.6720948
    outer loop
      vertex 17.3999630 7.8499530 6.5071010
      vertex 17.5726950 7.8388090 6.3556620
      vertex 17.5531930 7.6205060 6.5071010
    endloop
  endfacet
  facet normal 0.6157753 -0.4112290 -0.6720948
    outer loop
      vertex -17.5531930 7.6205060 6.5071010
      vertex -17.5726950 7.8388090 6.3556620
      vertex -17.3999630 7.8499530 6.5071010
    endloop
  endfacet
  facet normal 0.7065671 -0.3596518 -0.6094370
    outer loop
      vertex -17.5531930 7.6205060 6.5071010
      vertex -17.6907020 7.6069740 6.3556620
      vertex -17.5726950 7.8388090 6.3556620
    endloop
  endfacet
  facet normal 0.7387741 -0.1473199 -0.6576546
    outer loop
      vertex -17.6071220 7.3500650 6.5071010
      vertex -17.6907020 7.6069740 6.3556620
      vertex -17.5531930 7.6205060 6.5071010
    endloop
  endfacet
  facet normal 0.7670263 -0.1217974 -0.6299493
    outer loop
      vertex -17.6071220 7.3500650 6.5071010
      vertex -17.7314970 7.3500650 6.3556620
      vertex -17.6907020 7.6069740 6.3556620
    endloop
  endfacet
  facet normal 0.7670263 0.1217974 -0.6299493
    outer loop
      vertex -17.6071220 0.8499290 6.5071010
      vertex -17.6907020 0.5930200 6.3556620
      vertex -17.7314970 0.8499290 6.3556620
    endloop
  endfacet
  facet normal 0.7387741 0.1473199 -0.6576546
    outer loop
      vertex -17.5531930 0.5794880 6.5071010
      vertex -17.6907020 0.5930200 6.3556620
      vertex -17.6071220 0.8499290 6.5071010
    endloop
  endfacet
  facet normal 0.7065671 0.3596518 -0.6094370
    outer loop
      vertex -17.5531930 0.5794880 6.5071010
      vertex -17.5726950 0.3611850 6.3556620
      vertex -17.6907020 0.5930200 6.3556620
    endloop
  endfacet
  facet normal 0.6157753 0.4112290 -0.6720948
    outer loop
      vertex -17.3999630 0.3500410 6.5071010
      vertex -17.5726950 0.3611850 6.3556620
      vertex -17.5531930 0.5794880 6.5071010
    endloop
  endfacet
  facet normal 0.5644652 0.5644652 -0.6022940
    outer loop
      vertex -17.3999630 0.3500410 6.5071010
      vertex -17.3888190 0.1773090 6.3556620
      vertex -17.5726950 0.3611850 6.3556620
    endloop
  endfacet
  facet normal 0.4112290 0.6157753 -0.6720948
    outer loop
      vertex -17.1705160 0.1968110 6.5071010
      vertex -17.3888190 0.1773090 6.3556620
      vertex -17.3999630 0.3500410 6.5071010
    endloop
  endfacet
  facet normal 0.3596518 0.7065671 -0.6094370
    outer loop
      vertex -17.1705160 0.1968110 6.5071010
      vertex -17.1569840 0.0593020 6.3556620
      vertex -17.3888190 0.1773090 6.3556620
    endloop
  endfacet
  facet normal 0.1473199 0.7387741 -0.6576546
    outer loop
      vertex -16.9000750 0.1428820 6.5071010
      vertex -17.1569840 0.0593020 6.3556620
      vertex -17.1705160 0.1968110 6.5071010
    endloop
  endfacet
  facet normal 0.1217974 0.7670263 -0.6299493
    outer loop
      vertex -16.9000750 0.1428820 6.5071010
      vertex -16.9000750 0.0185070 6.3556620
      vertex -17.1569840 0.0593020 6.3556620
    endloop
  endfacet
  facet normal -0.1217974 0.7670263 -0.6299493
    outer loop
      vertex 16.9000750 0.1428820 6.5071010
      vertex 17.1569840 0.0593020 6.3556620
      vertex 16.9000750 0.0185070 6.3556620
    endloop
  endfacet
  facet normal -0.1473199 0.7387741 -0.6576546
    outer loop
      vertex 17.1705160 0.1968110 6.5071010
      vertex 17.1569840 0.0593020 6.3556620
      vertex 16.9000750 0.1428820 6.5071010
    endloop
  endfacet
  facet normal -0.3596518 0.7065671 -0.6094370
    outer loop
      vertex 17.1705160 0.1968110 6.5071010
      vertex 17.3888190 0.1773090 6.3556620
      vertex 17.1569840 0.0593020 6.3556620
    endloop
  endfacet
  facet normal -0.4112290 0.6157753 -0.6720948
    outer loop
      vertex 17.3999630 0.3500410 6.5071010
      vertex 17.3888190 0.1773090 6.3556620
      vertex 17.1705160 0.1968110 6.5071010
    endloop
  endfacet
  facet normal -0.5644652 0.5644652 -0.6022940
    outer loop
      vertex 17.3999630 0.3500410 6.5071010
      vertex 17.5726950 0.3611850 6.3556620
      vertex 17.3888190 0.1773090 6.3556620
    endloop
  endfacet
  facet normal -0.6157753 0.4112290 -0.6720948
    outer loop
      vertex 17.5531930 0.5794880 6.5071010
      vertex 17.5726950 0.3611850 6.3556620
      vertex 17.3999630 0.3500410 6.5071010
    endloop
  endfacet
  facet normal -0.7065671 0.3596518 -0.6094370
    outer loop
      vertex 17.5531930 0.5794880 6.5071010
      vertex 17.6907020 0.5930200 6.3556620
      vertex 17.5726950 0.3611850 6.3556620
    endloop
  endfacet
  facet normal -0.7387741 0.1473199 -0.6576546
    outer loop
      vertex 17.6071220 0.8499290 6.5071010
      vertex 17.6907020 0.5930200 6.3556620
      vertex 17.5531930 0.5794880 6.5071010
    endloop
  endfacet
  facet normal -0.7670263 0.1217974 -0.6299493
    outer loop
      vertex 17.6071220 0.8499290 6.5071010
      vertex 17.7314970 0.8499290 6.3556620
      vertex 17.6907020 0.5930200 6.3556620
    endloop
  endfacet
  facet normal 0.7727796 0 -0.6346745
    outer loop
      vertex -17.6071220 7.3500650 6.5071010
      vertex -17.6071220 0.8499290 6.5071010
      vertex -17.7314970 0.8499290 6.3556620
    endloop
  endfacet
  facet normal 0.7727796 0 -0.6346745
    outer loop
      vertex -17.6071220 7.3500650 6.5071010
      vertex -17.7314970 0.8499290 6.3556620
      vertex -17.7314970 7.3500650 6.3556620
    endloop
  endfacet
  facet normal 0 0.7727796 -0.6346745
    outer loop
      vertex -16.9000750 0.1428820 6.5071010
      vertex 16.9000750 0.1428820 6.5071010
      vertex 16.9000750 0.0185070 6.3556620
    endloop
  endfacet
  facet normal 0 0.7727796 -0.6346745
    outer loop
      vertex -16.9000750 0.1428820 6.5071010
      vertex 16.9000750 0.0185070 6.3556620
      vertex -16.9000750 0.0185070 6.3556620
    endloop
  endfacet
  facet normal -0.7727796 0 -0.6346745
    outer loop
      vertex 17.6071220 0.8499290 6.5071010
      vertex 17.6071220 7.3500650 6.5071010
      vertex 17.7314970 7.3500650 6.3556620
    endloop
  endfacet
  facet normal -0.7727796 0 -0.6346745
    outer loop
      vertex 17.6071220 0.8499290 6.5071010
      vertex 17.7314970 7.3500650 6.3556620
      vertex 17.7314970 0.8499290 6.3556620
    endloop
  endfacet
  facet normal -0.7670263 0.1217974 0.6299493
    outer loop
      vertex 17.6071220 0.8499290 0.8929130
      vertex 17.6907020 0.5930200 1.0443520
      vertex 17.7314970 0.8499290 1.0443520
    endloop
  endfacet
  facet normal -0.7387741 0.1473199 0.6576546
    outer loop
      vertex 17.5531930 0.5794880 0.8929130
      vertex 17.6907020 0.5930200 1.0443520
      vertex 17.6071220 0.8499290 0.8929130
    endloop
  endfacet
  facet normal -0.7065671 0.3596518 0.6094370
    outer loop
      vertex 17.5531930 0.5794880 0.8929130
      vertex 17.5726950 0.3611850 1.0443520
      vertex 17.6907020 0.5930200 1.0443520
    endloop
  endfacet
  facet normal -0.6157753 0.4112290 0.6720948
    outer loop
      vertex 17.3999630 0.3500410 0.8929130
      vertex 17.5726950 0.3611850 1.0443520
      vertex 17.5531930 0.5794880 0.8929130
    endloop
  endfacet
  facet normal -0.5644652 0.5644652 0.6022940
    outer loop
      vertex 17.3999630 0.3500410 0.8929130
      vertex 17.3888190 0.1773090 1.0443520
      vertex 17.5726950 0.3611850 1.0443520
    endloop
  endfacet
  facet normal -0.4112290 0.6157753 0.6720948
    outer loop
      vertex 17.1705160 0.1968110 0.8929130
      vertex 17.3888190 0.1773090 1.0443520
      vertex 17.3999630 0.3500410 0.8929130
    endloop
  endfacet
  facet normal -0.3596518 0.7065671 0.6094370
    outer loop
      vertex 17.1705160 0.1968110 0.8929130
      vertex 17.1569840 0.0593020 1.0443520
      vertex 17.3888190 0.1773090 1.0443520
    endloop
  endfacet
  facet normal -0.1473199 0.7387741 0.6576546
    outer loop
      vertex 16.9000750 0.1428820 0.8929130
      vertex 17.1569840 0.0593020 1.0443520
      vertex 17.1705160 0.1968110 0.8929130
    endloop
  endfacet
  facet normal -0.1217974 0.7670263 0.6299493
    outer loop
      vertex 16.9000750 0.1428820 0.8929130
      vertex 16.9000750 0.0185070 1.0443520
      vertex 17.1569840 0.0593020 1.0443520
    endloop
  endfacet
  facet normal 0.1217974 0.7670263 0.6299493
    outer loop
      vertex -16.9000750 0.1428820 0.8929130
      vertex -17.1569840 0.0593020 1.0443520
      vertex -16.9000750 0.0185070 1.0443520
    endloop
  endfacet
  facet normal 0.1473199 0.7387741 0.6576546
    outer loop
      vertex -17.1705160 0.1968110 0.8929130
      vertex -17.1569840 0.0593020 1.0443520
      vertex -16.9000750 0.1428820 0.8929130
    endloop
  endfacet
  facet normal 0.3596518 0.7065671 0.6094370
    outer loop
      vertex -17.1705160 0.1968110 0.8929130
      vertex -17.3888190 0.1773090 1.0443520
      vertex -17.1569840 0.0593020 1.0443520
    endloop
  endfacet
  facet normal 0.4112290 0.6157753 0.6720948
    outer loop
      vertex -17.3999630 0.3500410 0.8929130
      vertex -17.3888190 0.1773090 1.0443520
      vertex -17.1705160 0.1968110 0.8929130
    endloop
  endfacet
  facet normal 0.5644652 0.5644652 0.6022940
    outer loop
      vertex -17.3999630 0.3500410 0.8929130
      vertex -17.5726950 0.3611850 1.0443520
      vertex -17.3888190 0.1773090 1.0443520
    endloop
  endfacet
  facet normal 0.6157753 0.4112290 0.6720948
    outer loop
      vertex -17.5531930 0.5794880 0.8929130
      vertex -17.5726950 0.3611850 1.0443520
      vertex -17.3999630 0.3500410 0.8929130
    endloop
  endfacet
  facet normal 0.7065671 0.3596518 0.6094370
    outer loop
      vertex -17.5531930 0.5794880 0.8929130
      vertex -17.6907020 0.5930200 1.0443520
      vertex -17.5726950 0.3611850 1.0443520
    endloop
  endfacet
  facet normal 0.7387741 0.1473199 0.6576546
    outer loop
      vertex -17.6071220 0.8499290 0.8929130
      vertex -17.6907020 0.5930200 1.0443520
      vertex -17.5531930 0.5794880 0.8929130
    endloop
  endfacet
  facet normal 0.7670263 0.1217974 0.6299493
    outer loop
      vertex -17.6071220 0.8499290 0.8929130
      vertex -17.7314970 0.8499290 1.0443520
      vertex -17.6907020 0.5930200 1.0443520
    endloop
  endfacet
  facet normal 0.7670263 -0.1217974 0.6299493
    outer loop
      vertex -17.6071220 7.3500650 0.8929130
      vertex -17.6907020 7.6069740 1.0443520
      vertex -17.7314970 7.3500650 1.0443520
    endloop
  endfacet
  facet normal 0.7387741 -0.1473199 0.6576546
    outer loop
      vertex -17.5531930 7.6205060 0.8929130
      vertex -17.6907020 7.6069740 1.0443520
      vertex -17.6071220 7.3500650 0.8929130
    endloop
  endfacet
  facet normal 0.7065671 -0.3596518 0.6094370
    outer loop
      vertex -17.5531930 7.6205060 0.8929130
      vertex -17.5726950 7.8388090 1.0443520
      vertex -17.6907020 7.6069740 1.0443520
    endloop
  endfacet
  facet normal 0.6157753 -0.4112290 0.6720948
    outer loop
      vertex -17.3999630 7.8499530 0.8929130
      vertex -17.5726950 7.8388090 1.0443520
      vertex -17.5531930 7.6205060 0.8929130
    endloop
  endfacet
  facet normal -0.6157753 -0.4112290 0.6720948
    outer loop
      vertex 17.5531930 7.6205060 0.8929130
      vertex 17.5726950 7.8388090 1.0443520
      vertex 17.3999630 7.8499530 0.8929130
    endloop
  endfacet
  facet normal -0.7065671 -0.3596518 0.6094370
    outer loop
      vertex 17.5531930 7.6205060 0.8929130
      vertex 17.6907020 7.6069740 1.0443520
      vertex 17.5726950 7.8388090 1.0443520
    endloop
  endfacet
  facet normal -0.7387741 -0.1473199 0.6576546
    outer loop
      vertex 17.6071220 7.3500650 0.8929130
      vertex 17.6907020 7.6069740 1.0443520
      vertex 17.5531930 7.6205060 0.8929130
    endloop
  endfacet
  facet normal -0.7670263 -0.1217974 0.6299493
    outer loop
      vertex 17.6071220 7.3500650 0.8929130
      vertex 17.7314970 7.3500650 1.0443520
      vertex 17.6907020 7.6069740 1.0443520
    endloop
  endfacet
  facet normal 0 0.7727796 0.6346745
    outer loop
      vertex 16.9000750 0.1428820 0.8929130
      vertex -16.9000750 0.1428820 0.8929130
      vertex -16.9000750 0.0185070 1.0443520
    endloop
  endfacet
  facet normal 0 0.7727796 0.6346745
    outer loop
      vertex 16.9000750 0.1428820 0.8929130
      vertex -16.9000750 0.0185070 1.0443520
      vertex 16.9000750 0.0185070 1.0443520
    endloop
  endfacet
  facet normal 0.7727796 0 0.6346745
    outer loop
      vertex -17.6071220 0.8499290 0.8929130
      vertex -17.6071220 7.3500650 0.8929130
      vertex -17.7314970 7.3500650 1.0443520
    endloop
  endfacet
  facet normal 0.7727796 0 0.6346745
    outer loop
      vertex -17.6071220 0.8499290 0.8929130
      vertex -17.7314970 7.3500650 1.0443520
      vertex -17.7314970 0.8499290 1.0443520
    endloop
  endfacet
  facet normal -0.7727796 0 0.6346745
    outer loop
      vertex 17.6071220 7.3500650 0.8929130
      vertex 17.6071220 0.8499290 0.8929130
      vertex 17.7314970 0.8499290 1.0443520
    endloop
  endfacet
  facet normal -0.7727796 0 0.6346745
    outer loop
      vertex 17.6071220 7.3500650 0.8929130
      vertex 17.7314970 0.8499290 1.0443520
      vertex 17.7314970 7.3500650 1.0443520
    endloop
  endfacet
  facet normal -0.6291656 -0.1254628 -0.7670787
    outer loop
      vertex 17.4554840 7.3500650 6.6314760
      vertex 17.5531930 7.6205060 6.5071010
      vertex 17.6071220 7.3500650 6.5071010
    endloop
  endfacet
  facet normal -0.5828569 -0.1561522 -0.7974298
    outer loop
      vertex 17.3810580 7.6278690 6.6314760
      vertex 17.5531930 7.6205060 6.5071010
      vertex 17.4554840 7.3500650 6.6314760
    endloop
  endfacet
  facet normal -0.5543955 -0.3702381 -0.7453653
    outer loop
      vertex 17.3810580 7.6278690 6.6314760
      vertex 17.3999630 7.8499530 6.5071010
      vertex 17.5531930 7.6205060 6.5071010
    endloop
  endfacet
  facet normal -0.4168732 -0.4168732 -0.8077335
    outer loop
      vertex 17.1778790 7.8310480 6.6314760
      vertex 17.3999630 7.8499530 6.5071010
      vertex 17.3810580 7.6278690 6.6314760
    endloop
  endfacet
  facet normal 0.4168732 -0.4168732 -0.8077335
    outer loop
      vertex -17.3810580 7.6278690 6.6314760
      vertex -17.3999630 7.8499530 6.5071010
      vertex -17.1778790 7.8310480 6.6314760
    endloop
  endfacet
  facet normal 0.5543955 -0.3702381 -0.7453653
    outer loop
      vertex -17.3810580 7.6278690 6.6314760
      vertex -17.5531930 7.6205060 6.5071010
      vertex -17.3999630 7.8499530 6.5071010
    endloop
  endfacet
  facet normal 0.5828569 -0.1561522 -0.7974298
    outer loop
      vertex -17.4554840 7.3500650 6.6314760
      vertex -17.5531930 7.6205060 6.5071010
      vertex -17.3810580 7.6278690 6.6314760
    endloop
  endfacet
  facet normal 0.6291656 -0.1254628 -0.7670787
    outer loop
      vertex -17.4554840 7.3500650 6.6314760
      vertex -17.6071220 7.3500650 6.5071010
      vertex -17.5531930 7.6205060 6.5071010
    endloop
  endfacet
  facet normal 0.6291656 0.1254628 -0.7670787
    outer loop
      vertex -17.4554840 0.8499290 6.6314760
      vertex -17.5531930 0.5794880 6.5071010
      vertex -17.6071220 0.8499290 6.5071010
    endloop
  endfacet
  facet normal 0.5828569 0.1561522 -0.7974298
    outer loop
      vertex -17.3810580 0.5721250 6.6314760
      vertex -17.5531930 0.5794880 6.5071010
      vertex -17.4554840 0.8499290 6.6314760
    endloop
  endfacet
  facet normal 0.5543955 0.3702381 -0.7453653
    outer loop
      vertex -17.3810580 0.5721250 6.6314760
      vertex -17.3999630 0.3500410 6.5071010
      vertex -17.5531930 0.5794880 6.5071010
    endloop
  endfacet
  facet normal 0.4168732 0.4168732 -0.8077335
    outer loop
      vertex -17.1778790 0.3689460 6.6314760
      vertex -17.3999630 0.3500410 6.5071010
      vertex -17.3810580 0.5721250 6.6314760
    endloop
  endfacet
  facet normal 0.3702381 0.5543955 -0.7453653
    outer loop
      vertex -17.1778790 0.3689460 6.6314760
      vertex -17.1705160 0.1968110 6.5071010
      vertex -17.3999630 0.3500410 6.5071010
    endloop
  endfacet
  facet normal 0.1561522 0.5828569 -0.7974298
    outer loop
      vertex -16.9000750 0.2945200 6.6314760
      vertex -17.1705160 0.1968110 6.5071010
      vertex -17.1778790 0.3689460 6.6314760
    endloop
  endfacet
  facet normal 0.1254628 0.6291656 -0.7670787
    outer loop
      vertex -16.9000750 0.2945200 6.6314760
      vertex -16.9000750 0.1428820 6.5071010
      vertex -17.1705160 0.1968110 6.5071010
    endloop
  endfacet
  facet normal -0.1254628 0.6291656 -0.7670787
    outer loop
      vertex 16.9000750 0.2945200 6.6314760
      vertex 17.1705160 0.1968110 6.5071010
      vertex 16.9000750 0.1428820 6.5071010
    endloop
  endfacet
  facet normal -0.1561522 0.5828569 -0.7974298
    outer loop
      vertex 17.1778790 0.3689460 6.6314760
      vertex 17.1705160 0.1968110 6.5071010
      vertex 16.9000750 0.2945200 6.6314760
    endloop
  endfacet
  facet normal -0.3702381 0.5543955 -0.7453653
    outer loop
      vertex 17.1778790 0.3689460 6.6314760
      vertex 17.3999630 0.3500410 6.5071010
      vertex 17.1705160 0.1968110 6.5071010
    endloop
  endfacet
  facet normal -0.4168732 0.4168732 -0.8077335
    outer loop
      vertex 17.3810580 0.5721250 6.6314760
      vertex 17.3999630 0.3500410 6.5071010
      vertex 17.1778790 0.3689460 6.6314760
    endloop
  endfacet
  facet normal -0.5543955 0.3702381 -0.7453653
    outer loop
      vertex 17.3810580 0.5721250 6.6314760
      vertex 17.5531930 0.5794880 6.5071010
      vertex 17.3999630 0.3500410 6.5071010
    endloop
  endfacet
  facet normal -0.5828569 0.1561522 -0.7974298
    outer loop
      vertex 17.4554840 0.8499290 6.6314760
      vertex 17.5531930 0.5794880 6.5071010
      vertex 17.3810580 0.5721250 6.6314760
    endloop
  endfacet
  facet normal -0.6291656 0.1254628 -0.7670787
    outer loop
      vertex 17.4554840 0.8499290 6.6314760
      vertex 17.6071220 0.8499290 6.5071010
      vertex 17.5531930 0.5794880 6.5071010
    endloop
  endfacet
  facet normal 0.6341767 0 -0.7731882
    outer loop
      vertex -17.4554840 7.3500650 6.6314760
      vertex -17.4554840 0.8499290 6.6314760
      vertex -17.6071220 0.8499290 6.5071010
    endloop
  endfacet
  facet normal 0.6341767 0 -0.7731882
    outer loop
      vertex -17.4554840 7.3500650 6.6314760
      vertex -17.6071220 0.8499290 6.5071010
      vertex -17.6071220 7.3500650 6.5071010
    endloop
  endfacet
  facet normal 0 0.6341767 -0.7731882
    outer loop
      vertex -16.9000750 0.2945200 6.6314760
      vertex 16.9000750 0.2945200 6.6314760
      vertex 16.9000750 0.1428820 6.5071010
    endloop
  endfacet
  facet normal 0 0.6341767 -0.7731882
    outer loop
      vertex -16.9000750 0.2945200 6.6314760
      vertex 16.9000750 0.1428820 6.5071010
      vertex -16.9000750 0.1428820 6.5071010
    endloop
  endfacet
  facet normal -0.6341767 0 -0.7731882
    outer loop
      vertex 17.4554840 0.8499290 6.6314760
      vertex 17.4554840 7.3500650 6.6314760
      vertex 17.6071220 7.3500650 6.5071010
    endloop
  endfacet
  facet normal -0.6341767 0 -0.7731882
    outer loop
      vertex 17.4554840 0.8499290 6.6314760
      vertex 17.6071220 7.3500650 6.5071010
      vertex 17.6071220 0.8499290 6.5071010
    endloop
  endfacet
  facet normal -0.6291656 0.1254628 0.7670787
    outer loop
      vertex 17.4554840 0.8499290 0.7685380
      vertex 17.5531930 0.5794880 0.8929130
      vertex 17.6071220 0.8499290 0.8929130
    endloop
  endfacet
  facet normal -0.5828569 0.1561522 0.7974298
    outer loop
      vertex 17.3810580 0.5721250 0.7685380
      vertex 17.5531930 0.5794880 0.8929130
      vertex 17.4554840 0.8499290 0.7685380
    endloop
  endfacet
  facet normal -0.5543955 0.3702381 0.7453653
    outer loop
      vertex 17.3810580 0.5721250 0.7685380
      vertex 17.3999630 0.3500410 0.8929130
      vertex 17.5531930 0.5794880 0.8929130
    endloop
  endfacet
  facet normal -0.4168732 0.4168732 0.8077335
    outer loop
      vertex 17.1778790 0.3689460 0.7685380
      vertex 17.3999630 0.3500410 0.8929130
      vertex 17.3810580 0.5721250 0.7685380
    endloop
  endfacet
  facet normal -0.3702381 0.5543955 0.7453653
    outer loop
      vertex 17.1778790 0.3689460 0.7685380
      vertex 17.1705160 0.1968110 0.8929130
      vertex 17.3999630 0.3500410 0.8929130
    endloop
  endfacet
  facet normal -0.1561522 0.5828569 0.7974298
    outer loop
      vertex 16.9000750 0.2945200 0.7685380
      vertex 17.1705160 0.1968110 0.8929130
      vertex 17.1778790 0.3689460 0.7685380
    endloop
  endfacet
  facet normal -0.1254628 0.6291656 0.7670787
    outer loop
      vertex 16.9000750 0.2945200 0.7685380
      vertex 16.9000750 0.1428820 0.8929130
      vertex 17.1705160 0.1968110 0.8929130
    endloop
  endfacet
  facet normal 0.1254628 0.6291656 0.7670787
    outer loop
      vertex -16.9000750 0.2945200 0.7685380
      vertex -17.1705160 0.1968110 0.8929130
      vertex -16.9000750 0.1428820 0.8929130
    endloop
  endfacet
  facet normal 0.1561522 0.5828569 0.7974298
    outer loop
      vertex -17.1778790 0.3689460 0.7685380
      vertex -17.1705160 0.1968110 0.8929130
      vertex -16.9000750 0.2945200 0.7685380
    endloop
  endfacet
  facet normal 0.3702381 0.5543955 0.7453653
    outer loop
      vertex -17.1778790 0.3689460 0.7685380
      vertex -17.3999630 0.3500410 0.8929130
      vertex -17.1705160 0.1968110 0.8929130
    endloop
  endfacet
  facet normal 0.4168732 0.4168732 0.8077335
    outer loop
      vertex -17.3810580 0.5721250 0.7685380
      vertex -17.3999630 0.3500410 0.8929130
      vertex -17.1778790 0.3689460 0.7685380
    endloop
  endfacet
  facet normal 0.5543955 0.3702381 0.7453653
    outer loop
      vertex -17.3810580 0.5721250 0.7685380
      vertex -17.5531930 0.5794880 0.8929130
      vertex -17.3999630 0.3500410 0.8929130
    endloop
  endfacet
  facet normal 0.5828569 0.1561522 0.7974298
    outer loop
      vertex -17.4554840 0.8499290 0.7685380
      vertex -17.5531930 0.5794880 0.8929130
      vertex -17.3810580 0.5721250 0.7685380
    endloop
  endfacet
  facet normal 0.6291656 0.1254628 0.7670787
    outer loop
      vertex -17.4554840 0.8499290 0.7685380
      vertex -17.6071220 0.8499290 0.8929130
      vertex -17.5531930 0.5794880 0.8929130
    endloop
  endfacet
  facet normal 0.6291656 -0.1254628 0.7670787
    outer loop
      vertex -17.4554840 7.3500650 0.7685380
      vertex -17.5531930 7.6205060 0.8929130
      vertex -17.6071220 7.3500650 0.8929130
    endloop
  endfacet
  facet normal 0.5828569 -0.1561522 0.7974298
    outer loop
      vertex -17.3810580 7.6278690 0.7685380
      vertex -17.5531930 7.6205060 0.8929130
      vertex -17.4554840 7.3500650 0.7685380
    endloop
  endfacet
  facet normal 0.5543955 -0.3702381 0.7453653
    outer loop
      vertex -17.3810580 7.6278690 0.7685380
      vertex -17.3999630 7.8499530 0.8929130
      vertex -17.5531930 7.6205060 0.8929130
    endloop
  endfacet
  facet normal 0.4168732 -0.4168732 0.8077335
    outer loop
      vertex -17.1778790 7.8310480 0.7685380
      vertex -17.3999630 7.8499530 0.8929130
      vertex -17.3810580 7.6278690 0.7685380
    endloop
  endfacet
  facet normal -0.4168732 -0.4168732 0.8077335
    outer loop
      vertex 17.3810580 7.6278690 0.7685380
      vertex 17.3999630 7.8499530 0.8929130
      vertex 17.1778790 7.8310480 0.7685380
    endloop
  endfacet
  facet normal -0.5543955 -0.3702381 0.7453653
    outer loop
      vertex 17.3810580 7.6278690 0.7685380
      vertex 17.5531930 7.6205060 0.8929130
      vertex 17.3999630 7.8499530 0.8929130
    endloop
  endfacet
  facet normal -0.5828569 -0.1561522 0.7974298
    outer loop
      vertex 17.4554840 7.3500650 0.7685380
      vertex 17.5531930 7.6205060 0.8929130
      vertex 17.3810580 7.6278690 0.7685380
    endloop
  endfacet
  facet normal -0.6291656 -0.1254628 0.7670787
    outer loop
      vertex 17.4554840 7.3500650 0.7685380
      vertex 17.6071220 7.3500650 0.8929130
      vertex 17.5531930 7.6205060 0.8929130
    endloop
  endfacet
  facet normal 0 0.6341767 0.7731882
    outer loop
      vertex 16.9000750 0.2945200 0.7685380
      vertex -16.9000750 0.2945200 0.7685380
      vertex -16.9000750 0.1428820 0.8929130
    endloop
  endfacet
  facet normal 0 0.6341767 0.7731882
    outer loop
      vertex 16.9000750 0.2945200 0.7685380
      vertex -16.9000750 0.1428820 0.8929130
      vertex 16.9000750 0.1428820 0.8929130
    endloop
  endfacet
  facet normal 0.6341767 0 0.7731882
    outer loop
      vertex -17.4554840 0.8499290 0.7685380
      vertex -17.4554840 7.3500650 0.7685380
      vertex -17.6071220 7.3500650 0.8929130
    endloop
  endfacet
  facet normal 0.6341767 0 0.7731882
    outer loop
      vertex -17.4554840 0.8499290 0.7685380
      vertex -17.6071220 7.3500650 0.8929130
      vertex -17.6071220 0.8499290 0.8929130
    endloop
  endfacet
  facet normal -0.6341767 0 0.7731882
    outer loop
      vertex 17.4554840 7.3500650 0.7685380
      vertex 17.4554840 0.8499290 0.7685380
      vertex 17.6071220 0.8499290 0.8929130
    endloop
  endfacet
  facet normal -0.6341767 0 0.7731882
    outer loop
      vertex 17.4554840 7.3500650 0.7685380
      vertex 17.6071220 0.8499290 0.8929130
      vertex 17.6071220 7.3500650 0.8929130
    endloop
  endfacet
  facet normal -0.4677161 -0.1253050 -0.8749516
    outer loop
      vertex 17.2827520 7.3500650 6.7238120
      vertex 17.3810580 7.6278690 6.6314760
      vertex 17.4554840 7.3500650 6.6314760
    endloop
  endfacet
  facet normal -0.3915271 -0.1624881 -0.9057064
    outer loop
      vertex 17.1705160 7.6205060 6.7238120
      vertex 17.3810580 7.6278690 6.6314760
      vertex 17.2827520 7.3500650 6.7238120
    endloop
  endfacet
  facet normal -0.3634756 -0.3634756 -0.8577710
    outer loop
      vertex 17.1705160 7.6205060 6.7238120
      vertex 17.1778790 7.8310480 6.6314760
      vertex 17.3810580 7.6278690 6.6314760
    endloop
  endfacet
  facet normal -0.1624881 -0.3915271 -0.9057064
    outer loop
      vertex 16.9000750 7.7327420 6.7238120
      vertex 17.1778790 7.8310480 6.6314760
      vertex 17.1705160 7.6205060 6.7238120
    endloop
  endfacet
  facet normal -0.1253050 -0.4677161 -0.8749516
    outer loop
      vertex 16.9000750 7.7327420 6.7238120
      vertex 16.9000750 7.9054740 6.6314760
      vertex 17.1778790 7.8310480 6.6314760
    endloop
  endfacet
  facet normal 0.1253050 -0.4677161 -0.8749516
    outer loop
      vertex -16.9000750 7.7327420 6.7238120
      vertex -17.1778790 7.8310480 6.6314760
      vertex -16.9000750 7.9054740 6.6314760
    endloop
  endfacet
  facet normal 0.1624881 -0.3915271 -0.9057064
    outer loop
      vertex -17.1705160 7.6205060 6.7238120
      vertex -17.1778790 7.8310480 6.6314760
      vertex -16.9000750 7.7327420 6.7238120
    endloop
  endfacet
  facet normal 0.3634756 -0.3634756 -0.8577710
    outer loop
      vertex -17.1705160 7.6205060 6.7238120
      vertex -17.3810580 7.6278690 6.6314760
      vertex -17.1778790 7.8310480 6.6314760
    endloop
  endfacet
  facet normal 0.3915271 -0.1624881 -0.9057064
    outer loop
      vertex -17.2827520 7.3500650 6.7238120
      vertex -17.3810580 7.6278690 6.6314760
      vertex -17.1705160 7.6205060 6.7238120
    endloop
  endfacet
  facet normal 0.4677161 -0.1253050 -0.8749516
    outer loop
      vertex -17.2827520 7.3500650 6.7238120
      vertex -17.4554840 7.3500650 6.6314760
      vertex -17.3810580 7.6278690 6.6314760
    endloop
  endfacet
  facet normal 0.4677161 0.1253050 -0.8749516
    outer loop
      vertex -17.2827520 0.8499290 6.7238120
      vertex -17.3810580 0.5721250 6.6314760
      vertex -17.4554840 0.8499290 6.6314760
    endloop
  endfacet
  facet normal 0.3915271 0.1624881 -0.9057064
    outer loop
      vertex -17.1705160 0.5794880 6.7238120
      vertex -17.3810580 0.5721250 6.6314760
      vertex -17.2827520 0.8499290 6.7238120
    endloop
  endfacet
  facet normal 0.3634756 0.3634756 -0.8577710
    outer loop
      vertex -17.1705160 0.5794880 6.7238120
      vertex -17.1778790 0.3689460 6.6314760
      vertex -17.3810580 0.5721250 6.6314760
    endloop
  endfacet
  facet normal 0.1624881 0.3915271 -0.9057064
    outer loop
      vertex -16.9000750 0.4672520 6.7238120
      vertex -17.1778790 0.3689460 6.6314760
      vertex -17.1705160 0.5794880 6.7238120
    endloop
  endfacet
  facet normal 0.1253050 0.4677161 -0.8749516
    outer loop
      vertex -16.9000750 0.4672520 6.7238120
      vertex -16.9000750 0.2945200 6.6314760
      vertex -17.1778790 0.3689460 6.6314760
    endloop
  endfacet
  facet normal -0.1253050 0.4677161 -0.8749516
    outer loop
      vertex 16.9000750 0.4672520 6.7238120
      vertex 17.1778790 0.3689460 6.6314760
      vertex 16.9000750 0.2945200 6.6314760
    endloop
  endfacet
  facet normal -0.1624881 0.3915271 -0.9057064
    outer loop
      vertex 17.1705160 0.5794880 6.7238120
      vertex 17.1778790 0.3689460 6.6314760
      vertex 16.9000750 0.4672520 6.7238120
    endloop
  endfacet
  facet normal -0.3634756 0.3634756 -0.8577710
    outer loop
      vertex 17.1705160 0.5794880 6.7238120
      vertex 17.3810580 0.5721250 6.6314760
      vertex 17.1778790 0.3689460 6.6314760
    endloop
  endfacet
  facet normal -0.3915271 0.1624881 -0.9057064
    outer loop
      vertex 17.2827520 0.8499290 6.7238120
      vertex 17.3810580 0.5721250 6.6314760
      vertex 17.1705160 0.5794880 6.7238120
    endloop
  endfacet
  facet normal -0.4677161 0.1253050 -0.8749516
    outer loop
      vertex 17.2827520 0.8499290 6.7238120
      vertex 17.4554840 0.8499290 6.6314760
      vertex 17.3810580 0.5721250 6.6314760
    endloop
  endfacet
  facet normal 0 -0.4714318 -0.8819025
    outer loop
      vertex 16.9000750 7.7327420 6.7238120
      vertex -16.9000750 7.7327420 6.7238120
      vertex -16.9000750 7.9054740 6.6314760
    endloop
  endfacet
  facet normal 0 -0.4714318 -0.8819025
    outer loop
      vertex 16.9000750 7.7327420 6.7238120
      vertex -16.9000750 7.9054740 6.6314760
      vertex 16.9000750 7.9054740 6.6314760
    endloop
  endfacet
  facet normal 0.4714318 0 -0.8819025
    outer loop
      vertex -17.2827520 7.3500650 6.7238120
      vertex -17.2827520 0.8499290 6.7238120
      vertex -17.4554840 0.8499290 6.6314760
    endloop
  endfacet
  facet normal 0.4714318 0 -0.8819025
    outer loop
      vertex -17.2827520 7.3500650 6.7238120
      vertex -17.4554840 0.8499290 6.6314760
      vertex -17.4554840 7.3500650 6.6314760
    endloop
  endfacet
  facet normal 0 0.4714318 -0.8819025
    outer loop
      vertex -16.9000750 0.4672520 6.7238120
      vertex 16.9000750 0.4672520 6.7238120
      vertex 16.9000750 0.2945200 6.6314760
    endloop
  endfacet
  facet normal 0 0.4714318 -0.8819025
    outer loop
      vertex -16.9000750 0.4672520 6.7238120
      vertex 16.9000750 0.2945200 6.6314760
      vertex -16.9000750 0.2945200 6.6314760
    endloop
  endfacet
  facet normal -0.4714318 0 -0.8819025
    outer loop
      vertex 17.2827520 0.8499290 6.7238120
      vertex 17.2827520 7.3500650 6.7238120
      vertex 17.4554840 7.3500650 6.6314760
    endloop
  endfacet
  facet normal -0.4714318 0 -0.8819025
    outer loop
      vertex 17.2827520 0.8499290 6.7238120
      vertex 17.4554840 7.3500650 6.6314760
      vertex 17.4554840 0.8499290 6.6314760
    endloop
  endfacet
  facet normal -0.4677161 0.1253050 0.8749516
    outer loop
      vertex 17.2827520 0.8499290 0.6762020
      vertex 17.3810580 0.5721250 0.7685380
      vertex 17.4554840 0.8499290 0.7685380
    endloop
  endfacet
  facet normal -0.3915271 0.1624881 0.9057064
    outer loop
      vertex 17.1705160 0.5794880 0.6762020
      vertex 17.3810580 0.5721250 0.7685380
      vertex 17.2827520 0.8499290 0.6762020
    endloop
  endfacet
  facet normal -0.3634756 0.3634756 0.8577710
    outer loop
      vertex 17.1705160 0.5794880 0.6762020
      vertex 17.1778790 0.3689460 0.7685380
      vertex 17.3810580 0.5721250 0.7685380
    endloop
  endfacet
  facet normal -0.1624881 0.3915271 0.9057064
    outer loop
      vertex 16.9000750 0.4672520 0.6762020
      vertex 17.1778790 0.3689460 0.7685380
      vertex 17.1705160 0.5794880 0.6762020
    endloop
  endfacet
  facet normal -0.1253050 0.4677161 0.8749516
    outer loop
      vertex 16.9000750 0.4672520 0.6762020
      vertex 16.9000750 0.2945200 0.7685380
      vertex 17.1778790 0.3689460 0.7685380
    endloop
  endfacet
  facet normal 0.1253050 0.4677161 0.8749516
    outer loop
      vertex -16.9000750 0.4672520 0.6762020
      vertex -17.1778790 0.3689460 0.7685380
      vertex -16.9000750 0.2945200 0.7685380
    endloop
  endfacet
  facet normal 0.1624881 0.3915271 0.9057064
    outer loop
      vertex -17.1705160 0.5794880 0.6762020
      vertex -17.1778790 0.3689460 0.7685380
      vertex -16.9000750 0.4672520 0.6762020
    endloop
  endfacet
  facet normal 0.3634756 0.3634756 0.8577710
    outer loop
      vertex -17.1705160 0.5794880 0.6762020
      vertex -17.3810580 0.5721250 0.7685380
      vertex -17.1778790 0.3689460 0.7685380
    endloop
  endfacet
  facet normal 0.3915271 0.1624881 0.9057064
    outer loop
      vertex -17.2827520 0.8499290 0.6762020
      vertex -17.3810580 0.5721250 0.7685380
      vertex -17.1705160 0.5794880 0.6762020
    endloop
  endfacet
  facet normal 0.4677161 0.1253050 0.8749516
    outer loop
      vertex -17.2827520 0.8499290 0.6762020
      vertex -17.4554840 0.8499290 0.7685380
      vertex -17.3810580 0.5721250 0.7685380
    endloop
  endfacet
  facet normal 0.4677161 -0.1253050 0.8749516
    outer loop
      vertex -17.2827520 7.3500650 0.6762020
      vertex -17.3810580 7.6278690 0.7685380
      vertex -17.4554840 7.3500650 0.7685380
    endloop
  endfacet
  facet normal 0.3915271 -0.1624881 0.9057064
    outer loop
      vertex -17.1705160 7.6205060 0.6762020
      vertex -17.3810580 7.6278690 0.7685380
      vertex -17.2827520 7.3500650 0.6762020
    endloop
  endfacet
  facet normal 0.3634756 -0.3634756 0.8577710
    outer loop
      vertex -17.1705160 7.6205060 0.6762020
      vertex -17.1778790 7.8310480 0.7685380
      vertex -17.3810580 7.6278690 0.7685380
    endloop
  endfacet
  facet normal 0.1624881 -0.3915271 0.9057064
    outer loop
      vertex -16.9000750 7.7327420 0.6762020
      vertex -17.1778790 7.8310480 0.7685380
      vertex -17.1705160 7.6205060 0.6762020
    endloop
  endfacet
  facet normal 0.1253050 -0.4677161 0.8749516
    outer loop
      vertex -16.9000750 7.7327420 0.6762020
      vertex -16.9000750 7.9054740 0.7685380
      vertex -17.1778790 7.8310480 0.7685380
    endloop
  endfacet
  facet normal -0.1253050 -0.4677161 0.8749516
    outer loop
      vertex 16.9000750 7.7327420 0.6762020
      vertex 17.1778790 7.8310480 0.7685380
      vertex 16.9000750 7.9054740 0.7685380
    endloop
  endfacet
  facet normal -0.1624881 -0.3915271 0.9057064
    outer loop
      vertex 17.1705160 7.6205060 0.6762020
      vertex 17.1778790 7.8310480 0.7685380
      vertex 16.9000750 7.7327420 0.6762020
    endloop
  endfacet
  facet normal -0.3634756 -0.3634756 0.8577710
    outer loop
      vertex 17.1705160 7.6205060 0.6762020
      vertex 17.3810580 7.6278690 0.7685380
      vertex 17.1778790 7.8310480 0.7685380
    endloop
  endfacet
  facet normal -0.3915271 -0.1624881 0.9057064
    outer loop
      vertex 17.2827520 7.3500650 0.6762020
      vertex 17.3810580 7.6278690 0.7685380
      vertex 17.1705160 7.6205060 0.6762020
    endloop
  endfacet
  facet normal -0.4677161 -0.1253050 0.8749516
    outer loop
      vertex 17.2827520 7.3500650 0.6762020
      vertex 17.4554840 7.3500650 0.7685380
      vertex 17.3810580 7.6278690 0.7685380
    endloop
  endfacet
  facet normal 0 0.4714318 0.8819025
    outer loop
      vertex 16.9000750 0.4672520 0.6762020
      vertex -16.9000750 0.4672520 0.6762020
      vertex -16.9000750 0.2945200 0.7685380
    endloop
  endfacet
  facet normal 0 0.4714318 0.8819025
    outer loop
      vertex 16.9000750 0.4672520 0.6762020
      vertex -16.9000750 0.2945200 0.7685380
      vertex 16.9000750 0.2945200 0.7685380
    endloop
  endfacet
  facet normal 0.4714318 0 0.8819025
    outer loop
      vertex -17.2827520 0.8499290 0.6762020
      vertex -17.2827520 7.3500650 0.6762020
      vertex -17.4554840 7.3500650 0.7685380
    endloop
  endfacet
  facet normal 0.4714318 0 0.8819025
    outer loop
      vertex -17.2827520 0.8499290 0.6762020
      vertex -17.4554840 7.3500650 0.7685380
      vertex -17.4554840 0.8499290 0.7685380
    endloop
  endfacet
  facet normal 0 -0.4714318 0.8819025
    outer loop
      vertex -16.9000750 7.7327420 0.6762020
      vertex 16.9000750 7.7327420 0.6762020
      vertex 16.9000750 7.9054740 0.7685380
    endloop
  endfacet
  facet normal 0 -0.4714318 0.8819025
    outer loop
      vertex -16.9000750 7.7327420 0.6762020
      vertex 16.9000750 7.9054740 0.7685380
      vertex -16.9000750 7.9054740 0.7685380
    endloop
  endfacet
  facet normal -0.4714318 0 0.8819025
    outer loop
      vertex 17.2827520 7.3500650 0.6762020
      vertex 17.2827520 0.8499290 0.6762020
      vertex 17.4554840 0.8499290 0.7685380
    endloop
  endfacet
  facet normal -0.4714318 0 0.8819025
    outer loop
      vertex 17.2827520 7.3500650 0.6762020
      vertex 17.4554840 0.8499290 0.7685380
      vertex 17.4554840 7.3500650 0.7685380
    endloop
  endfacet
  facet normal -0.2881500 -0.1195854 -0.9500889
    outer loop
      vertex 17.0950950 7.3500650 6.7807260
      vertex 17.1705160 7.6205060 6.7238120
      vertex 17.2827520 7.3500650 6.7238120
    endloop
  endfacet
  facet normal -0.1602741 -0.1602741 -0.9739735
    outer loop
      vertex 16.9000750 7.5450850 6.7807260
      vertex 17.1705160 7.6205060 6.7238120
      vertex 17.0950950 7.3500650 6.7807260
    endloop
  endfacet
  facet normal -0.1195854 -0.2881500 -0.9500889
    outer loop
      vertex 16.9000750 7.5450850 6.7807260
      vertex 16.9000750 7.7327420 6.7238120
      vertex 17.1705160 7.6205060 6.7238120
    endloop
  endfacet
  facet normal 0.1195854 -0.2881500 -0.9500889
    outer loop
      vertex -16.9000750 7.5450850 6.7807260
      vertex -17.1705160 7.6205060 6.7238120
      vertex -16.9000750 7.7327420 6.7238120
    endloop
  endfacet
  facet normal 0.1602741 -0.1602741 -0.9739735
    outer loop
      vertex -17.0950950 7.3500650 6.7807260
      vertex -17.1705160 7.6205060 6.7238120
      vertex -16.9000750 7.5450850 6.7807260
    endloop
  endfacet
  facet normal 0.2881500 -0.1195854 -0.9500889
    outer loop
      vertex -17.0950950 7.3500650 6.7807260
      vertex -17.2827520 7.3500650 6.7238120
      vertex -17.1705160 7.6205060 6.7238120
    endloop
  endfacet
  facet normal 0.2881500 0.1195854 -0.9500889
    outer loop
      vertex -17.0950950 0.8499290 6.7807260
      vertex -17.1705160 0.5794880 6.7238120
      vertex -17.2827520 0.8499290 6.7238120
    endloop
  endfacet
  facet normal 0.1602741 0.1602741 -0.9739735
    outer loop
      vertex -16.9000750 0.6549090 6.7807260
      vertex -17.1705160 0.5794880 6.7238120
      vertex -17.0950950 0.8499290 6.7807260
    endloop
  endfacet
  facet normal 0.1195854 0.2881500 -0.9500889
    outer loop
      vertex -16.9000750 0.6549090 6.7807260
      vertex -16.9000750 0.4672520 6.7238120
      vertex -17.1705160 0.5794880 6.7238120
    endloop
  endfacet
  facet normal -0.1195854 0.2881500 -0.9500889
    outer loop
      vertex 16.9000750 0.6549090 6.7807260
      vertex 17.1705160 0.5794880 6.7238120
      vertex 16.9000750 0.4672520 6.7238120
    endloop
  endfacet
  facet normal -0.1602741 0.1602741 -0.9739735
    outer loop
      vertex 17.0950950 0.8499290 6.7807260
      vertex 17.1705160 0.5794880 6.7238120
      vertex 16.9000750 0.6549090 6.7807260
    endloop
  endfacet
  facet normal -0.2881500 0.1195854 -0.9500889
    outer loop
      vertex 17.0950950 0.8499290 6.7807260
      vertex 17.2827520 0.8499290 6.7238120
      vertex 17.1705160 0.5794880 6.7238120
    endloop
  endfacet
  facet normal 0 -0.2902327 -0.9569561
    outer loop
      vertex 16.9000750 7.5450850 6.7807260
      vertex -16.9000750 7.5450850 6.7807260
      vertex -16.9000750 7.7327420 6.7238120
    endloop
  endfacet
  facet normal 0 -0.2902327 -0.9569561
    outer loop
      vertex 16.9000750 7.5450850 6.7807260
      vertex -16.9000750 7.7327420 6.7238120
      vertex 16.9000750 7.7327420 6.7238120
    endloop
  endfacet
  facet normal 0.2902327 0 -0.9569561
    outer loop
      vertex -17.0950950 7.3500650 6.7807260
      vertex -17.0950950 0.8499290 6.7807260
      vertex -17.2827520 0.8499290 6.7238120
    endloop
  endfacet
  facet normal 0.2902327 0 -0.9569561
    outer loop
      vertex -17.0950950 7.3500650 6.7807260
      vertex -17.2827520 0.8499290 6.7238120
      vertex -17.2827520 7.3500650 6.7238120
    endloop
  endfacet
  facet normal 0 0.2902327 -0.9569561
    outer loop
      vertex -16.9000750 0.6549090 6.7807260
      vertex 16.9000750 0.6549090 6.7807260
      vertex 16.9000750 0.4672520 6.7238120
    endloop
  endfacet
  facet normal 0 0.2902327 -0.9569561
    outer loop
      vertex -16.9000750 0.6549090 6.7807260
      vertex 16.9000750 0.4672520 6.7238120
      vertex -16.9000750 0.4672520 6.7238120
    endloop
  endfacet
  facet normal -0.2902327 0 -0.9569561
    outer loop
      vertex 17.0950950 0.8499290 6.7807260
      vertex 17.0950950 7.3500650 6.7807260
      vertex 17.2827520 7.3500650 6.7238120
    endloop
  endfacet
  facet normal -0.2902327 0 -0.9569561
    outer loop
      vertex 17.0950950 0.8499290 6.7807260
      vertex 17.2827520 7.3500650 6.7238120
      vertex 17.2827520 0.8499290 6.7238120
    endloop
  endfacet
  facet normal -0.2881500 0.1195854 0.9500889
    outer loop
      vertex 17.0950950 0.8499290 0.6192880
      vertex 17.1705160 0.5794880 0.6762020
      vertex 17.2827520 0.8499290 0.6762020
    endloop
  endfacet
  facet normal -0.1602741 0.1602741 0.9739735
    outer loop
      vertex 16.9000750 0.6549090 0.6192880
      vertex 17.1705160 0.5794880 0.6762020
      vertex 17.0950950 0.8499290 0.6192880
    endloop
  endfacet
  facet normal -0.1195854 0.2881500 0.9500889
    outer loop
      vertex 16.9000750 0.6549090 0.6192880
      vertex 16.9000750 0.4672520 0.6762020
      vertex 17.1705160 0.5794880 0.6762020
    endloop
  endfacet
  facet normal 0.1195854 0.2881500 0.9500889
    outer loop
      vertex -16.9000750 0.6549090 0.6192880
      vertex -17.1705160 0.5794880 0.6762020
      vertex -16.9000750 0.4672520 0.6762020
    endloop
  endfacet
  facet normal 0.1602741 0.1602741 0.9739735
    outer loop
      vertex -17.0950950 0.8499290 0.6192880
      vertex -17.1705160 0.5794880 0.6762020
      vertex -16.9000750 0.6549090 0.6192880
    endloop
  endfacet
  facet normal 0.2881500 0.1195854 0.9500889
    outer loop
      vertex -17.0950950 0.8499290 0.6192880
      vertex -17.2827520 0.8499290 0.6762020
      vertex -17.1705160 0.5794880 0.6762020
    endloop
  endfacet
  facet normal 0.2881500 -0.1195854 0.9500889
    outer loop
      vertex -17.0950950 7.3500650 0.6192880
      vertex -17.1705160 7.6205060 0.6762020
      vertex -17.2827520 7.3500650 0.6762020
    endloop
  endfacet
  facet normal 0.1602741 -0.1602741 0.9739735
    outer loop
      vertex -16.9000750 7.5450850 0.6192880
      vertex -17.1705160 7.6205060 0.6762020
      vertex -17.0950950 7.3500650 0.6192880
    endloop
  endfacet
  facet normal 0.1195854 -0.2881500 0.9500889
    outer loop
      vertex -16.9000750 7.5450850 0.6192880
      vertex -16.9000750 7.7327420 0.6762020
      vertex -17.1705160 7.6205060 0.6762020
    endloop
  endfacet
  facet normal -0.1195854 -0.2881500 0.9500889
    outer loop
      vertex 16.9000750 7.5450850 0.6192880
      vertex 17.1705160 7.6205060 0.6762020
      vertex 16.9000750 7.7327420 0.6762020
    endloop
  endfacet
  facet normal -0.1602741 -0.1602741 0.9739735
    outer loop
      vertex 17.0950950 7.3500650 0.6192880
      vertex 17.1705160 7.6205060 0.6762020
      vertex 16.9000750 7.5450850 0.6192880
    endloop
  endfacet
  facet normal -0.2881500 -0.1195854 0.9500889
    outer loop
      vertex 17.0950950 7.3500650 0.6192880
      vertex 17.2827520 7.3500650 0.6762020
      vertex 17.1705160 7.6205060 0.6762020
    endloop
  endfacet
  facet normal 0 0.2902327 0.9569561
    outer loop
      vertex 16.9000750 0.6549090 0.6192880
      vertex -16.9000750 0.6549090 0.6192880
      vertex -16.9000750 0.4672520 0.6762020
    endloop
  endfacet
  facet normal 0 0.2902327 0.9569561
    outer loop
      vertex 16.9000750 0.6549090 0.6192880
      vertex -16.9000750 0.4672520 0.6762020
      vertex 16.9000750 0.4672520 0.6762020
    endloop
  endfacet
  facet normal 0.2902327 0 0.9569561
    outer loop
      vertex -17.0950950 0.8499290 0.6192880
      vertex -17.0950950 7.3500650 0.6192880
      vertex -17.2827520 7.3500650 0.6762020
    endloop
  endfacet
  facet normal 0.2902327 0 0.9569561
    outer loop
      vertex -17.0950950 0.8499290 0.6192880
      vertex -17.2827520 7.3500650 0.6762020
      vertex -17.2827520 0.8499290 0.6762020
    endloop
  endfacet
  facet normal 0 -0.2902327 0.9569561
    outer loop
      vertex -16.9000750 7.5450850 0.6192880
      vertex 16.9000750 7.5450850 0.6192880
      vertex 16.9000750 7.7327420 0.6762020
    endloop
  endfacet
  facet normal 0 -0.2902327 0.9569561
    outer loop
      vertex -16.9000750 7.5450850 0.6192880
      vertex 16.9000750 7.7327420 0.6762020
      vertex -16.9000750 7.7327420 0.6762020
    endloop
  endfacet
  facet normal -0.2902327 0 0.9569561
    outer loop
      vertex 17.0950950 7.3500650 0.6192880
      vertex 17.0950950 0.8499290 0.6192880
      vertex 17.2827520 0.8499290 0.6762020
    endloop
  endfacet
  facet normal -0.2902327 0 0.9569561
    outer loop
      vertex 17.0950950 7.3500650 0.6192880
      vertex 17.2827520 0.8499290 0.6762020
      vertex 17.2827520 7.3500650 0.6762020
    endloop
  endfacet
  facet normal -0.0980239 -0.0980239 -0.9903447
    outer loop
      vertex 16.9000750 7.3500650 6.8000290
      vertex 16.9000750 7.5450850 6.7807260
      vertex 17.0950950 7.3500650 6.7807260
    endloop
  endfacet
  facet normal 0.0980239 -0.0980239 -0.9903447
    outer loop
      vertex -16.9000750 7.3500650 6.8000290
      vertex -17.0950950 7.3500650 6.7807260
      vertex -16.9000750 7.5450850 6.7807260
    endloop
  endfacet
  facet normal 0.0980239 0.0980239 -0.9903447
    outer loop
      vertex -16.9000750 0.8499290 6.8000290
      vertex -16.9000750 0.6549090 6.7807260
      vertex -17.0950950 0.8499290 6.7807260
    endloop
  endfacet
  facet normal -0.0980239 0.0980239 -0.9903447
    outer loop
      vertex 16.9000750 0.8499290 6.8000290
      vertex 17.0950950 0.8499290 6.7807260
      vertex 16.9000750 0.6549090 6.7807260
    endloop
  endfacet
  facet normal 0 -0.0984983 -0.9951372
    outer loop
      vertex 16.9000750 7.3500650 6.8000290
      vertex -16.9000750 7.3500650 6.8000290
      vertex -16.9000750 7.5450850 6.7807260
    endloop
  endfacet
  facet normal 0 -0.0984983 -0.9951372
    outer loop
      vertex 16.9000750 7.3500650 6.8000290
      vertex -16.9000750 7.5450850 6.7807260
      vertex 16.9000750 7.5450850 6.7807260
    endloop
  endfacet
  facet normal 0.0984983 0 -0.9951372
    outer loop
      vertex -16.9000750 7.3500650 6.8000290
      vertex -16.9000750 0.8499290 6.8000290
      vertex -17.0950950 0.8499290 6.7807260
    endloop
  endfacet
  facet normal 0.0984983 0 -0.9951372
    outer loop
      vertex -16.9000750 7.3500650 6.8000290
      vertex -17.0950950 0.8499290 6.7807260
      vertex -17.0950950 7.3500650 6.7807260
    endloop
  endfacet
  facet normal 0 0.0984983 -0.9951372
    outer loop
      vertex -16.9000750 0.8499290 6.8000290
      vertex 16.9000750 0.8499290 6.8000290
      vertex 16.9000750 0.6549090 6.7807260
    endloop
  endfacet
  facet normal 0 0.0984983 -0.9951372
    outer loop
      vertex -16.9000750 0.8499290 6.8000290
      vertex 16.9000750 0.6549090 6.7807260
      vertex -16.9000750 0.6549090 6.7807260
    endloop
  endfacet
  facet normal -0.0984983 0 -0.9951372
    outer loop
      vertex 16.9000750 0.8499290 6.8000290
      vertex 16.9000750 7.3500650 6.8000290
      vertex 17.0950950 7.3500650 6.7807260
    endloop
  endfacet
  facet normal -0.0984983 0 -0.9951372
    outer loop
      vertex 16.9000750 0.8499290 6.8000290
      vertex 17.0950950 7.3500650 6.7807260
      vertex 17.0950950 0.8499290 6.7807260
    endloop
  endfacet
  facet normal -0.0980239 0.0980239 0.9903447
    outer loop
      vertex 16.9000750 0.8499290 0.5999850
      vertex 16.9000750 0.6549090 0.6192880
      vertex 17.0950950 0.8499290 0.6192880
    endloop
  endfacet
  facet normal 0.0980239 0.0980239 0.9903447
    outer loop
      vertex -16.9000750 0.8499290 0.5999850
      vertex -17.0950950 0.8499290 0.6192880
      vertex -16.9000750 0.6549090 0.6192880
    endloop
  endfacet
  facet normal 0.0980239 -0.0980239 0.9903447
    outer loop
      vertex -16.9000750 7.3500650 0.5999850
      vertex -16.9000750 7.5450850 0.6192880
      vertex -17.0950950 7.3500650 0.6192880
    endloop
  endfacet
  facet normal -0.0980239 -0.0980239 0.9903447
    outer loop
      vertex 16.9000750 7.3500650 0.5999850
      vertex 17.0950950 7.3500650 0.6192880
      vertex 16.9000750 7.5450850 0.6192880
    endloop
  endfacet
  facet normal 0 0.0984983 0.9951372
    outer loop
      vertex 16.9000750 0.8499290 0.5999850
      vertex -16.9000750 0.8499290 0.5999850
      vertex -16.9000750 0.6549090 0.6192880
    endloop
  endfacet
  facet normal 0 0.0984983 0.9951372
    outer loop
      vertex 16.9000750 0.8499290 0.5999850
      vertex -16.9000750 0.6549090 0.6192880
      vertex 16.9000750 0.6549090 0.6192880
    endloop
  endfacet
  facet normal 0.0984983 0 0.9951372
    outer loop
      vertex -16.9000750 0.8499290 0.5999850
      vertex -16.9000750 7.3500650 0.5999850
      vertex -17.0950950 7.3500650 0.6192880
    endloop
  endfacet
  facet normal 0.0984983 0 0.9951372
    outer loop
      vertex -16.9000750 0.8499290 0.5999850
      vertex -17.0950950 7.3500650 0.6192880
      vertex -17.0950950 0.8499290 0.6192880
    endloop
  endfacet
  facet normal 0 -0.0984983 0.9951372
    outer loop
      vertex -16.9000750 7.3500650 0.5999850
      vertex 16.9000750 7.3500650 0.5999850
      vertex 16.9000750 7.5450850 0.6192880
    endloop
  endfacet
  facet normal 0 -0.0984983 0.9951372
    outer loop
      vertex -16.9000750 7.3500650 0.5999850
      vertex 16.9000750 7.5450850 0.6192880
      vertex -16.9000750 7.5450850 0.6192880
    endloop
  endfacet
  facet normal -0.0984983 0 0.9951372
    outer loop
      vertex 16.9000750 7.3500650 0.5999850
      vertex 16.9000750 0.8499290 0.5999850
      vertex 17.0950950 0.8499290 0.6192880
    endloop
  endfacet
  facet normal -0.0984983 0 0.9951372
    outer loop
      vertex 16.9000750 7.3500650 0.5999850
      vertex 17.0950950 0.8499290 0.6192880
      vertex 17.0950950 7.3500650 0.6192880
    endloop
  endfacet
  facet normal 0 0 -1.0000000
    outer loop
      vertex 16.9000750 0.8499290 6.8000290
      vertex -16.9000750 0.8499290 6.8000290
      vertex -16.9000750 7.3500650 6.8000290
    endloop
  endfacet
  facet normal 0 0 -1.0000000
    outer loop
      vertex 16.9000750 0.8499290 6.8000290
      vertex -16.9000750 7.3500650 6.8000290
      vertex 16.9000750 7.3500650 6.8000290
    endloop
  endfacet
  facet normal 0 0 1.0000000
    outer loop
      vertex 16.9000750 7.3500650 0.5999850
      vertex -16.9000750 7.3500650 0.5999850
      vertex -16.9000750 0.8499290 0.5999850
    endloop
  endfacet
  facet normal 0 0 1.0000000
    outer loop
      vertex 16.9000750 7.3500650 0.5999850
      vertex -16.9000750 0.8499290 0.5999850
      vertex 16.9000750 0.8499290 0.5999850
    endloop
  endfacet
  facet normal -0.7728687 -0.6345659 0
    outer loop
      vertex 17.7314970 7.9054740 5.8000540
      vertex 17.6538870 7.9999990 5.8000540
      vertex 17.6538870 7.9999990 1.5999600
    endloop
  endfacet
  facet normal -0.7728687 -0.6345659 0
    outer loop
      vertex 17.7314970 7.9054740 5.8000540
      vertex 17.6538870 7.9999990 1.5999600
      vertex 17.7314970 7.9054740 1.5999600
    endloop
  endfacet
  facet normal -0.7700829 -0.6336703 -0.0737173
    outer loop
      vertex 17.6668220 7.9615920 5.9950740
      vertex 17.6427430 7.9999990 5.9164690
      vertex 17.6538870 7.9999990 5.8000540
    endloop
  endfacet
  facet normal -0.7707778 -0.6328491 -0.0735095
    outer loop
      vertex 17.6668220 7.9615920 5.9950740
      vertex 17.6538870 7.9999990 5.8000540
      vertex 17.7314970 7.9054740 5.8000540
    endloop
  endfacet
  facet normal -0.7705310 -0.6331697 0.0733354
    outer loop
      vertex 17.6427430 7.9999990 1.4835450
      vertex 17.6668220 7.9615920 1.4049400
      vertex 17.7314970 7.9054740 1.5999600
    endloop
  endfacet
  facet normal -0.7707622 -0.6328363 0.0737824
    outer loop
      vertex 17.6427430 7.9999990 1.4835450
      vertex 17.7314970 7.9054740 1.5999600
      vertex 17.6538870 7.9999990 1.5999600
    endloop
  endfacet
  facet normal -0.7468546 -0.5812937 -0.3229642
    outer loop
      vertex 17.5557800 7.9999990 6.1827310
      vertex 17.5621480 7.9999990 6.1680050
      vertex 17.6668220 7.9615920 5.9950740
    endloop
  endfacet
  facet normal -0.7500456 -0.5754318 -0.3260521
    outer loop
      vertex 17.5557800 7.9999990 6.1827310
      vertex 17.6668220 7.9615920 5.9950740
      vertex 17.7000550 7.8119440 6.1827310
    endloop
  endfacet
  facet normal 0.7500456 -0.5754318 -0.3260521
    outer loop
      vertex -17.5557800 7.9999990 6.1827310
      vertex -17.7000550 7.8119440 6.1827310
      vertex -17.6668220 7.9615920 5.9950740
    endloop
  endfacet
  facet normal 0.7468546 -0.5812937 -0.3229642
    outer loop
      vertex -17.5557800 7.9999990 6.1827310
      vertex -17.6668220 7.9615920 5.9950740
      vertex -17.5621480 7.9999990 6.1680050
    endloop
  endfacet
  facet normal 0.7504625 -0.5757517 0.3245243
    outer loop
      vertex -17.7000550 7.8119440 1.2172830
      vertex -17.5557800 7.9999990 1.2172830
      vertex -17.5621480 7.9999990 1.2320090
    endloop
  endfacet
  facet normal 0.7499562 -0.5755058 0.3261269
    outer loop
      vertex -17.7000550 7.8119440 1.2172830
      vertex -17.5621480 7.9999990 1.2320090
      vertex -17.6668220 7.9615920 1.4049400
    endloop
  endfacet
  facet normal -0.7500456 -0.5754318 0.3260521
    outer loop
      vertex 17.5557800 7.9999990 1.2172830
      vertex 17.7000550 7.8119440 1.2172830
      vertex 17.6668220 7.9615920 1.4049400
    endloop
  endfacet
  facet normal -0.7468546 -0.5812937 0.3229642
    outer loop
      vertex 17.5557800 7.9999990 1.2172830
      vertex 17.6668220 7.9615920 1.4049400
      vertex 17.5621480 7.9999990 1.2320090
    endloop
  endfacet
  facet normal -0.6971915 -0.5571456 -0.4511239
    outer loop
      vertex 17.5726950 7.8388090 6.3556620
      vertex 17.5535910 7.9999990 6.1861140
      vertex 17.5557800 7.9999990 6.1827310
    endloop
  endfacet
  facet normal -0.7125354 -0.5466541 -0.4398439
    outer loop
      vertex 17.5726950 7.8388090 6.3556620
      vertex 17.5557800 7.9999990 6.1827310
      vertex 17.7000550 7.8119440 6.1827310
    endloop
  endfacet
  facet normal -0.6078235 -0.6085739 -0.5100866
    outer loop
      vertex 17.4113060 7.9999990 6.3556620
      vertex 17.5535910 7.9999990 6.1861140
      vertex 17.5726950 7.8388090 6.3556620
    endloop
  endfacet
  facet normal 0.6078235 -0.6085739 -0.5100866
    outer loop
      vertex -17.4113060 7.9999990 6.3556620
      vertex -17.5726950 7.8388090 6.3556620
      vertex -17.5535910 7.9999990 6.1861140
    endloop
  endfacet
  facet normal 0.7124049 -0.5469366 -0.4397039
    outer loop
      vertex -17.5535910 7.9999990 6.1861140
      vertex -17.5726950 7.8388090 6.3556620
      vertex -17.7000550 7.8119440 6.1827310
    endloop
  endfacet
  facet normal 0.7058243 -0.5415054 -0.4567099
    outer loop
      vertex -17.5535910 7.9999990 6.1861140
      vertex -17.7000550 7.8119440 6.1827310
      vertex -17.5557800 7.9999990 6.1827310
    endloop
  endfacet
  facet normal 0.7124049 -0.5469366 0.4397039
    outer loop
      vertex -17.7000550 7.8119440 1.2172830
      vertex -17.5726950 7.8388090 1.0443520
      vertex -17.5535910 7.9999990 1.2139000
    endloop
  endfacet
  facet normal 0.7058243 -0.5415054 0.4567099
    outer loop
      vertex -17.7000550 7.8119440 1.2172830
      vertex -17.5535910 7.9999990 1.2139000
      vertex -17.5557800 7.9999990 1.2172830
    endloop
  endfacet
  facet normal 0.6078235 -0.6085739 0.5100866
    outer loop
      vertex -17.4113060 7.9999990 1.0443520
      vertex -17.5535910 7.9999990 1.2139000
      vertex -17.5726950 7.8388090 1.0443520
    endloop
  endfacet
  facet normal -0.6078235 -0.6085739 0.5100866
    outer loop
      vertex 17.4113060 7.9999990 1.0443520
      vertex 17.5726950 7.8388090 1.0443520
      vertex 17.5535910 7.9999990 1.2139000
    endloop
  endfacet
  facet normal -0.7124049 -0.5469366 0.4397039
    outer loop
      vertex 17.5535910 7.9999990 1.2139000
      vertex 17.5726950 7.8388090 1.0443520
      vertex 17.7000550 7.8119440 1.2172830
    endloop
  endfacet
  facet normal -0.7058243 -0.5415054 0.4567099
    outer loop
      vertex 17.5535910 7.9999990 1.2139000
      vertex 17.7000550 7.8119440 1.2172830
      vertex 17.5557800 7.9999990 1.2172830
    endloop
  endfacet
  facet normal -0.5668547 -0.5635919 -0.6008660
    outer loop
      vertex 17.3999630 7.8499530 6.5071010
      vertex 17.3902120 7.9999990 6.3755620
      vertex 17.4113060 7.9999990 6.3556620
    endloop
  endfacet
  facet normal -0.5642606 -0.5649572 -0.6020244
    outer loop
      vertex 17.3999630 7.8499530 6.5071010
      vertex 17.4113060 7.9999990 6.3556620
      vertex 17.5726950 7.8388090 6.3556620
    endloop
  endfacet
  facet normal -0.4115983 -0.6157598 -0.6718829
    outer loop
      vertex 17.1754910 7.9999990 6.5071010
      vertex 17.3902120 7.9999990 6.3755620
      vertex 17.3999630 7.8499530 6.5071010
    endloop
  endfacet
  facet normal 0.4115983 -0.6157598 -0.6718829
    outer loop
      vertex -17.1754910 7.9999990 6.5071010
      vertex -17.3999630 7.8499530 6.5071010
      vertex -17.3902120 7.9999990 6.3755620
    endloop
  endfacet
  facet normal 0.5644036 -0.5646134 -0.6022129
    outer loop
      vertex -17.3902120 7.9999990 6.3755620
      vertex -17.3999630 7.8499530 6.5071010
      vertex -17.5726950 7.8388090 6.3556620
    endloop
  endfacet
  facet normal 0.5655885 -0.5662868 -0.5995239
    outer loop
      vertex -17.3902120 7.9999990 6.3755620
      vertex -17.5726950 7.8388090 6.3556620
      vertex -17.4113060 7.9999990 6.3556620
    endloop
  endfacet
  facet normal 0.5668547 -0.5635919 0.6008660
    outer loop
      vertex -17.3999630 7.8499530 0.8929130
      vertex -17.3902120 7.9999990 1.0244520
      vertex -17.4113060 7.9999990 1.0443520
    endloop
  endfacet
  facet normal 0.5642606 -0.5649572 0.6020244
    outer loop
      vertex -17.3999630 7.8499530 0.8929130
      vertex -17.4113060 7.9999990 1.0443520
      vertex -17.5726950 7.8388090 1.0443520
    endloop
  endfacet
  facet normal 0.4115983 -0.6157598 0.6718829
    outer loop
      vertex -17.1754910 7.9999990 0.8929130
      vertex -17.3902120 7.9999990 1.0244520
      vertex -17.3999630 7.8499530 0.8929130
    endloop
  endfacet
  facet normal -0.4115983 -0.6157598 0.6718829
    outer loop
      vertex 17.1754910 7.9999990 0.8929130
      vertex 17.3999630 7.8499530 0.8929130
      vertex 17.3902120 7.9999990 1.0244520
    endloop
  endfacet
  facet normal -0.5644036 -0.5646134 0.6022129
    outer loop
      vertex 17.3902120 7.9999990 1.0244520
      vertex 17.3999630 7.8499530 0.8929130
      vertex 17.5726950 7.8388090 1.0443520
    endloop
  endfacet
  facet normal -0.5655885 -0.5662868 0.5995239
    outer loop
      vertex 17.3902120 7.9999990 1.0244520
      vertex 17.5726950 7.8388090 1.0443520
      vertex 17.4113060 7.9999990 1.0443520
    endloop
  endfacet
  facet normal -0.3724312 -0.5536020 -0.7448623
    outer loop
      vertex 17.1778790 7.8310480 6.6314760
      vertex 17.1707150 7.9999990 6.5094890
      vertex 17.1754910 7.9999990 6.5071010
    endloop
  endfacet
  facet normal -0.3703645 -0.5540732 -0.7455421
    outer loop
      vertex 17.1778790 7.8310480 6.6314760
      vertex 17.1754910 7.9999990 6.5071010
      vertex 17.3999630 7.8499530 6.5071010
    endloop
  endfacet
  facet normal -0.1560639 -0.5825656 -0.7976600
    outer loop
      vertex 16.9000750 7.9054740 6.6314760
      vertex 17.1615610 7.9999990 6.5112800
      vertex 17.1707150 7.9999990 6.5094890
    endloop
  endfacet
  facet normal -0.1560711 -0.5825541 -0.7976670
    outer loop
      vertex 16.9000750 7.9054740 6.6314760
      vertex 17.1707150 7.9999990 6.5094890
      vertex 17.1778790 7.8310480 6.6314760
    endloop
  endfacet
  facet normal 0.1560654 -0.5825544 -0.7976678
    outer loop
      vertex -17.1778790 7.8310480 6.6314760
      vertex -17.1707150 7.9999990 6.5094890
      vertex -17.1615610 7.9999990 6.5112800
    endloop
  endfacet
  facet normal 0.1560711 -0.5825543 -0.7976668
    outer loop
      vertex -17.1778790 7.8310480 6.6314760
      vertex -17.1615610 7.9999990 6.5112800
      vertex -16.9000750 7.9054740 6.6314760
    endloop
  endfacet
  facet normal 0.3703834 -0.5540251 -0.7455685
    outer loop
      vertex -17.1707150 7.9999990 6.5094890
      vertex -17.1778790 7.8310480 6.6314760
      vertex -17.3999630 7.8499530 6.5071010
    endloop
  endfacet
  facet normal 0.3716964 -0.5560657 -0.7433928
    outer loop
      vertex -17.1707150 7.9999990 6.5094890
      vertex -17.3999630 7.8499530 6.5071010
      vertex -17.1754910 7.9999990 6.5071010
    endloop
  endfacet
  facet normal 0.3724312 -0.5536020 0.7448623
    outer loop
      vertex -17.1778790 7.8310480 0.7685380
      vertex -17.1707150 7.9999990 0.8905250
      vertex -17.1754910 7.9999990 0.8929130
    endloop
  endfacet
  facet normal 0.3703645 -0.5540732 0.7455421
    outer loop
      vertex -17.1778790 7.8310480 0.7685380
      vertex -17.1754910 7.9999990 0.8929130
      vertex -17.3999630 7.8499530 0.8929130
    endloop
  endfacet
  facet normal 0.1560639 -0.5825656 0.7976600
    outer loop
      vertex -16.9000750 7.9054740 0.7685380
      vertex -17.1615610 7.9999990 0.8887340
      vertex -17.1707150 7.9999990 0.8905250
    endloop
  endfacet
  facet normal 0.1560711 -0.5825541 0.7976670
    outer loop
      vertex -16.9000750 7.9054740 0.7685380
      vertex -17.1707150 7.9999990 0.8905250
      vertex -17.1778790 7.8310480 0.7685380
    endloop
  endfacet
  facet normal -0.1560654 -0.5825544 0.7976678
    outer loop
      vertex 17.1778790 7.8310480 0.7685380
      vertex 17.1707150 7.9999990 0.8905250
      vertex 17.1615610 7.9999990 0.8887340
    endloop
  endfacet
  facet normal -0.1560711 -0.5825543 0.7976668
    outer loop
      vertex 17.1778790 7.8310480 0.7685380
      vertex 17.1615610 7.9999990 0.8887340
      vertex 16.9000750 7.9054740 0.7685380
    endloop
  endfacet
  facet normal -0.3703834 -0.5540251 0.7455685
    outer loop
      vertex 17.1707150 7.9999990 0.8905250
      vertex 17.1778790 7.8310480 0.7685380
      vertex 17.3999630 7.8499530 0.8929130
    endloop
  endfacet
  facet normal -0.3716964 -0.5560657 0.7433928
    outer loop
      vertex 17.1707150 7.9999990 0.8905250
      vertex 17.3999630 7.8499530 0.8929130
      vertex 17.1754910 7.9999990 0.8929130
    endloop
  endfacet
  facet normal 0.7728687 -0.6345659 0
    outer loop
      vertex -17.6538870 7.9999990 5.8000540
      vertex -17.7314970 7.9054740 5.8000540
      vertex -17.7314970 7.9054740 1.5999600
    endloop
  endfacet
  facet normal 0.7728687 -0.6345659 0
    outer loop
      vertex -17.6538870 7.9999990 5.8000540
      vertex -17.7314970 7.9054740 1.5999600
      vertex -17.6538870 7.9999990 1.5999600
    endloop
  endfacet
  facet normal -0.7013055 -0.7013055 -0.1278329
    outer loop
      vertex 17.6284150 7.9999990 5.9950740
      vertex 17.6427430 7.9999990 5.9164690
      vertex 17.6668220 7.9615920 5.9950740
    endloop
  endfacet
  facet normal 0.7705310 -0.6331697 -0.0733354
    outer loop
      vertex -17.6427430 7.9999990 5.9164690
      vertex -17.6668220 7.9615920 5.9950740
      vertex -17.7314970 7.9054740 5.8000540
    endloop
  endfacet
  facet normal 0.7707622 -0.6328363 -0.0737824
    outer loop
      vertex -17.6427430 7.9999990 5.9164690
      vertex -17.7314970 7.9054740 5.8000540
      vertex -17.6538870 7.9999990 5.8000540
    endloop
  endfacet
  facet normal 0.7700829 -0.6336703 0.0737173
    outer loop
      vertex -17.6668220 7.9615920 1.4049400
      vertex -17.6427430 7.9999990 1.4835450
      vertex -17.6538870 7.9999990 1.5999600
    endloop
  endfacet
  facet normal 0.7707778 -0.6328491 0.0735095
    outer loop
      vertex -17.6668220 7.9615920 1.4049400
      vertex -17.6538870 7.9999990 1.5999600
      vertex -17.7314970 7.9054740 1.5999600
    endloop
  endfacet
  facet normal -0.7013055 -0.7013055 0.1278329
    outer loop
      vertex 17.6284150 7.9999990 1.4049400
      vertex 17.6668220 7.9615920 1.4049400
      vertex 17.6427430 7.9999990 1.4835450
    endloop
  endfacet
  facet normal -0.6824958 -0.6824958 -0.2615318
    outer loop
      vertex 17.5621480 7.9999990 6.1680050
      vertex 17.6284150 7.9999990 5.9950740
      vertex 17.6668220 7.9615920 5.9950740
    endloop
  endfacet
  facet normal -0.6824958 -0.6824958 0.2615318
    outer loop
      vertex 17.5621480 7.9999990 1.2320090
      vertex 17.6668220 7.9615920 1.4049400
      vertex 17.6284150 7.9999990 1.4049400
    endloop
  endfacet
  facet normal -0.1255871 -0.6285761 -0.7675415
    outer loop
      vertex 17.1615610 7.9999990 6.5112800
      vertex 16.9000750 7.9054740 6.6314760
      vertex 16.9000750 7.9999990 6.5540650
    endloop
  endfacet
  facet normal 0.1255871 -0.6285761 -0.7675415
    outer loop
      vertex -16.9000750 7.9054740 6.6314760
      vertex -17.1615610 7.9999990 6.5112800
      vertex -16.9000750 7.9999990 6.5540650
    endloop
  endfacet
  facet normal 0.1255871 -0.6285761 0.7675415
    outer loop
      vertex -17.1615610 7.9999990 0.8887340
      vertex -16.9000750 7.9054740 0.7685380
      vertex -16.9000750 7.9999990 0.8459490
    endloop
  endfacet
  facet normal -0.1255871 -0.6285761 0.7675415
    outer loop
      vertex 16.9000750 7.9999990 0.8459490
      vertex 16.9000750 7.9054740 0.7685380
      vertex 17.1615610 7.9999990 0.8887340
    endloop
  endfacet
  facet normal 0.7013055 -0.7013055 -0.1278329
    outer loop
      vertex -17.6284150 7.9999990 5.9950740
      vertex -17.6668220 7.9615920 5.9950740
      vertex -17.6427430 7.9999990 5.9164690
    endloop
  endfacet
  facet normal 0.6824958 -0.6824958 -0.2615318
    outer loop
      vertex -17.5621480 7.9999990 6.1680050
      vertex -17.6668220 7.9615920 5.9950740
      vertex -17.6284150 7.9999990 5.9950740
    endloop
  endfacet
  facet normal 0.6824958 -0.6824958 0.2615318
    outer loop
      vertex -17.6668220 7.9615920 1.4049400
      vertex -17.5621480 7.9999990 1.2320090
      vertex -17.6284150 7.9999990 1.4049400
    endloop
  endfacet
  facet normal 0 -0.6335925 -0.7736669
    outer loop
      vertex 16.9000750 7.9054740 6.6314760
      vertex -16.9000750 7.9054740 6.6314760
      vertex -16.9000750 7.9999990 6.5540650
    endloop
  endfacet
  facet normal 0 -0.6335925 -0.7736669
    outer loop
      vertex 16.9000750 7.9054740 6.6314760
      vertex -16.9000750 7.9999990 6.5540650
      vertex 16.9000750 7.9999990 6.5540650
    endloop
  endfacet
  facet normal 0 -0.6335925 0.7736669
    outer loop
      vertex 16.9000750 7.9999990 0.8459490
      vertex -16.9000750 7.9999990 0.8459490
      vertex -16.9000750 7.9054740 0.7685380
    endloop
  endfacet
  facet normal 0 -0.6335925 0.7736669
    outer loop
      vertex 16.9000750 7.9999990 0.8459490
      vertex -16.9000750 7.9054740 0.7685380
      vertex 16.9000750 7.9054740 0.7685380
    endloop
  endfacet
  facet normal 0.7013055 -0.7013055 0.1278329
    outer loop
      vertex -17.6284150 7.9999990 1.4049400
      vertex -17.6427430 7.9999990 1.4835450
      vertex -17.6668220 7.9615920 1.4049400
    endloop
  endfacet
  facet normal 0 1.0000000 0
    outer loop
      vertex 0 7.9999990 6.6360530
      vertex 17.9000500 7.9999990 6.8000290
      vertex 17.9000500 7.9999990 6.5540650
    endloop
  endfacet
  facet normal 0 1.0000000 0
    outer loop
      vertex 0 7.9999990 6.6360530
      vertex 17.9000500 7.9999990 6.5540650
      vertex 16.9000750 7.9999990 6.5540650
    endloop
  endfacet
  facet normal 0 1.0000000 0
    outer loop
      vertex 0 7.9999990 6.6360530
      vertex 16.9000750 7.9999990 6.5540650
      vertex -16.9000750 7.9999990 6.5540650
    endloop
  endfacet
  facet normal 0 1.0000000 0
    outer loop
      vertex 0 7.9999990 6.6360530
      vertex -16.9000750 7.9999990 6.5540650
      vertex -17.9000500 7.9999990 6.5540650
    endloop
  endfacet
  facet normal 0 1.0000000 0
    outer loop
      vertex 0 7.9999990 6.6360530
      vertex -17.9000500 7.9999990 6.5540650
      vertex -17.9000500 7.9999990 6.8000290
    endloop
  endfacet
  facet normal 0 1.0000000 0
    outer loop
      vertex 0 7.9999990 6.6360530
      vertex -17.9000500 7.9999990 6.8000290
      vertex 17.9000500 7.9999990 6.8000290
    endloop
  endfacet
  facet normal 0 1.0000000 0
    outer loop
      vertex -16.9000750 7.9999990 6.5540650
      vertex -17.1615610 7.9999990 6.5112800
      vertex -17.9000500 7.9999990 6.5112800
    endloop
  endfacet
  facet normal 0 1.0000000 0
    outer loop
      vertex -16.9000750 7.9999990 6.5540650
      vertex -17.9000500 7.9999990 6.5112800
      vertex -17.9000500 7.9999990 6.5540650
    endloop
  endfacet
  facet normal 0 1.0000000 0
    outer loop
      vertex 17.9000500 7.9999990 6.5540650
      vertex 17.9000500 7.9999990 6.5112800
      vertex 17.1615610 7.9999990 6.5112800
    endloop
  endfacet
  facet normal 0 1.0000000 0
    outer loop
      vertex 17.9000500 7.9999990 6.5540650
      vertex 17.1615610 7.9999990 6.5112800
      vertex 16.9000750 7.9999990 6.5540650
    endloop
  endfacet
  facet normal 0 1.0000000 0
    outer loop
      vertex -17.1615610 7.9999990 6.5112800
      vertex -17.1707150 7.9999990 6.5094890
      vertex -17.9000500 7.9999990 6.5094890
    endloop
  endfacet
  facet normal 0 1.0000000 0
    outer loop
      vertex -17.1615610 7.9999990 6.5112800
      vertex -17.9000500 7.9999990 6.5094890
      vertex -17.9000500 7.9999990 6.5112800
    endloop
  endfacet
  facet normal 0 1.0000000 0
    outer loop
      vertex 17.9000500 7.9999990 6.5112800
      vertex 17.9000500 7.9999990 6.5094890
      vertex 17.1707150 7.9999990 6.5094890
    endloop
  endfacet
  facet normal 0 1.0000000 0
    outer loop
      vertex 17.9000500 7.9999990 6.5112800
      vertex 17.1707150 7.9999990 6.5094890
      vertex 17.1615610 7.9999990 6.5112800
    endloop
  endfacet
  facet normal 0 1.0000000 0
    outer loop
      vertex -17.1707150 7.9999990 6.5094890
      vertex -17.1754910 7.9999990 6.5071010
      vertex -17.9000500 7.9999990 6.5071010
    endloop
  endfacet
  facet normal 0 1.0000000 0
    outer loop
      vertex -17.1707150 7.9999990 6.5094890
      vertex -17.9000500 7.9999990 6.5071010
      vertex -17.9000500 7.9999990 6.5094890
    endloop
  endfacet
  facet normal 0 1.0000000 0
    outer loop
      vertex 17.9000500 7.9999990 6.5094890
      vertex 17.9000500 7.9999990 6.5071010
      vertex 17.1754910 7.9999990 6.5071010
    endloop
  endfacet
  facet normal 0 1.0000000 0
    outer loop
      vertex 17.9000500 7.9999990 6.5094890
      vertex 17.1754910 7.9999990 6.5071010
      vertex 17.1707150 7.9999990 6.5094890
    endloop
  endfacet
  facet normal 0 1.0000000 0
    outer loop
      vertex -17.1754910 7.9999990 6.5071010
      vertex -17.3902120 7.9999990 6.3755620
      vertex -17.9000500 7.9999990 6.3755620
    endloop
  endfacet
  facet normal 0 1.0000000 0
    outer loop
      vertex -17.1754910 7.9999990 6.5071010
      vertex -17.9000500 7.9999990 6.3755620
      vertex -17.9000500 7.9999990 6.5071010
    endloop
  endfacet
  facet normal 0 1.0000000 0
    outer loop
      vertex 17.9000500 7.9999990 6.5071010
      vertex 17.9000500 7.9999990 6.3755620
      vertex 17.3902120 7.9999990 6.3755620
    endloop
  endfacet
  facet normal 0 1.0000000 0
    outer loop
      vertex 17.9000500 7.9999990 6.5071010
      vertex 17.3902120 7.9999990 6.3755620
      vertex 17.1754910 7.9999990 6.5071010
    endloop
  endfacet
  facet normal 0 1.0000000 0
    outer loop
      vertex -17.3902120 7.9999990 6.3755620
      vertex -17.4113060 7.9999990 6.3556620
      vertex -17.9000500 7.9999990 6.3556620
    endloop
  endfacet
  facet normal 0 1.0000000 0
    outer loop
      vertex -17.3902120 7.9999990 6.3755620
      vertex -17.9000500 7.9999990 6.3556620
      vertex -17.9000500 7.9999990 6.3755620
    endloop
  endfacet
  facet normal 0 1.0000000 0
    outer loop
      vertex 17.9000500 7.9999990 6.3755620
      vertex 17.9000500 7.9999990 6.3556620
      vertex 17.4113060 7.9999990 6.3556620
    endloop
  endfacet
  facet normal 0 1.0000000 0
    outer loop
      vertex 17.9000500 7.9999990 6.3755620
      vertex 17.4113060 7.9999990 6.3556620
      vertex 17.3902120 7.9999990 6.3755620
    endloop
  endfacet
  facet normal 0 1.0000000 0
    outer loop
      vertex -17.4113060 7.9999990 6.3556620
      vertex -17.5535910 7.9999990 6.1861140
      vertex -17.9000500 7.9999990 6.1861140
    endloop
  endfacet
  facet normal 0 1.0000000 0
    outer loop
      vertex -17.4113060 7.9999990 6.3556620
      vertex -17.9000500 7.9999990 6.1861140
      vertex -17.9000500 7.9999990 6.3556620
    endloop
  endfacet
  facet normal 0 1.0000000 0
    outer loop
      vertex 17.9000500 7.9999990 6.3556620
      vertex 17.9000500 7.9999990 6.1861140
      vertex 17.5535910 7.9999990 6.1861140
    endloop
  endfacet
  facet normal 0 1.0000000 0
    outer loop
      vertex 17.9000500 7.9999990 6.3556620
      vertex 17.5535910 7.9999990 6.1861140
      vertex 17.4113060 7.9999990 6.3556620
    endloop
  endfacet
  facet normal 0 1.0000000 0
    outer loop
      vertex -17.5535910 7.9999990 6.1861140
      vertex -17.5557800 7.9999990 6.1827310
      vertex -17.9000500 7.9999990 6.1827310
    endloop
  endfacet
  facet normal 0 1.0000000 0
    outer loop
      vertex -17.5535910 7.9999990 6.1861140
      vertex -17.9000500 7.9999990 6.1827310
      vertex -17.9000500 7.9999990 6.1861140
    endloop
  endfacet
  facet normal 0 1.0000000 0
    outer loop
      vertex 17.9000500 7.9999990 6.1861140
      vertex 17.9000500 7.9999990 6.1827310
      vertex 17.5557800 7.9999990 6.1827310
    endloop
  endfacet
  facet normal 0 1.0000000 0
    outer loop
      vertex 17.9000500 7.9999990 6.1861140
      vertex 17.5557800 7.9999990 6.1827310
      vertex 17.5535910 7.9999990 6.1861140
    endloop
  endfacet
  facet normal 0 1.0000000 0
    outer loop
      vertex -17.5557800 7.9999990 6.1827310
      vertex -17.5621480 7.9999990 6.1680050
      vertex -17.9000500 7.9999990 6.1680050
    endloop
  endfacet
  facet normal 0 1.0000000 0
    outer loop
      vertex -17.5557800 7.9999990 6.1827310
      vertex -17.9000500 7.9999990 6.1680050
      vertex -17.9000500 7.9999990 6.1827310
    endloop
  endfacet
  facet normal 0 1.0000000 0
    outer loop
      vertex 17.9000500 7.9999990 6.1827310
      vertex 17.9000500 7.9999990 6.1680050
      vertex 17.5621480 7.9999990 6.1680050
    endloop
  endfacet
  facet normal 0 1.0000000 0
    outer loop
      vertex 17.9000500 7.9999990 6.1827310
      vertex 17.5621480 7.9999990 6.1680050
      vertex 17.5557800 7.9999990 6.1827310
    endloop
  endfacet
  facet normal 0 1.0000000 0
    outer loop
      vertex -17.5621480 7.9999990 6.1680050
      vertex -17.6284150 7.9999990 5.9950740
      vertex -17.9000500 7.9999990 5.9950740
    endloop
  endfacet
  facet normal 0 1.0000000 0
    outer loop
      vertex -17.5621480 7.9999990 6.1680050
      vertex -17.9000500 7.9999990 5.9950740
      vertex -17.9000500 7.9999990 6.1680050
    endloop
  endfacet
  facet normal 0 1.0000000 0
    outer loop
      vertex 17.9000500 7.9999990 6.1680050
      vertex 17.9000500 7.9999990 5.9950740
      vertex 17.6284150 7.9999990 5.9950740
    endloop
  endfacet
  facet normal 0 1.0000000 0
    outer loop
      vertex 17.9000500 7.9999990 6.1680050
      vertex 17.6284150 7.9999990 5.9950740
      vertex 17.5621480 7.9999990 6.1680050
    endloop
  endfacet
  facet normal 0 1.0000000 0
    outer loop
      vertex -17.6284150 7.9999990 5.9950740
      vertex -17.6427430 7.9999990 5.9164690
      vertex -17.9000500 7.9999990 5.9164690
    endloop
  endfacet
  facet normal 0 1.0000000 0
    outer loop
      vertex -17.6284150 7.9999990 5.9950740
      vertex -17.9000500 7.9999990 5.9164690
      vertex -17.9000500 7.9999990 5.9950740
    endloop
  endfacet
  facet normal 0 1.0000000 0
    outer loop
      vertex 17.9000500 7.9999990 5.9950740
      vertex 17.9000500 7.9999990 5.9164690
      vertex 17.6427430 7.9999990 5.9164690
    endloop
  endfacet
  facet normal 0 1.0000000 0
    outer loop
      vertex 17.9000500 7.9999990 5.9950740
      vertex 17.6427430 7.9999990 5.9164690
      vertex 17.6284150 7.9999990 5.9950740
    endloop
  endfacet
  facet normal 0 1.0000000 0
    outer loop
      vertex -17.6427430 7.9999990 5.9164690
      vertex -17.6538870 7.9999990 5.8000540
      vertex -17.9000500 7.9999990 5.8000540
    endloop
  endfacet
  facet normal 0 1.0000000 0
    outer loop
      vertex -17.6427430 7.9999990 5.9164690
      vertex -17.9000500 7.9999990 5.8000540
      vertex -17.9000500 7.9999990 5.9164690
    endloop
  endfacet
  facet normal 0 1.0000000 0
    outer loop
      vertex 17.9000500 7.9999990 5.9164690
      vertex 17.9000500 7.9999990 5.8000540
      vertex 17.6538870 7.9999990 5.8000540
    endloop
  endfacet
  facet normal 0 1.0000000 0
    outer loop
      vertex 17.9000500 7.9999990 5.9164690
      vertex 17.6538870 7.9999990 5.8000540
      vertex 17.6427430 7.9999990 5.9164690
    endloop
  endfacet
  facet normal 0 1.0000000 0
    outer loop
      vertex -17.6538870 7.9999990 5.8000540
      vertex -17.6538870 7.9999990 1.5999600
      vertex -17.9000500 7.9999990 1.5999600
    endloop
  endfacet
  facet normal 0 1.0000000 0
    outer loop
      vertex -17.6538870 7.9999990 5.8000540
      vertex -17.9000500 7.9999990 1.5999600
      vertex -17.9000500 7.9999990 5.8000540
    endloop
  endfacet
  facet normal 0 1.0000000 0
    outer loop
      vertex 17.9000500 7.9999990 5.8000540
      vertex 17.9000500 7.9999990 1.5999600
      vertex 17.6538870 7.9999990 1.5999600
    endloop
  endfacet
  facet normal 0 1.0000000 0
    outer loop
      vertex 17.9000500 7.9999990 5.8000540
      vertex 17.6538870 7.9999990 1.5999600
      vertex 17.6538870 7.9999990 5.8000540
    endloop
  endfacet
  facet normal 0 1.0000000 0
    outer loop
      vertex -17.6538870 7.9999990 1.5999600
      vertex -17.6427430 7.9999990 1.4835450
      vertex -17.9000500 7.9999990 1.4835450
    endloop
  endfacet
  facet normal 0 1.0000000 0
    outer loop
      vertex -17.6538870 7.9999990 1.5999600
      vertex -17.9000500 7.9999990 1.4835450
      vertex -17.9000500 7.9999990 1.5999600
    endloop
  endfacet
  facet normal 0 1.0000000 0
    outer loop
      vertex 17.9000500 7.9999990 1.5999600
      vertex 17.9000500 7.9999990 1.4835450
      vertex 17.6427430 7.9999990 1.4835450
    endloop
  endfacet
  facet normal 0 1.0000000 0
    outer loop
      vertex 17.9000500 7.9999990 1.5999600
      vertex 17.6427430 7.9999990 1.4835450
      vertex 17.6538870 7.9999990 1.5999600
    endloop
  endfacet
  facet normal 0 1.0000000 0
    outer loop
      vertex -17.6427430 7.9999990 1.4835450
      vertex -17.6284150 7.9999990 1.4049400
      vertex -17.9000500 7.9999990 1.4049400
    endloop
  endfacet
  facet normal 0 1.0000000 0
    outer loop
      vertex -17.6427430 7.9999990 1.4835450
      vertex -17.9000500 7.9999990 1.4049400
      vertex -17.9000500 7.9999990 1.4835450
    endloop
  endfacet
  facet normal 0 1.0000000 0
    outer loop
      vertex 17.9000500 7.9999990 1.4835450
      vertex 17.9000500 7.9999990 1.4049400
      vertex 17.6284150 7.9999990 1.4049400
    endloop
  endfacet
  facet normal 0 1.0000000 0
    outer loop
      vertex 17.9000500 7.9999990 1.4835450
      vertex 17.6284150 7.9999990 1.4049400
      vertex 17.6427430 7.9999990 1.4835450
    endloop
  endfacet
  facet normal 0 1.0000000 0
    outer loop
      vertex -17.6284150 7.9999990 1.4049400
      vertex -17.5621480 7.9999990 1.2320090
      vertex -17.9000500 7.9999990 1.2320090
    endloop
  endfacet
  facet normal 0 1.0000000 0
    outer loop
      vertex -17.6284150 7.9999990 1.4049400
      vertex -17.9000500 7.9999990 1.2320090
      vertex -17.9000500 7.9999990 1.4049400
    endloop
  endfacet
  facet normal 0 1.0000000 0
    outer loop
      vertex 17.9000500 7.9999990 1.4049400
      vertex 17.9000500 7.9999990 1.2320090
      vertex 17.5621480 7.9999990 1.2320090
    endloop
  endfacet
  facet normal 0 1.0000000 0
    outer loop
      vertex 17.9000500 7.9999990 1.4049400
      vertex 17.5621480 7.9999990 1.2320090
      vertex 17.6284150 7.9999990 1.4049400
    endloop
  endfacet
  facet normal 0 1.0000000 0
    outer loop
      vertex -17.5621480 7.9999990 1.2320090
      vertex -17.5557800 7.9999990 1.2172830
      vertex -17.9000500 7.9999990 1.2172830
    endloop
  endfacet
  facet normal 0 1.0000000 0
    outer loop
      vertex -17.5621480 7.9999990 1.2320090
      vertex -17.9000500 7.9999990 1.2172830
      vertex -17.9000500 7.9999990 1.2320090
    endloop
  endfacet
  facet normal 0 1.0000000 0
    outer loop
      vertex 17.9000500 7.9999990 1.2320090
      vertex 17.9000500 7.9999990 1.2172830
      vertex 17.5557800 7.9999990 1.2172830
    endloop
  endfacet
  facet normal 0 1.0000000 0
    outer loop
      vertex 17.9000500 7.9999990 1.2320090
      vertex 17.5557800 7.9999990 1.2172830
      vertex 17.5621480 7.9999990 1.2320090
    endloop
  endfacet
  facet normal 0 1.0000000 0
    outer loop
      vertex -17.5557800 7.9999990 1.2172830
      vertex -17.5535910 7.9999990 1.2139000
      vertex -17.9000500 7.9999990 1.2139000
    endloop
  endfacet
  facet normal 0 1.0000000 0
    outer loop
      vertex -17.5557800 7.9999990 1.2172830
      vertex -17.9000500 7.9999990 1.2139000
      vertex -17.9000500 7.9999990 1.2172830
    endloop
  endfacet
  facet normal 0 1.0000000 0
    outer loop
      vertex 17.9000500 7.9999990 1.2172830
      vertex 17.9000500 7.9999990 1.2139000
      vertex 17.5535910 7.9999990 1.2139000
    endloop
  endfacet
  facet normal 0 1.0000000 0
    outer loop
      vertex 17.9000500 7.9999990 1.2172830
      vertex 17.5535910 7.9999990 1.2139000
      vertex 17.5557800 7.9999990 1.2172830
    endloop
  endfacet
  facet normal 0 1.0000000 0
    outer loop
      vertex -17.5535910 7.9999990 1.2139000
      vertex -17.4113060 7.9999990 1.0443520
      vertex -17.9000500 7.9999990 1.0443520
    endloop
  endfacet
  facet normal 0 1.0000000 0
    outer loop
      vertex -17.5535910 7.9999990 1.2139000
      vertex -17.9000500 7.9999990 1.0443520
      vertex -17.9000500 7.9999990 1.2139000
    endloop
  endfacet
  facet normal 0 1.0000000 0
    outer loop
      vertex 17.9000500 7.9999990 1.2139000
      vertex 17.9000500 7.9999990 1.0443520
      vertex 17.4113060 7.9999990 1.0443520
    endloop
  endfacet
  facet normal 0 1.0000000 0
    outer loop
      vertex 17.9000500 7.9999990 1.2139000
      vertex 17.4113060 7.9999990 1.0443520
      vertex 17.5535910 7.9999990 1.2139000
    endloop
  endfacet
  facet normal 0 1.0000000 0
    outer loop
      vertex -17.4113060 7.9999990 1.0443520
      vertex -17.3902120 7.9999990 1.0244520
      vertex -17.9000500 7.9999990 1.0244520
    endloop
  endfacet
  facet normal 0 1.0000000 0
    outer loop
      vertex -17.4113060 7.9999990 1.0443520
      vertex -17.9000500 7.9999990 1.0244520
      vertex -17.9000500 7.9999990 1.0443520
    endloop
  endfacet
  facet normal 0 1.0000000 0
    outer loop
      vertex 17.9000500 7.9999990 1.0443520
      vertex 17.9000500 7.9999990 1.0244520
      vertex 17.3902120 7.9999990 1.0244520
    endloop
  endfacet
  facet normal 0 1.0000000 0
    outer loop
      vertex 17.9000500 7.9999990 1.0443520
      vertex 17.3902120 7.9999990 1.0244520
      vertex 17.4113060 7.9999990 1.0443520
    endloop
  endfacet
  facet normal 0 1.0000000 0
    outer loop
      vertex -17.3902120 7.9999990 1.0244520
      vertex -17.1754910 7.9999990 0.8929130
      vertex -17.9000500 7.9999990 0.8929130
    endloop
  endfacet
  facet normal 0 1.0000000 0
    outer loop
      vertex -17.3902120 7.9999990 1.0244520
      vertex -17.9000500 7.9999990 0.8929130
      vertex -17.9000500 7.9999990 1.0244520
    endloop
  endfacet
  facet normal 0 1.0000000 0
    outer loop
      vertex 17.9000500 7.9999990 1.0244520
      vertex 17.9000500 7.9999990 0.8929130
      vertex 17.1754910 7.9999990 0.8929130
    endloop
  endfacet
  facet normal 0 1.0000000 0
    outer loop
      vertex 17.9000500 7.9999990 1.0244520
      vertex 17.1754910 7.9999990 0.8929130
      vertex 17.3902120 7.9999990 1.0244520
    endloop
  endfacet
  facet normal 0 1.0000000 0
    outer loop
      vertex -17.1754910 7.9999990 0.8929130
      vertex -17.1707150 7.9999990 0.8905250
      vertex -17.9000500 7.9999990 0.8905250
    endloop
  endfacet
  facet normal 0 1.0000000 0
    outer loop
      vertex -17.1754910 7.9999990 0.8929130
      vertex -17.9000500 7.9999990 0.8905250
      vertex -17.9000500 7.9999990 0.8929130
    endloop
  endfacet
  facet normal 0 1.0000000 0
    outer loop
      vertex 17.9000500 7.9999990 0.8929130
      vertex 17.9000500 7.9999990 0.8905250
      vertex 17.1707150 7.9999990 0.8905250
    endloop
  endfacet
  facet normal 0 1.0000000 0
    outer loop
      vertex 17.9000500 7.9999990 0.8929130
      vertex 17.1707150 7.9999990 0.8905250
      vertex 17.1754910 7.9999990 0.8929130
    endloop
  endfacet
  facet normal 0 1.0000000 0
    outer loop
      vertex -17.1707150 7.9999990 0.8905250
      vertex -17.1615610 7.9999990 0.8887340
      vertex -17.9000500 7.9999990 0.8887340
    endloop
  endfacet
  facet normal 0 1.0000000 0
    outer loop
      vertex -17.1707150 7.9999990 0.8905250
      vertex -17.9000500 7.9999990 0.8887340
      vertex -17.9000500 7.9999990 0.8905250
    endloop
  endfacet
  facet normal 0 1.0000000 0
    outer loop
      vertex 17.9000500 7.9999990 0.8905250
      vertex 17.9000500 7.9999990 0.8887340
      vertex 17.1615610 7.9999990 0.8887340
    endloop
  endfacet
  facet normal 0 1.0000000 0
    outer loop
      vertex 17.9000500 7.9999990 0.8905250
      vertex 17.1615610 7.9999990 0.8887340
      vertex 17.1707150 7.9999990 0.8905250
    endloop
  endfacet
  facet normal 0 1.0000000 0
    outer loop
      vertex -17.1615610 7.9999990 0.8887340
      vertex -16.9000750 7.9999990 0.8459490
      vertex -17.9000500 7.9999990 0.8459490
    endloop
  endfacet
  facet normal 0 1.0000000 0
    outer loop
      vertex -17.1615610 7.9999990 0.8887340
      vertex -17.9000500 7.9999990 0.8459490
      vertex -17.9000500 7.9999990 0.8887340
    endloop
  endfacet
  facet normal 0 1.0000000 0
    outer loop
      vertex 17.9000500 7.9999990 0.8887340
      vertex 17.9000500 7.9999990 0.8459490
      vertex 16.9000750 7.9999990 0.8459490
    endloop
  endfacet
  facet normal 0 1.0000000 0
    outer loop
      vertex 17.9000500 7.9999990 0.8887340
      vertex 16.9000750 7.9999990 0.8459490
      vertex 17.1615610 7.9999990 0.8887340
    endloop
  endfacet
  facet normal 0 1.0000000 0
    outer loop
      vertex 0 7.9999990 0.7639610
      vertex -16.9000750 7.9999990 0.8459490
      vertex 16.9000750 7.9999990 0.8459490
    endloop
  endfacet
  facet normal 0 1.0000000 0
    outer loop
      vertex 0 7.9999990 0.7639610
      vertex 16.9000750 7.9999990 0.8459490
      vertex 17.9000500 7.9999990 0.8459490
    endloop
  endfacet
  facet normal 0 1.0000000 0
    outer loop
      vertex 0 7.9999990 0.7639610
      vertex 17.9000500 7.9999990 0.8459490
      vertex 17.9000500 7.9999990 0.5999850
    endloop
  endfacet
  facet normal 0 1.0000000 0
    outer loop
      vertex 0 7.9999990 0.7639610
      vertex 17.9000500 7.9999990 0.5999850
      vertex -17.9000500 7.9999990 0.5999850
    endloop
  endfacet
  facet normal 0 1.0000000 0
    outer loop
      vertex 0 7.9999990 0.7639610
      vertex -17.9000500 7.9999990 0.5999850
      vertex -17.9000500 7.9999990 0.8459490
    endloop
  endfacet
  facet normal 0 1.0000000 0
    outer loop
      vertex 0 7.9999990 0.7639610
      vertex -17.9000500 7.9999990 0.8459490
      vertex -16.9000750 7.9999990 0.8459490
    endloop
  endfacet
  facet normal 0.9951230 0 0.0986419
    outer loop
      vertex -16.7000800 -0.1500460 3.7000070
      vertex -16.7000800 -2.5000370 3.7000070
      vertex -16.6865480 -2.5000370 3.5634930
    endloop
  endfacet
  facet normal 0.9951230 0 0.0986419
    outer loop
      vertex -16.7000800 -0.1500460 3.7000070
      vertex -16.6865480 -2.5000370 3.5634930
      vertex -16.6865480 -0.1500460 3.5634930
    endloop
  endfacet
  facet normal -0.8819109 0 0.4714162
    outer loop
      vertex -15.4179230 -0.1500460 3.3111610
      vertex -15.4179230 -2.5000370 3.3111610
      vertex -15.3532480 -2.5000370 3.4321530
    endloop
  endfacet
  facet normal -0.8819109 0 0.4714162
    outer loop
      vertex -15.4179230 -0.1500460 3.3111610
      vertex -15.3532480 -2.5000370 3.4321530
      vertex -15.3532480 -0.1500460 3.4321530
    endloop
  endfacet
  facet normal -0.9570244 0 0.2900074
    outer loop
      vertex -15.3532480 -0.1500460 3.4321530
      vertex -15.3532480 -2.5000370 3.4321530
      vertex -15.3134480 -2.5000370 3.5634930
    endloop
  endfacet
  facet normal -0.9570244 0 0.2900074
    outer loop
      vertex -15.3532480 -0.1500460 3.4321530
      vertex -15.3134480 -2.5000370 3.5634930
      vertex -15.3134480 -0.1500460 3.5634930
    endloop
  endfacet
  facet normal -0.9951230 0 0.0986419
    outer loop
      vertex -15.3134480 -0.1500460 3.5634930
      vertex -15.3134480 -2.5000370 3.5634930
      vertex -15.2999160 -2.5000370 3.7000070
    endloop
  endfacet
  facet normal -0.9951230 0 0.0986419
    outer loop
      vertex -15.3134480 -0.1500460 3.5634930
      vertex -15.2999160 -2.5000370 3.7000070
      vertex -15.2999160 -0.1500460 3.7000070
    endloop
  endfacet
  facet normal 0.9570244 0 0.2900074
    outer loop
      vertex -16.6865480 -0.1500460 3.5634930
      vertex -16.6865480 -2.5000370 3.5634930
      vertex -16.6467480 -2.5000370 3.4321530
    endloop
  endfacet
  facet normal 0.9570244 0 0.2900074
    outer loop
      vertex -16.6865480 -0.1500460 3.5634930
      vertex -16.6467480 -2.5000370 3.4321530
      vertex -16.6467480 -0.1500460 3.4321530
    endloop
  endfacet
  facet normal 0.8819109 0 0.4714162
    outer loop
      vertex -16.6467480 -0.1500460 3.4321530
      vertex -16.6467480 -2.5000370 3.4321530
      vertex -16.5820730 -2.5000370 3.3111610
    endloop
  endfacet
  facet normal 0.8819109 0 0.4714162
    outer loop
      vertex -16.6467480 -0.1500460 3.4321530
      vertex -16.5820730 -2.5000370 3.3111610
      vertex -16.5820730 -0.1500460 3.3111610
    endloop
  endfacet
  facet normal 0.7725993 0 0.6348940
    outer loop
      vertex -16.5820730 -0.1500460 3.3111610
      vertex -16.5820730 -2.5000370 3.3111610
      vertex -16.4949110 -2.5000370 3.2050940
    endloop
  endfacet
  facet normal 0.7725993 0 0.6348940
    outer loop
      vertex -16.5820730 -0.1500460 3.3111610
      vertex -16.4949110 -2.5000370 3.2050940
      vertex -16.4949110 -0.1500460 3.2050940
    endloop
  endfacet
  facet normal 0.6348940 0 0.7725993
    outer loop
      vertex -16.4949110 -0.1500460 3.2050940
      vertex -16.4949110 -2.5000370 3.2050940
      vertex -16.3888440 -2.5000370 3.1179320
    endloop
  endfacet
  facet normal 0.6348940 0 0.7725993
    outer loop
      vertex -16.4949110 -0.1500460 3.2050940
      vertex -16.3888440 -2.5000370 3.1179320
      vertex -16.3888440 -0.1500460 3.1179320
    endloop
  endfacet
  facet normal 0.4714162 0 0.8819109
    outer loop
      vertex -16.3888440 -0.1500460 3.1179320
      vertex -16.3888440 -2.5000370 3.1179320
      vertex -16.2678520 -2.5000370 3.0532570
    endloop
  endfacet
  facet normal 0.4714162 0 0.8819109
    outer loop
      vertex -16.3888440 -0.1500460 3.1179320
      vertex -16.2678520 -2.5000370 3.0532570
      vertex -16.2678520 -0.1500460 3.0532570
    endloop
  endfacet
  facet normal 0.2900074 0 0.9570244
    outer loop
      vertex -16.2678520 -0.1500460 3.0532570
      vertex -16.2678520 -2.5000370 3.0532570
      vertex -16.1365120 -2.5000370 3.0134570
    endloop
  endfacet
  facet normal 0.2900074 0 0.9570244
    outer loop
      vertex -16.2678520 -0.1500460 3.0532570
      vertex -16.1365120 -2.5000370 3.0134570
      vertex -16.1365120 -0.1500460 3.0134570
    endloop
  endfacet
  facet normal 0.0986419 0 0.9951230
    outer loop
      vertex -16.1365120 -0.1500460 3.0134570
      vertex -16.1365120 -2.5000370 3.0134570
      vertex -15.9999980 -2.5000370 2.9999250
    endloop
  endfacet
  facet normal 0.0986419 0 0.9951230
    outer loop
      vertex -16.1365120 -0.1500460 3.0134570
      vertex -15.9999980 -2.5000370 2.9999250
      vertex -15.9999980 -0.1500460 2.9999250
    endloop
  endfacet
  facet normal -0.0986419 0 0.9951230
    outer loop
      vertex -15.9999980 -0.1500460 2.9999250
      vertex -15.9999980 -2.5000370 2.9999250
      vertex -15.8634840 -2.5000370 3.0134570
    endloop
  endfacet
  facet normal -0.0986419 0 0.9951230
    outer loop
      vertex -15.9999980 -0.1500460 2.9999250
      vertex -15.8634840 -2.5000370 3.0134570
      vertex -15.8634840 -0.1500460 3.0134570
    endloop
  endfacet
  facet normal -0.2900074 0 0.9570244
    outer loop
      vertex -15.8634840 -0.1500460 3.0134570
      vertex -15.8634840 -2.5000370 3.0134570
      vertex -15.7321440 -2.5000370 3.0532570
    endloop
  endfacet
  facet normal -0.2900074 0 0.9570244
    outer loop
      vertex -15.8634840 -0.1500460 3.0134570
      vertex -15.7321440 -2.5000370 3.0532570
      vertex -15.7321440 -0.1500460 3.0532570
    endloop
  endfacet
  facet normal -0.4714162 0 0.8819109
    outer loop
      vertex -15.7321440 -0.1500460 3.0532570
      vertex -15.7321440 -2.5000370 3.0532570
      vertex -15.6111520 -2.5000370 3.1179320
    endloop
  endfacet
  facet normal -0.4714162 0 0.8819109
    outer loop
      vertex -15.7321440 -0.1500460 3.0532570
      vertex -15.6111520 -2.5000370 3.1179320
      vertex -15.6111520 -0.1500460 3.1179320
    endloop
  endfacet
  facet normal -0.6348940 0 0.7725993
    outer loop
      vertex -15.6111520 -0.1500460 3.1179320
      vertex -15.6111520 -2.5000370 3.1179320
      vertex -15.5050850 -2.5000370 3.2050940
    endloop
  endfacet
  facet normal -0.6348940 0 0.7725993
    outer loop
      vertex -15.6111520 -0.1500460 3.1179320
      vertex -15.5050850 -2.5000370 3.2050940
      vertex -15.5050850 -0.1500460 3.2050940
    endloop
  endfacet
  facet normal -0.7725993 0 0.6348940
    outer loop
      vertex -15.5050850 -0.1500460 3.2050940
      vertex -15.5050850 -2.5000370 3.2050940
      vertex -15.4179230 -2.5000370 3.3111610
    endloop
  endfacet
  facet normal -0.7725993 0 0.6348940
    outer loop
      vertex -15.5050850 -0.1500460 3.2050940
      vertex -15.4179230 -2.5000370 3.3111610
      vertex -15.4179230 -0.1500460 3.3111610
    endloop
  endfacet
  facet normal -0.9951230 0 -0.0986419
    outer loop
      vertex -15.2999160 -0.1500460 3.7000070
      vertex -15.2999160 -2.5000370 3.7000070
      vertex -15.3134480 -2.5000370 3.8365210
    endloop
  endfacet
  facet normal -0.9951230 0 -0.0986419
    outer loop
      vertex -15.2999160 -0.1500460 3.7000070
      vertex -15.3134480 -2.5000370 3.8365210
      vertex -15.3134480 -0.1500460 3.8365210
    endloop
  endfacet
  facet normal -0.9570244 0 -0.2900074
    outer loop
      vertex -15.3134480 -0.1500460 3.8365210
      vertex -15.3134480 -2.5000370 3.8365210
      vertex -15.3532480 -2.5000370 3.9678610
    endloop
  endfacet
  facet normal -0.9570244 0 -0.2900074
    outer loop
      vertex -15.3134480 -0.1500460 3.8365210
      vertex -15.3532480 -2.5000370 3.9678610
      vertex -15.3532480 -0.1500460 3.9678610
    endloop
  endfacet
  facet normal -0.8819109 0 -0.4714162
    outer loop
      vertex -15.3532480 -0.1500460 3.9678610
      vertex -15.3532480 -2.5000370 3.9678610
      vertex -15.4179230 -2.5000370 4.0888530
    endloop
  endfacet
  facet normal -0.8819109 0 -0.4714162
    outer loop
      vertex -15.3532480 -0.1500460 3.9678610
      vertex -15.4179230 -2.5000370 4.0888530
      vertex -15.4179230 -0.1500460 4.0888530
    endloop
  endfacet
  facet normal -0.7725993 0 -0.6348940
    outer loop
      vertex -15.4179230 -0.1500460 4.0888530
      vertex -15.4179230 -2.5000370 4.0888530
      vertex -15.5050850 -2.5000370 4.1949200
    endloop
  endfacet
  facet normal -0.7725993 0 -0.6348940
    outer loop
      vertex -15.4179230 -0.1500460 4.0888530
      vertex -15.5050850 -2.5000370 4.1949200
      vertex -15.5050850 -0.1500460 4.1949200
    endloop
  endfacet
  facet normal -0.6348940 0 -0.7725993
    outer loop
      vertex -15.5050850 -0.1500460 4.1949200
      vertex -15.5050850 -2.5000370 4.1949200
      vertex -15.6111520 -2.5000370 4.2820820
    endloop
  endfacet
  facet normal -0.6348940 0 -0.7725993
    outer loop
      vertex -15.5050850 -0.1500460 4.1949200
      vertex -15.6111520 -2.5000370 4.2820820
      vertex -15.6111520 -0.1500460 4.2820820
    endloop
  endfacet
  facet normal -0.4714162 0 -0.8819109
    outer loop
      vertex -15.6111520 -0.1500460 4.2820820
      vertex -15.6111520 -2.5000370 4.2820820
      vertex -15.7321440 -2.5000370 4.3467570
    endloop
  endfacet
  facet normal -0.4714162 0 -0.8819109
    outer loop
      vertex -15.6111520 -0.1500460 4.2820820
      vertex -15.7321440 -2.5000370 4.3467570
      vertex -15.7321440 -0.1500460 4.3467570
    endloop
  endfacet
  facet normal -0.2900074 0 -0.9570244
    outer loop
      vertex -15.7321440 -0.1500460 4.3467570
      vertex -15.7321440 -2.5000370 4.3467570
      vertex -15.8634840 -2.5000370 4.3865570
    endloop
  endfacet
  facet normal -0.2900074 0 -0.9570244
    outer loop
      vertex -15.7321440 -0.1500460 4.3467570
      vertex -15.8634840 -2.5000370 4.3865570
      vertex -15.8634840 -0.1500460 4.3865570
    endloop
  endfacet
  facet normal -0.0986419 0 -0.9951230
    outer loop
      vertex -15.8634840 -0.1500460 4.3865570
      vertex -15.8634840 -2.5000370 4.3865570
      vertex -15.9999980 -2.5000370 4.4000890
    endloop
  endfacet
  facet normal -0.0986419 0 -0.9951230
    outer loop
      vertex -15.8634840 -0.1500460 4.3865570
      vertex -15.9999980 -2.5000370 4.4000890
      vertex -15.9999980 -0.1500460 4.4000890
    endloop
  endfacet
  facet normal 0.0986419 0 -0.9951230
    outer loop
      vertex -15.9999980 -0.1500460 4.4000890
      vertex -15.9999980 -2.5000370 4.4000890
      vertex -16.1365120 -2.5000370 4.3865570
    endloop
  endfacet
  facet normal 0.0986419 0 -0.9951230
    outer loop
      vertex -15.9999980 -0.1500460 4.4000890
      vertex -16.1365120 -2.5000370 4.3865570
      vertex -16.1365120 -0.1500460 4.3865570
    endloop
  endfacet
  facet normal 0.2900074 0 -0.9570244
    outer loop
      vertex -16.1365120 -0.1500460 4.3865570
      vertex -16.1365120 -2.5000370 4.3865570
      vertex -16.2678520 -2.5000370 4.3467570
    endloop
  endfacet
  facet normal 0.2900074 0 -0.9570244
    outer loop
      vertex -16.1365120 -0.1500460 4.3865570
      vertex -16.2678520 -2.5000370 4.3467570
      vertex -16.2678520 -0.1500460 4.3467570
    endloop
  endfacet
  facet normal 0.4714162 0 -0.8819109
    outer loop
      vertex -16.2678520 -0.1500460 4.3467570
      vertex -16.2678520 -2.5000370 4.3467570
      vertex -16.3888440 -2.5000370 4.2820820
    endloop
  endfacet
  facet normal 0.4714162 0 -0.8819109
    outer loop
      vertex -16.2678520 -0.1500460 4.3467570
      vertex -16.3888440 -2.5000370 4.2820820
      vertex -16.3888440 -0.1500460 4.2820820
    endloop
  endfacet
  facet normal 0.6348940 0 -0.7725993
    outer loop
      vertex -16.3888440 -0.1500460 4.2820820
      vertex -16.3888440 -2.5000370 4.2820820
      vertex -16.4949110 -2.5000370 4.1949200
    endloop
  endfacet
  facet normal 0.6348940 0 -0.7725993
    outer loop
      vertex -16.3888440 -0.1500460 4.2820820
      vertex -16.4949110 -2.5000370 4.1949200
      vertex -16.4949110 -0.1500460 4.1949200
    endloop
  endfacet
  facet normal 0.7725993 0 -0.6348940
    outer loop
      vertex -16.4949110 -0.1500460 4.1949200
      vertex -16.4949110 -2.5000370 4.1949200
      vertex -16.5820730 -2.5000370 4.0888530
    endloop
  endfacet
  facet normal 0.7725993 0 -0.6348940
    outer loop
      vertex -16.4949110 -0.1500460 4.1949200
      vertex -16.5820730 -2.5000370 4.0888530
      vertex -16.5820730 -0.1500460 4.0888530
    endloop
  endfacet
  facet normal 0.8819109 0 -0.4714162
    outer loop
      vertex -16.5820730 -0.1500460 4.0888530
      vertex -16.5820730 -2.5000370 4.0888530
      vertex -16.6467480 -2.5000370 3.9678610
    endloop
  endfacet
  facet normal 0.8819109 0 -0.4714162
    outer loop
      vertex -16.5820730 -0.1500460 4.0888530
      vertex -16.6467480 -2.5000370 3.9678610
      vertex -16.6467480 -0.1500460 3.9678610
    endloop
  endfacet
  facet normal 0.9570244 0 -0.2900074
    outer loop
      vertex -16.6467480 -0.1500460 3.9678610
      vertex -16.6467480 -2.5000370 3.9678610
      vertex -16.6865480 -2.5000370 3.8365210
    endloop
  endfacet
  facet normal 0.9570244 0 -0.2900074
    outer loop
      vertex -16.6467480 -0.1500460 3.9678610
      vertex -16.6865480 -2.5000370 3.8365210
      vertex -16.6865480 -0.1500460 3.8365210
    endloop
  endfacet
  facet normal 0.9951230 0 -0.0986419
    outer loop
      vertex -16.6865480 -0.1500460 3.8365210
      vertex -16.6865480 -2.5000370 3.8365210
      vertex -16.7000800 -2.5000370 3.7000070
    endloop
  endfacet
  facet normal 0.9951230 0 -0.0986419
    outer loop
      vertex -16.6865480 -0.1500460 3.8365210
      vertex -16.7000800 -2.5000370 3.7000070
      vertex -16.7000800 -0.1500460 3.7000070
    endloop
  endfacet
  facet normal 0 1.0000000 0
    outer loop
      vertex 0 -0.1500460 4.6154070
      vertex 16.9000750 -0.1500460 5.8000540
      vertex 16.9000750 -0.1500460 4.4000890
    endloop
  endfacet
  facet normal 0 1.0000000 0
    outer loop
      vertex 0 -0.1500460 4.6154070
      vertex 16.9000750 -0.1500460 4.4000890
      vertex 15.9999980 -0.1500460 4.4000890
    endloop
  endfacet
  facet normal 0 1.0000000 0
    outer loop
      vertex 0 -0.1500460 4.6154070
      vertex 15.9999980 -0.1500460 4.4000890
      vertex 12.0000980 -0.1500460 4.4000890
    endloop
  endfacet
  facet normal 0 1.0000000 0
    outer loop
      vertex 0 -0.1500460 4.6154070
      vertex 12.0000980 -0.1500460 4.4000890
      vertex 7.9999990 -0.1500460 4.4000890
    endloop
  endfacet
  facet normal 0 1.0000000 0
    outer loop
      vertex 0 -0.1500460 4.6154070
      vertex 7.9999990 -0.1500460 4.4000890
      vertex 4.0000990 -0.1500460 4.4000890
    endloop
  endfacet
  facet normal 0 1.0000000 0
    outer loop
      vertex 0 -0.1500460 4.6154070
      vertex 4.0000990 -0.1500460 4.4000890
      vertex 0 -0.1500460 4.4000890
    endloop
  endfacet
  facet normal 0 1.0000000 0
    outer loop
      vertex 0 -0.1500460 4.6154070
      vertex 0 -0.1500460 4.4000890
      vertex -4.0000990 -0.1500460 4.4000890
    endloop
  endfacet
  facet normal 0 1.0000000 0
    outer loop
      vertex 0 -0.1500460 4.6154070
      vertex -4.0000990 -0.1500460 4.4000890
      vertex -7.9999990 -0.1500460 4.4000890
    endloop
  endfacet
  facet normal 0 1.0000000 0
    outer loop
      vertex 0 -0.1500460 4.6154070
      vertex -7.9999990 -0.1500460 4.4000890
      vertex -12.0000980 -0.1500460 4.4000890
    endloop
  endfacet
  facet normal 0 1.0000000 0
    outer loop
      vertex 0 -0.1500460 4.6154070
      vertex -12.0000980 -0.1500460 4.4000890
      vertex -15.9999980 -0.1500460 4.4000890
    endloop
  endfacet
  facet normal 0 1.0000000 0
    outer loop
      vertex 0 -0.1500460 4.6154070
      vertex -15.9999980 -0.1500460 4.4000890
      vertex -16.9000750 -0.1500460 4.4000890
    endloop
  endfacet
  facet normal 0 1.0000000 0
    outer loop
      vertex 0 -0.1500460 4.6154070
      vertex -16.9000750 -0.1500460 4.4000890
      vertex -16.9000750 -0.1500460 5.8000540
    endloop
  endfacet
  facet normal 0 1.0000000 0
    outer loop
      vertex 0 -0.1500460 4.6154070
      vertex -16.9000750 -0.1500460 5.8000540
      vertex 16.9000750 -0.1500460 5.8000540
    endloop
  endfacet
  facet normal 0 1.0000000 0
    outer loop
      vertex -15.9999980 -0.1500460 4.4000890
      vertex -16.1365120 -0.1500460 4.3865570
      vertex -16.9000750 -0.1500460 4.3865570
    endloop
  endfacet
  facet normal 0 1.0000000 0
    outer loop
      vertex -15.9999980 -0.1500460 4.4000890
      vertex -16.9000750 -0.1500460 4.3865570
      vertex -16.9000750 -0.1500460 4.4000890
    endloop
  endfacet
  facet normal 0 1.0000000 0
    outer loop
      vertex -12.0000980 -0.1500460 4.4000890
      vertex -12.1366120 -0.1500460 4.3865570
      vertex -15.8634840 -0.1500460 4.3865570
    endloop
  endfacet
  facet normal 0 1.0000000 0
    outer loop
      vertex -12.0000980 -0.1500460 4.4000890
      vertex -15.8634840 -0.1500460 4.3865570
      vertex -15.9999980 -0.1500460 4.4000890
    endloop
  endfacet
  facet normal 0 1.0000000 0
    outer loop
      vertex -7.9999990 -0.1500460 4.4000890
      vertex -8.1365130 -0.1500460 4.3865570
      vertex -11.8633850 -0.1500460 4.3865570
    endloop
  endfacet
  facet normal 0 1.0000000 0
    outer loop
      vertex -7.9999990 -0.1500460 4.4000890
      vertex -11.8633850 -0.1500460 4.3865570
      vertex -12.0000980 -0.1500460 4.4000890
    endloop
  endfacet
  facet normal 0 1.0000000 0
    outer loop
      vertex -4.0000990 -0.1500460 4.4000890
      vertex -4.1366130 -0.1500460 4.3865570
      vertex -7.8634850 -0.1500460 4.3865570
    endloop
  endfacet
  facet normal 0 1.0000000 0
    outer loop
      vertex -4.0000990 -0.1500460 4.4000890
      vertex -7.8634850 -0.1500460 4.3865570
      vertex -7.9999990 -0.1500460 4.4000890
    endloop
  endfacet
  facet normal 0 1.0000000 0
    outer loop
      vertex 0 -0.1500460 4.4000890
      vertex -0.1365140 -0.1500460 4.3865570
      vertex -3.8633860 -0.1500460 4.3865570
    endloop
  endfacet
  facet normal 0 1.0000000 0
    outer loop
      vertex 0 -0.1500460 4.4000890
      vertex -3.8633860 -0.1500460 4.3865570
      vertex -4.0000990 -0.1500460 4.4000890
    endloop
  endfacet
  facet normal 0 1.0000000 0
    outer loop
      vertex 4.0000990 -0.1500460 4.4000890
      vertex 3.8633860 -0.1500460 4.3865570
      vertex 0.1365140 -0.1500460 4.3865570
    endloop
  endfacet
  facet normal 0 1.0000000 0
    outer loop
      vertex 4.0000990 -0.1500460 4.4000890
      vertex 0.1365140 -0.1500460 4.3865570
      vertex 0 -0.1500460 4.4000890
    endloop
  endfacet
  facet normal 0 1.0000000 0
    outer loop
      vertex 7.9999990 -0.1500460 4.4000890
      vertex 7.8634850 -0.1500460 4.3865570
      vertex 4.1366130 -0.1500460 4.3865570
    endloop
  endfacet
  facet normal 0 1.0000000 0
    outer loop
      vertex 7.9999990 -0.1500460 4.4000890
      vertex 4.1366130 -0.1500460 4.3865570
      vertex 4.0000990 -0.1500460 4.4000890
    endloop
  endfacet
  facet normal 0 1.0000000 0
    outer loop
      vertex 12.0000980 -0.1500460 4.4000890
      vertex 11.8633850 -0.1500460 4.3865570
      vertex 8.1365130 -0.1500460 4.3865570
    endloop
  endfacet
  facet normal 0 1.0000000 0
    outer loop
      vertex 12.0000980 -0.1500460 4.4000890
      vertex 8.1365130 -0.1500460 4.3865570
      vertex 7.9999990 -0.1500460 4.4000890
    endloop
  endfacet
  facet normal 0 1.0000000 0
    outer loop
      vertex 15.9999980 -0.1500460 4.4000890
      vertex 15.8634840 -0.1500460 4.3865570
      vertex 12.1366120 -0.1500460 4.3865570
    endloop
  endfacet
  facet normal 0 1.0000000 0
    outer loop
      vertex 15.9999980 -0.1500460 4.4000890
      vertex 12.1366120 -0.1500460 4.3865570
      vertex 12.0000980 -0.1500460 4.4000890
    endloop
  endfacet
  facet normal 0 1.0000000 0
    outer loop
      vertex 16.9000750 -0.1500460 4.4000890
      vertex 16.9000750 -0.1500460 4.3865570
      vertex 16.1365120 -0.1500460 4.3865570
    endloop
  endfacet
  facet normal 0 1.0000000 0
    outer loop
      vertex 16.9000750 -0.1500460 4.4000890
      vertex 16.1365120 -0.1500460 4.3865570
      vertex 15.9999980 -0.1500460 4.4000890
    endloop
  endfacet
  facet normal 0 1.0000000 0
    outer loop
      vertex -16.1365120 -0.1500460 4.3865570
      vertex -16.2678520 -0.1500460 4.3467570
      vertex -16.9000750 -0.1500460 4.3467570
    endloop
  endfacet
  facet normal 0 1.0000000 0
    outer loop
      vertex -16.1365120 -0.1500460 4.3865570
      vertex -16.9000750 -0.1500460 4.3467570
      vertex -16.9000750 -0.1500460 4.3865570
    endloop
  endfacet
  facet normal 0 1.0000000 0
    outer loop
      vertex -12.1366120 -0.1500460 4.3865570
      vertex -12.2679520 -0.1500460 4.3467570
      vertex -15.7321440 -0.1500460 4.3467570
    endloop
  endfacet
  facet normal 0 1.0000000 0
    outer loop
      vertex -12.1366120 -0.1500460 4.3865570
      vertex -15.7321440 -0.1500460 4.3467570
      vertex -15.8634840 -0.1500460 4.3865570
    endloop
  endfacet
  facet normal 0 1.0000000 0
    outer loop
      vertex -8.1365130 -0.1500460 4.3865570
      vertex -8.2678530 -0.1500460 4.3467570
      vertex -11.7320450 -0.1500460 4.3467570
    endloop
  endfacet
  facet normal 0 1.0000000 0
    outer loop
      vertex -8.1365130 -0.1500460 4.3865570
      vertex -11.7320450 -0.1500460 4.3467570
      vertex -11.8633850 -0.1500460 4.3865570
    endloop
  endfacet
  facet normal 0 1.0000000 0
    outer loop
      vertex -4.1366130 -0.1500460 4.3865570
      vertex -4.2679530 -0.1500460 4.3467570
      vertex -7.7321450 -0.1500460 4.3467570
    endloop
  endfacet
  facet normal 0 1.0000000 0
    outer loop
      vertex -4.1366130 -0.1500460 4.3865570
      vertex -7.7321450 -0.1500460 4.3467570
      vertex -7.8634850 -0.1500460 4.3865570
    endloop
  endfacet
  facet normal 0 1.0000000 0
    outer loop
      vertex -0.1365140 -0.1500460 4.3865570
      vertex -0.2678540 -0.1500460 4.3467570
      vertex -3.7320460 -0.1500460 4.3467570
    endloop
  endfacet
  facet normal 0 1.0000000 0
    outer loop
      vertex -0.1365140 -0.1500460 4.3865570
      vertex -3.7320460 -0.1500460 4.3467570
      vertex -3.8633860 -0.1500460 4.3865570
    endloop
  endfacet
  facet normal 0 1.0000000 0
    outer loop
      vertex 3.8633860 -0.1500460 4.3865570
      vertex 3.7320460 -0.1500460 4.3467570
      vertex 0.2678540 -0.1500460 4.3467570
    endloop
  endfacet
  facet normal 0 1.0000000 0
    outer loop
      vertex 3.8633860 -0.1500460 4.3865570
      vertex 0.2678540 -0.1500460 4.3467570
      vertex 0.1365140 -0.1500460 4.3865570
    endloop
  endfacet
  facet normal 0 1.0000000 0
    outer loop
      vertex 7.8634850 -0.1500460 4.3865570
      vertex 7.7321450 -0.1500460 4.3467570
      vertex 4.2679530 -0.1500460 4.3467570
    endloop
  endfacet
  facet normal 0 1.0000000 0
    outer loop
      vertex 7.8634850 -0.1500460 4.3865570
      vertex 4.2679530 -0.1500460 4.3467570
      vertex 4.1366130 -0.1500460 4.3865570
    endloop
  endfacet
  facet normal 0 1.0000000 0
    outer loop
      vertex 11.8633850 -0.1500460 4.3865570
      vertex 11.7320450 -0.1500460 4.3467570
      vertex 8.2678530 -0.1500460 4.3467570
    endloop
  endfacet
  facet normal 0 1.0000000 0
    outer loop
      vertex 11.8633850 -0.1500460 4.3865570
      vertex 8.2678530 -0.1500460 4.3467570
      vertex 8.1365130 -0.1500460 4.3865570
    endloop
  endfacet
  facet normal 0 1.0000000 0
    outer loop
      vertex 15.8634840 -0.1500460 4.3865570
      vertex 15.7321440 -0.1500460 4.3467570
      vertex 12.2679520 -0.1500460 4.3467570
    endloop
  endfacet
  facet normal 0 1.0000000 0
    outer loop
      vertex 15.8634840 -0.1500460 4.3865570
      vertex 12.2679520 -0.1500460 4.3467570
      vertex 12.1366120 -0.1500460 4.3865570
    endloop
  endfacet
  facet normal 0 1.0000000 0
    outer loop
      vertex 16.9000750 -0.1500460 4.3865570
      vertex 16.9000750 -0.1500460 4.3467570
      vertex 16.2678520 -0.1500460 4.3467570
    endloop
  endfacet
  facet normal 0 1.0000000 0
    outer loop
      vertex 16.9000750 -0.1500460 4.3865570
      vertex 16.2678520 -0.1500460 4.3467570
      vertex 16.1365120 -0.1500460 4.3865570
    endloop
  endfacet
  facet normal 0 1.0000000 0
    outer loop
      vertex -16.2678520 -0.1500460 4.3467570
      vertex -16.3888440 -0.1500460 4.2820820
      vertex -16.9000750 -0.1500460 4.2820820
    endloop
  endfacet
  facet normal 0 1.0000000 0
    outer loop
      vertex -16.2678520 -0.1500460 4.3467570
      vertex -16.9000750 -0.1500460 4.2820820
      vertex -16.9000750 -0.1500460 4.3467570
    endloop
  endfacet
  facet normal 0 1.0000000 0
    outer loop
      vertex -12.2679520 -0.1500460 4.3467570
      vertex -12.3889440 -0.1500460 4.2820820
      vertex -15.6111520 -0.1500460 4.2820820
    endloop
  endfacet
  facet normal 0 1.0000000 0
    outer loop
      vertex -12.2679520 -0.1500460 4.3467570
      vertex -15.6111520 -0.1500460 4.2820820
      vertex -15.7321440 -0.1500460 4.3467570
    endloop
  endfacet
  facet normal 0 1.0000000 0
    outer loop
      vertex -8.2678530 -0.1500460 4.3467570
      vertex -8.3888450 -0.1500460 4.2820820
      vertex -11.6110530 -0.1500460 4.2820820
    endloop
  endfacet
  facet normal 0 1.0000000 0
    outer loop
      vertex -8.2678530 -0.1500460 4.3467570
      vertex -11.6110530 -0.1500460 4.2820820
      vertex -11.7320450 -0.1500460 4.3467570
    endloop
  endfacet
  facet normal 0 1.0000000 0
    outer loop
      vertex -4.2679530 -0.1500460 4.3467570
      vertex -4.3889450 -0.1500460 4.2820820
      vertex -7.6111530 -0.1500460 4.2820820
    endloop
  endfacet
  facet normal 0 1.0000000 0
    outer loop
      vertex -4.2679530 -0.1500460 4.3467570
      vertex -7.6111530 -0.1500460 4.2820820
      vertex -7.7321450 -0.1500460 4.3467570
    endloop
  endfacet
  facet normal 0 1.0000000 0
    outer loop
      vertex -0.2678540 -0.1500460 4.3467570
      vertex -0.3888460 -0.1500460 4.2820820
      vertex -3.6110540 -0.1500460 4.2820820
    endloop
  endfacet
  facet normal 0 1.0000000 0
    outer loop
      vertex -0.2678540 -0.1500460 4.3467570
      vertex -3.6110540 -0.1500460 4.2820820
      vertex -3.7320460 -0.1500460 4.3467570
    endloop
  endfacet
  facet normal 0 1.0000000 0
    outer loop
      vertex 3.7320460 -0.1500460 4.3467570
      vertex 3.6110540 -0.1500460 4.2820820
      vertex 0.3888460 -0.1500460 4.2820820
    endloop
  endfacet
  facet normal 0 1.0000000 0
    outer loop
      vertex 3.7320460 -0.1500460 4.3467570
      vertex 0.3888460 -0.1500460 4.2820820
      vertex 0.2678540 -0.1500460 4.3467570
    endloop
  endfacet
  facet normal 0 1.0000000 0
    outer loop
      vertex 7.7321450 -0.1500460 4.3467570
      vertex 7.6111530 -0.1500460 4.2820820
      vertex 4.3889450 -0.1500460 4.2820820
    endloop
  endfacet
  facet normal 0 1.0000000 0
    outer loop
      vertex 7.7321450 -0.1500460 4.3467570
      vertex 4.3889450 -0.1500460 4.2820820
      vertex 4.2679530 -0.1500460 4.3467570
    endloop
  endfacet
  facet normal 0 1.0000000 0
    outer loop
      vertex 11.7320450 -0.1500460 4.3467570
      vertex 11.6110530 -0.1500460 4.2820820
      vertex 8.3888450 -0.1500460 4.2820820
    endloop
  endfacet
  facet normal 0 1.0000000 0
    outer loop
      vertex 11.7320450 -0.1500460 4.3467570
      vertex 8.3888450 -0.1500460 4.2820820
      vertex 8.2678530 -0.1500460 4.3467570
    endloop
  endfacet
  facet normal 0 1.0000000 0
    outer loop
      vertex 15.7321440 -0.1500460 4.3467570
      vertex 15.6111520 -0.1500460 4.2820820
      vertex 12.3889440 -0.1500460 4.2820820
    endloop
  endfacet
  facet normal 0 1.0000000 0
    outer loop
      vertex 15.7321440 -0.1500460 4.3467570
      vertex 12.3889440 -0.1500460 4.2820820
      vertex 12.2679520 -0.1500460 4.3467570
    endloop
  endfacet
  facet normal 0 1.0000000 0
    outer loop
      vertex 16.9000750 -0.1500460 4.3467570
      vertex 16.9000750 -0.1500460 4.2820820
      vertex 16.3888440 -0.1500460 4.2820820
    endloop
  endfacet
  facet normal 0 1.0000000 0
    outer loop
      vertex 16.9000750 -0.1500460 4.3467570
      vertex 16.3888440 -0.1500460 4.2820820
      vertex 16.2678520 -0.1500460 4.3467570
    endloop
  endfacet
  facet normal 0 1.0000000 0
    outer loop
      vertex -16.3888440 -0.1500460 4.2820820
      vertex -16.4949110 -0.1500460 4.1949200
      vertex -16.9000750 -0.1500460 4.1949200
    endloop
  endfacet
  facet normal 0 1.0000000 0
    outer loop
      vertex -16.3888440 -0.1500460 4.2820820
      vertex -16.9000750 -0.1500460 4.1949200
      vertex -16.9000750 -0.1500460 4.2820820
    endloop
  endfacet
  facet normal 0 1.0000000 0
    outer loop
      vertex -12.3889440 -0.1500460 4.2820820
      vertex -12.4950110 -0.1500460 4.1949200
      vertex -15.5050850 -0.1500460 4.1949200
    endloop
  endfacet
  facet normal 0 1.0000000 0
    outer loop
      vertex -12.3889440 -0.1500460 4.2820820
      vertex -15.5050850 -0.1500460 4.1949200
      vertex -15.6111520 -0.1500460 4.2820820
    endloop
  endfacet
  facet normal 0 1.0000000 0
    outer loop
      vertex -8.3888450 -0.1500460 4.2820820
      vertex -8.4949120 -0.1500460 4.1949200
      vertex -11.5049860 -0.1500460 4.1949200
    endloop
  endfacet
  facet normal 0 1.0000000 0
    outer loop
      vertex -8.3888450 -0.1500460 4.2820820
      vertex -11.5049860 -0.1500460 4.1949200
      vertex -11.6110530 -0.1500460 4.2820820
    endloop
  endfacet
  facet normal 0 1.0000000 0
    outer loop
      vertex -4.3889450 -0.1500460 4.2820820
      vertex -4.4950120 -0.1500460 4.1949200
      vertex -7.5050860 -0.1500460 4.1949200
    endloop
  endfacet
  facet normal 0 1.0000000 0
    outer loop
      vertex -4.3889450 -0.1500460 4.2820820
      vertex -7.5050860 -0.1500460 4.1949200
      vertex -7.6111530 -0.1500460 4.2820820
    endloop
  endfacet
  facet normal 0 1.0000000 0
    outer loop
      vertex -0.3888460 -0.1500460 4.2820820
      vertex -0.4949130 -0.1500460 4.1949200
      vertex -3.5049870 -0.1500460 4.1949200
    endloop
  endfacet
  facet normal 0 1.0000000 0
    outer loop
      vertex -0.3888460 -0.1500460 4.2820820
      vertex -3.5049870 -0.1500460 4.1949200
      vertex -3.6110540 -0.1500460 4.2820820
    endloop
  endfacet
  facet normal 0 1.0000000 0
    outer loop
      vertex 3.6110540 -0.1500460 4.2820820
      vertex 3.5049870 -0.1500460 4.1949200
      vertex 0.4949130 -0.1500460 4.1949200
    endloop
  endfacet
  facet normal 0 1.0000000 0
    outer loop
      vertex 3.6110540 -0.1500460 4.2820820
      vertex 0.4949130 -0.1500460 4.1949200
      vertex 0.3888460 -0.1500460 4.2820820
    endloop
  endfacet
  facet normal 0 1.0000000 0
    outer loop
      vertex 7.6111530 -0.1500460 4.2820820
      vertex 7.5050860 -0.1500460 4.1949200
      vertex 4.4950120 -0.1500460 4.1949200
    endloop
  endfacet
  facet normal 0 1.0000000 0
    outer loop
      vertex 7.6111530 -0.1500460 4.2820820
      vertex 4.4950120 -0.1500460 4.1949200
      vertex 4.3889450 -0.1500460 4.2820820
    endloop
  endfacet
  facet normal 0 1.0000000 0
    outer loop
      vertex 11.6110530 -0.1500460 4.2820820
      vertex 11.5049860 -0.1500460 4.1949200
      vertex 8.4949120 -0.1500460 4.1949200
    endloop
  endfacet
  facet normal 0 1.0000000 0
    outer loop
      vertex 11.6110530 -0.1500460 4.2820820
      vertex 8.4949120 -0.1500460 4.1949200
      vertex 8.3888450 -0.1500460 4.2820820
    endloop
  endfacet
  facet normal 0 1.0000000 0
    outer loop
      vertex 15.6111520 -0.1500460 4.2820820
      vertex 15.5050850 -0.1500460 4.1949200
      vertex 12.4950110 -0.1500460 4.1949200
    endloop
  endfacet
  facet normal 0 1.0000000 0
    outer loop
      vertex 15.6111520 -0.1500460 4.2820820
      vertex 12.4950110 -0.1500460 4.1949200
      vertex 12.3889440 -0.1500460 4.2820820
    endloop
  endfacet
  facet normal 0 1.0000000 0
    outer loop
      vertex 16.9000750 -0.1500460 4.2820820
      vertex 16.9000750 -0.1500460 4.1949200
      vertex 16.4949110 -0.1500460 4.1949200
    endloop
  endfacet
  facet normal 0 1.0000000 0
    outer loop
      vertex 16.9000750 -0.1500460 4.2820820
      vertex 16.4949110 -0.1500460 4.1949200
      vertex 16.3888440 -0.1500460 4.2820820
    endloop
  endfacet
  facet normal 0 1.0000000 0
    outer loop
      vertex -16.4949110 -0.1500460 4.1949200
      vertex -16.5820730 -0.1500460 4.0888530
      vertex -16.9000750 -0.1500460 4.0888530
    endloop
  endfacet
  facet normal 0 1.0000000 0
    outer loop
      vertex -16.4949110 -0.1500460 4.1949200
      vertex -16.9000750 -0.1500460 4.0888530
      vertex -16.9000750 -0.1500460 4.1949200
    endloop
  endfacet
  facet normal 0 1.0000000 0
    outer loop
      vertex -12.4950110 -0.1500460 4.1949200
      vertex -12.5819740 -0.1500460 4.0888530
      vertex -15.4179230 -0.1500460 4.0888530
    endloop
  endfacet
  facet normal 0 1.0000000 0
    outer loop
      vertex -12.4950110 -0.1500460 4.1949200
      vertex -15.4179230 -0.1500460 4.0888530
      vertex -15.5050850 -0.1500460 4.1949200
    endloop
  endfacet
  facet normal 0 1.0000000 0
    outer loop
      vertex -8.4949120 -0.1500460 4.1949200
      vertex -8.5820740 -0.1500460 4.0888530
      vertex -11.4180230 -0.1500460 4.0888530
    endloop
  endfacet
  facet normal 0 1.0000000 0
    outer loop
      vertex -8.4949120 -0.1500460 4.1949200
      vertex -11.4180230 -0.1500460 4.0888530
      vertex -11.5049860 -0.1500460 4.1949200
    endloop
  endfacet
  facet normal 0 1.0000000 0
    outer loop
      vertex -4.4950120 -0.1500460 4.1949200
      vertex -4.5819750 -0.1500460 4.0888530
      vertex -7.4179240 -0.1500460 4.0888530
    endloop
  endfacet
  facet normal 0 1.0000000 0
    outer loop
      vertex -4.4950120 -0.1500460 4.1949200
      vertex -7.4179240 -0.1500460 4.0888530
      vertex -7.5050860 -0.1500460 4.1949200
    endloop
  endfacet
  facet normal 0 1.0000000 0
    outer loop
      vertex -0.4949130 -0.1500460 4.1949200
      vertex -0.5820750 -0.1500460 4.0888530
      vertex -3.4180240 -0.1500460 4.0888530
    endloop
  endfacet
  facet normal 0 1.0000000 0
    outer loop
      vertex -0.4949130 -0.1500460 4.1949200
      vertex -3.4180240 -0.1500460 4.0888530
      vertex -3.5049870 -0.1500460 4.1949200
    endloop
  endfacet
  facet normal 0 1.0000000 0
    outer loop
      vertex 3.5049870 -0.1500460 4.1949200
      vertex 3.4180240 -0.1500460 4.0888530
      vertex 0.5820750 -0.1500460 4.0888530
    endloop
  endfacet
  facet normal 0 1.0000000 0
    outer loop
      vertex 3.5049870 -0.1500460 4.1949200
      vertex 0.5820750 -0.1500460 4.0888530
      vertex 0.4949130 -0.1500460 4.1949200
    endloop
  endfacet
  facet normal 0 1.0000000 0
    outer loop
      vertex 7.5050860 -0.1500460 4.1949200
      vertex 7.4179240 -0.1500460 4.0888530
      vertex 4.5819750 -0.1500460 4.0888530
    endloop
  endfacet
  facet normal 0 1.0000000 0
    outer loop
      vertex 7.5050860 -0.1500460 4.1949200
      vertex 4.5819750 -0.1500460 4.0888530
      vertex 4.4950120 -0.1500460 4.1949200
    endloop
  endfacet
  facet normal 0 1.0000000 0
    outer loop
      vertex 11.5049860 -0.1500460 4.1949200
      vertex 11.4180230 -0.1500460 4.0888530
      vertex 8.5820740 -0.1500460 4.0888530
    endloop
  endfacet
  facet normal 0 1.0000000 0
    outer loop
      vertex 11.5049860 -0.1500460 4.1949200
      vertex 8.5820740 -0.1500460 4.0888530
      vertex 8.4949120 -0.1500460 4.1949200
    endloop
  endfacet
  facet normal 0 1.0000000 0
    outer loop
      vertex 15.5050850 -0.1500460 4.1949200
      vertex 15.4179230 -0.1500460 4.0888530
      vertex 12.5819740 -0.1500460 4.0888530
    endloop
  endfacet
  facet normal 0 1.0000000 0
    outer loop
      vertex 15.5050850 -0.1500460 4.1949200
      vertex 12.5819740 -0.1500460 4.0888530
      vertex 12.4950110 -0.1500460 4.1949200
    endloop
  endfacet
  facet normal 0 1.0000000 0
    outer loop
      vertex 16.9000750 -0.1500460 4.1949200
      vertex 16.9000750 -0.1500460 4.0888530
      vertex 16.5820730 -0.1500460 4.0888530
    endloop
  endfacet
  facet normal 0 1.0000000 0
    outer loop
      vertex 16.9000750 -0.1500460 4.1949200
      vertex 16.5820730 -0.1500460 4.0888530
      vertex 16.4949110 -0.1500460 4.1949200
    endloop
  endfacet
  facet normal 0 1.0000000 0
    outer loop
      vertex -16.5820730 -0.1500460 4.0888530
      vertex -16.6467480 -0.1500460 3.9678610
      vertex -16.9000750 -0.1500460 3.9678610
    endloop
  endfacet
  facet normal 0 1.0000000 0
    outer loop
      vertex -16.5820730 -0.1500460 4.0888530
      vertex -16.9000750 -0.1500460 3.9678610
      vertex -16.9000750 -0.1500460 4.0888530
    endloop
  endfacet
  facet normal 0 1.0000000 0
    outer loop
      vertex -12.5819740 -0.1500460 4.0888530
      vertex -12.6466490 -0.1500460 3.9678610
      vertex -15.3532480 -0.1500460 3.9678610
    endloop
  endfacet
  facet normal 0 1.0000000 0
    outer loop
      vertex -12.5819740 -0.1500460 4.0888530
      vertex -15.3532480 -0.1500460 3.9678610
      vertex -15.4179230 -0.1500460 4.0888530
    endloop
  endfacet
  facet normal 0 1.0000000 0
    outer loop
      vertex -8.5820740 -0.1500460 4.0888530
      vertex -8.6467490 -0.1500460 3.9678610
      vertex -11.3533480 -0.1500460 3.9678610
    endloop
  endfacet
  facet normal 0 1.0000000 0
    outer loop
      vertex -8.5820740 -0.1500460 4.0888530
      vertex -11.3533480 -0.1500460 3.9678610
      vertex -11.4180230 -0.1500460 4.0888530
    endloop
  endfacet
  facet normal 0 1.0000000 0
    outer loop
      vertex -4.5819750 -0.1500460 4.0888530
      vertex -4.6466500 -0.1500460 3.9678610
      vertex -7.3532490 -0.1500460 3.9678610
    endloop
  endfacet
  facet normal 0 1.0000000 0
    outer loop
      vertex -4.5819750 -0.1500460 4.0888530
      vertex -7.3532490 -0.1500460 3.9678610
      vertex -7.4179240 -0.1500460 4.0888530
    endloop
  endfacet
  facet normal 0 1.0000000 0
    outer loop
      vertex -0.5820750 -0.1500460 4.0888530
      vertex -0.6467500 -0.1500460 3.9678610
      vertex -3.3533490 -0.1500460 3.9678610
    endloop
  endfacet
  facet normal 0 1.0000000 0
    outer loop
      vertex -0.5820750 -0.1500460 4.0888530
      vertex -3.3533490 -0.1500460 3.9678610
      vertex -3.4180240 -0.1500460 4.0888530
    endloop
  endfacet
  facet normal 0 1.0000000 0
    outer loop
      vertex 3.4180240 -0.1500460 4.0888530
      vertex 3.3533490 -0.1500460 3.9678610
      vertex 0.6467500 -0.1500460 3.9678610
    endloop
  endfacet
  facet normal 0 1.0000000 0
    outer loop
      vertex 3.4180240 -0.1500460 4.0888530
      vertex 0.6467500 -0.1500460 3.9678610
      vertex 0.5820750 -0.1500460 4.0888530
    endloop
  endfacet
  facet normal 0 1.0000000 0
    outer loop
      vertex 7.4179240 -0.1500460 4.0888530
      vertex 7.3532490 -0.1500460 3.9678610
      vertex 4.6466500 -0.1500460 3.9678610
    endloop
  endfacet
  facet normal 0 1.0000000 0
    outer loop
      vertex 7.4179240 -0.1500460 4.0888530
      vertex 4.6466500 -0.1500460 3.9678610
      vertex 4.5819750 -0.1500460 4.0888530
    endloop
  endfacet
  facet normal 0 1.0000000 0
    outer loop
      vertex 11.4180230 -0.1500460 4.0888530
      vertex 11.3533480 -0.1500460 3.9678610
      vertex 8.6467490 -0.1500460 3.9678610
    endloop
  endfacet
  facet normal 0 1.0000000 0
    outer loop
      vertex 11.4180230 -0.1500460 4.0888530
      vertex 8.6467490 -0.1500460 3.9678610
      vertex 8.5820740 -0.1500460 4.0888530
    endloop
  endfacet
  facet normal 0 1.0000000 0
    outer loop
      vertex 15.4179230 -0.1500460 4.0888530
      vertex 15.3532480 -0.1500460 3.9678610
      vertex 12.6466490 -0.1500460 3.9678610
    endloop
  endfacet
  facet normal 0 1.0000000 0
    outer loop
      vertex 15.4179230 -0.1500460 4.0888530
      vertex 12.6466490 -0.1500460 3.9678610
      vertex 12.5819740 -0.1500460 4.0888530
    endloop
  endfacet
  facet normal 0 1.0000000 0
    outer loop
      vertex 16.9000750 -0.1500460 4.0888530
      vertex 16.9000750 -0.1500460 3.9678610
      vertex 16.6467480 -0.1500460 3.9678610
    endloop
  endfacet
  facet normal 0 1.0000000 0
    outer loop
      vertex 16.9000750 -0.1500460 4.0888530
      vertex 16.6467480 -0.1500460 3.9678610
      vertex 16.5820730 -0.1500460 4.0888530
    endloop
  endfacet
  facet normal 0 1.0000000 0
    outer loop
      vertex -16.6467480 -0.1500460 3.9678610
      vertex -16.6865480 -0.1500460 3.8365210
      vertex -16.9000750 -0.1500460 3.8365210
    endloop
  endfacet
  facet normal 0 1.0000000 0
    outer loop
      vertex -16.6467480 -0.1500460 3.9678610
      vertex -16.9000750 -0.1500460 3.8365210
      vertex -16.9000750 -0.1500460 3.9678610
    endloop
  endfacet
  facet normal 0 1.0000000 0
    outer loop
      vertex -12.6466490 -0.1500460 3.9678610
      vertex -12.6866480 -0.1500460 3.8365210
      vertex -15.3134480 -0.1500460 3.8365210
    endloop
  endfacet
  facet normal 0 1.0000000 0
    outer loop
      vertex -12.6466490 -0.1500460 3.9678610
      vertex -15.3134480 -0.1500460 3.8365210
      vertex -15.3532480 -0.1500460 3.9678610
    endloop
  endfacet
  facet normal 0 1.0000000 0
    outer loop
      vertex -8.6467490 -0.1500460 3.9678610
      vertex -8.6865490 -0.1500460 3.8365210
      vertex -11.3135480 -0.1500460 3.8365210
    endloop
  endfacet
  facet normal 0 1.0000000 0
    outer loop
      vertex -8.6467490 -0.1500460 3.9678610
      vertex -11.3135480 -0.1500460 3.8365210
      vertex -11.3533480 -0.1500460 3.9678610
    endloop
  endfacet
  facet normal 0 1.0000000 0
    outer loop
      vertex -4.6466500 -0.1500460 3.9678610
      vertex -4.6866490 -0.1500460 3.8365210
      vertex -7.3134490 -0.1500460 3.8365210
    endloop
  endfacet
  facet normal 0 1.0000000 0
    outer loop
      vertex -4.6466500 -0.1500460 3.9678610
      vertex -7.3134490 -0.1500460 3.8365210
      vertex -7.3532490 -0.1500460 3.9678610
    endloop
  endfacet
  facet normal 0 1.0000000 0
    outer loop
      vertex -0.6467500 -0.1500460 3.9678610
      vertex -0.6865500 -0.1500460 3.8365210
      vertex -3.3135490 -0.1500460 3.8365210
    endloop
  endfacet
  facet normal 0 1.0000000 0
    outer loop
      vertex -0.6467500 -0.1500460 3.9678610
      vertex -3.3135490 -0.1500460 3.8365210
      vertex -3.3533490 -0.1500460 3.9678610
    endloop
  endfacet
  facet normal 0 1.0000000 0
    outer loop
      vertex 3.3533490 -0.1500460 3.9678610
      vertex 3.3135490 -0.1500460 3.8365210
      vertex 0.6865500 -0.1500460 3.8365210
    endloop
  endfacet
  facet normal 0 1.0000000 0
    outer loop
      vertex 3.3533490 -0.1500460 3.9678610
      vertex 0.6865500 -0.1500460 3.8365210
      vertex 0.6467500 -0.1500460 3.9678610
    endloop
  endfacet
  facet normal 0 1.0000000 0
    outer loop
      vertex 7.3532490 -0.1500460 3.9678610
      vertex 7.3134490 -0.1500460 3.8365210
      vertex 4.6866490 -0.1500460 3.8365210
    endloop
  endfacet
  facet normal 0 1.0000000 0
    outer loop
      vertex 7.3532490 -0.1500460 3.9678610
      vertex 4.6866490 -0.1500460 3.8365210
      vertex 4.6466500 -0.1500460 3.9678610
    endloop
  endfacet
  facet normal 0 1.0000000 0
    outer loop
      vertex 11.3533480 -0.1500460 3.9678610
      vertex 11.3135480 -0.1500460 3.8365210
      vertex 8.6865490 -0.1500460 3.8365210
    endloop
  endfacet
  facet normal 0 1.0000000 0
    outer loop
      vertex 11.3533480 -0.1500460 3.9678610
      vertex 8.6865490 -0.1500460 3.8365210
      vertex 8.6467490 -0.1500460 3.9678610
    endloop
  endfacet
  facet normal 0 1.0000000 0
    outer loop
      vertex 15.3532480 -0.1500460 3.9678610
      vertex 15.3134480 -0.1500460 3.8365210
      vertex 12.6866480 -0.1500460 3.8365210
    endloop
  endfacet
  facet normal 0 1.0000000 0
    outer loop
      vertex 15.3532480 -0.1500460 3.9678610
      vertex 12.6866480 -0.1500460 3.8365210
      vertex 12.6466490 -0.1500460 3.9678610
    endloop
  endfacet
  facet normal 0 1.0000000 0
    outer loop
      vertex 16.9000750 -0.1500460 3.9678610
      vertex 16.9000750 -0.1500460 3.8365210
      vertex 16.6865480 -0.1500460 3.8365210
    endloop
  endfacet
  facet normal 0 1.0000000 0
    outer loop
      vertex 16.9000750 -0.1500460 3.9678610
      vertex 16.6865480 -0.1500460 3.8365210
      vertex 16.6467480 -0.1500460 3.9678610
    endloop
  endfacet
  facet normal 0 1.0000000 0
    outer loop
      vertex -16.6865480 -0.1500460 3.8365210
      vertex -16.7000800 -0.1500460 3.7000070
      vertex -16.9000750 -0.1500460 3.7000070
    endloop
  endfacet
  facet normal 0 1.0000000 0
    outer loop
      vertex -16.6865480 -0.1500460 3.8365210
      vertex -16.9000750 -0.1500460 3.7000070
      vertex -16.9000750 -0.1500460 3.8365210
    endloop
  endfacet
  facet normal 0 1.0000000 0
    outer loop
      vertex -12.6866480 -0.1500460 3.8365210
      vertex -12.6999810 -0.1500460 3.7000070
      vertex -15.2999160 -0.1500460 3.7000070
    endloop
  endfacet
  facet normal 0 1.0000000 0
    outer loop
      vertex -12.6866480 -0.1500460 3.8365210
      vertex -15.2999160 -0.1500460 3.7000070
      vertex -15.3134480 -0.1500460 3.8365210
    endloop
  endfacet
  facet normal 0 1.0000000 0
    outer loop
      vertex -8.6865490 -0.1500460 3.8365210
      vertex -8.7000810 -0.1500460 3.7000070
      vertex -11.3000160 -0.1500460 3.7000070
    endloop
  endfacet
  facet normal 0 1.0000000 0
    outer loop
      vertex -8.6865490 -0.1500460 3.8365210
      vertex -11.3000160 -0.1500460 3.7000070
      vertex -11.3135480 -0.1500460 3.8365210
    endloop
  endfacet
  facet normal 0 1.0000000 0
    outer loop
      vertex -4.6866490 -0.1500460 3.8365210
      vertex -4.6999820 -0.1500460 3.7000070
      vertex -7.2999170 -0.1500460 3.7000070
    endloop
  endfacet
  facet normal 0 1.0000000 0
    outer loop
      vertex -4.6866490 -0.1500460 3.8365210
      vertex -7.2999170 -0.1500460 3.7000070
      vertex -7.3134490 -0.1500460 3.8365210
    endloop
  endfacet
  facet normal 0 1.0000000 0
    outer loop
      vertex -0.6865500 -0.1500460 3.8365210
      vertex -0.7000820 -0.1500460 3.7000070
      vertex -3.3000170 -0.1500460 3.7000070
    endloop
  endfacet
  facet normal 0 1.0000000 0
    outer loop
      vertex -0.6865500 -0.1500460 3.8365210
      vertex -3.3000170 -0.1500460 3.7000070
      vertex -3.3135490 -0.1500460 3.8365210
    endloop
  endfacet
  facet normal 0 1.0000000 0
    outer loop
      vertex 3.3135490 -0.1500460 3.8365210
      vertex 3.3000170 -0.1500460 3.7000070
      vertex 0.7000820 -0.1500460 3.7000070
    endloop
  endfacet
  facet normal 0 1.0000000 0
    outer loop
      vertex 3.3135490 -0.1500460 3.8365210
      vertex 0.7000820 -0.1500460 3.7000070
      vertex 0.6865500 -0.1500460 3.8365210
    endloop
  endfacet
  facet normal 0 1.0000000 0
    outer loop
      vertex 7.3134490 -0.1500460 3.8365210
      vertex 7.2999170 -0.1500460 3.7000070
      vertex 4.6999820 -0.1500460 3.7000070
    endloop
  endfacet
  facet normal 0 1.0000000 0
    outer loop
      vertex 7.3134490 -0.1500460 3.8365210
      vertex 4.6999820 -0.1500460 3.7000070
      vertex 4.6866490 -0.1500460 3.8365210
    endloop
  endfacet
  facet normal 0 1.0000000 0
    outer loop
      vertex 11.3135480 -0.1500460 3.8365210
      vertex 11.3000160 -0.1500460 3.7000070
      vertex 8.7000810 -0.1500460 3.7000070
    endloop
  endfacet
  facet normal 0 1.0000000 0
    outer loop
      vertex 11.3135480 -0.1500460 3.8365210
      vertex 8.7000810 -0.1500460 3.7000070
      vertex 8.6865490 -0.1500460 3.8365210
    endloop
  endfacet
  facet normal 0 1.0000000 0
    outer loop
      vertex 15.3134480 -0.1500460 3.8365210
      vertex 15.2999160 -0.1500460 3.7000070
      vertex 12.6999810 -0.1500460 3.7000070
    endloop
  endfacet
  facet normal 0 1.0000000 0
    outer loop
      vertex 15.3134480 -0.1500460 3.8365210
      vertex 12.6999810 -0.1500460 3.7000070
      vertex 12.6866480 -0.1500460 3.8365210
    endloop
  endfacet
  facet normal 0 1.0000000 0
    outer loop
      vertex 16.9000750 -0.1500460 3.8365210
      vertex 16.9000750 -0.1500460 3.7000070
      vertex 16.7000800 -0.1500460 3.7000070
    endloop
  endfacet
  facet normal 0 1.0000000 0
    outer loop
      vertex 16.9000750 -0.1500460 3.8365210
      vertex 16.7000800 -0.1500460 3.7000070
      vertex 16.6865480 -0.1500460 3.8365210
    endloop
  endfacet
  facet normal 0 1.0000000 0
    outer loop
      vertex -16.7000800 -0.1500460 3.7000070
      vertex -16.6865480 -0.1500460 3.5634930
      vertex -16.9000750 -0.1500460 3.5634930
    endloop
  endfacet
  facet normal 0 1.0000000 0
    outer loop
      vertex -16.7000800 -0.1500460 3.7000070
      vertex -16.9000750 -0.1500460 3.5634930
      vertex -16.9000750 -0.1500460 3.7000070
    endloop
  endfacet
  facet normal 0 1.0000000 0
    outer loop
      vertex -12.6999810 -0.1500460 3.7000070
      vertex -12.6866480 -0.1500460 3.5634930
      vertex -15.3134480 -0.1500460 3.5634930
    endloop
  endfacet
  facet normal 0 1.0000000 0
    outer loop
      vertex -12.6999810 -0.1500460 3.7000070
      vertex -15.3134480 -0.1500460 3.5634930
      vertex -15.2999160 -0.1500460 3.7000070
    endloop
  endfacet
  facet normal 0 1.0000000 0
    outer loop
      vertex -8.7000810 -0.1500460 3.7000070
      vertex -8.6865490 -0.1500460 3.5634930
      vertex -11.3135480 -0.1500460 3.5634930
    endloop
  endfacet
  facet normal 0 1.0000000 0
    outer loop
      vertex -8.7000810 -0.1500460 3.7000070
      vertex -11.3135480 -0.1500460 3.5634930
      vertex -11.3000160 -0.1500460 3.7000070
    endloop
  endfacet
  facet normal 0 1.0000000 0
    outer loop
      vertex -4.6999820 -0.1500460 3.7000070
      vertex -4.6866490 -0.1500460 3.5634930
      vertex -7.3134490 -0.1500460 3.5634930
    endloop
  endfacet
  facet normal 0 1.0000000 0
    outer loop
      vertex -4.6999820 -0.1500460 3.7000070
      vertex -7.3134490 -0.1500460 3.5634930
      vertex -7.2999170 -0.1500460 3.7000070
    endloop
  endfacet
  facet normal 0 1.0000000 0
    outer loop
      vertex -0.7000820 -0.1500460 3.7000070
      vertex -0.6865500 -0.1500460 3.5634930
      vertex -3.3135490 -0.1500460 3.5634930
    endloop
  endfacet
  facet normal 0 1.0000000 0
    outer loop
      vertex -0.7000820 -0.1500460 3.7000070
      vertex -3.3135490 -0.1500460 3.5634930
      vertex -3.3000170 -0.1500460 3.7000070
    endloop
  endfacet
  facet normal 0 1.0000000 0
    outer loop
      vertex 3.3000170 -0.1500460 3.7000070
      vertex 3.3135490 -0.1500460 3.5634930
      vertex 0.6865500 -0.1500460 3.5634930
    endloop
  endfacet
  facet normal 0 1.0000000 0
    outer loop
      vertex 3.3000170 -0.1500460 3.7000070
      vertex 0.6865500 -0.1500460 3.5634930
      vertex 0.7000820 -0.1500460 3.7000070
    endloop
  endfacet
  facet normal 0 1.0000000 0
    outer loop
      vertex 7.2999170 -0.1500460 3.7000070
      vertex 7.3134490 -0.1500460 3.5634930
      vertex 4.6866490 -0.1500460 3.5634930
    endloop
  endfacet
  facet normal 0 1.0000000 0
    outer loop
      vertex 7.2999170 -0.1500460 3.7000070
      vertex 4.6866490 -0.1500460 3.5634930
      vertex 4.6999820 -0.1500460 3.7000070
    endloop
  endfacet
  facet normal 0 1.0000000 0
    outer loop
      vertex 11.3000160 -0.1500460 3.7000070
      vertex 11.3135480 -0.1500460 3.5634930
      vertex 8.6865490 -0.1500460 3.5634930
    endloop
  endfacet
  facet normal 0 1.0000000 0
    outer loop
      vertex 11.3000160 -0.1500460 3.7000070
      vertex 8.6865490 -0.1500460 3.5634930
      vertex 8.7000810 -0.1500460 3.7000070
    endloop
  endfacet
  facet normal 0 1.0000000 0
    outer loop
      vertex 15.2999160 -0.1500460 3.7000070
      vertex 15.3134480 -0.1500460 3.5634930
      vertex 12.6866480 -0.1500460 3.5634930
    endloop
  endfacet
  facet normal 0 1.0000000 0
    outer loop
      vertex 15.2999160 -0.1500460 3.7000070
      vertex 12.6866480 -0.1500460 3.5634930
      vertex 12.6999810 -0.1500460 3.7000070
    endloop
  endfacet
  facet normal 0 1.0000000 0
    outer loop
      vertex 16.9000750 -0.1500460 3.7000070
      vertex 16.9000750 -0.1500460 3.5634930
      vertex 16.6865480 -0.1500460 3.5634930
    endloop
  endfacet
  facet normal 0 1.0000000 0
    outer loop
      vertex 16.9000750 -0.1500460 3.7000070
      vertex 16.6865480 -0.1500460 3.5634930
      vertex 16.7000800 -0.1500460 3.7000070
    endloop
  endfacet
  facet normal 0 1.0000000 0
    outer loop
      vertex -16.6865480 -0.1500460 3.5634930
      vertex -16.6467480 -0.1500460 3.4321530
      vertex -16.9000750 -0.1500460 3.4321530
    endloop
  endfacet
  facet normal 0 1.0000000 0
    outer loop
      vertex -16.6865480 -0.1500460 3.5634930
      vertex -16.9000750 -0.1500460 3.4321530
      vertex -16.9000750 -0.1500460 3.5634930
    endloop
  endfacet
  facet normal 0 1.0000000 0
    outer loop
      vertex -12.6866480 -0.1500460 3.5634930
      vertex -12.6466490 -0.1500460 3.4321530
      vertex -15.3532480 -0.1500460 3.4321530
    endloop
  endfacet
  facet normal 0 1.0000000 0
    outer loop
      vertex -12.6866480 -0.1500460 3.5634930
      vertex -15.3532480 -0.1500460 3.4321530
      vertex -15.3134480 -0.1500460 3.5634930
    endloop
  endfacet
  facet normal 0 1.0000000 0
    outer loop
      vertex -8.6865490 -0.1500460 3.5634930
      vertex -8.6467490 -0.1500460 3.4321530
      vertex -11.3533480 -0.1500460 3.4321530
    endloop
  endfacet
  facet normal 0 1.0000000 0
    outer loop
      vertex -8.6865490 -0.1500460 3.5634930
      vertex -11.3533480 -0.1500460 3.4321530
      vertex -11.3135480 -0.1500460 3.5634930
    endloop
  endfacet
  facet normal 0 1.0000000 0
    outer loop
      vertex -4.6866490 -0.1500460 3.5634930
      vertex -4.6466500 -0.1500460 3.4321530
      vertex -7.3532490 -0.1500460 3.4321530
    endloop
  endfacet
  facet normal 0 1.0000000 0
    outer loop
      vertex -4.6866490 -0.1500460 3.5634930
      vertex -7.3532490 -0.1500460 3.4321530
      vertex -7.3134490 -0.1500460 3.5634930
    endloop
  endfacet
  facet normal 0 1.0000000 0
    outer loop
      vertex -0.6865500 -0.1500460 3.5634930
      vertex -0.6467500 -0.1500460 3.4321530
      vertex -3.3533490 -0.1500460 3.4321530
    endloop
  endfacet
  facet normal 0 1.0000000 0
    outer loop
      vertex -0.6865500 -0.1500460 3.5634930
      vertex -3.3533490 -0.1500460 3.4321530
      vertex -3.3135490 -0.1500460 3.5634930
    endloop
  endfacet
  facet normal 0 1.0000000 0
    outer loop
      vertex 3.3135490 -0.1500460 3.5634930
      vertex 3.3533490 -0.1500460 3.4321530
      vertex 0.6467500 -0.1500460 3.4321530
    endloop
  endfacet
  facet normal 0 1.0000000 0
    outer loop
      vertex 3.3135490 -0.1500460 3.5634930
      vertex 0.6467500 -0.1500460 3.4321530
      vertex 0.6865500 -0.1500460 3.5634930
    endloop
  endfacet
  facet normal 0 1.0000000 0
    outer loop
      vertex 7.3134490 -0.1500460 3.5634930
      vertex 7.3532490 -0.1500460 3.4321530
      vertex 4.6466500 -0.1500460 3.4321530
    endloop
  endfacet
  facet normal 0 1.0000000 0
    outer loop
      vertex 7.3134490 -0.1500460 3.5634930
      vertex 4.6466500 -0.1500460 3.4321530
      vertex 4.6866490 -0.1500460 3.5634930
    endloop
  endfacet
  facet normal 0 1.0000000 0
    outer loop
      vertex 11.3135480 -0.1500460 3.5634930
      vertex 11.3533480 -0.1500460 3.4321530
      vertex 8.6467490 -0.1500460 3.4321530
    endloop
  endfacet
  facet normal 0 1.0000000 0
    outer loop
      vertex 11.3135480 -0.1500460 3.5634930
      vertex 8.6467490 -0.1500460 3.4321530
      vertex 8.6865490 -0.1500460 3.5634930
    endloop
  endfacet
  facet normal 0 1.0000000 0
    outer loop
      vertex 15.3134480 -0.1500460 3.5634930
      vertex 15.3532480 -0.1500460 3.4321530
      vertex 12.6466490 -0.1500460 3.4321530
    endloop
  endfacet
  facet normal 0 1.0000000 0
    outer loop
      vertex 15.3134480 -0.1500460 3.5634930
      vertex 12.6466490 -0.1500460 3.4321530
      vertex 12.6866480 -0.1500460 3.5634930
    endloop
  endfacet
  facet normal 0 1.0000000 0
    outer loop
      vertex 16.9000750 -0.1500460 3.5634930
      vertex 16.9000750 -0.1500460 3.4321530
      vertex 16.6467480 -0.1500460 3.4321530
    endloop
  endfacet
  facet normal 0 1.0000000 0
    outer loop
      vertex 16.9000750 -0.1500460 3.5634930
      vertex 16.6467480 -0.1500460 3.4321530
      vertex 16.6865480 -0.1500460 3.5634930
    endloop
  endfacet
  facet normal 0 1.0000000 0
    outer loop
      vertex -16.6467480 -0.1500460 3.4321530
      vertex -16.5820730 -0.1500460 3.3111610
      vertex -16.9000750 -0.1500460 3.3111610
    endloop
  endfacet
  facet normal 0 1.0000000 0
    outer loop
      vertex -16.6467480 -0.1500460 3.4321530
      vertex -16.9000750 -0.1500460 3.3111610
      vertex -16.9000750 -0.1500460 3.4321530
    endloop
  endfacet
  facet normal 0 1.0000000 0
    outer loop
      vertex -12.6466490 -0.1500460 3.4321530
      vertex -12.5819740 -0.1500460 3.3111610
      vertex -15.4179230 -0.1500460 3.3111610
    endloop
  endfacet
  facet normal 0 1.0000000 0
    outer loop
      vertex -12.6466490 -0.1500460 3.4321530
      vertex -15.4179230 -0.1500460 3.3111610
      vertex -15.3532480 -0.1500460 3.4321530
    endloop
  endfacet
  facet normal 0 1.0000000 0
    outer loop
      vertex -8.6467490 -0.1500460 3.4321530
      vertex -8.5820740 -0.1500460 3.3111610
      vertex -11.4180230 -0.1500460 3.3111610
    endloop
  endfacet
  facet normal 0 1.0000000 0
    outer loop
      vertex -8.6467490 -0.1500460 3.4321530
      vertex -11.4180230 -0.1500460 3.3111610
      vertex -11.3533480 -0.1500460 3.4321530
    endloop
  endfacet
  facet normal 0 1.0000000 0
    outer loop
      vertex -4.6466500 -0.1500460 3.4321530
      vertex -4.5819750 -0.1500460 3.3111610
      vertex -7.4179240 -0.1500460 3.3111610
    endloop
  endfacet
  facet normal 0 1.0000000 0
    outer loop
      vertex -4.6466500 -0.1500460 3.4321530
      vertex -7.4179240 -0.1500460 3.3111610
      vertex -7.3532490 -0.1500460 3.4321530
    endloop
  endfacet
  facet normal 0 1.0000000 0
    outer loop
      vertex -0.6467500 -0.1500460 3.4321530
      vertex -0.5820750 -0.1500460 3.3111610
      vertex -3.4180240 -0.1500460 3.3111610
    endloop
  endfacet
  facet normal 0 1.0000000 0
    outer loop
      vertex -0.6467500 -0.1500460 3.4321530
      vertex -3.4180240 -0.1500460 3.3111610
      vertex -3.3533490 -0.1500460 3.4321530
    endloop
  endfacet
  facet normal 0 1.0000000 0
    outer loop
      vertex 3.3533490 -0.1500460 3.4321530
      vertex 3.4180240 -0.1500460 3.3111610
      vertex 0.5820750 -0.1500460 3.3111610
    endloop
  endfacet
  facet normal 0 1.0000000 0
    outer loop
      vertex 3.3533490 -0.1500460 3.4321530
      vertex 0.5820750 -0.1500460 3.3111610
      vertex 0.6467500 -0.1500460 3.4321530
    endloop
  endfacet
  facet normal 0 1.0000000 0
    outer loop
      vertex 7.3532490 -0.1500460 3.4321530
      vertex 7.4179240 -0.1500460 3.3111610
      vertex 4.5819750 -0.1500460 3.3111610
    endloop
  endfacet
  facet normal 0 1.0000000 0
    outer loop
      vertex 7.3532490 -0.1500460 3.4321530
      vertex 4.5819750 -0.1500460 3.3111610
      vertex 4.6466500 -0.1500460 3.4321530
    endloop
  endfacet
  facet normal 0 1.0000000 0
    outer loop
      vertex 11.3533480 -0.1500460 3.4321530
      vertex 11.4180230 -0.1500460 3.3111610
      vertex 8.5820740 -0.1500460 3.3111610
    endloop
  endfacet
  facet normal 0 1.0000000 0
    outer loop
      vertex 11.3533480 -0.1500460 3.4321530
      vertex 8.5820740 -0.1500460 3.3111610
      vertex 8.6467490 -0.1500460 3.4321530
    endloop
  endfacet
  facet normal 0 1.0000000 0
    outer loop
      vertex 15.3532480 -0.1500460 3.4321530
      vertex 15.4179230 -0.1500460 3.3111610
      vertex 12.5819740 -0.1500460 3.3111610
    endloop
  endfacet
  facet normal 0 1.0000000 0
    outer loop
      vertex 15.3532480 -0.1500460 3.4321530
      vertex 12.5819740 -0.1500460 3.3111610
      vertex 12.6466490 -0.1500460 3.4321530
    endloop
  endfacet
  facet normal 0 1.0000000 0
    outer loop
      vertex 16.9000750 -0.1500460 3.4321530
      vertex 16.9000750 -0.1500460 3.3111610
      vertex 16.5820730 -0.1500460 3.3111610
    endloop
  endfacet
  facet normal 0 1.0000000 0
    outer loop
      vertex 16.9000750 -0.1500460 3.4321530
      vertex 16.5820730 -0.1500460 3.3111610
      vertex 16.6467480 -0.1500460 3.4321530
    endloop
  endfacet
  facet normal 0 1.0000000 0
    outer loop
      vertex -16.5820730 -0.1500460 3.3111610
      vertex -16.4949110 -0.1500460 3.2050940
      vertex -16.9000750 -0.1500460 3.2050940
    endloop
  endfacet
  facet normal 0 1.0000000 0
    outer loop
      vertex -16.5820730 -0.1500460 3.3111610
      vertex -16.9000750 -0.1500460 3.2050940
      vertex -16.9000750 -0.1500460 3.3111610
    endloop
  endfacet
  facet normal 0 1.0000000 0
    outer loop
      vertex -12.5819740 -0.1500460 3.3111610
      vertex -12.4950110 -0.1500460 3.2050940
      vertex -15.5050850 -0.1500460 3.2050940
    endloop
  endfacet
  facet normal 0 1.0000000 0
    outer loop
      vertex -12.5819740 -0.1500460 3.3111610
      vertex -15.5050850 -0.1500460 3.2050940
      vertex -15.4179230 -0.1500460 3.3111610
    endloop
  endfacet
  facet normal 0 1.0000000 0
    outer loop
      vertex -8.5820740 -0.1500460 3.3111610
      vertex -8.4949120 -0.1500460 3.2050940
      vertex -11.5049860 -0.1500460 3.2050940
    endloop
  endfacet
  facet normal 0 1.0000000 0
    outer loop
      vertex -8.5820740 -0.1500460 3.3111610
      vertex -11.5049860 -0.1500460 3.2050940
      vertex -11.4180230 -0.1500460 3.3111610
    endloop
  endfacet
  facet normal 0 1.0000000 0
    outer loop
      vertex -4.5819750 -0.1500460 3.3111610
      vertex -4.4950120 -0.1500460 3.2050940
      vertex -7.5050860 -0.1500460 3.2050940
    endloop
  endfacet
  facet normal 0 1.0000000 0
    outer loop
      vertex -4.5819750 -0.1500460 3.3111610
      vertex -7.5050860 -0.1500460 3.2050940
      vertex -7.4179240 -0.1500460 3.3111610
    endloop
  endfacet
  facet normal 0 1.0000000 0
    outer loop
      vertex -0.5820750 -0.1500460 3.3111610
      vertex -0.4949130 -0.1500460 3.2050940
      vertex -3.5049870 -0.1500460 3.2050940
    endloop
  endfacet
  facet normal 0 1.0000000 0
    outer loop
      vertex -0.5820750 -0.1500460 3.3111610
      vertex -3.5049870 -0.1500460 3.2050940
      vertex -3.4180240 -0.1500460 3.3111610
    endloop
  endfacet
  facet normal 0 1.0000000 0
    outer loop
      vertex 3.4180240 -0.1500460 3.3111610
      vertex 3.5049870 -0.1500460 3.2050940
      vertex 0.4949130 -0.1500460 3.2050940
    endloop
  endfacet
  facet normal 0 1.0000000 0
    outer loop
      vertex 3.4180240 -0.1500460 3.3111610
      vertex 0.4949130 -0.1500460 3.2050940
      vertex 0.5820750 -0.1500460 3.3111610
    endloop
  endfacet
  facet normal 0 1.0000000 0
    outer loop
      vertex 7.4179240 -0.1500460 3.3111610
      vertex 7.5050860 -0.1500460 3.2050940
      vertex 4.4950120 -0.1500460 3.2050940
    endloop
  endfacet
  facet normal 0 1.0000000 0
    outer loop
      vertex 7.4179240 -0.1500460 3.3111610
      vertex 4.4950120 -0.1500460 3.2050940
      vertex 4.5819750 -0.1500460 3.3111610
    endloop
  endfacet
  facet normal 0 1.0000000 0
    outer loop
      vertex 11.4180230 -0.1500460 3.3111610
      vertex 11.5049860 -0.1500460 3.2050940
      vertex 8.4949120 -0.1500460 3.2050940
    endloop
  endfacet
  facet normal 0 1.0000000 0
    outer loop
      vertex 11.4180230 -0.1500460 3.3111610
      vertex 8.4949120 -0.1500460 3.2050940
      vertex 8.5820740 -0.1500460 3.3111610
    endloop
  endfacet
  facet normal 0 1.0000000 0
    outer loop
      vertex 15.4179230 -0.1500460 3.3111610
      vertex 15.5050850 -0.1500460 3.2050940
      vertex 12.4950110 -0.1500460 3.2050940
    endloop
  endfacet
  facet normal 0 1.0000000 0
    outer loop
      vertex 15.4179230 -0.1500460 3.3111610
      vertex 12.4950110 -0.1500460 3.2050940
      vertex 12.5819740 -0.1500460 3.3111610
    endloop
  endfacet
  facet normal 0 1.0000000 0
    outer loop
      vertex 16.9000750 -0.1500460 3.3111610
      vertex 16.9000750 -0.1500460 3.2050940
      vertex 16.4949110 -0.1500460 3.2050940
    endloop
  endfacet
  facet normal 0 1.0000000 0
    outer loop
      vertex 16.9000750 -0.1500460 3.3111610
      vertex 16.4949110 -0.1500460 3.2050940
      vertex 16.5820730 -0.1500460 3.3111610
    endloop
  endfacet
  facet normal 0 1.0000000 0
    outer loop
      vertex -16.4949110 -0.1500460 3.2050940
      vertex -16.3888440 -0.1500460 3.1179320
      vertex -16.9000750 -0.1500460 3.1179320
    endloop
  endfacet
  facet normal 0 1.0000000 0
    outer loop
      vertex -16.4949110 -0.1500460 3.2050940
      vertex -16.9000750 -0.1500460 3.1179320
      vertex -16.9000750 -0.1500460 3.2050940
    endloop
  endfacet
  facet normal 0 1.0000000 0
    outer loop
      vertex -12.4950110 -0.1500460 3.2050940
      vertex -12.3889440 -0.1500460 3.1179320
      vertex -15.6111520 -0.1500460 3.1179320
    endloop
  endfacet
  facet normal 0 1.0000000 0
    outer loop
      vertex -12.4950110 -0.1500460 3.2050940
      vertex -15.6111520 -0.1500460 3.1179320
      vertex -15.5050850 -0.1500460 3.2050940
    endloop
  endfacet
  facet normal 0 1.0000000 0
    outer loop
      vertex -8.4949120 -0.1500460 3.2050940
      vertex -8.3888450 -0.1500460 3.1179320
      vertex -11.6110530 -0.1500460 3.1179320
    endloop
  endfacet
  facet normal 0 1.0000000 0
    outer loop
      vertex -8.4949120 -0.1500460 3.2050940
      vertex -11.6110530 -0.1500460 3.1179320
      vertex -11.5049860 -0.1500460 3.2050940
    endloop
  endfacet
  facet normal 0 1.0000000 0
    outer loop
      vertex -4.4950120 -0.1500460 3.2050940
      vertex -4.3889450 -0.1500460 3.1179320
      vertex -7.6111530 -0.1500460 3.1179320
    endloop
  endfacet
  facet normal 0 1.0000000 0
    outer loop
      vertex -4.4950120 -0.1500460 3.2050940
      vertex -7.6111530 -0.1500460 3.1179320
      vertex -7.5050860 -0.1500460 3.2050940
    endloop
  endfacet
  facet normal 0 1.0000000 0
    outer loop
      vertex -0.4949130 -0.1500460 3.2050940
      vertex -0.3888460 -0.1500460 3.1179320
      vertex -3.6110540 -0.1500460 3.1179320
    endloop
  endfacet
  facet normal 0 1.0000000 0
    outer loop
      vertex -0.4949130 -0.1500460 3.2050940
      vertex -3.6110540 -0.1500460 3.1179320
      vertex -3.5049870 -0.1500460 3.2050940
    endloop
  endfacet
  facet normal 0 1.0000000 0
    outer loop
      vertex 3.5049870 -0.1500460 3.2050940
      vertex 3.6110540 -0.1500460 3.1179320
      vertex 0.3888460 -0.1500460 3.1179320
    endloop
  endfacet
  facet normal 0 1.0000000 0
    outer loop
      vertex 3.5049870 -0.1500460 3.2050940
      vertex 0.3888460 -0.1500460 3.1179320
      vertex 0.4949130 -0.1500460 3.2050940
    endloop
  endfacet
  facet normal 0 1.0000000 0
    outer loop
      vertex 7.5050860 -0.1500460 3.2050940
      vertex 7.6111530 -0.1500460 3.1179320
      vertex 4.3889450 -0.1500460 3.1179320
    endloop
  endfacet
  facet normal 0 1.0000000 0
    outer loop
      vertex 7.5050860 -0.1500460 3.2050940
      vertex 4.3889450 -0.1500460 3.1179320
      vertex 4.4950120 -0.1500460 3.2050940
    endloop
  endfacet
  facet normal 0 1.0000000 0
    outer loop
      vertex 11.5049860 -0.1500460 3.2050940
      vertex 11.6110530 -0.1500460 3.1179320
      vertex 8.3888450 -0.1500460 3.1179320
    endloop
  endfacet
  facet normal 0 1.0000000 0
    outer loop
      vertex 11.5049860 -0.1500460 3.2050940
      vertex 8.3888450 -0.1500460 3.1179320
      vertex 8.4949120 -0.1500460 3.2050940
    endloop
  endfacet
  facet normal 0 1.0000000 0
    outer loop
      vertex 15.5050850 -0.1500460 3.2050940
      vertex 15.6111520 -0.1500460 3.1179320
      vertex 12.3889440 -0.1500460 3.1179320
    endloop
  endfacet
  facet normal 0 1.0000000 0
    outer loop
      vertex 15.5050850 -0.1500460 3.2050940
      vertex 12.3889440 -0.1500460 3.1179320
      vertex 12.4950110 -0.1500460 3.2050940
    endloop
  endfacet
  facet normal 0 1.0000000 0
    outer loop
      vertex 16.9000750 -0.1500460 3.2050940
      vertex 16.9000750 -0.1500460 3.1179320
      vertex 16.3888440 -0.1500460 3.1179320
    endloop
  endfacet
  facet normal 0 1.0000000 0
    outer loop
      vertex 16.9000750 -0.1500460 3.2050940
      vertex 16.3888440 -0.1500460 3.1179320
      vertex 16.4949110 -0.1500460 3.2050940
    endloop
  endfacet
  facet normal 0 1.0000000 0
    outer loop
      vertex -16.3888440 -0.1500460 3.1179320
      vertex -16.2678520 -0.1500460 3.0532570
      vertex -16.9000750 -0.1500460 3.0532570
    endloop
  endfacet
  facet normal 0 1.0000000 0
    outer loop
      vertex -16.3888440 -0.1500460 3.1179320
      vertex -16.9000750 -0.1500460 3.0532570
      vertex -16.9000750 -0.1500460 3.1179320
    endloop
  endfacet
  facet normal 0 1.0000000 0
    outer loop
      vertex -12.3889440 -0.1500460 3.1179320
      vertex -12.2679520 -0.1500460 3.0532570
      vertex -15.7321440 -0.1500460 3.0532570
    endloop
  endfacet
  facet normal 0 1.0000000 0
    outer loop
      vertex -12.3889440 -0.1500460 3.1179320
      vertex -15.7321440 -0.1500460 3.0532570
      vertex -15.6111520 -0.1500460 3.1179320
    endloop
  endfacet
  facet normal 0 1.0000000 0
    outer loop
      vertex -8.3888450 -0.1500460 3.1179320
      vertex -8.2678530 -0.1500460 3.0532570
      vertex -11.7320450 -0.1500460 3.0532570
    endloop
  endfacet
  facet normal 0 1.0000000 0
    outer loop
      vertex -8.3888450 -0.1500460 3.1179320
      vertex -11.7320450 -0.1500460 3.0532570
      vertex -11.6110530 -0.1500460 3.1179320
    endloop
  endfacet
  facet normal 0 1.0000000 0
    outer loop
      vertex -4.3889450 -0.1500460 3.1179320
      vertex -4.2679530 -0.1500460 3.0532570
      vertex -7.7321450 -0.1500460 3.0532570
    endloop
  endfacet
  facet normal 0 1.0000000 0
    outer loop
      vertex -4.3889450 -0.1500460 3.1179320
      vertex -7.7321450 -0.1500460 3.0532570
      vertex -7.6111530 -0.1500460 3.1179320
    endloop
  endfacet
  facet normal 0 1.0000000 0
    outer loop
      vertex -0.3888460 -0.1500460 3.1179320
      vertex -0.2678540 -0.1500460 3.0532570
      vertex -3.7320460 -0.1500460 3.0532570
    endloop
  endfacet
  facet normal 0 1.0000000 0
    outer loop
      vertex -0.3888460 -0.1500460 3.1179320
      vertex -3.7320460 -0.1500460 3.0532570
      vertex -3.6110540 -0.1500460 3.1179320
    endloop
  endfacet
  facet normal 0 1.0000000 0
    outer loop
      vertex 3.6110540 -0.1500460 3.1179320
      vertex 3.7320460 -0.1500460 3.0532570
      vertex 0.2678540 -0.1500460 3.0532570
    endloop
  endfacet
  facet normal 0 1.0000000 0
    outer loop
      vertex 3.6110540 -0.1500460 3.1179320
      vertex 0.2678540 -0.1500460 3.0532570
      vertex 0.3888460 -0.1500460 3.1179320
    endloop
  endfacet
  facet normal 0 1.0000000 0
    outer loop
      vertex 7.6111530 -0.1500460 3.1179320
      vertex 7.7321450 -0.1500460 3.0532570
      vertex 4.2679530 -0.1500460 3.0532570
    endloop
  endfacet
  facet normal 0 1.0000000 0
    outer loop
      vertex 7.6111530 -0.1500460 3.1179320
      vertex 4.2679530 -0.1500460 3.0532570
      vertex 4.3889450 -0.1500460 3.1179320
    endloop
  endfacet
  facet normal 0 1.0000000 0
    outer loop
      vertex 11.6110530 -0.1500460 3.1179320
      vertex 11.7320450 -0.1500460 3.0532570
      vertex 8.2678530 -0.1500460 3.0532570
    endloop
  endfacet
  facet normal 0 1.0000000 0
    outer loop
      vertex 11.6110530 -0.1500460 3.1179320
      vertex 8.2678530 -0.1500460 3.0532570
      vertex 8.3888450 -0.1500460 3.1179320
    endloop
  endfacet
  facet normal 0 1.0000000 0
    outer loop
      vertex 15.6111520 -0.1500460 3.1179320
      vertex 15.7321440 -0.1500460 3.0532570
      vertex 12.2679520 -0.1500460 3.0532570
    endloop
  endfacet
  facet normal 0 1.0000000 0
    outer loop
      vertex 15.6111520 -0.1500460 3.1179320
      vertex 12.2679520 -0.1500460 3.0532570
      vertex 12.3889440 -0.1500460 3.1179320
    endloop
  endfacet
  facet normal 0 1.0000000 0
    outer loop
      vertex 16.9000750 -0.1500460 3.1179320
      vertex 16.9000750 -0.1500460 3.0532570
      vertex 16.2678520 -0.1500460 3.0532570
    endloop
  endfacet
  facet normal 0 1.0000000 0
    outer loop
      vertex 16.9000750 -0.1500460 3.1179320
      vertex 16.2678520 -0.1500460 3.0532570
      vertex 16.3888440 -0.1500460 3.1179320
    endloop
  endfacet
  facet normal 0 1.0000000 0
    outer loop
      vertex -16.2678520 -0.1500460 3.0532570
      vertex -16.1365120 -0.1500460 3.0134570
      vertex -16.9000750 -0.1500460 3.0134570
    endloop
  endfacet
  facet normal 0 1.0000000 0
    outer loop
      vertex -16.2678520 -0.1500460 3.0532570
      vertex -16.9000750 -0.1500460 3.0134570
      vertex -16.9000750 -0.1500460 3.0532570
    endloop
  endfacet
  facet normal 0 1.0000000 0
    outer loop
      vertex -12.2679520 -0.1500460 3.0532570
      vertex -12.1366120 -0.1500460 3.0134570
      vertex -15.8634840 -0.1500460 3.0134570
    endloop
  endfacet
  facet normal 0 1.0000000 0
    outer loop
      vertex -12.2679520 -0.1500460 3.0532570
      vertex -15.8634840 -0.1500460 3.0134570
      vertex -15.7321440 -0.1500460 3.0532570
    endloop
  endfacet
  facet normal 0 1.0000000 0
    outer loop
      vertex -8.2678530 -0.1500460 3.0532570
      vertex -8.1365130 -0.1500460 3.0134570
      vertex -11.8633850 -0.1500460 3.0134570
    endloop
  endfacet
  facet normal 0 1.0000000 0
    outer loop
      vertex -8.2678530 -0.1500460 3.0532570
      vertex -11.8633850 -0.1500460 3.0134570
      vertex -11.7320450 -0.1500460 3.0532570
    endloop
  endfacet
  facet normal 0 1.0000000 0
    outer loop
      vertex -4.2679530 -0.1500460 3.0532570
      vertex -4.1366130 -0.1500460 3.0134570
      vertex -7.8634850 -0.1500460 3.0134570
    endloop
  endfacet
  facet normal 0 1.0000000 0
    outer loop
      vertex -4.2679530 -0.1500460 3.0532570
      vertex -7.8634850 -0.1500460 3.0134570
      vertex -7.7321450 -0.1500460 3.0532570
    endloop
  endfacet
  facet normal 0 1.0000000 0
    outer loop
      vertex -0.2678540 -0.1500460 3.0532570
      vertex -0.1365140 -0.1500460 3.0134570
      vertex -3.8633860 -0.1500460 3.0134570
    endloop
  endfacet
  facet normal 0 1.0000000 0
    outer loop
      vertex -0.2678540 -0.1500460 3.0532570
      vertex -3.8633860 -0.1500460 3.0134570
      vertex -3.7320460 -0.1500460 3.0532570
    endloop
  endfacet
  facet normal 0 1.0000000 0
    outer loop
      vertex 3.7320460 -0.1500460 3.0532570
      vertex 3.8633860 -0.1500460 3.0134570
      vertex 0.1365140 -0.1500460 3.0134570
    endloop
  endfacet
  facet normal 0 1.0000000 0
    outer loop
      vertex 3.7320460 -0.1500460 3.0532570
      vertex 0.1365140 -0.1500460 3.0134570
      vertex 0.2678540 -0.1500460 3.0532570
    endloop
  endfacet
  facet normal 0 1.0000000 0
    outer loop
      vertex 7.7321450 -0.1500460 3.0532570
      vertex 7.8634850 -0.1500460 3.0134570
      vertex 4.1366130 -0.1500460 3.0134570
    endloop
  endfacet
  facet normal 0 1.0000000 0
    outer loop
      vertex 7.7321450 -0.1500460 3.0532570
      vertex 4.1366130 -0.1500460 3.0134570
      vertex 4.2679530 -0.1500460 3.0532570
    endloop
  endfacet
  facet normal 0 1.0000000 0
    outer loop
      vertex 11.7320450 -0.1500460 3.0532570
      vertex 11.8633850 -0.1500460 3.0134570
      vertex 8.1365130 -0.1500460 3.0134570
    endloop
  endfacet
  facet normal 0 1.0000000 0
    outer loop
      vertex 11.7320450 -0.1500460 3.0532570
      vertex 8.1365130 -0.1500460 3.0134570
      vertex 8.2678530 -0.1500460 3.0532570
    endloop
  endfacet
  facet normal 0 1.0000000 0
    outer loop
      vertex 15.7321440 -0.1500460 3.0532570
      vertex 15.8634840 -0.1500460 3.0134570
      vertex 12.1366120 -0.1500460 3.0134570
    endloop
  endfacet
  facet normal 0 1.0000000 0
    outer loop
      vertex 15.7321440 -0.1500460 3.0532570
      vertex 12.1366120 -0.1500460 3.0134570
      vertex 12.2679520 -0.1500460 3.0532570
    endloop
  endfacet
  facet normal 0 1.0000000 0
    outer loop
      vertex 16.9000750 -0.1500460 3.0532570
      vertex 16.9000750 -0.1500460 3.0134570
      vertex 16.1365120 -0.1500460 3.0134570
    endloop
  endfacet
  facet normal 0 1.0000000 0
    outer loop
      vertex 16.9000750 -0.1500460 3.0532570
      vertex 16.1365120 -0.1500460 3.0134570
      vertex 16.2678520 -0.1500460 3.0532570
    endloop
  endfacet
  facet normal 0 1.0000000 0
    outer loop
      vertex -16.1365120 -0.1500460 3.0134570
      vertex -15.9999980 -0.1500460 2.9999250
      vertex -16.9000750 -0.1500460 2.9999250
    endloop
  endfacet
  facet normal 0 1.0000000 0
    outer loop
      vertex -16.1365120 -0.1500460 3.0134570
      vertex -16.9000750 -0.1500460 2.9999250
      vertex -16.9000750 -0.1500460 3.0134570
    endloop
  endfacet
  facet normal 0 1.0000000 0
    outer loop
      vertex -12.1366120 -0.1500460 3.0134570
      vertex -12.0000980 -0.1500460 2.9999250
      vertex -15.9999980 -0.1500460 2.9999250
    endloop
  endfacet
  facet normal 0 1.0000000 0
    outer loop
      vertex -12.1366120 -0.1500460 3.0134570
      vertex -15.9999980 -0.1500460 2.9999250
      vertex -15.8634840 -0.1500460 3.0134570
    endloop
  endfacet
  facet normal 0 1.0000000 0
    outer loop
      vertex -8.1365130 -0.1500460 3.0134570
      vertex -7.9999990 -0.1500460 2.9999250
      vertex -12.0000980 -0.1500460 2.9999250
    endloop
  endfacet
  facet normal 0 1.0000000 0
    outer loop
      vertex -8.1365130 -0.1500460 3.0134570
      vertex -12.0000980 -0.1500460 2.9999250
      vertex -11.8633850 -0.1500460 3.0134570
    endloop
  endfacet
  facet normal 0 1.0000000 0
    outer loop
      vertex -4.1366130 -0.1500460 3.0134570
      vertex -4.0000990 -0.1500460 2.9999250
      vertex -7.9999990 -0.1500460 2.9999250
    endloop
  endfacet
  facet normal 0 1.0000000 0
    outer loop
      vertex -4.1366130 -0.1500460 3.0134570
      vertex -7.9999990 -0.1500460 2.9999250
      vertex -7.8634850 -0.1500460 3.0134570
    endloop
  endfacet
  facet normal 0 1.0000000 0
    outer loop
      vertex -0.1365140 -0.1500460 3.0134570
      vertex 0 -0.1500460 2.9999250
      vertex -4.0000990 -0.1500460 2.9999250
    endloop
  endfacet
  facet normal 0 1.0000000 0
    outer loop
      vertex -0.1365140 -0.1500460 3.0134570
      vertex -4.0000990 -0.1500460 2.9999250
      vertex -3.8633860 -0.1500460 3.0134570
    endloop
  endfacet
  facet normal 0 1.0000000 0
    outer loop
      vertex 3.8633860 -0.1500460 3.0134570
      vertex 4.0000990 -0.1500460 2.9999250
      vertex 0 -0.1500460 2.9999250
    endloop
  endfacet
  facet normal 0 1.0000000 0
    outer loop
      vertex 3.8633860 -0.1500460 3.0134570
      vertex 0 -0.1500460 2.9999250
      vertex 0.1365140 -0.1500460 3.0134570
    endloop
  endfacet
  facet normal 0 1.0000000 0
    outer loop
      vertex 7.8634850 -0.1500460 3.0134570
      vertex 7.9999990 -0.1500460 2.9999250
      vertex 4.0000990 -0.1500460 2.9999250
    endloop
  endfacet
  facet normal 0 1.0000000 0
    outer loop
      vertex 7.8634850 -0.1500460 3.0134570
      vertex 4.0000990 -0.1500460 2.9999250
      vertex 4.1366130 -0.1500460 3.0134570
    endloop
  endfacet
  facet normal 0 1.0000000 0
    outer loop
      vertex 11.8633850 -0.1500460 3.0134570
      vertex 12.0000980 -0.1500460 2.9999250
      vertex 7.9999990 -0.1500460 2.9999250
    endloop
  endfacet
  facet normal 0 1.0000000 0
    outer loop
      vertex 11.8633850 -0.1500460 3.0134570
      vertex 7.9999990 -0.1500460 2.9999250
      vertex 8.1365130 -0.1500460 3.0134570
    endloop
  endfacet
  facet normal 0 1.0000000 0
    outer loop
      vertex 15.8634840 -0.1500460 3.0134570
      vertex 15.9999980 -0.1500460 2.9999250
      vertex 12.0000980 -0.1500460 2.9999250
    endloop
  endfacet
  facet normal 0 1.0000000 0
    outer loop
      vertex 15.8634840 -0.1500460 3.0134570
      vertex 12.0000980 -0.1500460 2.9999250
      vertex 12.1366120 -0.1500460 3.0134570
    endloop
  endfacet
  facet normal 0 1.0000000 0
    outer loop
      vertex 16.9000750 -0.1500460 3.0134570
      vertex 16.9000750 -0.1500460 2.9999250
      vertex 15.9999980 -0.1500460 2.9999250
    endloop
  endfacet
  facet normal 0 1.0000000 0
    outer loop
      vertex 16.9000750 -0.1500460 3.0134570
      vertex 15.9999980 -0.1500460 2.9999250
      vertex 16.1365120 -0.1500460 3.0134570
    endloop
  endfacet
  facet normal 0 1.0000000 0
    outer loop
      vertex 0 -0.1500460 2.7846070
      vertex -15.9999980 -0.1500460 2.9999250
      vertex -12.0000980 -0.1500460 2.9999250
    endloop
  endfacet
  facet normal 0 1.0000000 0
    outer loop
      vertex 0 -0.1500460 2.7846070
      vertex -12.0000980 -0.1500460 2.9999250
      vertex -7.9999990 -0.1500460 2.9999250
    endloop
  endfacet
  facet normal 0 1.0000000 0
    outer loop
      vertex 0 -0.1500460 2.7846070
      vertex -7.9999990 -0.1500460 2.9999250
      vertex -4.0000990 -0.1500460 2.9999250
    endloop
  endfacet
  facet normal 0 1.0000000 0
    outer loop
      vertex 0 -0.1500460 2.7846070
      vertex -4.0000990 -0.1500460 2.9999250
      vertex 0 -0.1500460 2.9999250
    endloop
  endfacet
  facet normal 0 1.0000000 0
    outer loop
      vertex 0 -0.1500460 2.7846070
      vertex 0 -0.1500460 2.9999250
      vertex 4.0000990 -0.1500460 2.9999250
    endloop
  endfacet
  facet normal 0 1.0000000 0
    outer loop
      vertex 0 -0.1500460 2.7846070
      vertex 4.0000990 -0.1500460 2.9999250
      vertex 7.9999990 -0.1500460 2.9999250
    endloop
  endfacet
  facet normal 0 1.0000000 0
    outer loop
      vertex 0 -0.1500460 2.7846070
      vertex 7.9999990 -0.1500460 2.9999250
      vertex 12.0000980 -0.1500460 2.9999250
    endloop
  endfacet
  facet normal 0 1.0000000 0
    outer loop
      vertex 0 -0.1500460 2.7846070
      vertex 12.0000980 -0.1500460 2.9999250
      vertex 15.9999980 -0.1500460 2.9999250
    endloop
  endfacet
  facet normal 0 1.0000000 0
    outer loop
      vertex 0 -0.1500460 2.7846070
      vertex 15.9999980 -0.1500460 2.9999250
      vertex 16.9000750 -0.1500460 2.9999250
    endloop
  endfacet
  facet normal 0 1.0000000 0
    outer loop
      vertex 0 -0.1500460 2.7846070
      vertex 16.9000750 -0.1500460 2.9999250
      vertex 16.9000750 -0.1500460 1.5999600
    endloop
  endfacet
  facet normal 0 1.0000000 0
    outer loop
      vertex 0 -0.1500460 2.7846070
      vertex 16.9000750 -0.1500460 1.5999600
      vertex -16.9000750 -0.1500460 1.5999600
    endloop
  endfacet
  facet normal 0 1.0000000 0
    outer loop
      vertex 0 -0.1500460 2.7846070
      vertex -16.9000750 -0.1500460 1.5999600
      vertex -16.9000750 -0.1500460 2.9999250
    endloop
  endfacet
  facet normal 0 1.0000000 0
    outer loop
      vertex 0 -0.1500460 2.7846070
      vertex -16.9000750 -0.1500460 2.9999250
      vertex -15.9999980 -0.1500460 2.9999250
    endloop
  endfacet
  facet normal 0 -1.0000000 0
    outer loop
      vertex 0 -2.5000370 4.8924150
      vertex -18.7000300 -2.5000370 7.6000090
      vertex -18.7000300 -2.5000370 4.4000890
    endloop
  endfacet
  facet normal 0 -1.0000000 0
    outer loop
      vertex 0 -2.5000370 4.8924150
      vertex -18.7000300 -2.5000370 4.4000890
      vertex -15.9999980 -2.5000370 4.4000890
    endloop
  endfacet
  facet normal 0 -1.0000000 0
    outer loop
      vertex 0 -2.5000370 4.8924150
      vertex -15.9999980 -2.5000370 4.4000890
      vertex -12.0000980 -2.5000370 4.4000890
    endloop
  endfacet
  facet normal 0 -1.0000000 0
    outer loop
      vertex 0 -2.5000370 4.8924150
      vertex -12.0000980 -2.5000370 4.4000890
      vertex -7.9999990 -2.5000370 4.4000890
    endloop
  endfacet
  facet normal 0 -1.0000000 0
    outer loop
      vertex 0 -2.5000370 4.8924150
      vertex -7.9999990 -2.5000370 4.4000890
      vertex -4.0000990 -2.5000370 4.4000890
    endloop
  endfacet
  facet normal 0 -1.0000000 0
    outer loop
      vertex 0 -2.5000370 4.8924150
      vertex -4.0000990 -2.5000370 4.4000890
      vertex 0 -2.5000370 4.4000890
    endloop
  endfacet
  facet normal 0 -1.0000000 0
    outer loop
      vertex 0 -2.5000370 4.8924150
      vertex 0 -2.5000370 4.4000890
      vertex 4.0000990 -2.5000370 4.4000890
    endloop
  endfacet
  facet normal 0 -1.0000000 0
    outer loop
      vertex 0 -2.5000370 4.8924150
      vertex 4.0000990 -2.5000370 4.4000890
      vertex 7.9999990 -2.5000370 4.4000890
    endloop
  endfacet
  facet normal 0 -1.0000000 0
    outer loop
      vertex 0 -2.5000370 4.8924150
      vertex 7.9999990 -2.5000370 4.4000890
      vertex 12.0000980 -2.5000370 4.4000890
    endloop
  endfacet
  facet normal 0 -1.0000000 0
    outer loop
      vertex 0 -2.5000370 4.8924150
      vertex 12.0000980 -2.5000370 4.4000890
      vertex 15.9999980 -2.5000370 4.4000890
    endloop
  endfacet
  facet normal 0 -1.0000000 0
    outer loop
      vertex 0 -2.5000370 4.8924150
      vertex 15.9999980 -2.5000370 4.4000890
      vertex 18.7000300 -2.5000370 4.4000890
    endloop
  endfacet
  facet normal 0 -1.0000000 0
    outer loop
      vertex 0 -2.5000370 4.8924150
      vertex 18.7000300 -2.5000370 4.4000890
      vertex 18.7000300 -2.5000370 7.6000090
    endloop
  endfacet
  facet normal 0 -1.0000000 0
    outer loop
      vertex 0 -2.5000370 4.8924150
      vertex 18.7000300 -2.5000370 7.6000090
      vertex -18.7000300 -2.5000370 7.6000090
    endloop
  endfacet
  facet normal 0 -1.0000000 0
    outer loop
      vertex 15.9999980 -2.5000370 4.4000890
      vertex 16.1365120 -2.5000370 4.3865570
      vertex 18.7000300 -2.5000370 4.3865570
    endloop
  endfacet
  facet normal 0 -1.0000000 0
    outer loop
      vertex 15.9999980 -2.5000370 4.4000890
      vertex 18.7000300 -2.5000370 4.3865570
      vertex 18.7000300 -2.5000370 4.4000890
    endloop
  endfacet
  facet normal 0 -1.0000000 0
    outer loop
      vertex 12.0000980 -2.5000370 4.4000890
      vertex 12.1366120 -2.5000370 4.3865570
      vertex 15.8634840 -2.5000370 4.3865570
    endloop
  endfacet
  facet normal 0 -1.0000000 0
    outer loop
      vertex 12.0000980 -2.5000370 4.4000890
      vertex 15.8634840 -2.5000370 4.3865570
      vertex 15.9999980 -2.5000370 4.4000890
    endloop
  endfacet
  facet normal 0 -1.0000000 0
    outer loop
      vertex 7.9999990 -2.5000370 4.4000890
      vertex 8.1365130 -2.5000370 4.3865570
      vertex 11.8633850 -2.5000370 4.3865570
    endloop
  endfacet
  facet normal 0 -1.0000000 0
    outer loop
      vertex 7.9999990 -2.5000370 4.4000890
      vertex 11.8633850 -2.5000370 4.3865570
      vertex 12.0000980 -2.5000370 4.4000890
    endloop
  endfacet
  facet normal 0 -1.0000000 0
    outer loop
      vertex 4.0000990 -2.5000370 4.4000890
      vertex 4.1366130 -2.5000370 4.3865570
      vertex 7.8634850 -2.5000370 4.3865570
    endloop
  endfacet
  facet normal 0 -1.0000000 0
    outer loop
      vertex 4.0000990 -2.5000370 4.4000890
      vertex 7.8634850 -2.5000370 4.3865570
      vertex 7.9999990 -2.5000370 4.4000890
    endloop
  endfacet
  facet normal 0 -1.0000000 0
    outer loop
      vertex 0 -2.5000370 4.4000890
      vertex 0.1365140 -2.5000370 4.3865570
      vertex 3.8633860 -2.5000370 4.3865570
    endloop
  endfacet
  facet normal 0 -1.0000000 0
    outer loop
      vertex 0 -2.5000370 4.4000890
      vertex 3.8633860 -2.5000370 4.3865570
      vertex 4.0000990 -2.5000370 4.4000890
    endloop
  endfacet
  facet normal 0 -1.0000000 0
    outer loop
      vertex -4.0000990 -2.5000370 4.4000890
      vertex -3.8633860 -2.5000370 4.3865570
      vertex -0.1365140 -2.5000370 4.3865570
    endloop
  endfacet
  facet normal 0 -1.0000000 0
    outer loop
      vertex -4.0000990 -2.5000370 4.4000890
      vertex -0.1365140 -2.5000370 4.3865570
      vertex 0 -2.5000370 4.4000890
    endloop
  endfacet
  facet normal 0 -1.0000000 0
    outer loop
      vertex -7.9999990 -2.5000370 4.4000890
      vertex -7.8634850 -2.5000370 4.3865570
      vertex -4.1366130 -2.5000370 4.3865570
    endloop
  endfacet
  facet normal 0 -1.0000000 0
    outer loop
      vertex -7.9999990 -2.5000370 4.4000890
      vertex -4.1366130 -2.5000370 4.3865570
      vertex -4.0000990 -2.5000370 4.4000890
    endloop
  endfacet
  facet normal 0 -1.0000000 0
    outer loop
      vertex -12.0000980 -2.5000370 4.4000890
      vertex -11.8633850 -2.5000370 4.3865570
      vertex -8.1365130 -2.5000370 4.3865570
    endloop
  endfacet
  facet normal 0 -1.0000000 0
    outer loop
      vertex -12.0000980 -2.5000370 4.4000890
      vertex -8.1365130 -2.5000370 4.3865570
      vertex -7.9999990 -2.5000370 4.4000890
    endloop
  endfacet
  facet normal 0 -1.0000000 0
    outer loop
      vertex -15.9999980 -2.5000370 4.4000890
      vertex -15.8634840 -2.5000370 4.3865570
      vertex -12.1366120 -2.5000370 4.3865570
    endloop
  endfacet
  facet normal 0 -1.0000000 0
    outer loop
      vertex -15.9999980 -2.5000370 4.4000890
      vertex -12.1366120 -2.5000370 4.3865570
      vertex -12.0000980 -2.5000370 4.4000890
    endloop
  endfacet
  facet normal 0 -1.0000000 0
    outer loop
      vertex -18.7000300 -2.5000370 4.4000890
      vertex -18.7000300 -2.5000370 4.3865570
      vertex -16.1365120 -2.5000370 4.3865570
    endloop
  endfacet
  facet normal 0 -1.0000000 0
    outer loop
      vertex -18.7000300 -2.5000370 4.4000890
      vertex -16.1365120 -2.5000370 4.3865570
      vertex -15.9999980 -2.5000370 4.4000890
    endloop
  endfacet
  facet normal 0 -1.0000000 0
    outer loop
      vertex 16.1365120 -2.5000370 4.3865570
      vertex 16.2678520 -2.5000370 4.3467570
      vertex 18.7000300 -2.5000370 4.3467570
    endloop
  endfacet
  facet normal 0 -1.0000000 0
    outer loop
      vertex 16.1365120 -2.5000370 4.3865570
      vertex 18.7000300 -2.5000370 4.3467570
      vertex 18.7000300 -2.5000370 4.3865570
    endloop
  endfacet
  facet normal 0 -1.0000000 0
    outer loop
      vertex 12.1366120 -2.5000370 4.3865570
      vertex 12.2679520 -2.5000370 4.3467570
      vertex 15.7321440 -2.5000370 4.3467570
    endloop
  endfacet
  facet normal 0 -1.0000000 0
    outer loop
      vertex 12.1366120 -2.5000370 4.3865570
      vertex 15.7321440 -2.5000370 4.3467570
      vertex 15.8634840 -2.5000370 4.3865570
    endloop
  endfacet
  facet normal 0 -1.0000000 0
    outer loop
      vertex 8.1365130 -2.5000370 4.3865570
      vertex 8.2678530 -2.5000370 4.3467570
      vertex 11.7320450 -2.5000370 4.3467570
    endloop
  endfacet
  facet normal 0 -1.0000000 0
    outer loop
      vertex 8.1365130 -2.5000370 4.3865570
      vertex 11.7320450 -2.5000370 4.3467570
      vertex 11.8633850 -2.5000370 4.3865570
    endloop
  endfacet
  facet normal 0 -1.0000000 0
    outer loop
      vertex 4.1366130 -2.5000370 4.3865570
      vertex 4.2679530 -2.5000370 4.3467570
      vertex 7.7321450 -2.5000370 4.3467570
    endloop
  endfacet
  facet normal 0 -1.0000000 0
    outer loop
      vertex 4.1366130 -2.5000370 4.3865570
      vertex 7.7321450 -2.5000370 4.3467570
      vertex 7.8634850 -2.5000370 4.3865570
    endloop
  endfacet
  facet normal 0 -1.0000000 0
    outer loop
      vertex 0.1365140 -2.5000370 4.3865570
      vertex 0.2678540 -2.5000370 4.3467570
      vertex 3.7320460 -2.5000370 4.3467570
    endloop
  endfacet
  facet normal 0 -1.0000000 0
    outer loop
      vertex 0.1365140 -2.5000370 4.3865570
      vertex 3.7320460 -2.5000370 4.3467570
      vertex 3.8633860 -2.5000370 4.3865570
    endloop
  endfacet
  facet normal 0 -1.0000000 0
    outer loop
      vertex -3.8633860 -2.5000370 4.3865570
      vertex -3.7320460 -2.5000370 4.3467570
      vertex -0.2678540 -2.5000370 4.3467570
    endloop
  endfacet
  facet normal 0 -1.0000000 0
    outer loop
      vertex -3.8633860 -2.5000370 4.3865570
      vertex -0.2678540 -2.5000370 4.3467570
      vertex -0.1365140 -2.5000370 4.3865570
    endloop
  endfacet
  facet normal 0 -1.0000000 0
    outer loop
      vertex -7.8634850 -2.5000370 4.3865570
      vertex -7.7321450 -2.5000370 4.3467570
      vertex -4.2679530 -2.5000370 4.3467570
    endloop
  endfacet
  facet normal 0 -1.0000000 0
    outer loop
      vertex -7.8634850 -2.5000370 4.3865570
      vertex -4.2679530 -2.5000370 4.3467570
      vertex -4.1366130 -2.5000370 4.3865570
    endloop
  endfacet
  facet normal 0 -1.0000000 0
    outer loop
      vertex -11.8633850 -2.5000370 4.3865570
      vertex -11.7320450 -2.5000370 4.3467570
      vertex -8.2678530 -2.5000370 4.3467570
    endloop
  endfacet
  facet normal 0 -1.0000000 0
    outer loop
      vertex -11.8633850 -2.5000370 4.3865570
      vertex -8.2678530 -2.5000370 4.3467570
      vertex -8.1365130 -2.5000370 4.3865570
    endloop
  endfacet
  facet normal 0 -1.0000000 0
    outer loop
      vertex -15.8634840 -2.5000370 4.3865570
      vertex -15.7321440 -2.5000370 4.3467570
      vertex -12.2679520 -2.5000370 4.3467570
    endloop
  endfacet
  facet normal 0 -1.0000000 0
    outer loop
      vertex -15.8634840 -2.5000370 4.3865570
      vertex -12.2679520 -2.5000370 4.3467570
      vertex -12.1366120 -2.5000370 4.3865570
    endloop
  endfacet
  facet normal 0 -1.0000000 0
    outer loop
      vertex -18.7000300 -2.5000370 4.3865570
      vertex -18.7000300 -2.5000370 4.3467570
      vertex -16.2678520 -2.5000370 4.3467570
    endloop
  endfacet
  facet normal 0 -1.0000000 0
    outer loop
      vertex -18.7000300 -2.5000370 4.3865570
      vertex -16.2678520 -2.5000370 4.3467570
      vertex -16.1365120 -2.5000370 4.3865570
    endloop
  endfacet
  facet normal 0 -1.0000000 0
    outer loop
      vertex 16.2678520 -2.5000370 4.3467570
      vertex 16.3888440 -2.5000370 4.2820820
      vertex 18.7000300 -2.5000370 4.2820820
    endloop
  endfacet
  facet normal 0 -1.0000000 0
    outer loop
      vertex 16.2678520 -2.5000370 4.3467570
      vertex 18.7000300 -2.5000370 4.2820820
      vertex 18.7000300 -2.5000370 4.3467570
    endloop
  endfacet
  facet normal 0 -1.0000000 0
    outer loop
      vertex 12.2679520 -2.5000370 4.3467570
      vertex 12.3889440 -2.5000370 4.2820820
      vertex 15.6111520 -2.5000370 4.2820820
    endloop
  endfacet
  facet normal 0 -1.0000000 0
    outer loop
      vertex 12.2679520 -2.5000370 4.3467570
      vertex 15.6111520 -2.5000370 4.2820820
      vertex 15.7321440 -2.5000370 4.3467570
    endloop
  endfacet
  facet normal 0 -1.0000000 0
    outer loop
      vertex 8.2678530 -2.5000370 4.3467570
      vertex 8.3888450 -2.5000370 4.2820820
      vertex 11.6110530 -2.5000370 4.2820820
    endloop
  endfacet
  facet normal 0 -1.0000000 0
    outer loop
      vertex 8.2678530 -2.5000370 4.3467570
      vertex 11.6110530 -2.5000370 4.2820820
      vertex 11.7320450 -2.5000370 4.3467570
    endloop
  endfacet
  facet normal 0 -1.0000000 0
    outer loop
      vertex 4.2679530 -2.5000370 4.3467570
      vertex 4.3889450 -2.5000370 4.2820820
      vertex 7.6111530 -2.5000370 4.2820820
    endloop
  endfacet
  facet normal 0 -1.0000000 0
    outer loop
      vertex 4.2679530 -2.5000370 4.3467570
      vertex 7.6111530 -2.5000370 4.2820820
      vertex 7.7321450 -2.5000370 4.3467570
    endloop
  endfacet
  facet normal 0 -1.0000000 0
    outer loop
      vertex 0.2678540 -2.5000370 4.3467570
      vertex 0.3888460 -2.5000370 4.2820820
      vertex 3.6110540 -2.5000370 4.2820820
    endloop
  endfacet
  facet normal 0 -1.0000000 0
    outer loop
      vertex 0.2678540 -2.5000370 4.3467570
      vertex 3.6110540 -2.5000370 4.2820820
      vertex 3.7320460 -2.5000370 4.3467570
    endloop
  endfacet
  facet normal 0 -1.0000000 0
    outer loop
      vertex -3.7320460 -2.5000370 4.3467570
      vertex -3.6110540 -2.5000370 4.2820820
      vertex -0.3888460 -2.5000370 4.2820820
    endloop
  endfacet
  facet normal 0 -1.0000000 0
    outer loop
      vertex -3.7320460 -2.5000370 4.3467570
      vertex -0.3888460 -2.5000370 4.2820820
      vertex -0.2678540 -2.5000370 4.3467570
    endloop
  endfacet
  facet normal 0 -1.0000000 0
    outer loop
      vertex -7.7321450 -2.5000370 4.3467570
      vertex -7.6111530 -2.5000370 4.2820820
      vertex -4.3889450 -2.5000370 4.2820820
    endloop
  endfacet
  facet normal 0 -1.0000000 0
    outer loop
      vertex -7.7321450 -2.5000370 4.3467570
      vertex -4.3889450 -2.5000370 4.2820820
      vertex -4.2679530 -2.5000370 4.3467570
    endloop
  endfacet
  facet normal 0 -1.0000000 0
    outer loop
      vertex -11.7320450 -2.5000370 4.3467570
      vertex -11.6110530 -2.5000370 4.2820820
      vertex -8.3888450 -2.5000370 4.2820820
    endloop
  endfacet
  facet normal 0 -1.0000000 0
    outer loop
      vertex -11.7320450 -2.5000370 4.3467570
      vertex -8.3888450 -2.5000370 4.2820820
      vertex -8.2678530 -2.5000370 4.3467570
    endloop
  endfacet
  facet normal 0 -1.0000000 0
    outer loop
      vertex -15.7321440 -2.5000370 4.3467570
      vertex -15.6111520 -2.5000370 4.2820820
      vertex -12.3889440 -2.5000370 4.2820820
    endloop
  endfacet
  facet normal 0 -1.0000000 0
    outer loop
      vertex -15.7321440 -2.5000370 4.3467570
      vertex -12.3889440 -2.5000370 4.2820820
      vertex -12.2679520 -2.5000370 4.3467570
    endloop
  endfacet
  facet normal 0 -1.0000000 0
    outer loop
      vertex -18.7000300 -2.5000370 4.3467570
      vertex -18.7000300 -2.5000370 4.2820820
      vertex -16.3888440 -2.5000370 4.2820820
    endloop
  endfacet
  facet normal 0 -1.0000000 0
    outer loop
      vertex -18.7000300 -2.5000370 4.3467570
      vertex -16.3888440 -2.5000370 4.2820820
      vertex -16.2678520 -2.5000370 4.3467570
    endloop
  endfacet
  facet normal 0 -1.0000000 0
    outer loop
      vertex 16.3888440 -2.5000370 4.2820820
      vertex 16.4949110 -2.5000370 4.1949200
      vertex 18.7000300 -2.5000370 4.1949200
    endloop
  endfacet
  facet normal 0 -1.0000000 0
    outer loop
      vertex 16.3888440 -2.5000370 4.2820820
      vertex 18.7000300 -2.5000370 4.1949200
      vertex 18.7000300 -2.5000370 4.2820820
    endloop
  endfacet
  facet normal 0 -1.0000000 0
    outer loop
      vertex 12.3889440 -2.5000370 4.2820820
      vertex 12.4950110 -2.5000370 4.1949200
      vertex 15.5050850 -2.5000370 4.1949200
    endloop
  endfacet
  facet normal 0 -1.0000000 0
    outer loop
      vertex 12.3889440 -2.5000370 4.2820820
      vertex 15.5050850 -2.5000370 4.1949200
      vertex 15.6111520 -2.5000370 4.2820820
    endloop
  endfacet
  facet normal 0 -1.0000000 0
    outer loop
      vertex 8.3888450 -2.5000370 4.2820820
      vertex 8.4949120 -2.5000370 4.1949200
      vertex 11.5049860 -2.5000370 4.1949200
    endloop
  endfacet
  facet normal 0 -1.0000000 0
    outer loop
      vertex 8.3888450 -2.5000370 4.2820820
      vertex 11.5049860 -2.5000370 4.1949200
      vertex 11.6110530 -2.5000370 4.2820820
    endloop
  endfacet
  facet normal 0 -1.0000000 0
    outer loop
      vertex 4.3889450 -2.5000370 4.2820820
      vertex 4.4950120 -2.5000370 4.1949200
      vertex 7.5050860 -2.5000370 4.1949200
    endloop
  endfacet
  facet normal 0 -1.0000000 0
    outer loop
      vertex 4.3889450 -2.5000370 4.2820820
      vertex 7.5050860 -2.5000370 4.1949200
      vertex 7.6111530 -2.5000370 4.2820820
    endloop
  endfacet
  facet normal 0 -1.0000000 0
    outer loop
      vertex 0.3888460 -2.5000370 4.2820820
      vertex 0.4949130 -2.5000370 4.1949200
      vertex 3.5049870 -2.5000370 4.1949200
    endloop
  endfacet
  facet normal 0 -1.0000000 0
    outer loop
      vertex 0.3888460 -2.5000370 4.2820820
      vertex 3.5049870 -2.5000370 4.1949200
      vertex 3.6110540 -2.5000370 4.2820820
    endloop
  endfacet
  facet normal 0 -1.0000000 0
    outer loop
      vertex -3.6110540 -2.5000370 4.2820820
      vertex -3.5049870 -2.5000370 4.1949200
      vertex -0.4949130 -2.5000370 4.1949200
    endloop
  endfacet
  facet normal 0 -1.0000000 0
    outer loop
      vertex -3.6110540 -2.5000370 4.2820820
      vertex -0.4949130 -2.5000370 4.1949200
      vertex -0.3888460 -2.5000370 4.2820820
    endloop
  endfacet
  facet normal 0 -1.0000000 0
    outer loop
      vertex -7.6111530 -2.5000370 4.2820820
      vertex -7.5050860 -2.5000370 4.1949200
      vertex -4.4950120 -2.5000370 4.1949200
    endloop
  endfacet
  facet normal 0 -1.0000000 0
    outer loop
      vertex -7.6111530 -2.5000370 4.2820820
      vertex -4.4950120 -2.5000370 4.1949200
      vertex -4.3889450 -2.5000370 4.2820820
    endloop
  endfacet
  facet normal 0 -1.0000000 0
    outer loop
      vertex -11.6110530 -2.5000370 4.2820820
      vertex -11.5049860 -2.5000370 4.1949200
      vertex -8.4949120 -2.5000370 4.1949200
    endloop
  endfacet
  facet normal 0 -1.0000000 0
    outer loop
      vertex -11.6110530 -2.5000370 4.2820820
      vertex -8.4949120 -2.5000370 4.1949200
      vertex -8.3888450 -2.5000370 4.2820820
    endloop
  endfacet
  facet normal 0 -1.0000000 0
    outer loop
      vertex -15.6111520 -2.5000370 4.2820820
      vertex -15.5050850 -2.5000370 4.1949200
      vertex -12.4950110 -2.5000370 4.1949200
    endloop
  endfacet
  facet normal 0 -1.0000000 0
    outer loop
      vertex -15.6111520 -2.5000370 4.2820820
      vertex -12.4950110 -2.5000370 4.1949200
      vertex -12.3889440 -2.5000370 4.2820820
    endloop
  endfacet
  facet normal 0 -1.0000000 0
    outer loop
      vertex -18.7000300 -2.5000370 4.2820820
      vertex -18.7000300 -2.5000370 4.1949200
      vertex -16.4949110 -2.5000370 4.1949200
    endloop
  endfacet
  facet normal 0 -1.0000000 0
    outer loop
      vertex -18.7000300 -2.5000370 4.2820820
      vertex -16.4949110 -2.5000370 4.1949200
      vertex -16.3888440 -2.5000370 4.2820820
    endloop
  endfacet
  facet normal 0 -1.0000000 0
    outer loop
      vertex 16.4949110 -2.5000370 4.1949200
      vertex 16.5820730 -2.5000370 4.0888530
      vertex 18.7000300 -2.5000370 4.0888530
    endloop
  endfacet
  facet normal 0 -1.0000000 0
    outer loop
      vertex 16.4949110 -2.5000370 4.1949200
      vertex 18.7000300 -2.5000370 4.0888530
      vertex 18.7000300 -2.5000370 4.1949200
    endloop
  endfacet
  facet normal 0 -1.0000000 0
    outer loop
      vertex 12.4950110 -2.5000370 4.1949200
      vertex 12.5819740 -2.5000370 4.0888530
      vertex 15.4179230 -2.5000370 4.0888530
    endloop
  endfacet
  facet normal 0 -1.0000000 0
    outer loop
      vertex 12.4950110 -2.5000370 4.1949200
      vertex 15.4179230 -2.5000370 4.0888530
      vertex 15.5050850 -2.5000370 4.1949200
    endloop
  endfacet
  facet normal 0 -1.0000000 0
    outer loop
      vertex 8.4949120 -2.5000370 4.1949200
      vertex 8.5820740 -2.5000370 4.0888530
      vertex 11.4180230 -2.5000370 4.0888530
    endloop
  endfacet
  facet normal 0 -1.0000000 0
    outer loop
      vertex 8.4949120 -2.5000370 4.1949200
      vertex 11.4180230 -2.5000370 4.0888530
      vertex 11.5049860 -2.5000370 4.1949200
    endloop
  endfacet
  facet normal 0 -1.0000000 0
    outer loop
      vertex 4.4950120 -2.5000370 4.1949200
      vertex 4.5819750 -2.5000370 4.0888530
      vertex 7.4179240 -2.5000370 4.0888530
    endloop
  endfacet
  facet normal 0 -1.0000000 0
    outer loop
      vertex 4.4950120 -2.5000370 4.1949200
      vertex 7.4179240 -2.5000370 4.0888530
      vertex 7.5050860 -2.5000370 4.1949200
    endloop
  endfacet
  facet normal 0 -1.0000000 0
    outer loop
      vertex 0.4949130 -2.5000370 4.1949200
      vertex 0.5820750 -2.5000370 4.0888530
      vertex 3.4180240 -2.5000370 4.0888530
    endloop
  endfacet
  facet normal 0 -1.0000000 0
    outer loop
      vertex 0.4949130 -2.5000370 4.1949200
      vertex 3.4180240 -2.5000370 4.0888530
      vertex 3.5049870 -2.5000370 4.1949200
    endloop
  endfacet
  facet normal 0 -1.0000000 0
    outer loop
      vertex -3.5049870 -2.5000370 4.1949200
      vertex -3.4180240 -2.5000370 4.0888530
      vertex -0.5820750 -2.5000370 4.0888530
    endloop
  endfacet
  facet normal 0 -1.0000000 0
    outer loop
      vertex -3.5049870 -2.5000370 4.1949200
      vertex -0.5820750 -2.5000370 4.0888530
      vertex -0.4949130 -2.5000370 4.1949200
    endloop
  endfacet
  facet normal 0 -1.0000000 0
    outer loop
      vertex -7.5050860 -2.5000370 4.1949200
      vertex -7.4179240 -2.5000370 4.0888530
      vertex -4.5819750 -2.5000370 4.0888530
    endloop
  endfacet
  facet normal 0 -1.0000000 0
    outer loop
      vertex -7.5050860 -2.5000370 4.1949200
      vertex -4.5819750 -2.5000370 4.0888530
      vertex -4.4950120 -2.5000370 4.1949200
    endloop
  endfacet
  facet normal 0 -1.0000000 0
    outer loop
      vertex -11.5049860 -2.5000370 4.1949200
      vertex -11.4180230 -2.5000370 4.0888530
      vertex -8.5820740 -2.5000370 4.0888530
    endloop
  endfacet
  facet normal 0 -1.0000000 0
    outer loop
      vertex -11.5049860 -2.5000370 4.1949200
      vertex -8.5820740 -2.5000370 4.0888530
      vertex -8.4949120 -2.5000370 4.1949200
    endloop
  endfacet
  facet normal 0 -1.0000000 0
    outer loop
      vertex -15.5050850 -2.5000370 4.1949200
      vertex -15.4179230 -2.5000370 4.0888530
      vertex -12.5819740 -2.5000370 4.0888530
    endloop
  endfacet
  facet normal 0 -1.0000000 0
    outer loop
      vertex -15.5050850 -2.5000370 4.1949200
      vertex -12.5819740 -2.5000370 4.0888530
      vertex -12.4950110 -2.5000370 4.1949200
    endloop
  endfacet
  facet normal 0 -1.0000000 0
    outer loop
      vertex -18.7000300 -2.5000370 4.1949200
      vertex -18.7000300 -2.5000370 4.0888530
      vertex -16.5820730 -2.5000370 4.0888530
    endloop
  endfacet
  facet normal 0 -1.0000000 0
    outer loop
      vertex -18.7000300 -2.5000370 4.1949200
      vertex -16.5820730 -2.5000370 4.0888530
      vertex -16.4949110 -2.5000370 4.1949200
    endloop
  endfacet
  facet normal 0 -1.0000000 0
    outer loop
      vertex 16.5820730 -2.5000370 4.0888530
      vertex 16.6467480 -2.5000370 3.9678610
      vertex 18.7000300 -2.5000370 3.9678610
    endloop
  endfacet
  facet normal 0 -1.0000000 0
    outer loop
      vertex 16.5820730 -2.5000370 4.0888530
      vertex 18.7000300 -2.5000370 3.9678610
      vertex 18.7000300 -2.5000370 4.0888530
    endloop
  endfacet
  facet normal 0 -1.0000000 0
    outer loop
      vertex 12.5819740 -2.5000370 4.0888530
      vertex 12.6466490 -2.5000370 3.9678610
      vertex 15.3532480 -2.5000370 3.9678610
    endloop
  endfacet
  facet normal 0 -1.0000000 0
    outer loop
      vertex 12.5819740 -2.5000370 4.0888530
      vertex 15.3532480 -2.5000370 3.9678610
      vertex 15.4179230 -2.5000370 4.0888530
    endloop
  endfacet
  facet normal 0 -1.0000000 0
    outer loop
      vertex 8.5820740 -2.5000370 4.0888530
      vertex 8.6467490 -2.5000370 3.9678610
      vertex 11.3533480 -2.5000370 3.9678610
    endloop
  endfacet
  facet normal 0 -1.0000000 0
    outer loop
      vertex 8.5820740 -2.5000370 4.0888530
      vertex 11.3533480 -2.5000370 3.9678610
      vertex 11.4180230 -2.5000370 4.0888530
    endloop
  endfacet
  facet normal 0 -1.0000000 0
    outer loop
      vertex 4.5819750 -2.5000370 4.0888530
      vertex 4.6466500 -2.5000370 3.9678610
      vertex 7.3532490 -2.5000370 3.9678610
    endloop
  endfacet
  facet normal 0 -1.0000000 0
    outer loop
      vertex 4.5819750 -2.5000370 4.0888530
      vertex 7.3532490 -2.5000370 3.9678610
      vertex 7.4179240 -2.5000370 4.0888530
    endloop
  endfacet
  facet normal 0 -1.0000000 0
    outer loop
      vertex 0.5820750 -2.5000370 4.0888530
      vertex 0.6467500 -2.5000370 3.9678610
      vertex 3.3533490 -2.5000370 3.9678610
    endloop
  endfacet
  facet normal 0 -1.0000000 0
    outer loop
      vertex 0.5820750 -2.5000370 4.0888530
      vertex 3.3533490 -2.5000370 3.9678610
      vertex 3.4180240 -2.5000370 4.0888530
    endloop
  endfacet
  facet normal 0 -1.0000000 0
    outer loop
      vertex -3.4180240 -2.5000370 4.0888530
      vertex -3.3533490 -2.5000370 3.9678610
      vertex -0.6467500 -2.5000370 3.9678610
    endloop
  endfacet
  facet normal 0 -1.0000000 0
    outer loop
      vertex -3.4180240 -2.5000370 4.0888530
      vertex -0.6467500 -2.5000370 3.9678610
      vertex -0.5820750 -2.5000370 4.0888530
    endloop
  endfacet
  facet normal 0 -1.0000000 0
    outer loop
      vertex -7.4179240 -2.5000370 4.0888530
      vertex -7.3532490 -2.5000370 3.9678610
      vertex -4.6466500 -2.5000370 3.9678610
    endloop
  endfacet
  facet normal 0 -1.0000000 0
    outer loop
      vertex -7.4179240 -2.5000370 4.0888530
      vertex -4.6466500 -2.5000370 3.9678610
      vertex -4.5819750 -2.5000370 4.0888530
    endloop
  endfacet
  facet normal 0 -1.0000000 0
    outer loop
      vertex -11.4180230 -2.5000370 4.0888530
      vertex -11.3533480 -2.5000370 3.9678610
      vertex -8.6467490 -2.5000370 3.9678610
    endloop
  endfacet
  facet normal 0 -1.0000000 0
    outer loop
      vertex -11.4180230 -2.5000370 4.0888530
      vertex -8.6467490 -2.5000370 3.9678610
      vertex -8.5820740 -2.5000370 4.0888530
    endloop
  endfacet
  facet normal 0 -1.0000000 0
    outer loop
      vertex -15.4179230 -2.5000370 4.0888530
      vertex -15.3532480 -2.5000370 3.9678610
      vertex -12.6466490 -2.5000370 3.9678610
    endloop
  endfacet
  facet normal 0 -1.0000000 0
    outer loop
      vertex -15.4179230 -2.5000370 4.0888530
      vertex -12.6466490 -2.5000370 3.9678610
      vertex -12.5819740 -2.5000370 4.0888530
    endloop
  endfacet
  facet normal 0 -1.0000000 0
    outer loop
      vertex -18.7000300 -2.5000370 4.0888530
      vertex -18.7000300 -2.5000370 3.9678610
      vertex -16.6467480 -2.5000370 3.9678610
    endloop
  endfacet
  facet normal 0 -1.0000000 0
    outer loop
      vertex -18.7000300 -2.5000370 4.0888530
      vertex -16.6467480 -2.5000370 3.9678610
      vertex -16.5820730 -2.5000370 4.0888530
    endloop
  endfacet
  facet normal 0 -1.0000000 0
    outer loop
      vertex 16.6467480 -2.5000370 3.9678610
      vertex 16.6865480 -2.5000370 3.8365210
      vertex 18.7000300 -2.5000370 3.8365210
    endloop
  endfacet
  facet normal 0 -1.0000000 0
    outer loop
      vertex 16.6467480 -2.5000370 3.9678610
      vertex 18.7000300 -2.5000370 3.8365210
      vertex 18.7000300 -2.5000370 3.9678610
    endloop
  endfacet
  facet normal 0 -1.0000000 0
    outer loop
      vertex 12.6466490 -2.5000370 3.9678610
      vertex 12.6866480 -2.5000370 3.8365210
      vertex 15.3134480 -2.5000370 3.8365210
    endloop
  endfacet
  facet normal 0 -1.0000000 0
    outer loop
      vertex 12.6466490 -2.5000370 3.9678610
      vertex 15.3134480 -2.5000370 3.8365210
      vertex 15.3532480 -2.5000370 3.9678610
    endloop
  endfacet
  facet normal 0 -1.0000000 0
    outer loop
      vertex 8.6467490 -2.5000370 3.9678610
      vertex 8.6865490 -2.5000370 3.8365210
      vertex 11.3135480 -2.5000370 3.8365210
    endloop
  endfacet
  facet normal 0 -1.0000000 0
    outer loop
      vertex 8.6467490 -2.5000370 3.9678610
      vertex 11.3135480 -2.5000370 3.8365210
      vertex 11.3533480 -2.5000370 3.9678610
    endloop
  endfacet
  facet normal 0 -1.0000000 0
    outer loop
      vertex 4.6466500 -2.5000370 3.9678610
      vertex 4.6866490 -2.5000370 3.8365210
      vertex 7.3134490 -2.5000370 3.8365210
    endloop
  endfacet
  facet normal 0 -1.0000000 0
    outer loop
      vertex 4.6466500 -2.5000370 3.9678610
      vertex 7.3134490 -2.5000370 3.8365210
      vertex 7.3532490 -2.5000370 3.9678610
    endloop
  endfacet
  facet normal 0 -1.0000000 0
    outer loop
      vertex 0.6467500 -2.5000370 3.9678610
      vertex 0.6865500 -2.5000370 3.8365210
      vertex 3.3135490 -2.5000370 3.8365210
    endloop
  endfacet
  facet normal 0 -1.0000000 0
    outer loop
      vertex 0.6467500 -2.5000370 3.9678610
      vertex 3.3135490 -2.5000370 3.8365210
      vertex 3.3533490 -2.5000370 3.9678610
    endloop
  endfacet
  facet normal 0 -1.0000000 0
    outer loop
      vertex -3.3533490 -2.5000370 3.9678610
      vertex -3.3135490 -2.5000370 3.8365210
      vertex -0.6865500 -2.5000370 3.8365210
    endloop
  endfacet
  facet normal 0 -1.0000000 0
    outer loop
      vertex -3.3533490 -2.5000370 3.9678610
      vertex -0.6865500 -2.5000370 3.8365210
      vertex -0.6467500 -2.5000370 3.9678610
    endloop
  endfacet
  facet normal 0 -1.0000000 0
    outer loop
      vertex -7.3532490 -2.5000370 3.9678610
      vertex -7.3134490 -2.5000370 3.8365210
      vertex -4.6866490 -2.5000370 3.8365210
    endloop
  endfacet
  facet normal 0 -1.0000000 0
    outer loop
      vertex -7.3532490 -2.5000370 3.9678610
      vertex -4.6866490 -2.5000370 3.8365210
      vertex -4.6466500 -2.5000370 3.9678610
    endloop
  endfacet
  facet normal 0 -1.0000000 0
    outer loop
      vertex -11.3533480 -2.5000370 3.9678610
      vertex -11.3135480 -2.5000370 3.8365210
      vertex -8.6865490 -2.5000370 3.8365210
    endloop
  endfacet
  facet normal 0 -1.0000000 0
    outer loop
      vertex -11.3533480 -2.5000370 3.9678610
      vertex -8.6865490 -2.5000370 3.8365210
      vertex -8.6467490 -2.5000370 3.9678610
    endloop
  endfacet
  facet normal 0 -1.0000000 0
    outer loop
      vertex -15.3532480 -2.5000370 3.9678610
      vertex -15.3134480 -2.5000370 3.8365210
      vertex -12.6866480 -2.5000370 3.8365210
    endloop
  endfacet
  facet normal 0 -1.0000000 0
    outer loop
      vertex -15.3532480 -2.5000370 3.9678610
      vertex -12.6866480 -2.5000370 3.8365210
      vertex -12.6466490 -2.5000370 3.9678610
    endloop
  endfacet
  facet normal 0 -1.0000000 0
    outer loop
      vertex -18.7000300 -2.5000370 3.9678610
      vertex -18.7000300 -2.5000370 3.8365210
      vertex -16.6865480 -2.5000370 3.8365210
    endloop
  endfacet
  facet normal 0 -1.0000000 0
    outer loop
      vertex -18.7000300 -2.5000370 3.9678610
      vertex -16.6865480 -2.5000370 3.8365210
      vertex -16.6467480 -2.5000370 3.9678610
    endloop
  endfacet
  facet normal 0 -1.0000000 0
    outer loop
      vertex 16.6865480 -2.5000370 3.8365210
      vertex 16.7000800 -2.5000370 3.7000070
      vertex 18.7000300 -2.5000370 3.7000070
    endloop
  endfacet
  facet normal 0 -1.0000000 0
    outer loop
      vertex 16.6865480 -2.5000370 3.8365210
      vertex 18.7000300 -2.5000370 3.7000070
      vertex 18.7000300 -2.5000370 3.8365210
    endloop
  endfacet
  facet normal 0 -1.0000000 0
    outer loop
      vertex 12.6866480 -2.5000370 3.8365210
      vertex 12.6999810 -2.5000370 3.7000070
      vertex 15.2999160 -2.5000370 3.7000070
    endloop
  endfacet
  facet normal 0 -1.0000000 0
    outer loop
      vertex 12.6866480 -2.5000370 3.8365210
      vertex 15.2999160 -2.5000370 3.7000070
      vertex 15.3134480 -2.5000370 3.8365210
    endloop
  endfacet
  facet normal 0 -1.0000000 0
    outer loop
      vertex 8.6865490 -2.5000370 3.8365210
      vertex 8.7000810 -2.5000370 3.7000070
      vertex 11.3000160 -2.5000370 3.7000070
    endloop
  endfacet
  facet normal 0 -1.0000000 0
    outer loop
      vertex 8.6865490 -2.5000370 3.8365210
      vertex 11.3000160 -2.5000370 3.7000070
      vertex 11.3135480 -2.5000370 3.8365210
    endloop
  endfacet
  facet normal 0 -1.0000000 0
    outer loop
      vertex 4.6866490 -2.5000370 3.8365210
      vertex 4.6999820 -2.5000370 3.7000070
      vertex 7.2999170 -2.5000370 3.7000070
    endloop
  endfacet
  facet normal 0 -1.0000000 0
    outer loop
      vertex 4.6866490 -2.5000370 3.8365210
      vertex 7.2999170 -2.5000370 3.7000070
      vertex 7.3134490 -2.5000370 3.8365210
    endloop
  endfacet
  facet normal 0 -1.0000000 0
    outer loop
      vertex 0.6865500 -2.5000370 3.8365210
      vertex 0.7000820 -2.5000370 3.7000070
      vertex 3.3000170 -2.5000370 3.7000070
    endloop
  endfacet
  facet normal 0 -1.0000000 0
    outer loop
      vertex 0.6865500 -2.5000370 3.8365210
      vertex 3.3000170 -2.5000370 3.7000070
      vertex 3.3135490 -2.5000370 3.8365210
    endloop
  endfacet
  facet normal 0 -1.0000000 0
    outer loop
      vertex -3.3135490 -2.5000370 3.8365210
      vertex -3.3000170 -2.5000370 3.7000070
      vertex -0.7000820 -2.5000370 3.7000070
    endloop
  endfacet
  facet normal 0 -1.0000000 0
    outer loop
      vertex -3.3135490 -2.5000370 3.8365210
      vertex -0.7000820 -2.5000370 3.7000070
      vertex -0.6865500 -2.5000370 3.8365210
    endloop
  endfacet
  facet normal 0 -1.0000000 0
    outer loop
      vertex -7.3134490 -2.5000370 3.8365210
      vertex -7.2999170 -2.5000370 3.7000070
      vertex -4.6999820 -2.5000370 3.7000070
    endloop
  endfacet
  facet normal 0 -1.0000000 0
    outer loop
      vertex -7.3134490 -2.5000370 3.8365210
      vertex -4.6999820 -2.5000370 3.7000070
      vertex -4.6866490 -2.5000370 3.8365210
    endloop
  endfacet
  facet normal 0 -1.0000000 0
    outer loop
      vertex -11.3135480 -2.5000370 3.8365210
      vertex -11.3000160 -2.5000370 3.7000070
      vertex -8.7000810 -2.5000370 3.7000070
    endloop
  endfacet
  facet normal 0 -1.0000000 0
    outer loop
      vertex -11.3135480 -2.5000370 3.8365210
      vertex -8.7000810 -2.5000370 3.7000070
      vertex -8.6865490 -2.5000370 3.8365210
    endloop
  endfacet
  facet normal 0 -1.0000000 0
    outer loop
      vertex -15.3134480 -2.5000370 3.8365210
      vertex -15.2999160 -2.5000370 3.7000070
      vertex -12.6999810 -2.5000370 3.7000070
    endloop
  endfacet
  facet normal 0 -1.0000000 0
    outer loop
      vertex -15.3134480 -2.5000370 3.8365210
      vertex -12.6999810 -2.5000370 3.7000070
      vertex -12.6866480 -2.5000370 3.8365210
    endloop
  endfacet
  facet normal 0 -1.0000000 0
    outer loop
      vertex -18.7000300 -2.5000370 3.8365210
      vertex -18.7000300 -2.5000370 3.7000070
      vertex -16.7000800 -2.5000370 3.7000070
    endloop
  endfacet
  facet normal 0 -1.0000000 0
    outer loop
      vertex -18.7000300 -2.5000370 3.8365210
      vertex -16.7000800 -2.5000370 3.7000070
      vertex -16.6865480 -2.5000370 3.8365210
    endloop
  endfacet
  facet normal 0 -1.0000000 0
    outer loop
      vertex 16.7000800 -2.5000370 3.7000070
      vertex 16.6865480 -2.5000370 3.5634930
      vertex 18.7000300 -2.5000370 3.5634930
    endloop
  endfacet
  facet normal 0 -1.0000000 0
    outer loop
      vertex 16.7000800 -2.5000370 3.7000070
      vertex 18.7000300 -2.5000370 3.5634930
      vertex 18.7000300 -2.5000370 3.7000070
    endloop
  endfacet
  facet normal 0 -1.0000000 0
    outer loop
      vertex 12.6999810 -2.5000370 3.7000070
      vertex 12.6866480 -2.5000370 3.5634930
      vertex 15.3134480 -2.5000370 3.5634930
    endloop
  endfacet
  facet normal 0 -1.0000000 0
    outer loop
      vertex 12.6999810 -2.5000370 3.7000070
      vertex 15.3134480 -2.5000370 3.5634930
      vertex 15.2999160 -2.5000370 3.7000070
    endloop
  endfacet
  facet normal 0 -1.0000000 0
    outer loop
      vertex 8.7000810 -2.5000370 3.7000070
      vertex 8.6865490 -2.5000370 3.5634930
      vertex 11.3135480 -2.5000370 3.5634930
    endloop
  endfacet
  facet normal 0 -1.0000000 0
    outer loop
      vertex 8.7000810 -2.5000370 3.7000070
      vertex 11.3135480 -2.5000370 3.5634930
      vertex 11.3000160 -2.5000370 3.7000070
    endloop
  endfacet
  facet normal 0 -1.0000000 0
    outer loop
      vertex 4.6999820 -2.5000370 3.7000070
      vertex 4.6866490 -2.5000370 3.5634930
      vertex 7.3134490 -2.5000370 3.5634930
    endloop
  endfacet
  facet normal 0 -1.0000000 0
    outer loop
      vertex 4.6999820 -2.5000370 3.7000070
      vertex 7.3134490 -2.5000370 3.5634930
      vertex 7.2999170 -2.5000370 3.7000070
    endloop
  endfacet
  facet normal 0 -1.0000000 0
    outer loop
      vertex 0.7000820 -2.5000370 3.7000070
      vertex 0.6865500 -2.5000370 3.5634930
      vertex 3.3135490 -2.5000370 3.5634930
    endloop
  endfacet
  facet normal 0 -1.0000000 0
    outer loop
      vertex 0.7000820 -2.5000370 3.7000070
      vertex 3.3135490 -2.5000370 3.5634930
      vertex 3.3000170 -2.5000370 3.7000070
    endloop
  endfacet
  facet normal 0 -1.0000000 0
    outer loop
      vertex -3.3000170 -2.5000370 3.7000070
      vertex -3.3135490 -2.5000370 3.5634930
      vertex -0.6865500 -2.5000370 3.5634930
    endloop
  endfacet
  facet normal 0 -1.0000000 0
    outer loop
      vertex -3.3000170 -2.5000370 3.7000070
      vertex -0.6865500 -2.5000370 3.5634930
      vertex -0.7000820 -2.5000370 3.7000070
    endloop
  endfacet
  facet normal 0 -1.0000000 0
    outer loop
      vertex -7.2999170 -2.5000370 3.7000070
      vertex -7.3134490 -2.5000370 3.5634930
      vertex -4.6866490 -2.5000370 3.5634930
    endloop
  endfacet
  facet normal 0 -1.0000000 0
    outer loop
      vertex -7.2999170 -2.5000370 3.7000070
      vertex -4.6866490 -2.5000370 3.5634930
      vertex -4.6999820 -2.5000370 3.7000070
    endloop
  endfacet
  facet normal 0 -1.0000000 0
    outer loop
      vertex -11.3000160 -2.5000370 3.7000070
      vertex -11.3135480 -2.5000370 3.5634930
      vertex -8.6865490 -2.5000370 3.5634930
    endloop
  endfacet
  facet normal 0 -1.0000000 0
    outer loop
      vertex -11.3000160 -2.5000370 3.7000070
      vertex -8.6865490 -2.5000370 3.5634930
      vertex -8.7000810 -2.5000370 3.7000070
    endloop
  endfacet
  facet normal 0 -1.0000000 0
    outer loop
      vertex -15.2999160 -2.5000370 3.7000070
      vertex -15.3134480 -2.5000370 3.5634930
      vertex -12.6866480 -2.5000370 3.5634930
    endloop
  endfacet
  facet normal 0 -1.0000000 0
    outer loop
      vertex -15.2999160 -2.5000370 3.7000070
      vertex -12.6866480 -2.5000370 3.5634930
      vertex -12.6999810 -2.5000370 3.7000070
    endloop
  endfacet
  facet normal 0 -1.0000000 0
    outer loop
      vertex -18.7000300 -2.5000370 3.7000070
      vertex -18.7000300 -2.5000370 3.5634930
      vertex -16.6865480 -2.5000370 3.5634930
    endloop
  endfacet
  facet normal 0 -1.0000000 0
    outer loop
      vertex -18.7000300 -2.5000370 3.7000070
      vertex -16.6865480 -2.5000370 3.5634930
      vertex -16.7000800 -2.5000370 3.7000070
    endloop
  endfacet
  facet normal 0 -1.0000000 0
    outer loop
      vertex 16.6865480 -2.5000370 3.5634930
      vertex 16.6467480 -2.5000370 3.4321530
      vertex 18.7000300 -2.5000370 3.4321530
    endloop
  endfacet
  facet normal 0 -1.0000000 0
    outer loop
      vertex 16.6865480 -2.5000370 3.5634930
      vertex 18.7000300 -2.5000370 3.4321530
      vertex 18.7000300 -2.5000370 3.5634930
    endloop
  endfacet
  facet normal 0 -1.0000000 0
    outer loop
      vertex 12.6866480 -2.5000370 3.5634930
      vertex 12.6466490 -2.5000370 3.4321530
      vertex 15.3532480 -2.5000370 3.4321530
    endloop
  endfacet
  facet normal 0 -1.0000000 0
    outer loop
      vertex 12.6866480 -2.5000370 3.5634930
      vertex 15.3532480 -2.5000370 3.4321530
      vertex 15.3134480 -2.5000370 3.5634930
    endloop
  endfacet
  facet normal 0 -1.0000000 0
    outer loop
      vertex 8.6865490 -2.5000370 3.5634930
      vertex 8.6467490 -2.5000370 3.4321530
      vertex 11.3533480 -2.5000370 3.4321530
    endloop
  endfacet
  facet normal 0 -1.0000000 0
    outer loop
      vertex 8.6865490 -2.5000370 3.5634930
      vertex 11.3533480 -2.5000370 3.4321530
      vertex 11.3135480 -2.5000370 3.5634930
    endloop
  endfacet
  facet normal 0 -1.0000000 0
    outer loop
      vertex 4.6866490 -2.5000370 3.5634930
      vertex 4.6466500 -2.5000370 3.4321530
      vertex 7.3532490 -2.5000370 3.4321530
    endloop
  endfacet
  facet normal 0 -1.0000000 0
    outer loop
      vertex 4.6866490 -2.5000370 3.5634930
      vertex 7.3532490 -2.5000370 3.4321530
      vertex 7.3134490 -2.5000370 3.5634930
    endloop
  endfacet
  facet normal 0 -1.0000000 0
    outer loop
      vertex 0.6865500 -2.5000370 3.5634930
      vertex 0.6467500 -2.5000370 3.4321530
      vertex 3.3533490 -2.5000370 3.4321530
    endloop
  endfacet
  facet normal 0 -1.0000000 0
    outer loop
      vertex 0.6865500 -2.5000370 3.5634930
      vertex 3.3533490 -2.5000370 3.4321530
      vertex 3.3135490 -2.5000370 3.5634930
    endloop
  endfacet
  facet normal 0 -1.0000000 0
    outer loop
      vertex -3.3135490 -2.5000370 3.5634930
      vertex -3.3533490 -2.5000370 3.4321530
      vertex -0.6467500 -2.5000370 3.4321530
    endloop
  endfacet
  facet normal 0 -1.0000000 0
    outer loop
      vertex -3.3135490 -2.5000370 3.5634930
      vertex -0.6467500 -2.5000370 3.4321530
      vertex -0.6865500 -2.5000370 3.5634930
    endloop
  endfacet
  facet normal 0 -1.0000000 0
    outer loop
      vertex -7.3134490 -2.5000370 3.5634930
      vertex -7.3532490 -2.5000370 3.4321530
      vertex -4.6466500 -2.5000370 3.4321530
    endloop
  endfacet
  facet normal 0 -1.0000000 0
    outer loop
      vertex -7.3134490 -2.5000370 3.5634930
      vertex -4.6466500 -2.5000370 3.4321530
      vertex -4.6866490 -2.5000370 3.5634930
    endloop
  endfacet
  facet normal 0 -1.0000000 0
    outer loop
      vertex -11.3135480 -2.5000370 3.5634930
      vertex -11.3533480 -2.5000370 3.4321530
      vertex -8.6467490 -2.5000370 3.4321530
    endloop
  endfacet
  facet normal 0 -1.0000000 0
    outer loop
      vertex -11.3135480 -2.5000370 3.5634930
      vertex -8.6467490 -2.5000370 3.4321530
      vertex -8.6865490 -2.5000370 3.5634930
    endloop
  endfacet
  facet normal 0 -1.0000000 0
    outer loop
      vertex -15.3134480 -2.5000370 3.5634930
      vertex -15.3532480 -2.5000370 3.4321530
      vertex -12.6466490 -2.5000370 3.4321530
    endloop
  endfacet
  facet normal 0 -1.0000000 0
    outer loop
      vertex -15.3134480 -2.5000370 3.5634930
      vertex -12.6466490 -2.5000370 3.4321530
      vertex -12.6866480 -2.5000370 3.5634930
    endloop
  endfacet
  facet normal 0 -1.0000000 0
    outer loop
      vertex -18.7000300 -2.5000370 3.5634930
      vertex -18.7000300 -2.5000370 3.4321530
      vertex -16.6467480 -2.5000370 3.4321530
    endloop
  endfacet
  facet normal 0 -1.0000000 0
    outer loop
      vertex -18.7000300 -2.5000370 3.5634930
      vertex -16.6467480 -2.5000370 3.4321530
      vertex -16.6865480 -2.5000370 3.5634930
    endloop
  endfacet
  facet normal 0 -1.0000000 0
    outer loop
      vertex 16.6467480 -2.5000370 3.4321530
      vertex 16.5820730 -2.5000370 3.3111610
      vertex 18.7000300 -2.5000370 3.3111610
    endloop
  endfacet
  facet normal 0 -1.0000000 0
    outer loop
      vertex 16.6467480 -2.5000370 3.4321530
      vertex 18.7000300 -2.5000370 3.3111610
      vertex 18.7000300 -2.5000370 3.4321530
    endloop
  endfacet
  facet normal 0 -1.0000000 0
    outer loop
      vertex 12.6466490 -2.5000370 3.4321530
      vertex 12.5819740 -2.5000370 3.3111610
      vertex 15.4179230 -2.5000370 3.3111610
    endloop
  endfacet
  facet normal 0 -1.0000000 0
    outer loop
      vertex 12.6466490 -2.5000370 3.4321530
      vertex 15.4179230 -2.5000370 3.3111610
      vertex 15.3532480 -2.5000370 3.4321530
    endloop
  endfacet
  facet normal 0 -1.0000000 0
    outer loop
      vertex 8.6467490 -2.5000370 3.4321530
      vertex 8.5820740 -2.5000370 3.3111610
      vertex 11.4180230 -2.5000370 3.3111610
    endloop
  endfacet
  facet normal 0 -1.0000000 0
    outer loop
      vertex 8.6467490 -2.5000370 3.4321530
      vertex 11.4180230 -2.5000370 3.3111610
      vertex 11.3533480 -2.5000370 3.4321530
    endloop
  endfacet
  facet normal 0 -1.0000000 0
    outer loop
      vertex 4.6466500 -2.5000370 3.4321530
      vertex 4.5819750 -2.5000370 3.3111610
      vertex 7.4179240 -2.5000370 3.3111610
    endloop
  endfacet
  facet normal 0 -1.0000000 0
    outer loop
      vertex 4.6466500 -2.5000370 3.4321530
      vertex 7.4179240 -2.5000370 3.3111610
      vertex 7.3532490 -2.5000370 3.4321530
    endloop
  endfacet
  facet normal 0 -1.0000000 0
    outer loop
      vertex 0.6467500 -2.5000370 3.4321530
      vertex 0.5820750 -2.5000370 3.3111610
      vertex 3.4180240 -2.5000370 3.3111610
    endloop
  endfacet
  facet normal 0 -1.0000000 0
    outer loop
      vertex 0.6467500 -2.5000370 3.4321530
      vertex 3.4180240 -2.5000370 3.3111610
      vertex 3.3533490 -2.5000370 3.4321530
    endloop
  endfacet
  facet normal 0 -1.0000000 0
    outer loop
      vertex -3.3533490 -2.5000370 3.4321530
      vertex -3.4180240 -2.5000370 3.3111610
      vertex -0.5820750 -2.5000370 3.3111610
    endloop
  endfacet
  facet normal 0 -1.0000000 0
    outer loop
      vertex -3.3533490 -2.5000370 3.4321530
      vertex -0.5820750 -2.5000370 3.3111610
      vertex -0.6467500 -2.5000370 3.4321530
    endloop
  endfacet
  facet normal 0 -1.0000000 0
    outer loop
      vertex -7.3532490 -2.5000370 3.4321530
      vertex -7.4179240 -2.5000370 3.3111610
      vertex -4.5819750 -2.5000370 3.3111610
    endloop
  endfacet
  facet normal 0 -1.0000000 0
    outer loop
      vertex -7.3532490 -2.5000370 3.4321530
      vertex -4.5819750 -2.5000370 3.3111610
      vertex -4.6466500 -2.5000370 3.4321530
    endloop
  endfacet
  facet normal 0 -1.0000000 0
    outer loop
      vertex -11.3533480 -2.5000370 3.4321530
      vertex -11.4180230 -2.5000370 3.3111610
      vertex -8.5820740 -2.5000370 3.3111610
    endloop
  endfacet
  facet normal 0 -1.0000000 0
    outer loop
      vertex -11.3533480 -2.5000370 3.4321530
      vertex -8.5820740 -2.5000370 3.3111610
      vertex -8.6467490 -2.5000370 3.4321530
    endloop
  endfacet
  facet normal 0 -1.0000000 0
    outer loop
      vertex -15.3532480 -2.5000370 3.4321530
      vertex -15.4179230 -2.5000370 3.3111610
      vertex -12.5819740 -2.5000370 3.3111610
    endloop
  endfacet
  facet normal 0 -1.0000000 0
    outer loop
      vertex -15.3532480 -2.5000370 3.4321530
      vertex -12.5819740 -2.5000370 3.3111610
      vertex -12.6466490 -2.5000370 3.4321530
    endloop
  endfacet
  facet normal 0 -1.0000000 0
    outer loop
      vertex -18.7000300 -2.5000370 3.4321530
      vertex -18.7000300 -2.5000370 3.3111610
      vertex -16.5820730 -2.5000370 3.3111610
    endloop
  endfacet
  facet normal 0 -1.0000000 0
    outer loop
      vertex -18.7000300 -2.5000370 3.4321530
      vertex -16.5820730 -2.5000370 3.3111610
      vertex -16.6467480 -2.5000370 3.4321530
    endloop
  endfacet
  facet normal 0 -1.0000000 0
    outer loop
      vertex 16.5820730 -2.5000370 3.3111610
      vertex 16.4949110 -2.5000370 3.2050940
      vertex 18.7000300 -2.5000370 3.2050940
    endloop
  endfacet
  facet normal 0 -1.0000000 0
    outer loop
      vertex 16.5820730 -2.5000370 3.3111610
      vertex 18.7000300 -2.5000370 3.2050940
      vertex 18.7000300 -2.5000370 3.3111610
    endloop
  endfacet
  facet normal 0 -1.0000000 0
    outer loop
      vertex 12.5819740 -2.5000370 3.3111610
      vertex 12.4950110 -2.5000370 3.2050940
      vertex 15.5050850 -2.5000370 3.2050940
    endloop
  endfacet
  facet normal 0 -1.0000000 0
    outer loop
      vertex 12.5819740 -2.5000370 3.3111610
      vertex 15.5050850 -2.5000370 3.2050940
      vertex 15.4179230 -2.5000370 3.3111610
    endloop
  endfacet
  facet normal 0 -1.0000000 0
    outer loop
      vertex 8.5820740 -2.5000370 3.3111610
      vertex 8.4949120 -2.5000370 3.2050940
      vertex 11.5049860 -2.5000370 3.2050940
    endloop
  endfacet
  facet normal 0 -1.0000000 0
    outer loop
      vertex 8.5820740 -2.5000370 3.3111610
      vertex 11.5049860 -2.5000370 3.2050940
      vertex 11.4180230 -2.5000370 3.3111610
    endloop
  endfacet
  facet normal 0 -1.0000000 0
    outer loop
      vertex 4.5819750 -2.5000370 3.3111610
      vertex 4.4950120 -2.5000370 3.2050940
      vertex 7.5050860 -2.5000370 3.2050940
    endloop
  endfacet
  facet normal 0 -1.0000000 0
    outer loop
      vertex 4.5819750 -2.5000370 3.3111610
      vertex 7.5050860 -2.5000370 3.2050940
      vertex 7.4179240 -2.5000370 3.3111610
    endloop
  endfacet
  facet normal 0 -1.0000000 0
    outer loop
      vertex 0.5820750 -2.5000370 3.3111610
      vertex 0.4949130 -2.5000370 3.2050940
      vertex 3.5049870 -2.5000370 3.2050940
    endloop
  endfacet
  facet normal 0 -1.0000000 0
    outer loop
      vertex 0.5820750 -2.5000370 3.3111610
      vertex 3.5049870 -2.5000370 3.2050940
      vertex 3.4180240 -2.5000370 3.3111610
    endloop
  endfacet
  facet normal 0 -1.0000000 0
    outer loop
      vertex -3.4180240 -2.5000370 3.3111610
      vertex -3.5049870 -2.5000370 3.2050940
      vertex -0.4949130 -2.5000370 3.2050940
    endloop
  endfacet
  facet normal 0 -1.0000000 0
    outer loop
      vertex -3.4180240 -2.5000370 3.3111610
      vertex -0.4949130 -2.5000370 3.2050940
      vertex -0.5820750 -2.5000370 3.3111610
    endloop
  endfacet
  facet normal 0 -1.0000000 0
    outer loop
      vertex -7.4179240 -2.5000370 3.3111610
      vertex -7.5050860 -2.5000370 3.2050940
      vertex -4.4950120 -2.5000370 3.2050940
    endloop
  endfacet
  facet normal 0 -1.0000000 0
    outer loop
      vertex -7.4179240 -2.5000370 3.3111610
      vertex -4.4950120 -2.5000370 3.2050940
      vertex -4.5819750 -2.5000370 3.3111610
    endloop
  endfacet
  facet normal 0 -1.0000000 0
    outer loop
      vertex -11.4180230 -2.5000370 3.3111610
      vertex -11.5049860 -2.5000370 3.2050940
      vertex -8.4949120 -2.5000370 3.2050940
    endloop
  endfacet
  facet normal 0 -1.0000000 0
    outer loop
      vertex -11.4180230 -2.5000370 3.3111610
      vertex -8.4949120 -2.5000370 3.2050940
      vertex -8.5820740 -2.5000370 3.3111610
    endloop
  endfacet
  facet normal 0 -1.0000000 0
    outer loop
      vertex -15.4179230 -2.5000370 3.3111610
      vertex -15.5050850 -2.5000370 3.2050940
      vertex -12.4950110 -2.5000370 3.2050940
    endloop
  endfacet
  facet normal 0 -1.0000000 0
    outer loop
      vertex -15.4179230 -2.5000370 3.3111610
      vertex -12.4950110 -2.5000370 3.2050940
      vertex -12.5819740 -2.5000370 3.3111610
    endloop
  endfacet
  facet normal 0 -1.0000000 0
    outer loop
      vertex -18.7000300 -2.5000370 3.3111610
      vertex -18.7000300 -2.5000370 3.2050940
      vertex -16.4949110 -2.5000370 3.2050940
    endloop
  endfacet
  facet normal 0 -1.0000000 0
    outer loop
      vertex -18.7000300 -2.5000370 3.3111610
      vertex -16.4949110 -2.5000370 3.2050940
      vertex -16.5820730 -2.5000370 3.3111610
    endloop
  endfacet
  facet normal 0 -1.0000000 0
    outer loop
      vertex 16.4949110 -2.5000370 3.2050940
      vertex 16.3888440 -2.5000370 3.1179320
      vertex 18.7000300 -2.5000370 3.1179320
    endloop
  endfacet
  facet normal 0 -1.0000000 0
    outer loop
      vertex 16.4949110 -2.5000370 3.2050940
      vertex 18.7000300 -2.5000370 3.1179320
      vertex 18.7000300 -2.5000370 3.2050940
    endloop
  endfacet
  facet normal 0 -1.0000000 0
    outer loop
      vertex 12.4950110 -2.5000370 3.2050940
      vertex 12.3889440 -2.5000370 3.1179320
      vertex 15.6111520 -2.5000370 3.1179320
    endloop
  endfacet
  facet normal 0 -1.0000000 0
    outer loop
      vertex 12.4950110 -2.5000370 3.2050940
      vertex 15.6111520 -2.5000370 3.1179320
      vertex 15.5050850 -2.5000370 3.2050940
    endloop
  endfacet
  facet normal 0 -1.0000000 0
    outer loop
      vertex 8.4949120 -2.5000370 3.2050940
      vertex 8.3888450 -2.5000370 3.1179320
      vertex 11.6110530 -2.5000370 3.1179320
    endloop
  endfacet
  facet normal 0 -1.0000000 0
    outer loop
      vertex 8.4949120 -2.5000370 3.2050940
      vertex 11.6110530 -2.5000370 3.1179320
      vertex 11.5049860 -2.5000370 3.2050940
    endloop
  endfacet
  facet normal 0 -1.0000000 0
    outer loop
      vertex 4.4950120 -2.5000370 3.2050940
      vertex 4.3889450 -2.5000370 3.1179320
      vertex 7.6111530 -2.5000370 3.1179320
    endloop
  endfacet
  facet normal 0 -1.0000000 0
    outer loop
      vertex 4.4950120 -2.5000370 3.2050940
      vertex 7.6111530 -2.5000370 3.1179320
      vertex 7.5050860 -2.5000370 3.2050940
    endloop
  endfacet
  facet normal 0 -1.0000000 0
    outer loop
      vertex 0.4949130 -2.5000370 3.2050940
      vertex 0.3888460 -2.5000370 3.1179320
      vertex 3.6110540 -2.5000370 3.1179320
    endloop
  endfacet
  facet normal 0 -1.0000000 0
    outer loop
      vertex 0.4949130 -2.5000370 3.2050940
      vertex 3.6110540 -2.5000370 3.1179320
      vertex 3.5049870 -2.5000370 3.2050940
    endloop
  endfacet
  facet normal 0 -1.0000000 0
    outer loop
      vertex -3.5049870 -2.5000370 3.2050940
      vertex -3.6110540 -2.5000370 3.1179320
      vertex -0.3888460 -2.5000370 3.1179320
    endloop
  endfacet
  facet normal 0 -1.0000000 0
    outer loop
      vertex -3.5049870 -2.5000370 3.2050940
      vertex -0.3888460 -2.5000370 3.1179320
      vertex -0.4949130 -2.5000370 3.2050940
    endloop
  endfacet
  facet normal 0 -1.0000000 0
    outer loop
      vertex -7.5050860 -2.5000370 3.2050940
      vertex -7.6111530 -2.5000370 3.1179320
      vertex -4.3889450 -2.5000370 3.1179320
    endloop
  endfacet
  facet normal 0 -1.0000000 0
    outer loop
      vertex -7.5050860 -2.5000370 3.2050940
      vertex -4.3889450 -2.5000370 3.1179320
      vertex -4.4950120 -2.5000370 3.2050940
    endloop
  endfacet
  facet normal 0 -1.0000000 0
    outer loop
      vertex -11.5049860 -2.5000370 3.2050940
      vertex -11.6110530 -2.5000370 3.1179320
      vertex -8.3888450 -2.5000370 3.1179320
    endloop
  endfacet
  facet normal 0 -1.0000000 0
    outer loop
      vertex -11.5049860 -2.5000370 3.2050940
      vertex -8.3888450 -2.5000370 3.1179320
      vertex -8.4949120 -2.5000370 3.2050940
    endloop
  endfacet
  facet normal 0 -1.0000000 0
    outer loop
      vertex -15.5050850 -2.5000370 3.2050940
      vertex -15.6111520 -2.5000370 3.1179320
      vertex -12.3889440 -2.5000370 3.1179320
    endloop
  endfacet
  facet normal 0 -1.0000000 0
    outer loop
      vertex -15.5050850 -2.5000370 3.2050940
      vertex -12.3889440 -2.5000370 3.1179320
      vertex -12.4950110 -2.5000370 3.2050940
    endloop
  endfacet
  facet normal 0 -1.0000000 0
    outer loop
      vertex -18.7000300 -2.5000370 3.2050940
      vertex -18.7000300 -2.5000370 3.1179320
      vertex -16.3888440 -2.5000370 3.1179320
    endloop
  endfacet
  facet normal 0 -1.0000000 0
    outer loop
      vertex -18.7000300 -2.5000370 3.2050940
      vertex -16.3888440 -2.5000370 3.1179320
      vertex -16.4949110 -2.5000370 3.2050940
    endloop
  endfacet
  facet normal 0 -1.0000000 0
    outer loop
      vertex 16.3888440 -2.5000370 3.1179320
      vertex 16.2678520 -2.5000370 3.0532570
      vertex 18.7000300 -2.5000370 3.0532570
    endloop
  endfacet
  facet normal 0 -1.0000000 0
    outer loop
      vertex 16.3888440 -2.5000370 3.1179320
      vertex 18.7000300 -2.5000370 3.0532570
      vertex 18.7000300 -2.5000370 3.1179320
    endloop
  endfacet
  facet normal 0 -1.0000000 0
    outer loop
      vertex 12.3889440 -2.5000370 3.1179320
      vertex 12.2679520 -2.5000370 3.0532570
      vertex 15.7321440 -2.5000370 3.0532570
    endloop
  endfacet
  facet normal 0 -1.0000000 0
    outer loop
      vertex 12.3889440 -2.5000370 3.1179320
      vertex 15.7321440 -2.5000370 3.0532570
      vertex 15.6111520 -2.5000370 3.1179320
    endloop
  endfacet
  facet normal 0 -1.0000000 0
    outer loop
      vertex 8.3888450 -2.5000370 3.1179320
      vertex 8.2678530 -2.5000370 3.0532570
      vertex 11.7320450 -2.5000370 3.0532570
    endloop
  endfacet
  facet normal 0 -1.0000000 0
    outer loop
      vertex 8.3888450 -2.5000370 3.1179320
      vertex 11.7320450 -2.5000370 3.0532570
      vertex 11.6110530 -2.5000370 3.1179320
    endloop
  endfacet
  facet normal 0 -1.0000000 0
    outer loop
      vertex 4.3889450 -2.5000370 3.1179320
      vertex 4.2679530 -2.5000370 3.0532570
      vertex 7.7321450 -2.5000370 3.0532570
    endloop
  endfacet
  facet normal 0 -1.0000000 0
    outer loop
      vertex 4.3889450 -2.5000370 3.1179320
      vertex 7.7321450 -2.5000370 3.0532570
      vertex 7.6111530 -2.5000370 3.1179320
    endloop
  endfacet
  facet normal 0 -1.0000000 0
    outer loop
      vertex 0.3888460 -2.5000370 3.1179320
      vertex 0.2678540 -2.5000370 3.0532570
      vertex 3.7320460 -2.5000370 3.0532570
    endloop
  endfacet
  facet normal 0 -1.0000000 0
    outer loop
      vertex 0.3888460 -2.5000370 3.1179320
      vertex 3.7320460 -2.5000370 3.0532570
      vertex 3.6110540 -2.5000370 3.1179320
    endloop
  endfacet
  facet normal 0 -1.0000000 0
    outer loop
      vertex -3.6110540 -2.5000370 3.1179320
      vertex -3.7320460 -2.5000370 3.0532570
      vertex -0.2678540 -2.5000370 3.0532570
    endloop
  endfacet
  facet normal 0 -1.0000000 0
    outer loop
      vertex -3.6110540 -2.5000370 3.1179320
      vertex -0.2678540 -2.5000370 3.0532570
      vertex -0.3888460 -2.5000370 3.1179320
    endloop
  endfacet
  facet normal 0 -1.0000000 0
    outer loop
      vertex -7.6111530 -2.5000370 3.1179320
      vertex -7.7321450 -2.5000370 3.0532570
      vertex -4.2679530 -2.5000370 3.0532570
    endloop
  endfacet
  facet normal 0 -1.0000000 0
    outer loop
      vertex -7.6111530 -2.5000370 3.1179320
      vertex -4.2679530 -2.5000370 3.0532570
      vertex -4.3889450 -2.5000370 3.1179320
    endloop
  endfacet
  facet normal 0 -1.0000000 0
    outer loop
      vertex -11.6110530 -2.5000370 3.1179320
      vertex -11.7320450 -2.5000370 3.0532570
      vertex -8.2678530 -2.5000370 3.0532570
    endloop
  endfacet
  facet normal 0 -1.0000000 0
    outer loop
      vertex -11.6110530 -2.5000370 3.1179320
      vertex -8.2678530 -2.5000370 3.0532570
      vertex -8.3888450 -2.5000370 3.1179320
    endloop
  endfacet
  facet normal 0 -1.0000000 0
    outer loop
      vertex -15.6111520 -2.5000370 3.1179320
      vertex -15.7321440 -2.5000370 3.0532570
      vertex -12.2679520 -2.5000370 3.0532570
    endloop
  endfacet
  facet normal 0 -1.0000000 0
    outer loop
      vertex -15.6111520 -2.5000370 3.1179320
      vertex -12.2679520 -2.5000370 3.0532570
      vertex -12.3889440 -2.5000370 3.1179320
    endloop
  endfacet
  facet normal 0 -1.0000000 0
    outer loop
      vertex -18.7000300 -2.5000370 3.1179320
      vertex -18.7000300 -2.5000370 3.0532570
      vertex -16.2678520 -2.5000370 3.0532570
    endloop
  endfacet
  facet normal 0 -1.0000000 0
    outer loop
      vertex -18.7000300 -2.5000370 3.1179320
      vertex -16.2678520 -2.5000370 3.0532570
      vertex -16.3888440 -2.5000370 3.1179320
    endloop
  endfacet
  facet normal 0 -1.0000000 0
    outer loop
      vertex 16.2678520 -2.5000370 3.0532570
      vertex 16.1365120 -2.5000370 3.0134570
      vertex 18.7000300 -2.5000370 3.0134570
    endloop
  endfacet
  facet normal 0 -1.0000000 0
    outer loop
      vertex 16.2678520 -2.5000370 3.0532570
      vertex 18.7000300 -2.5000370 3.0134570
      vertex 18.7000300 -2.5000370 3.0532570
    endloop
  endfacet
  facet normal 0 -1.0000000 0
    outer loop
      vertex 12.2679520 -2.5000370 3.0532570
      vertex 12.1366120 -2.5000370 3.0134570
      vertex 15.8634840 -2.5000370 3.0134570
    endloop
  endfacet
  facet normal 0 -1.0000000 0
    outer loop
      vertex 12.2679520 -2.5000370 3.0532570
      vertex 15.8634840 -2.5000370 3.0134570
      vertex 15.7321440 -2.5000370 3.0532570
    endloop
  endfacet
  facet normal 0 -1.0000000 0
    outer loop
      vertex 8.2678530 -2.5000370 3.0532570
      vertex 8.1365130 -2.5000370 3.0134570
      vertex 11.8633850 -2.5000370 3.0134570
    endloop
  endfacet
  facet normal 0 -1.0000000 0
    outer loop
      vertex 8.2678530 -2.5000370 3.0532570
      vertex 11.8633850 -2.5000370 3.0134570
      vertex 11.7320450 -2.5000370 3.0532570
    endloop
  endfacet
  facet normal 0 -1.0000000 0
    outer loop
      vertex 4.2679530 -2.5000370 3.0532570
      vertex 4.1366130 -2.5000370 3.0134570
      vertex 7.8634850 -2.5000370 3.0134570
    endloop
  endfacet
  facet normal 0 -1.0000000 0
    outer loop
      vertex 4.2679530 -2.5000370 3.0532570
      vertex 7.8634850 -2.5000370 3.0134570
      vertex 7.7321450 -2.5000370 3.0532570
    endloop
  endfacet
  facet normal 0 -1.0000000 0
    outer loop
      vertex 0.2678540 -2.5000370 3.0532570
      vertex 0.1365140 -2.5000370 3.0134570
      vertex 3.8633860 -2.5000370 3.0134570
    endloop
  endfacet
  facet normal 0 -1.0000000 0
    outer loop
      vertex 0.2678540 -2.5000370 3.0532570
      vertex 3.8633860 -2.5000370 3.0134570
      vertex 3.7320460 -2.5000370 3.0532570
    endloop
  endfacet
  facet normal 0 -1.0000000 0
    outer loop
      vertex -3.7320460 -2.5000370 3.0532570
      vertex -3.8633860 -2.5000370 3.0134570
      vertex -0.1365140 -2.5000370 3.0134570
    endloop
  endfacet
  facet normal 0 -1.0000000 0
    outer loop
      vertex -3.7320460 -2.5000370 3.0532570
      vertex -0.1365140 -2.5000370 3.0134570
      vertex -0.2678540 -2.5000370 3.0532570
    endloop
  endfacet
  facet normal 0 -1.0000000 0
    outer loop
      vertex -7.7321450 -2.5000370 3.0532570
      vertex -7.8634850 -2.5000370 3.0134570
      vertex -4.1366130 -2.5000370 3.0134570
    endloop
  endfacet
  facet normal 0 -1.0000000 0
    outer loop
      vertex -7.7321450 -2.5000370 3.0532570
      vertex -4.1366130 -2.5000370 3.0134570
      vertex -4.2679530 -2.5000370 3.0532570
    endloop
  endfacet
  facet normal 0 -1.0000000 0
    outer loop
      vertex -11.7320450 -2.5000370 3.0532570
      vertex -11.8633850 -2.5000370 3.0134570
      vertex -8.1365130 -2.5000370 3.0134570
    endloop
  endfacet
  facet normal 0 -1.0000000 0
    outer loop
      vertex -11.7320450 -2.5000370 3.0532570
      vertex -8.1365130 -2.5000370 3.0134570
      vertex -8.2678530 -2.5000370 3.0532570
    endloop
  endfacet
  facet normal 0 -1.0000000 0
    outer loop
      vertex -15.7321440 -2.5000370 3.0532570
      vertex -15.8634840 -2.5000370 3.0134570
      vertex -12.1366120 -2.5000370 3.0134570
    endloop
  endfacet
  facet normal 0 -1.0000000 0
    outer loop
      vertex -15.7321440 -2.5000370 3.0532570
      vertex -12.1366120 -2.5000370 3.0134570
      vertex -12.2679520 -2.5000370 3.0532570
    endloop
  endfacet
  facet normal 0 -1.0000000 0
    outer loop
      vertex -18.7000300 -2.5000370 3.0532570
      vertex -18.7000300 -2.5000370 3.0134570
      vertex -16.1365120 -2.5000370 3.0134570
    endloop
  endfacet
  facet normal 0 -1.0000000 0
    outer loop
      vertex -18.7000300 -2.5000370 3.0532570
      vertex -16.1365120 -2.5000370 3.0134570
      vertex -16.2678520 -2.5000370 3.0532570
    endloop
  endfacet
  facet normal 0 -1.0000000 0
    outer loop
      vertex 16.1365120 -2.5000370 3.0134570
      vertex 15.9999980 -2.5000370 2.9999250
      vertex 18.7000300 -2.5000370 2.9999250
    endloop
  endfacet
  facet normal 0 -1.0000000 0
    outer loop
      vertex 16.1365120 -2.5000370 3.0134570
      vertex 18.7000300 -2.5000370 2.9999250
      vertex 18.7000300 -2.5000370 3.0134570
    endloop
  endfacet
  facet normal 0 -1.0000000 0
    outer loop
      vertex 12.1366120 -2.5000370 3.0134570
      vertex 12.0000980 -2.5000370 2.9999250
      vertex 15.9999980 -2.5000370 2.9999250
    endloop
  endfacet
  facet normal 0 -1.0000000 0
    outer loop
      vertex 12.1366120 -2.5000370 3.0134570
      vertex 15.9999980 -2.5000370 2.9999250
      vertex 15.8634840 -2.5000370 3.0134570
    endloop
  endfacet
  facet normal 0 -1.0000000 0
    outer loop
      vertex 8.1365130 -2.5000370 3.0134570
      vertex 7.9999990 -2.5000370 2.9999250
      vertex 12.0000980 -2.5000370 2.9999250
    endloop
  endfacet
  facet normal 0 -1.0000000 0
    outer loop
      vertex 8.1365130 -2.5000370 3.0134570
      vertex 12.0000980 -2.5000370 2.9999250
      vertex 11.8633850 -2.5000370 3.0134570
    endloop
  endfacet
  facet normal 0 -1.0000000 0
    outer loop
      vertex 4.1366130 -2.5000370 3.0134570
      vertex 4.0000990 -2.5000370 2.9999250
      vertex 7.9999990 -2.5000370 2.9999250
    endloop
  endfacet
  facet normal 0 -1.0000000 0
    outer loop
      vertex 4.1366130 -2.5000370 3.0134570
      vertex 7.9999990 -2.5000370 2.9999250
      vertex 7.8634850 -2.5000370 3.0134570
    endloop
  endfacet
  facet normal 0 -1.0000000 0
    outer loop
      vertex 0.1365140 -2.5000370 3.0134570
      vertex 0 -2.5000370 2.9999250
      vertex 4.0000990 -2.5000370 2.9999250
    endloop
  endfacet
  facet normal 0 -1.0000000 0
    outer loop
      vertex 0.1365140 -2.5000370 3.0134570
      vertex 4.0000990 -2.5000370 2.9999250
      vertex 3.8633860 -2.5000370 3.0134570
    endloop
  endfacet
  facet normal 0 -1.0000000 0
    outer loop
      vertex -3.8633860 -2.5000370 3.0134570
      vertex -4.0000990 -2.5000370 2.9999250
      vertex 0 -2.5000370 2.9999250
    endloop
  endfacet
  facet normal 0 -1.0000000 0
    outer loop
      vertex -3.8633860 -2.5000370 3.0134570
      vertex 0 -2.5000370 2.9999250
      vertex -0.1365140 -2.5000370 3.0134570
    endloop
  endfacet
  facet normal 0 -1.0000000 0
    outer loop
      vertex -7.8634850 -2.5000370 3.0134570
      vertex -7.9999990 -2.5000370 2.9999250
      vertex -4.0000990 -2.5000370 2.9999250
    endloop
  endfacet
  facet normal 0 -1.0000000 0
    outer loop
      vertex -7.8634850 -2.5000370 3.0134570
      vertex -4.0000990 -2.5000370 2.9999250
      vertex -4.1366130 -2.5000370 3.0134570
    endloop
  endfacet
  facet normal 0 -1.0000000 0
    outer loop
      vertex -11.8633850 -2.5000370 3.0134570
      vertex -12.0000980 -2.5000370 2.9999250
      vertex -7.9999990 -2.5000370 2.9999250
    endloop
  endfacet
  facet normal 0 -1.0000000 0
    outer loop
      vertex -11.8633850 -2.5000370 3.0134570
      vertex -7.9999990 -2.5000370 2.9999250
      vertex -8.1365130 -2.5000370 3.0134570
    endloop
  endfacet
  facet normal 0 -1.0000000 0
    outer loop
      vertex -15.8634840 -2.5000370 3.0134570
      vertex -15.9999980 -2.5000370 2.9999250
      vertex -12.0000980 -2.5000370 2.9999250
    endloop
  endfacet
  facet normal 0 -1.0000000 0
    outer loop
      vertex -15.8634840 -2.5000370 3.0134570
      vertex -12.0000980 -2.5000370 2.9999250
      vertex -12.1366120 -2.5000370 3.0134570
    endloop
  endfacet
  facet normal 0 -1.0000000 0
    outer loop
      vertex -18.7000300 -2.5000370 3.0134570
      vertex -18.7000300 -2.5000370 2.9999250
      vertex -15.9999980 -2.5000370 2.9999250
    endloop
  endfacet
  facet normal 0 -1.0000000 0
    outer loop
      vertex -18.7000300 -2.5000370 3.0134570
      vertex -15.9999980 -2.5000370 2.9999250
      vertex -16.1365120 -2.5000370 3.0134570
    endloop
  endfacet
  facet normal 0 -1.0000000 0
    outer loop
      vertex 0 -2.5000370 2.5075990
      vertex 15.9999980 -2.5000370 2.9999250
      vertex 12.0000980 -2.5000370 2.9999250
    endloop
  endfacet
  facet normal 0 -1.0000000 0
    outer loop
      vertex 0 -2.5000370 2.5075990
      vertex 12.0000980 -2.5000370 2.9999250
      vertex 7.9999990 -2.5000370 2.9999250
    endloop
  endfacet
  facet normal 0 -1.0000000 0
    outer loop
      vertex 0 -2.5000370 2.5075990
      vertex 7.9999990 -2.5000370 2.9999250
      vertex 4.0000990 -2.5000370 2.9999250
    endloop
  endfacet
  facet normal 0 -1.0000000 0
    outer loop
      vertex 0 -2.5000370 2.5075990
      vertex 4.0000990 -2.5000370 2.9999250
      vertex 0 -2.5000370 2.9999250
    endloop
  endfacet
  facet normal 0 -1.0000000 0
    outer loop
      vertex 0 -2.5000370 2.5075990
      vertex 0 -2.5000370 2.9999250
      vertex -4.0000990 -2.5000370 2.9999250
    endloop
  endfacet
  facet normal 0 -1.0000000 0
    outer loop
      vertex 0 -2.5000370 2.5075990
      vertex -4.0000990 -2.5000370 2.9999250
      vertex -7.9999990 -2.5000370 2.9999250
    endloop
  endfacet
  facet normal 0 -1.0000000 0
    outer loop
      vertex 0 -2.5000370 2.5075990
      vertex -7.9999990 -2.5000370 2.9999250
      vertex -12.0000980 -2.5000370 2.9999250
    endloop
  endfacet
  facet normal 0 -1.0000000 0
    outer loop
      vertex 0 -2.5000370 2.5075990
      vertex -12.0000980 -2.5000370 2.9999250
      vertex -15.9999980 -2.5000370 2.9999250
    endloop
  endfacet
  facet normal 0 -1.0000000 0
    outer loop
      vertex 0 -2.5000370 2.5075990
      vertex -15.9999980 -2.5000370 2.9999250
      vertex -18.7000300 -2.5000370 2.9999250
    endloop
  endfacet
  facet normal 0 -1.0000000 0
    outer loop
      vertex 0 -2.5000370 2.5075990
      vertex -18.7000300 -2.5000370 2.9999250
      vertex -18.7000300 -2.5000370 -0.1999950
    endloop
  endfacet
  facet normal 0 -1.0000000 0
    outer loop
      vertex 0 -2.5000370 2.5075990
      vertex -18.7000300 -2.5000370 -0.1999950
      vertex 18.7000300 -2.5000370 -0.1999950
    endloop
  endfacet
  facet normal 0 -1.0000000 0
    outer loop
      vertex 0 -2.5000370 2.5075990
      vertex 18.7000300 -2.5000370 -0.1999950
      vertex 18.7000300 -2.5000370 2.9999250
    endloop
  endfacet
  facet normal 0 -1.0000000 0
    outer loop
      vertex 0 -2.5000370 2.5075990
      vertex 18.7000300 -2.5000370 2.9999250
      vertex 15.9999980 -2.5000370 2.9999250
    endloop
  endfacet
  facet normal -0.4714162 0 0.8819109
    outer loop
      vertex -11.7320450 -0.1500460 3.0532570
      vertex -11.7320450 -2.5000370 3.0532570
      vertex -11.6110530 -2.5000370 3.1179320
    endloop
  endfacet
  facet normal -0.4714162 0 0.8819109
    outer loop
      vertex -11.7320450 -0.1500460 3.0532570
      vertex -11.6110530 -2.5000370 3.1179320
      vertex -11.6110530 -0.1500460 3.1179320
    endloop
  endfacet
  facet normal 0.7733105 0 0.6340275
    outer loop
      vertex -12.5819740 -0.1500460 3.3111610
      vertex -12.5819740 -2.5000370 3.3111610
      vertex -12.4950110 -2.5000370 3.2050940
    endloop
  endfacet
  facet normal 0.7733105 0 0.6340275
    outer loop
      vertex -12.5819740 -0.1500460 3.3111610
      vertex -12.4950110 -2.5000370 3.2050940
      vertex -12.4950110 -0.1500460 3.2050940
    endloop
  endfacet
  facet normal 0.6348940 0 0.7725993
    outer loop
      vertex -12.4950110 -0.1500460 3.2050940
      vertex -12.4950110 -2.5000370 3.2050940
      vertex -12.3889440 -2.5000370 3.1179320
    endloop
  endfacet
  facet normal 0.6348940 0 0.7725993
    outer loop
      vertex -12.4950110 -0.1500460 3.2050940
      vertex -12.3889440 -2.5000370 3.1179320
      vertex -12.3889440 -0.1500460 3.1179320
    endloop
  endfacet
  facet normal 0.4714162 0 0.8819109
    outer loop
      vertex -12.3889440 -0.1500460 3.1179320
      vertex -12.3889440 -2.5000370 3.1179320
      vertex -12.2679520 -2.5000370 3.0532570
    endloop
  endfacet
  facet normal 0.4714162 0 0.8819109
    outer loop
      vertex -12.3889440 -0.1500460 3.1179320
      vertex -12.2679520 -2.5000370 3.0532570
      vertex -12.2679520 -0.1500460 3.0532570
    endloop
  endfacet
  facet normal 0.2900074 0 0.9570244
    outer loop
      vertex -12.2679520 -0.1500460 3.0532570
      vertex -12.2679520 -2.5000370 3.0532570
      vertex -12.1366120 -2.5000370 3.0134570
    endloop
  endfacet
  facet normal 0.2900074 0 0.9570244
    outer loop
      vertex -12.2679520 -0.1500460 3.0532570
      vertex -12.1366120 -2.5000370 3.0134570
      vertex -12.1366120 -0.1500460 3.0134570
    endloop
  endfacet
  facet normal 0.0986419 0 0.9951230
    outer loop
      vertex -12.1366120 -0.1500460 3.0134570
      vertex -12.1366120 -2.5000370 3.0134570
      vertex -12.0000980 -2.5000370 2.9999250
    endloop
  endfacet
  facet normal 0.0986419 0 0.9951230
    outer loop
      vertex -12.1366120 -0.1500460 3.0134570
      vertex -12.0000980 -2.5000370 2.9999250
      vertex -12.0000980 -0.1500460 2.9999250
    endloop
  endfacet
  facet normal -0.0984997 0 0.9951371
    outer loop
      vertex -12.0000980 -0.1500460 2.9999250
      vertex -12.0000980 -2.5000370 2.9999250
      vertex -11.8633850 -2.5000370 3.0134570
    endloop
  endfacet
  facet normal -0.0984997 0 0.9951371
    outer loop
      vertex -12.0000980 -0.1500460 2.9999250
      vertex -11.8633850 -2.5000370 3.0134570
      vertex -11.8633850 -0.1500460 3.0134570
    endloop
  endfacet
  facet normal -0.2900074 0 0.9570244
    outer loop
      vertex -11.8633850 -0.1500460 3.0134570
      vertex -11.8633850 -2.5000370 3.0134570
      vertex -11.7320450 -2.5000370 3.0532570
    endloop
  endfacet
  facet normal -0.2900074 0 0.9570244
    outer loop
      vertex -11.8633850 -0.1500460 3.0134570
      vertex -11.7320450 -2.5000370 3.0532570
      vertex -11.7320450 -0.1500460 3.0532570
    endloop
  endfacet
  facet normal -0.6348940 0 0.7725993
    outer loop
      vertex -11.6110530 -0.1500460 3.1179320
      vertex -11.6110530 -2.5000370 3.1179320
      vertex -11.5049860 -2.5000370 3.2050940
    endloop
  endfacet
  facet normal -0.6348940 0 0.7725993
    outer loop
      vertex -11.6110530 -0.1500460 3.1179320
      vertex -11.5049860 -2.5000370 3.2050940
      vertex -11.5049860 -0.1500460 3.2050940
    endloop
  endfacet
  facet normal -0.7733105 0 0.6340275
    outer loop
      vertex -11.5049860 -0.1500460 3.2050940
      vertex -11.5049860 -2.5000370 3.2050940
      vertex -11.4180230 -2.5000370 3.3111610
    endloop
  endfacet
  facet normal -0.7733105 0 0.6340275
    outer loop
      vertex -11.5049860 -0.1500460 3.2050940
      vertex -11.4180230 -2.5000370 3.3111610
      vertex -11.4180230 -0.1500460 3.3111610
    endloop
  endfacet
  facet normal -0.8819109 0 0.4714162
    outer loop
      vertex -11.4180230 -0.1500460 3.3111610
      vertex -11.4180230 -2.5000370 3.3111610
      vertex -11.3533480 -2.5000370 3.4321530
    endloop
  endfacet
  facet normal -0.8819109 0 0.4714162
    outer loop
      vertex -11.4180230 -0.1500460 3.3111610
      vertex -11.3533480 -2.5000370 3.4321530
      vertex -11.3533480 -0.1500460 3.4321530
    endloop
  endfacet
  facet normal -0.9570244 0 0.2900074
    outer loop
      vertex -11.3533480 -0.1500460 3.4321530
      vertex -11.3533480 -2.5000370 3.4321530
      vertex -11.3135480 -2.5000370 3.5634930
    endloop
  endfacet
  facet normal -0.9570244 0 0.2900074
    outer loop
      vertex -11.3533480 -0.1500460 3.4321530
      vertex -11.3135480 -2.5000370 3.5634930
      vertex -11.3135480 -0.1500460 3.5634930
    endloop
  endfacet
  facet normal -0.9951230 0 0.0986419
    outer loop
      vertex -11.3135480 -0.1500460 3.5634930
      vertex -11.3135480 -2.5000370 3.5634930
      vertex -11.3000160 -2.5000370 3.7000070
    endloop
  endfacet
  facet normal -0.9951230 0 0.0986419
    outer loop
      vertex -11.3135480 -0.1500460 3.5634930
      vertex -11.3000160 -2.5000370 3.7000070
      vertex -11.3000160 -0.1500460 3.7000070
    endloop
  endfacet
  facet normal 0.9952644 0 0.0972051
    outer loop
      vertex -12.6999810 -0.1500460 3.7000070
      vertex -12.6999810 -2.5000370 3.7000070
      vertex -12.6866480 -2.5000370 3.5634930
    endloop
  endfacet
  facet normal 0.9952644 0 0.0972051
    outer loop
      vertex -12.6999810 -0.1500460 3.7000070
      vertex -12.6866480 -2.5000370 3.5634930
      vertex -12.6866480 -0.1500460 3.5634930
    endloop
  endfacet
  facet normal 0.9566212 0 0.2913346
    outer loop
      vertex -12.6866480 -0.1500460 3.5634930
      vertex -12.6866480 -2.5000370 3.5634930
      vertex -12.6466490 -2.5000370 3.4321530
    endloop
  endfacet
  facet normal 0.9566212 0 0.2913346
    outer loop
      vertex -12.6866480 -0.1500460 3.5634930
      vertex -12.6466490 -2.5000370 3.4321530
      vertex -12.6466490 -0.1500460 3.4321530
    endloop
  endfacet
  facet normal 0.8819109 0 0.4714162
    outer loop
      vertex -12.6466490 -0.1500460 3.4321530
      vertex -12.6466490 -2.5000370 3.4321530
      vertex -12.5819740 -2.5000370 3.3111610
    endloop
  endfacet
  facet normal 0.8819109 0 0.4714162
    outer loop
      vertex -12.6466490 -0.1500460 3.4321530
      vertex -12.5819740 -2.5000370 3.3111610
      vertex -12.5819740 -0.1500460 3.3111610
    endloop
  endfacet
  facet normal -0.9951230 0 -0.0986419
    outer loop
      vertex -11.3000160 -0.1500460 3.7000070
      vertex -11.3000160 -2.5000370 3.7000070
      vertex -11.3135480 -2.5000370 3.8365210
    endloop
  endfacet
  facet normal -0.9951230 0 -0.0986419
    outer loop
      vertex -11.3000160 -0.1500460 3.7000070
      vertex -11.3135480 -2.5000370 3.8365210
      vertex -11.3135480 -0.1500460 3.8365210
    endloop
  endfacet
  facet normal -0.9570244 0 -0.2900074
    outer loop
      vertex -11.3135480 -0.1500460 3.8365210
      vertex -11.3135480 -2.5000370 3.8365210
      vertex -11.3533480 -2.5000370 3.9678610
    endloop
  endfacet
  facet normal -0.9570244 0 -0.2900074
    outer loop
      vertex -11.3135480 -0.1500460 3.8365210
      vertex -11.3533480 -2.5000370 3.9678610
      vertex -11.3533480 -0.1500460 3.9678610
    endloop
  endfacet
  facet normal -0.8819109 0 -0.4714162
    outer loop
      vertex -11.3533480 -0.1500460 3.9678610
      vertex -11.3533480 -2.5000370 3.9678610
      vertex -11.4180230 -2.5000370 4.0888530
    endloop
  endfacet
  facet normal -0.8819109 0 -0.4714162
    outer loop
      vertex -11.3533480 -0.1500460 3.9678610
      vertex -11.4180230 -2.5000370 4.0888530
      vertex -11.4180230 -0.1500460 4.0888530
    endloop
  endfacet
  facet normal -0.7733105 0 -0.6340275
    outer loop
      vertex -11.4180230 -0.1500460 4.0888530
      vertex -11.4180230 -2.5000370 4.0888530
      vertex -11.5049860 -2.5000370 4.1949200
    endloop
  endfacet
  facet normal -0.7733105 0 -0.6340275
    outer loop
      vertex -11.4180230 -0.1500460 4.0888530
      vertex -11.5049860 -2.5000370 4.1949200
      vertex -11.5049860 -0.1500460 4.1949200
    endloop
  endfacet
  facet normal -0.6348940 0 -0.7725993
    outer loop
      vertex -11.5049860 -0.1500460 4.1949200
      vertex -11.5049860 -2.5000370 4.1949200
      vertex -11.6110530 -2.5000370 4.2820820
    endloop
  endfacet
  facet normal -0.6348940 0 -0.7725993
    outer loop
      vertex -11.5049860 -0.1500460 4.1949200
      vertex -11.6110530 -2.5000370 4.2820820
      vertex -11.6110530 -0.1500460 4.2820820
    endloop
  endfacet
  facet normal -0.4714162 0 -0.8819109
    outer loop
      vertex -11.6110530 -0.1500460 4.2820820
      vertex -11.6110530 -2.5000370 4.2820820
      vertex -11.7320450 -2.5000370 4.3467570
    endloop
  endfacet
  facet normal -0.4714162 0 -0.8819109
    outer loop
      vertex -11.6110530 -0.1500460 4.2820820
      vertex -11.7320450 -2.5000370 4.3467570
      vertex -11.7320450 -0.1500460 4.3467570
    endloop
  endfacet
  facet normal -0.2900074 0 -0.9570244
    outer loop
      vertex -11.7320450 -0.1500460 4.3467570
      vertex -11.7320450 -2.5000370 4.3467570
      vertex -11.8633850 -2.5000370 4.3865570
    endloop
  endfacet
  facet normal -0.2900074 0 -0.9570244
    outer loop
      vertex -11.7320450 -0.1500460 4.3467570
      vertex -11.8633850 -2.5000370 4.3865570
      vertex -11.8633850 -0.1500460 4.3865570
    endloop
  endfacet
  facet normal -0.0984997 0 -0.9951371
    outer loop
      vertex -11.8633850 -0.1500460 4.3865570
      vertex -11.8633850 -2.5000370 4.3865570
      vertex -12.0000980 -2.5000370 4.4000890
    endloop
  endfacet
  facet normal -0.0984997 0 -0.9951371
    outer loop
      vertex -11.8633850 -0.1500460 4.3865570
      vertex -12.0000980 -2.5000370 4.4000890
      vertex -12.0000980 -0.1500460 4.4000890
    endloop
  endfacet
  facet normal 0.0986419 0 -0.9951230
    outer loop
      vertex -12.0000980 -0.1500460 4.4000890
      vertex -12.0000980 -2.5000370 4.4000890
      vertex -12.1366120 -2.5000370 4.3865570
    endloop
  endfacet
  facet normal 0.0986419 0 -0.9951230
    outer loop
      vertex -12.0000980 -0.1500460 4.4000890
      vertex -12.1366120 -2.5000370 4.3865570
      vertex -12.1366120 -0.1500460 4.3865570
    endloop
  endfacet
  facet normal 0.2900074 0 -0.9570244
    outer loop
      vertex -12.1366120 -0.1500460 4.3865570
      vertex -12.1366120 -2.5000370 4.3865570
      vertex -12.2679520 -2.5000370 4.3467570
    endloop
  endfacet
  facet normal 0.2900074 0 -0.9570244
    outer loop
      vertex -12.1366120 -0.1500460 4.3865570
      vertex -12.2679520 -2.5000370 4.3467570
      vertex -12.2679520 -0.1500460 4.3467570
    endloop
  endfacet
  facet normal 0.4714162 0 -0.8819109
    outer loop
      vertex -12.2679520 -0.1500460 4.3467570
      vertex -12.2679520 -2.5000370 4.3467570
      vertex -12.3889440 -2.5000370 4.2820820
    endloop
  endfacet
  facet normal 0.4714162 0 -0.8819109
    outer loop
      vertex -12.2679520 -0.1500460 4.3467570
      vertex -12.3889440 -2.5000370 4.2820820
      vertex -12.3889440 -0.1500460 4.2820820
    endloop
  endfacet
  facet normal 0.6348940 0 -0.7725993
    outer loop
      vertex -12.3889440 -0.1500460 4.2820820
      vertex -12.3889440 -2.5000370 4.2820820
      vertex -12.4950110 -2.5000370 4.1949200
    endloop
  endfacet
  facet normal 0.6348940 0 -0.7725993
    outer loop
      vertex -12.3889440 -0.1500460 4.2820820
      vertex -12.4950110 -2.5000370 4.1949200
      vertex -12.4950110 -0.1500460 4.1949200
    endloop
  endfacet
  facet normal 0.7733105 0 -0.6340275
    outer loop
      vertex -12.4950110 -0.1500460 4.1949200
      vertex -12.4950110 -2.5000370 4.1949200
      vertex -12.5819740 -2.5000370 4.0888530
    endloop
  endfacet
  facet normal 0.7733105 0 -0.6340275
    outer loop
      vertex -12.4950110 -0.1500460 4.1949200
      vertex -12.5819740 -2.5000370 4.0888530
      vertex -12.5819740 -0.1500460 4.0888530
    endloop
  endfacet
  facet normal 0.8819109 0 -0.4714162
    outer loop
      vertex -12.5819740 -0.1500460 4.0888530
      vertex -12.5819740 -2.5000370 4.0888530
      vertex -12.6466490 -2.5000370 3.9678610
    endloop
  endfacet
  facet normal 0.8819109 0 -0.4714162
    outer loop
      vertex -12.5819740 -0.1500460 4.0888530
      vertex -12.6466490 -2.5000370 3.9678610
      vertex -12.6466490 -0.1500460 3.9678610
    endloop
  endfacet
  facet normal 0.9566212 0 -0.2913346
    outer loop
      vertex -12.6466490 -0.1500460 3.9678610
      vertex -12.6466490 -2.5000370 3.9678610
      vertex -12.6866480 -2.5000370 3.8365210
    endloop
  endfacet
  facet normal 0.9566212 0 -0.2913346
    outer loop
      vertex -12.6466490 -0.1500460 3.9678610
      vertex -12.6866480 -2.5000370 3.8365210
      vertex -12.6866480 -0.1500460 3.8365210
    endloop
  endfacet
  facet normal 0.9952644 0 -0.0972051
    outer loop
      vertex -12.6866480 -0.1500460 3.8365210
      vertex -12.6866480 -2.5000370 3.8365210
      vertex -12.6999810 -2.5000370 3.7000070
    endloop
  endfacet
  facet normal 0.9952644 0 -0.0972051
    outer loop
      vertex -12.6866480 -0.1500460 3.8365210
      vertex -12.6999810 -2.5000370 3.7000070
      vertex -12.6999810 -0.1500460 3.7000070
    endloop
  endfacet
  facet normal 0.9951230 0 0.0986419
    outer loop
      vertex -8.7000810 -0.1500460 3.7000070
      vertex -8.7000810 -2.5000370 3.7000070
      vertex -8.6865490 -2.5000370 3.5634930
    endloop
  endfacet
  facet normal 0.9951230 0 0.0986419
    outer loop
      vertex -8.7000810 -0.1500460 3.7000070
      vertex -8.6865490 -2.5000370 3.5634930
      vertex -8.6865490 -0.1500460 3.5634930
    endloop
  endfacet
  facet normal 0.4714162 0 0.8819109
    outer loop
      vertex -8.3888450 -0.1500460 3.1179320
      vertex -8.3888450 -2.5000370 3.1179320
      vertex -8.2678530 -2.5000370 3.0532570
    endloop
  endfacet
  facet normal 0.4714162 0 0.8819109
    outer loop
      vertex -8.3888450 -0.1500460 3.1179320
      vertex -8.2678530 -2.5000370 3.0532570
      vertex -8.2678530 -0.1500460 3.0532570
    endloop
  endfacet
  facet normal 0.2900074 0 0.9570244
    outer loop
      vertex -8.2678530 -0.1500460 3.0532570
      vertex -8.2678530 -2.5000370 3.0532570
      vertex -8.1365130 -2.5000370 3.0134570
    endloop
  endfacet
  facet normal 0.2900074 0 0.9570244
    outer loop
      vertex -8.2678530 -0.1500460 3.0532570
      vertex -8.1365130 -2.5000370 3.0134570
      vertex -8.1365130 -0.1500460 3.0134570
    endloop
  endfacet
  facet normal 0.0986419 0 0.9951230
    outer loop
      vertex -8.1365130 -0.1500460 3.0134570
      vertex -8.1365130 -2.5000370 3.0134570
      vertex -7.9999990 -2.5000370 2.9999250
    endloop
  endfacet
  facet normal 0.0986419 0 0.9951230
    outer loop
      vertex -8.1365130 -0.1500460 3.0134570
      vertex -7.9999990 -2.5000370 2.9999250
      vertex -7.9999990 -0.1500460 2.9999250
    endloop
  endfacet
  facet normal -0.0986419 0 0.9951230
    outer loop
      vertex -7.9999990 -0.1500460 2.9999250
      vertex -7.9999990 -2.5000370 2.9999250
      vertex -7.8634850 -2.5000370 3.0134570
    endloop
  endfacet
  facet normal -0.0986419 0 0.9951230
    outer loop
      vertex -7.9999990 -0.1500460 2.9999250
      vertex -7.8634850 -2.5000370 3.0134570
      vertex -7.8634850 -0.1500460 3.0134570
    endloop
  endfacet
  facet normal -0.2900074 0 0.9570244
    outer loop
      vertex -7.8634850 -0.1500460 3.0134570
      vertex -7.8634850 -2.5000370 3.0134570
      vertex -7.7321450 -2.5000370 3.0532570
    endloop
  endfacet
  facet normal -0.2900074 0 0.9570244
    outer loop
      vertex -7.8634850 -0.1500460 3.0134570
      vertex -7.7321450 -2.5000370 3.0532570
      vertex -7.7321450 -0.1500460 3.0532570
    endloop
  endfacet
  facet normal -0.4714162 0 0.8819109
    outer loop
      vertex -7.7321450 -0.1500460 3.0532570
      vertex -7.7321450 -2.5000370 3.0532570
      vertex -7.6111530 -2.5000370 3.1179320
    endloop
  endfacet
  facet normal -0.4714162 0 0.8819109
    outer loop
      vertex -7.7321450 -0.1500460 3.0532570
      vertex -7.6111530 -2.5000370 3.1179320
      vertex -7.6111530 -0.1500460 3.1179320
    endloop
  endfacet
  facet normal -0.6348940 0 0.7725993
    outer loop
      vertex -7.6111530 -0.1500460 3.1179320
      vertex -7.6111530 -2.5000370 3.1179320
      vertex -7.5050860 -2.5000370 3.2050940
    endloop
  endfacet
  facet normal -0.6348940 0 0.7725993
    outer loop
      vertex -7.6111530 -0.1500460 3.1179320
      vertex -7.5050860 -2.5000370 3.2050940
      vertex -7.5050860 -0.1500460 3.2050940
    endloop
  endfacet
  facet normal -0.7725993 0 0.6348940
    outer loop
      vertex -7.5050860 -0.1500460 3.2050940
      vertex -7.5050860 -2.5000370 3.2050940
      vertex -7.4179240 -2.5000370 3.3111610
    endloop
  endfacet
  facet normal -0.7725993 0 0.6348940
    outer loop
      vertex -7.5050860 -0.1500460 3.2050940
      vertex -7.4179240 -2.5000370 3.3111610
      vertex -7.4179240 -0.1500460 3.3111610
    endloop
  endfacet
  facet normal -0.8819109 0 0.4714162
    outer loop
      vertex -7.4179240 -0.1500460 3.3111610
      vertex -7.4179240 -2.5000370 3.3111610
      vertex -7.3532490 -2.5000370 3.4321530
    endloop
  endfacet
  facet normal -0.8819109 0 0.4714162
    outer loop
      vertex -7.4179240 -0.1500460 3.3111610
      vertex -7.3532490 -2.5000370 3.4321530
      vertex -7.3532490 -0.1500460 3.4321530
    endloop
  endfacet
  facet normal -0.9570244 0 0.2900074
    outer loop
      vertex -7.3532490 -0.1500460 3.4321530
      vertex -7.3532490 -2.5000370 3.4321530
      vertex -7.3134490 -2.5000370 3.5634930
    endloop
  endfacet
  facet normal -0.9570244 0 0.2900074
    outer loop
      vertex -7.3532490 -0.1500460 3.4321530
      vertex -7.3134490 -2.5000370 3.5634930
      vertex -7.3134490 -0.1500460 3.5634930
    endloop
  endfacet
  facet normal -0.9951230 0 0.0986419
    outer loop
      vertex -7.3134490 -0.1500460 3.5634930
      vertex -7.3134490 -2.5000370 3.5634930
      vertex -7.2999170 -2.5000370 3.7000070
    endloop
  endfacet
  facet normal -0.9951230 0 0.0986419
    outer loop
      vertex -7.3134490 -0.1500460 3.5634930
      vertex -7.2999170 -2.5000370 3.7000070
      vertex -7.2999170 -0.1500460 3.7000070
    endloop
  endfacet
  facet normal -0.8819109 0 -0.4714162
    outer loop
      vertex -7.3532490 -0.1500460 3.9678610
      vertex -7.3532490 -2.5000370 3.9678610
      vertex -7.4179240 -2.5000370 4.0888530
    endloop
  endfacet
  facet normal -0.8819109 0 -0.4714162
    outer loop
      vertex -7.3532490 -0.1500460 3.9678610
      vertex -7.4179240 -2.5000370 4.0888530
      vertex -7.4179240 -0.1500460 4.0888530
    endloop
  endfacet
  facet normal -0.7725993 0 -0.6348940
    outer loop
      vertex -7.4179240 -0.1500460 4.0888530
      vertex -7.4179240 -2.5000370 4.0888530
      vertex -7.5050860 -2.5000370 4.1949200
    endloop
  endfacet
  facet normal -0.7725993 0 -0.6348940
    outer loop
      vertex -7.4179240 -0.1500460 4.0888530
      vertex -7.5050860 -2.5000370 4.1949200
      vertex -7.5050860 -0.1500460 4.1949200
    endloop
  endfacet
  facet normal -0.6348940 0 -0.7725993
    outer loop
      vertex -7.5050860 -0.1500460 4.1949200
      vertex -7.5050860 -2.5000370 4.1949200
      vertex -7.6111530 -2.5000370 4.2820820
    endloop
  endfacet
  facet normal -0.6348940 0 -0.7725993
    outer loop
      vertex -7.5050860 -0.1500460 4.1949200
      vertex -7.6111530 -2.5000370 4.2820820
      vertex -7.6111530 -0.1500460 4.2820820
    endloop
  endfacet
  facet normal -0.4714162 0 -0.8819109
    outer loop
      vertex -7.6111530 -0.1500460 4.2820820
      vertex -7.6111530 -2.5000370 4.2820820
      vertex -7.7321450 -2.5000370 4.3467570
    endloop
  endfacet
  facet normal -0.4714162 0 -0.8819109
    outer loop
      vertex -7.6111530 -0.1500460 4.2820820
      vertex -7.7321450 -2.5000370 4.3467570
      vertex -7.7321450 -0.1500460 4.3467570
    endloop
  endfacet
  facet normal -0.2900074 0 -0.9570244
    outer loop
      vertex -7.7321450 -0.1500460 4.3467570
      vertex -7.7321450 -2.5000370 4.3467570
      vertex -7.8634850 -2.5000370 4.3865570
    endloop
  endfacet
  facet normal -0.2900074 0 -0.9570244
    outer loop
      vertex -7.7321450 -0.1500460 4.3467570
      vertex -7.8634850 -2.5000370 4.3865570
      vertex -7.8634850 -0.1500460 4.3865570
    endloop
  endfacet
  facet normal -0.0986419 0 -0.9951230
    outer loop
      vertex -7.8634850 -0.1500460 4.3865570
      vertex -7.8634850 -2.5000370 4.3865570
      vertex -7.9999990 -2.5000370 4.4000890
    endloop
  endfacet
  facet normal -0.0986419 0 -0.9951230
    outer loop
      vertex -7.8634850 -0.1500460 4.3865570
      vertex -7.9999990 -2.5000370 4.4000890
      vertex -7.9999990 -0.1500460 4.4000890
    endloop
  endfacet
  facet normal 0.9570244 0 0.2900074
    outer loop
      vertex -8.6865490 -0.1500460 3.5634930
      vertex -8.6865490 -2.5000370 3.5634930
      vertex -8.6467490 -2.5000370 3.4321530
    endloop
  endfacet
  facet normal 0.9570244 0 0.2900074
    outer loop
      vertex -8.6865490 -0.1500460 3.5634930
      vertex -8.6467490 -2.5000370 3.4321530
      vertex -8.6467490 -0.1500460 3.4321530
    endloop
  endfacet
  facet normal 0.8819109 0 0.4714162
    outer loop
      vertex -8.6467490 -0.1500460 3.4321530
      vertex -8.6467490 -2.5000370 3.4321530
      vertex -8.5820740 -2.5000370 3.3111610
    endloop
  endfacet
  facet normal 0.8819109 0 0.4714162
    outer loop
      vertex -8.6467490 -0.1500460 3.4321530
      vertex -8.5820740 -2.5000370 3.3111610
      vertex -8.5820740 -0.1500460 3.3111610
    endloop
  endfacet
  facet normal 0.7725993 0 0.6348940
    outer loop
      vertex -8.5820740 -0.1500460 3.3111610
      vertex -8.5820740 -2.5000370 3.3111610
      vertex -8.4949120 -2.5000370 3.2050940
    endloop
  endfacet
  facet normal 0.7725993 0 0.6348940
    outer loop
      vertex -8.5820740 -0.1500460 3.3111610
      vertex -8.4949120 -2.5000370 3.2050940
      vertex -8.4949120 -0.1500460 3.2050940
    endloop
  endfacet
  facet normal 0.6348940 0 0.7725993
    outer loop
      vertex -8.4949120 -0.1500460 3.2050940
      vertex -8.4949120 -2.5000370 3.2050940
      vertex -8.3888450 -2.5000370 3.1179320
    endloop
  endfacet
  facet normal 0.6348940 0 0.7725993
    outer loop
      vertex -8.4949120 -0.1500460 3.2050940
      vertex -8.3888450 -2.5000370 3.1179320
      vertex -8.3888450 -0.1500460 3.1179320
    endloop
  endfacet
  facet normal -0.9951230 0 -0.0986419
    outer loop
      vertex -7.2999170 -0.1500460 3.7000070
      vertex -7.2999170 -2.5000370 3.7000070
      vertex -7.3134490 -2.5000370 3.8365210
    endloop
  endfacet
  facet normal -0.9951230 0 -0.0986419
    outer loop
      vertex -7.2999170 -0.1500460 3.7000070
      vertex -7.3134490 -2.5000370 3.8365210
      vertex -7.3134490 -0.1500460 3.8365210
    endloop
  endfacet
  facet normal -0.9570244 0 -0.2900074
    outer loop
      vertex -7.3134490 -0.1500460 3.8365210
      vertex -7.3134490 -2.5000370 3.8365210
      vertex -7.3532490 -2.5000370 3.9678610
    endloop
  endfacet
  facet normal -0.9570244 0 -0.2900074
    outer loop
      vertex -7.3134490 -0.1500460 3.8365210
      vertex -7.3532490 -2.5000370 3.9678610
      vertex -7.3532490 -0.1500460 3.9678610
    endloop
  endfacet
  facet normal 0.0986419 0 -0.9951230
    outer loop
      vertex -7.9999990 -0.1500460 4.4000890
      vertex -7.9999990 -2.5000370 4.4000890
      vertex -8.1365130 -2.5000370 4.3865570
    endloop
  endfacet
  facet normal 0.0986419 0 -0.9951230
    outer loop
      vertex -7.9999990 -0.1500460 4.4000890
      vertex -8.1365130 -2.5000370 4.3865570
      vertex -8.1365130 -0.1500460 4.3865570
    endloop
  endfacet
  facet normal 0.2900074 0 -0.9570244
    outer loop
      vertex -8.1365130 -0.1500460 4.3865570
      vertex -8.1365130 -2.5000370 4.3865570
      vertex -8.2678530 -2.5000370 4.3467570
    endloop
  endfacet
  facet normal 0.2900074 0 -0.9570244
    outer loop
      vertex -8.1365130 -0.1500460 4.3865570
      vertex -8.2678530 -2.5000370 4.3467570
      vertex -8.2678530 -0.1500460 4.3467570
    endloop
  endfacet
  facet normal 0.4714162 0 -0.8819109
    outer loop
      vertex -8.2678530 -0.1500460 4.3467570
      vertex -8.2678530 -2.5000370 4.3467570
      vertex -8.3888450 -2.5000370 4.2820820
    endloop
  endfacet
  facet normal 0.4714162 0 -0.8819109
    outer loop
      vertex -8.2678530 -0.1500460 4.3467570
      vertex -8.3888450 -2.5000370 4.2820820
      vertex -8.3888450 -0.1500460 4.2820820
    endloop
  endfacet
  facet normal 0.6348940 0 -0.7725993
    outer loop
      vertex -8.3888450 -0.1500460 4.2820820
      vertex -8.3888450 -2.5000370 4.2820820
      vertex -8.4949120 -2.5000370 4.1949200
    endloop
  endfacet
  facet normal 0.6348940 0 -0.7725993
    outer loop
      vertex -8.3888450 -0.1500460 4.2820820
      vertex -8.4949120 -2.5000370 4.1949200
      vertex -8.4949120 -0.1500460 4.1949200
    endloop
  endfacet
  facet normal 0.7725993 0 -0.6348940
    outer loop
      vertex -8.4949120 -0.1500460 4.1949200
      vertex -8.4949120 -2.5000370 4.1949200
      vertex -8.5820740 -2.5000370 4.0888530
    endloop
  endfacet
  facet normal 0.7725993 0 -0.6348940
    outer loop
      vertex -8.4949120 -0.1500460 4.1949200
      vertex -8.5820740 -2.5000370 4.0888530
      vertex -8.5820740 -0.1500460 4.0888530
    endloop
  endfacet
  facet normal 0.8819109 0 -0.4714162
    outer loop
      vertex -8.5820740 -0.1500460 4.0888530
      vertex -8.5820740 -2.5000370 4.0888530
      vertex -8.6467490 -2.5000370 3.9678610
    endloop
  endfacet
  facet normal 0.8819109 0 -0.4714162
    outer loop
      vertex -8.5820740 -0.1500460 4.0888530
      vertex -8.6467490 -2.5000370 3.9678610
      vertex -8.6467490 -0.1500460 3.9678610
    endloop
  endfacet
  facet normal 0.9570244 0 -0.2900074
    outer loop
      vertex -8.6467490 -0.1500460 3.9678610
      vertex -8.6467490 -2.5000370 3.9678610
      vertex -8.6865490 -2.5000370 3.8365210
    endloop
  endfacet
  facet normal 0.9570244 0 -0.2900074
    outer loop
      vertex -8.6467490 -0.1500460 3.9678610
      vertex -8.6865490 -2.5000370 3.8365210
      vertex -8.6865490 -0.1500460 3.8365210
    endloop
  endfacet
  facet normal 0.9951230 0 -0.0986419
    outer loop
      vertex -8.6865490 -0.1500460 3.8365210
      vertex -8.6865490 -2.5000370 3.8365210
      vertex -8.7000810 -2.5000370 3.7000070
    endloop
  endfacet
  facet normal 0.9951230 0 -0.0986419
    outer loop
      vertex -8.6865490 -0.1500460 3.8365210
      vertex -8.7000810 -2.5000370 3.7000070
      vertex -8.7000810 -0.1500460 3.7000070
    endloop
  endfacet
  facet normal -0.7733105 0 -0.6340275
    outer loop
      vertex -3.4180240 -0.1500460 4.0888530
      vertex -3.4180240 -2.5000370 4.0888530
      vertex -3.5049870 -2.5000370 4.1949200
    endloop
  endfacet
  facet normal -0.7733105 0 -0.6340275
    outer loop
      vertex -3.4180240 -0.1500460 4.0888530
      vertex -3.5049870 -2.5000370 4.1949200
      vertex -3.5049870 -0.1500460 4.1949200
    endloop
  endfacet
  facet normal -0.6348940 0 -0.7725993
    outer loop
      vertex -3.5049870 -0.1500460 4.1949200
      vertex -3.5049870 -2.5000370 4.1949200
      vertex -3.6110540 -2.5000370 4.2820820
    endloop
  endfacet
  facet normal -0.6348940 0 -0.7725993
    outer loop
      vertex -3.5049870 -0.1500460 4.1949200
      vertex -3.6110540 -2.5000370 4.2820820
      vertex -3.6110540 -0.1500460 4.2820820
    endloop
  endfacet
  facet normal -0.4714162 0 -0.8819109
    outer loop
      vertex -3.6110540 -0.1500460 4.2820820
      vertex -3.6110540 -2.5000370 4.2820820
      vertex -3.7320460 -2.5000370 4.3467570
    endloop
  endfacet
  facet normal -0.4714162 0 -0.8819109
    outer loop
      vertex -3.6110540 -0.1500460 4.2820820
      vertex -3.7320460 -2.5000370 4.3467570
      vertex -3.7320460 -0.1500460 4.3467570
    endloop
  endfacet
  facet normal -0.2900074 0 -0.9570244
    outer loop
      vertex -3.7320460 -0.1500460 4.3467570
      vertex -3.7320460 -2.5000370 4.3467570
      vertex -3.8633860 -2.5000370 4.3865570
    endloop
  endfacet
  facet normal -0.2900074 0 -0.9570244
    outer loop
      vertex -3.7320460 -0.1500460 4.3467570
      vertex -3.8633860 -2.5000370 4.3865570
      vertex -3.8633860 -0.1500460 4.3865570
    endloop
  endfacet
  facet normal -0.0984997 0 -0.9951371
    outer loop
      vertex -3.8633860 -0.1500460 4.3865570
      vertex -3.8633860 -2.5000370 4.3865570
      vertex -4.0000990 -2.5000370 4.4000890
    endloop
  endfacet
  facet normal -0.0984997 0 -0.9951371
    outer loop
      vertex -3.8633860 -0.1500460 4.3865570
      vertex -4.0000990 -2.5000370 4.4000890
      vertex -4.0000990 -0.1500460 4.4000890
    endloop
  endfacet
  facet normal 0.0986419 0 -0.9951230
    outer loop
      vertex -4.0000990 -0.1500460 4.4000890
      vertex -4.0000990 -2.5000370 4.4000890
      vertex -4.1366130 -2.5000370 4.3865570
    endloop
  endfacet
  facet normal 0.0986419 0 -0.9951230
    outer loop
      vertex -4.0000990 -0.1500460 4.4000890
      vertex -4.1366130 -2.5000370 4.3865570
      vertex -4.1366130 -0.1500460 4.3865570
    endloop
  endfacet
  facet normal 0.2900074 0 -0.9570244
    outer loop
      vertex -4.1366130 -0.1500460 4.3865570
      vertex -4.1366130 -2.5000370 4.3865570
      vertex -4.2679530 -2.5000370 4.3467570
    endloop
  endfacet
  facet normal 0.2900074 0 -0.9570244
    outer loop
      vertex -4.1366130 -0.1500460 4.3865570
      vertex -4.2679530 -2.5000370 4.3467570
      vertex -4.2679530 -0.1500460 4.3467570
    endloop
  endfacet
  facet normal 0.4714162 0 -0.8819109
    outer loop
      vertex -4.2679530 -0.1500460 4.3467570
      vertex -4.2679530 -2.5000370 4.3467570
      vertex -4.3889450 -2.5000370 4.2820820
    endloop
  endfacet
  facet normal 0.4714162 0 -0.8819109
    outer loop
      vertex -4.2679530 -0.1500460 4.3467570
      vertex -4.3889450 -2.5000370 4.2820820
      vertex -4.3889450 -0.1500460 4.2820820
    endloop
  endfacet
  facet normal 0.6348940 0 -0.7725993
    outer loop
      vertex -4.3889450 -0.1500460 4.2820820
      vertex -4.3889450 -2.5000370 4.2820820
      vertex -4.4950120 -2.5000370 4.1949200
    endloop
  endfacet
  facet normal 0.6348940 0 -0.7725993
    outer loop
      vertex -4.3889450 -0.1500460 4.2820820
      vertex -4.4950120 -2.5000370 4.1949200
      vertex -4.4950120 -0.1500460 4.1949200
    endloop
  endfacet
  facet normal 0.7733105 0 -0.6340275
    outer loop
      vertex -4.4950120 -0.1500460 4.1949200
      vertex -4.4950120 -2.5000370 4.1949200
      vertex -4.5819750 -2.5000370 4.0888530
    endloop
  endfacet
  facet normal 0.7733105 0 -0.6340275
    outer loop
      vertex -4.4950120 -0.1500460 4.1949200
      vertex -4.5819750 -2.5000370 4.0888530
      vertex -4.5819750 -0.1500460 4.0888530
    endloop
  endfacet
  facet normal 0.8819109 0 -0.4714162
    outer loop
      vertex -4.5819750 -0.1500460 4.0888530
      vertex -4.5819750 -2.5000370 4.0888530
      vertex -4.6466500 -2.5000370 3.9678610
    endloop
  endfacet
  facet normal 0.8819109 0 -0.4714162
    outer loop
      vertex -4.5819750 -0.1500460 4.0888530
      vertex -4.6466500 -2.5000370 3.9678610
      vertex -4.6466500 -0.1500460 3.9678610
    endloop
  endfacet
  facet normal 0.9566212 0 -0.2913346
    outer loop
      vertex -4.6466500 -0.1500460 3.9678610
      vertex -4.6466500 -2.5000370 3.9678610
      vertex -4.6866490 -2.5000370 3.8365210
    endloop
  endfacet
  facet normal 0.9566212 0 -0.2913346
    outer loop
      vertex -4.6466500 -0.1500460 3.9678610
      vertex -4.6866490 -2.5000370 3.8365210
      vertex -4.6866490 -0.1500460 3.8365210
    endloop
  endfacet
  facet normal 0.9952644 0 -0.0972051
    outer loop
      vertex -4.6866490 -0.1500460 3.8365210
      vertex -4.6866490 -2.5000370 3.8365210
      vertex -4.6999820 -2.5000370 3.7000070
    endloop
  endfacet
  facet normal 0.9952644 0 -0.0972051
    outer loop
      vertex -4.6866490 -0.1500460 3.8365210
      vertex -4.6999820 -2.5000370 3.7000070
      vertex -4.6999820 -0.1500460 3.7000070
    endloop
  endfacet
  facet normal -0.9951230 0 -0.0986419
    outer loop
      vertex -3.3000170 -0.1500460 3.7000070
      vertex -3.3000170 -2.5000370 3.7000070
      vertex -3.3135490 -2.5000370 3.8365210
    endloop
  endfacet
  facet normal -0.9951230 0 -0.0986419
    outer loop
      vertex -3.3000170 -0.1500460 3.7000070
      vertex -3.3135490 -2.5000370 3.8365210
      vertex -3.3135490 -0.1500460 3.8365210
    endloop
  endfacet
  facet normal -0.9570244 0 -0.2900074
    outer loop
      vertex -3.3135490 -0.1500460 3.8365210
      vertex -3.3135490 -2.5000370 3.8365210
      vertex -3.3533490 -2.5000370 3.9678610
    endloop
  endfacet
  facet normal -0.9570244 0 -0.2900074
    outer loop
      vertex -3.3135490 -0.1500460 3.8365210
      vertex -3.3533490 -2.5000370 3.9678610
      vertex -3.3533490 -0.1500460 3.9678610
    endloop
  endfacet
  facet normal -0.8819109 0 -0.4714162
    outer loop
      vertex -3.3533490 -0.1500460 3.9678610
      vertex -3.3533490 -2.5000370 3.9678610
      vertex -3.4180240 -2.5000370 4.0888530
    endloop
  endfacet
  facet normal -0.8819109 0 -0.4714162
    outer loop
      vertex -3.3533490 -0.1500460 3.9678610
      vertex -3.4180240 -2.5000370 4.0888530
      vertex -3.4180240 -0.1500460 4.0888530
    endloop
  endfacet
  facet normal 0.9952644 0 0.0972051
    outer loop
      vertex -4.6999820 -0.1500460 3.7000070
      vertex -4.6999820 -2.5000370 3.7000070
      vertex -4.6866490 -2.5000370 3.5634930
    endloop
  endfacet
  facet normal 0.9952644 0 0.0972051
    outer loop
      vertex -4.6999820 -0.1500460 3.7000070
      vertex -4.6866490 -2.5000370 3.5634930
      vertex -4.6866490 -0.1500460 3.5634930
    endloop
  endfacet
  facet normal 0.2900074 0 0.9570244
    outer loop
      vertex -4.2679530 -0.1500460 3.0532570
      vertex -4.2679530 -2.5000370 3.0532570
      vertex -4.1366130 -2.5000370 3.0134570
    endloop
  endfacet
  facet normal 0.2900074 0 0.9570244
    outer loop
      vertex -4.2679530 -0.1500460 3.0532570
      vertex -4.1366130 -2.5000370 3.0134570
      vertex -4.1366130 -0.1500460 3.0134570
    endloop
  endfacet
  facet normal 0.0986419 0 0.9951230
    outer loop
      vertex -4.1366130 -0.1500460 3.0134570
      vertex -4.1366130 -2.5000370 3.0134570
      vertex -4.0000990 -2.5000370 2.9999250
    endloop
  endfacet
  facet normal 0.0986419 0 0.9951230
    outer loop
      vertex -4.1366130 -0.1500460 3.0134570
      vertex -4.0000990 -2.5000370 2.9999250
      vertex -4.0000990 -0.1500460 2.9999250
    endloop
  endfacet
  facet normal -0.0984997 0 0.9951371
    outer loop
      vertex -4.0000990 -0.1500460 2.9999250
      vertex -4.0000990 -2.5000370 2.9999250
      vertex -3.8633860 -2.5000370 3.0134570
    endloop
  endfacet
  facet normal -0.0984997 0 0.9951371
    outer loop
      vertex -4.0000990 -0.1500460 2.9999250
      vertex -3.8633860 -2.5000370 3.0134570
      vertex -3.8633860 -0.1500460 3.0134570
    endloop
  endfacet
  facet normal -0.2900074 0 0.9570244
    outer loop
      vertex -3.8633860 -0.1500460 3.0134570
      vertex -3.8633860 -2.5000370 3.0134570
      vertex -3.7320460 -2.5000370 3.0532570
    endloop
  endfacet
  facet normal -0.2900074 0 0.9570244
    outer loop
      vertex -3.8633860 -0.1500460 3.0134570
      vertex -3.7320460 -2.5000370 3.0532570
      vertex -3.7320460 -0.1500460 3.0532570
    endloop
  endfacet
  facet normal 0.9566212 0 0.2913346
    outer loop
      vertex -4.6866490 -0.1500460 3.5634930
      vertex -4.6866490 -2.5000370 3.5634930
      vertex -4.6466500 -2.5000370 3.4321530
    endloop
  endfacet
  facet normal 0.9566212 0 0.2913346
    outer loop
      vertex -4.6866490 -0.1500460 3.5634930
      vertex -4.6466500 -2.5000370 3.4321530
      vertex -4.6466500 -0.1500460 3.4321530
    endloop
  endfacet
  facet normal 0.8819109 0 0.4714162
    outer loop
      vertex -4.6466500 -0.1500460 3.4321530
      vertex -4.6466500 -2.5000370 3.4321530
      vertex -4.5819750 -2.5000370 3.3111610
    endloop
  endfacet
  facet normal 0.8819109 0 0.4714162
    outer loop
      vertex -4.6466500 -0.1500460 3.4321530
      vertex -4.5819750 -2.5000370 3.3111610
      vertex -4.5819750 -0.1500460 3.3111610
    endloop
  endfacet
  facet normal 0.7733105 0 0.6340275
    outer loop
      vertex -4.5819750 -0.1500460 3.3111610
      vertex -4.5819750 -2.5000370 3.3111610
      vertex -4.4950120 -2.5000370 3.2050940
    endloop
  endfacet
  facet normal 0.7733105 0 0.6340275
    outer loop
      vertex -4.5819750 -0.1500460 3.3111610
      vertex -4.4950120 -2.5000370 3.2050940
      vertex -4.4950120 -0.1500460 3.2050940
    endloop
  endfacet
  facet normal 0.6348940 0 0.7725993
    outer loop
      vertex -4.4950120 -0.1500460 3.2050940
      vertex -4.4950120 -2.5000370 3.2050940
      vertex -4.3889450 -2.5000370 3.1179320
    endloop
  endfacet
  facet normal 0.6348940 0 0.7725993
    outer loop
      vertex -4.4950120 -0.1500460 3.2050940
      vertex -4.3889450 -2.5000370 3.1179320
      vertex -4.3889450 -0.1500460 3.1179320
    endloop
  endfacet
  facet normal 0.4714162 0 0.8819109
    outer loop
      vertex -4.3889450 -0.1500460 3.1179320
      vertex -4.3889450 -2.5000370 3.1179320
      vertex -4.2679530 -2.5000370 3.0532570
    endloop
  endfacet
  facet normal 0.4714162 0 0.8819109
    outer loop
      vertex -4.3889450 -0.1500460 3.1179320
      vertex -4.2679530 -2.5000370 3.0532570
      vertex -4.2679530 -0.1500460 3.0532570
    endloop
  endfacet
  facet normal -0.4714162 0 0.8819109
    outer loop
      vertex -3.7320460 -0.1500460 3.0532570
      vertex -3.7320460 -2.5000370 3.0532570
      vertex -3.6110540 -2.5000370 3.1179320
    endloop
  endfacet
  facet normal -0.4714162 0 0.8819109
    outer loop
      vertex -3.7320460 -0.1500460 3.0532570
      vertex -3.6110540 -2.5000370 3.1179320
      vertex -3.6110540 -0.1500460 3.1179320
    endloop
  endfacet
  facet normal -0.6348940 0 0.7725993
    outer loop
      vertex -3.6110540 -0.1500460 3.1179320
      vertex -3.6110540 -2.5000370 3.1179320
      vertex -3.5049870 -2.5000370 3.2050940
    endloop
  endfacet
  facet normal -0.6348940 0 0.7725993
    outer loop
      vertex -3.6110540 -0.1500460 3.1179320
      vertex -3.5049870 -2.5000370 3.2050940
      vertex -3.5049870 -0.1500460 3.2050940
    endloop
  endfacet
  facet normal -0.7733105 0 0.6340275
    outer loop
      vertex -3.5049870 -0.1500460 3.2050940
      vertex -3.5049870 -2.5000370 3.2050940
      vertex -3.4180240 -2.5000370 3.3111610
    endloop
  endfacet
  facet normal -0.7733105 0 0.6340275
    outer loop
      vertex -3.5049870 -0.1500460 3.2050940
      vertex -3.4180240 -2.5000370 3.3111610
      vertex -3.4180240 -0.1500460 3.3111610
    endloop
  endfacet
  facet normal -0.8819109 0 0.4714162
    outer loop
      vertex -3.4180240 -0.1500460 3.3111610
      vertex -3.4180240 -2.5000370 3.3111610
      vertex -3.3533490 -2.5000370 3.4321530
    endloop
  endfacet
  facet normal -0.8819109 0 0.4714162
    outer loop
      vertex -3.4180240 -0.1500460 3.3111610
      vertex -3.3533490 -2.5000370 3.4321530
      vertex -3.3533490 -0.1500460 3.4321530
    endloop
  endfacet
  facet normal -0.9570244 0 0.2900074
    outer loop
      vertex -3.3533490 -0.1500460 3.4321530
      vertex -3.3533490 -2.5000370 3.4321530
      vertex -3.3135490 -2.5000370 3.5634930
    endloop
  endfacet
  facet normal -0.9570244 0 0.2900074
    outer loop
      vertex -3.3533490 -0.1500460 3.4321530
      vertex -3.3135490 -2.5000370 3.5634930
      vertex -3.3135490 -0.1500460 3.5634930
    endloop
  endfacet
  facet normal -0.9951230 0 0.0986419
    outer loop
      vertex -3.3135490 -0.1500460 3.5634930
      vertex -3.3135490 -2.5000370 3.5634930
      vertex -3.3000170 -2.5000370 3.7000070
    endloop
  endfacet
  facet normal -0.9951230 0 0.0986419
    outer loop
      vertex -3.3135490 -0.1500460 3.5634930
      vertex -3.3000170 -2.5000370 3.7000070
      vertex -3.3000170 -0.1500460 3.7000070
    endloop
  endfacet
  facet normal -0.9951230 0 -0.0986419
    outer loop
      vertex 0.7000820 -0.1500460 3.7000070
      vertex 0.7000820 -2.5000370 3.7000070
      vertex 0.6865500 -2.5000370 3.8365210
    endloop
  endfacet
  facet normal -0.9951230 0 -0.0986419
    outer loop
      vertex 0.7000820 -0.1500460 3.7000070
      vertex 0.6865500 -2.5000370 3.8365210
      vertex 0.6865500 -0.1500460 3.8365210
    endloop
  endfacet
  facet normal -0.9570244 0 -0.2900074
    outer loop
      vertex 0.6865500 -0.1500460 3.8365210
      vertex 0.6865500 -2.5000370 3.8365210
      vertex 0.6467500 -2.5000370 3.9678610
    endloop
  endfacet
  facet normal -0.9570244 0 -0.2900074
    outer loop
      vertex 0.6865500 -0.1500460 3.8365210
      vertex 0.6467500 -2.5000370 3.9678610
      vertex 0.6467500 -0.1500460 3.9678610
    endloop
  endfacet
  facet normal -0.8819109 0 -0.4714162
    outer loop
      vertex 0.6467500 -0.1500460 3.9678610
      vertex 0.6467500 -2.5000370 3.9678610
      vertex 0.5820750 -2.5000370 4.0888530
    endloop
  endfacet
  facet normal -0.8819109 0 -0.4714162
    outer loop
      vertex 0.6467500 -0.1500460 3.9678610
      vertex 0.5820750 -2.5000370 4.0888530
      vertex 0.5820750 -0.1500460 4.0888530
    endloop
  endfacet
  facet normal -0.7725993 0 -0.6348940
    outer loop
      vertex 0.5820750 -0.1500460 4.0888530
      vertex 0.5820750 -2.5000370 4.0888530
      vertex 0.4949130 -2.5000370 4.1949200
    endloop
  endfacet
  facet normal -0.7725993 0 -0.6348940
    outer loop
      vertex 0.5820750 -0.1500460 4.0888530
      vertex 0.4949130 -2.5000370 4.1949200
      vertex 0.4949130 -0.1500460 4.1949200
    endloop
  endfacet
  facet normal -0.6348940 0 -0.7725993
    outer loop
      vertex 0.4949130 -0.1500460 4.1949200
      vertex 0.4949130 -2.5000370 4.1949200
      vertex 0.3888460 -2.5000370 4.2820820
    endloop
  endfacet
  facet normal -0.6348940 0 -0.7725993
    outer loop
      vertex 0.4949130 -0.1500460 4.1949200
      vertex 0.3888460 -2.5000370 4.2820820
      vertex 0.3888460 -0.1500460 4.2820820
    endloop
  endfacet
  facet normal -0.4714162 0 -0.8819109
    outer loop
      vertex 0.3888460 -0.1500460 4.2820820
      vertex 0.3888460 -2.5000370 4.2820820
      vertex 0.2678540 -2.5000370 4.3467570
    endloop
  endfacet
  facet normal -0.4714162 0 -0.8819109
    outer loop
      vertex 0.3888460 -0.1500460 4.2820820
      vertex 0.2678540 -2.5000370 4.3467570
      vertex 0.2678540 -0.1500460 4.3467570
    endloop
  endfacet
  facet normal -0.2900074 0 -0.9570244
    outer loop
      vertex 0.2678540 -0.1500460 4.3467570
      vertex 0.2678540 -2.5000370 4.3467570
      vertex 0.1365140 -2.5000370 4.3865570
    endloop
  endfacet
  facet normal -0.2900074 0 -0.9570244
    outer loop
      vertex 0.2678540 -0.1500460 4.3467570
      vertex 0.1365140 -2.5000370 4.3865570
      vertex 0.1365140 -0.1500460 4.3865570
    endloop
  endfacet
  facet normal -0.0986419 0 -0.9951230
    outer loop
      vertex 0.1365140 -0.1500460 4.3865570
      vertex 0.1365140 -2.5000370 4.3865570
      vertex 0 -2.5000370 4.4000890
    endloop
  endfacet
  facet normal -0.0986419 0 -0.9951230
    outer loop
      vertex 0.1365140 -0.1500460 4.3865570
      vertex 0 -2.5000370 4.4000890
      vertex 0 -0.1500460 4.4000890
    endloop
  endfacet
  facet normal 0.0986419 0 -0.9951230
    outer loop
      vertex 0 -0.1500460 4.4000890
      vertex 0 -2.5000370 4.4000890
      vertex -0.1365140 -2.5000370 4.3865570
    endloop
  endfacet
  facet normal 0.0986419 0 -0.9951230
    outer loop
      vertex 0 -0.1500460 4.4000890
      vertex -0.1365140 -2.5000370 4.3865570
      vertex -0.1365140 -0.1500460 4.3865570
    endloop
  endfacet
  facet normal 0.2900074 0 -0.9570244
    outer loop
      vertex -0.1365140 -0.1500460 4.3865570
      vertex -0.1365140 -2.5000370 4.3865570
      vertex -0.2678540 -2.5000370 4.3467570
    endloop
  endfacet
  facet normal 0.2900074 0 -0.9570244
    outer loop
      vertex -0.1365140 -0.1500460 4.3865570
      vertex -0.2678540 -2.5000370 4.3467570
      vertex -0.2678540 -0.1500460 4.3467570
    endloop
  endfacet
  facet normal 0.4714162 0 -0.8819109
    outer loop
      vertex -0.2678540 -0.1500460 4.3467570
      vertex -0.2678540 -2.5000370 4.3467570
      vertex -0.3888460 -2.5000370 4.2820820
    endloop
  endfacet
  facet normal 0.4714162 0 -0.8819109
    outer loop
      vertex -0.2678540 -0.1500460 4.3467570
      vertex -0.3888460 -2.5000370 4.2820820
      vertex -0.3888460 -0.1500460 4.2820820
    endloop
  endfacet
  facet normal 0.6348940 0 -0.7725993
    outer loop
      vertex -0.3888460 -0.1500460 4.2820820
      vertex -0.3888460 -2.5000370 4.2820820
      vertex -0.4949130 -2.5000370 4.1949200
    endloop
  endfacet
  facet normal 0.6348940 0 -0.7725993
    outer loop
      vertex -0.3888460 -0.1500460 4.2820820
      vertex -0.4949130 -2.5000370 4.1949200
      vertex -0.4949130 -0.1500460 4.1949200
    endloop
  endfacet
  facet normal 0.7725993 0 -0.6348940
    outer loop
      vertex -0.4949130 -0.1500460 4.1949200
      vertex -0.4949130 -2.5000370 4.1949200
      vertex -0.5820750 -2.5000370 4.0888530
    endloop
  endfacet
  facet normal 0.7725993 0 -0.6348940
    outer loop
      vertex -0.4949130 -0.1500460 4.1949200
      vertex -0.5820750 -2.5000370 4.0888530
      vertex -0.5820750 -0.1500460 4.0888530
    endloop
  endfacet
  facet normal 0.8819109 0 -0.4714162
    outer loop
      vertex -0.5820750 -0.1500460 4.0888530
      vertex -0.5820750 -2.5000370 4.0888530
      vertex -0.6467500 -2.5000370 3.9678610
    endloop
  endfacet
  facet normal 0.8819109 0 -0.4714162
    outer loop
      vertex -0.5820750 -0.1500460 4.0888530
      vertex -0.6467500 -2.5000370 3.9678610
      vertex -0.6467500 -0.1500460 3.9678610
    endloop
  endfacet
  facet normal 0.9570244 0 -0.2900074
    outer loop
      vertex -0.6467500 -0.1500460 3.9678610
      vertex -0.6467500 -2.5000370 3.9678610
      vertex -0.6865500 -2.5000370 3.8365210
    endloop
  endfacet
  facet normal 0.9570244 0 -0.2900074
    outer loop
      vertex -0.6467500 -0.1500460 3.9678610
      vertex -0.6865500 -2.5000370 3.8365210
      vertex -0.6865500 -0.1500460 3.8365210
    endloop
  endfacet
  facet normal 0.9951230 0 -0.0986419
    outer loop
      vertex -0.6865500 -0.1500460 3.8365210
      vertex -0.6865500 -2.5000370 3.8365210
      vertex -0.7000820 -2.5000370 3.7000070
    endloop
  endfacet
  facet normal 0.9951230 0 -0.0986419
    outer loop
      vertex -0.6865500 -0.1500460 3.8365210
      vertex -0.7000820 -2.5000370 3.7000070
      vertex -0.7000820 -0.1500460 3.7000070
    endloop
  endfacet
  facet normal 0.9951230 0 0.0986419
    outer loop
      vertex -0.7000820 -0.1500460 3.7000070
      vertex -0.7000820 -2.5000370 3.7000070
      vertex -0.6865500 -2.5000370 3.5634930
    endloop
  endfacet
  facet normal 0.9951230 0 0.0986419
    outer loop
      vertex -0.7000820 -0.1500460 3.7000070
      vertex -0.6865500 -2.5000370 3.5634930
      vertex -0.6865500 -0.1500460 3.5634930
    endloop
  endfacet
  facet normal 0.9570244 0 0.2900074
    outer loop
      vertex -0.6865500 -0.1500460 3.5634930
      vertex -0.6865500 -2.5000370 3.5634930
      vertex -0.6467500 -2.5000370 3.4321530
    endloop
  endfacet
  facet normal 0.9570244 0 0.2900074
    outer loop
      vertex -0.6865500 -0.1500460 3.5634930
      vertex -0.6467500 -2.5000370 3.4321530
      vertex -0.6467500 -0.1500460 3.4321530
    endloop
  endfacet
  facet normal 0.8819109 0 0.4714162
    outer loop
      vertex -0.6467500 -0.1500460 3.4321530
      vertex -0.6467500 -2.5000370 3.4321530
      vertex -0.5820750 -2.5000370 3.3111610
    endloop
  endfacet
  facet normal 0.8819109 0 0.4714162
    outer loop
      vertex -0.6467500 -0.1500460 3.4321530
      vertex -0.5820750 -2.5000370 3.3111610
      vertex -0.5820750 -0.1500460 3.3111610
    endloop
  endfacet
  facet normal 0.7725993 0 0.6348940
    outer loop
      vertex -0.5820750 -0.1500460 3.3111610
      vertex -0.5820750 -2.5000370 3.3111610
      vertex -0.4949130 -2.5000370 3.2050940
    endloop
  endfacet
  facet normal 0.7725993 0 0.6348940
    outer loop
      vertex -0.5820750 -0.1500460 3.3111610
      vertex -0.4949130 -2.5000370 3.2050940
      vertex -0.4949130 -0.1500460 3.2050940
    endloop
  endfacet
  facet normal 0.6348940 0 0.7725993
    outer loop
      vertex -0.4949130 -0.1500460 3.2050940
      vertex -0.4949130 -2.5000370 3.2050940
      vertex -0.3888460 -2.5000370 3.1179320
    endloop
  endfacet
  facet normal 0.6348940 0 0.7725993
    outer loop
      vertex -0.4949130 -0.1500460 3.2050940
      vertex -0.3888460 -2.5000370 3.1179320
      vertex -0.3888460 -0.1500460 3.1179320
    endloop
  endfacet
  facet normal 0.4714162 0 0.8819109
    outer loop
      vertex -0.3888460 -0.1500460 3.1179320
      vertex -0.3888460 -2.5000370 3.1179320
      vertex -0.2678540 -2.5000370 3.0532570
    endloop
  endfacet
  facet normal 0.4714162 0 0.8819109
    outer loop
      vertex -0.3888460 -0.1500460 3.1179320
      vertex -0.2678540 -2.5000370 3.0532570
      vertex -0.2678540 -0.1500460 3.0532570
    endloop
  endfacet
  facet normal 0.2900074 0 0.9570244
    outer loop
      vertex -0.2678540 -0.1500460 3.0532570
      vertex -0.2678540 -2.5000370 3.0532570
      vertex -0.1365140 -2.5000370 3.0134570
    endloop
  endfacet
  facet normal 0.2900074 0 0.9570244
    outer loop
      vertex -0.2678540 -0.1500460 3.0532570
      vertex -0.1365140 -2.5000370 3.0134570
      vertex -0.1365140 -0.1500460 3.0134570
    endloop
  endfacet
  facet normal 0.0986419 0 0.9951230
    outer loop
      vertex -0.1365140 -0.1500460 3.0134570
      vertex -0.1365140 -2.5000370 3.0134570
      vertex 0 -2.5000370 2.9999250
    endloop
  endfacet
  facet normal 0.0986419 0 0.9951230
    outer loop
      vertex -0.1365140 -0.1500460 3.0134570
      vertex 0 -2.5000370 2.9999250
      vertex 0 -0.1500460 2.9999250
    endloop
  endfacet
  facet normal -0.0986419 0 0.9951230
    outer loop
      vertex 0 -0.1500460 2.9999250
      vertex 0 -2.5000370 2.9999250
      vertex 0.1365140 -2.5000370 3.0134570
    endloop
  endfacet
  facet normal -0.0986419 0 0.9951230
    outer loop
      vertex 0 -0.1500460 2.9999250
      vertex 0.1365140 -2.5000370 3.0134570
      vertex 0.1365140 -0.1500460 3.0134570
    endloop
  endfacet
  facet normal -0.2900074 0 0.9570244
    outer loop
      vertex 0.1365140 -0.1500460 3.0134570
      vertex 0.1365140 -2.5000370 3.0134570
      vertex 0.2678540 -2.5000370 3.0532570
    endloop
  endfacet
  facet normal -0.2900074 0 0.9570244
    outer loop
      vertex 0.1365140 -0.1500460 3.0134570
      vertex 0.2678540 -2.5000370 3.0532570
      vertex 0.2678540 -0.1500460 3.0532570
    endloop
  endfacet
  facet normal -0.4714162 0 0.8819109
    outer loop
      vertex 0.2678540 -0.1500460 3.0532570
      vertex 0.2678540 -2.5000370 3.0532570
      vertex 0.3888460 -2.5000370 3.1179320
    endloop
  endfacet
  facet normal -0.4714162 0 0.8819109
    outer loop
      vertex 0.2678540 -0.1500460 3.0532570
      vertex 0.3888460 -2.5000370 3.1179320
      vertex 0.3888460 -0.1500460 3.1179320
    endloop
  endfacet
  facet normal -0.6348940 0 0.7725993
    outer loop
      vertex 0.3888460 -0.1500460 3.1179320
      vertex 0.3888460 -2.5000370 3.1179320
      vertex 0.4949130 -2.5000370 3.2050940
    endloop
  endfacet
  facet normal -0.6348940 0 0.7725993
    outer loop
      vertex 0.3888460 -0.1500460 3.1179320
      vertex 0.4949130 -2.5000370 3.2050940
      vertex 0.4949130 -0.1500460 3.2050940
    endloop
  endfacet
  facet normal -0.7725993 0 0.6348940
    outer loop
      vertex 0.4949130 -0.1500460 3.2050940
      vertex 0.4949130 -2.5000370 3.2050940
      vertex 0.5820750 -2.5000370 3.3111610
    endloop
  endfacet
  facet normal -0.7725993 0 0.6348940
    outer loop
      vertex 0.4949130 -0.1500460 3.2050940
      vertex 0.5820750 -2.5000370 3.3111610
      vertex 0.5820750 -0.1500460 3.3111610
    endloop
  endfacet
  facet normal -0.8819109 0 0.4714162
    outer loop
      vertex 0.5820750 -0.1500460 3.3111610
      vertex 0.5820750 -2.5000370 3.3111610
      vertex 0.6467500 -2.5000370 3.4321530
    endloop
  endfacet
  facet normal -0.8819109 0 0.4714162
    outer loop
      vertex 0.5820750 -0.1500460 3.3111610
      vertex 0.6467500 -2.5000370 3.4321530
      vertex 0.6467500 -0.1500460 3.4321530
    endloop
  endfacet
  facet normal -0.9570244 0 0.2900074
    outer loop
      vertex 0.6467500 -0.1500460 3.4321530
      vertex 0.6467500 -2.5000370 3.4321530
      vertex 0.6865500 -2.5000370 3.5634930
    endloop
  endfacet
  facet normal -0.9570244 0 0.2900074
    outer loop
      vertex 0.6467500 -0.1500460 3.4321530
      vertex 0.6865500 -2.5000370 3.5634930
      vertex 0.6865500 -0.1500460 3.5634930
    endloop
  endfacet
  facet normal -0.9951230 0 0.0986419
    outer loop
      vertex 0.6865500 -0.1500460 3.5634930
      vertex 0.6865500 -2.5000370 3.5634930
      vertex 0.7000820 -2.5000370 3.7000070
    endloop
  endfacet
  facet normal -0.9951230 0 0.0986419
    outer loop
      vertex 0.6865500 -0.1500460 3.5634930
      vertex 0.7000820 -2.5000370 3.7000070
      vertex 0.7000820 -0.1500460 3.7000070
    endloop
  endfacet
  facet normal -0.9952644 0 -0.0972051
    outer loop
      vertex 4.6999820 -0.1500460 3.7000070
      vertex 4.6999820 -2.5000370 3.7000070
      vertex 4.6866490 -2.5000370 3.8365210
    endloop
  endfacet
  facet normal -0.9952644 0 -0.0972051
    outer loop
      vertex 4.6999820 -0.1500460 3.7000070
      vertex 4.6866490 -2.5000370 3.8365210
      vertex 4.6866490 -0.1500460 3.8365210
    endloop
  endfacet
  facet normal -0.9566212 0 -0.2913346
    outer loop
      vertex 4.6866490 -0.1500460 3.8365210
      vertex 4.6866490 -2.5000370 3.8365210
      vertex 4.6466500 -2.5000370 3.9678610
    endloop
  endfacet
  facet normal -0.9566212 0 -0.2913346
    outer loop
      vertex 4.6866490 -0.1500460 3.8365210
      vertex 4.6466500 -2.5000370 3.9678610
      vertex 4.6466500 -0.1500460 3.9678610
    endloop
  endfacet
  facet normal -0.8819109 0 -0.4714162
    outer loop
      vertex 4.6466500 -0.1500460 3.9678610
      vertex 4.6466500 -2.5000370 3.9678610
      vertex 4.5819750 -2.5000370 4.0888530
    endloop
  endfacet
  facet normal -0.8819109 0 -0.4714162
    outer loop
      vertex 4.6466500 -0.1500460 3.9678610
      vertex 4.5819750 -2.5000370 4.0888530
      vertex 4.5819750 -0.1500460 4.0888530
    endloop
  endfacet
  facet normal -0.7733105 0 -0.6340275
    outer loop
      vertex 4.5819750 -0.1500460 4.0888530
      vertex 4.5819750 -2.5000370 4.0888530
      vertex 4.4950120 -2.5000370 4.1949200
    endloop
  endfacet
  facet normal -0.7733105 0 -0.6340275
    outer loop
      vertex 4.5819750 -0.1500460 4.0888530
      vertex 4.4950120 -2.5000370 4.1949200
      vertex 4.4950120 -0.1500460 4.1949200
    endloop
  endfacet
  facet normal -0.6348940 0 -0.7725993
    outer loop
      vertex 4.4950120 -0.1500460 4.1949200
      vertex 4.4950120 -2.5000370 4.1949200
      vertex 4.3889450 -2.5000370 4.2820820
    endloop
  endfacet
  facet normal -0.6348940 0 -0.7725993
    outer loop
      vertex 4.4950120 -0.1500460 4.1949200
      vertex 4.3889450 -2.5000370 4.2820820
      vertex 4.3889450 -0.1500460 4.2820820
    endloop
  endfacet
  facet normal -0.4714162 0 -0.8819109
    outer loop
      vertex 4.3889450 -0.1500460 4.2820820
      vertex 4.3889450 -2.5000370 4.2820820
      vertex 4.2679530 -2.5000370 4.3467570
    endloop
  endfacet
  facet normal -0.4714162 0 -0.8819109
    outer loop
      vertex 4.3889450 -0.1500460 4.2820820
      vertex 4.2679530 -2.5000370 4.3467570
      vertex 4.2679530 -0.1500460 4.3467570
    endloop
  endfacet
  facet normal -0.2900074 0 -0.9570244
    outer loop
      vertex 4.2679530 -0.1500460 4.3467570
      vertex 4.2679530 -2.5000370 4.3467570
      vertex 4.1366130 -2.5000370 4.3865570
    endloop
  endfacet
  facet normal -0.2900074 0 -0.9570244
    outer loop
      vertex 4.2679530 -0.1500460 4.3467570
      vertex 4.1366130 -2.5000370 4.3865570
      vertex 4.1366130 -0.1500460 4.3865570
    endloop
  endfacet
  facet normal -0.0986419 0 -0.9951230
    outer loop
      vertex 4.1366130 -0.1500460 4.3865570
      vertex 4.1366130 -2.5000370 4.3865570
      vertex 4.0000990 -2.5000370 4.4000890
    endloop
  endfacet
  facet normal -0.0986419 0 -0.9951230
    outer loop
      vertex 4.1366130 -0.1500460 4.3865570
      vertex 4.0000990 -2.5000370 4.4000890
      vertex 4.0000990 -0.1500460 4.4000890
    endloop
  endfacet
  facet normal 0.0984997 0 -0.9951371
    outer loop
      vertex 4.0000990 -0.1500460 4.4000890
      vertex 4.0000990 -2.5000370 4.4000890
      vertex 3.8633860 -2.5000370 4.3865570
    endloop
  endfacet
  facet normal 0.0984997 0 -0.9951371
    outer loop
      vertex 4.0000990 -0.1500460 4.4000890
      vertex 3.8633860 -2.5000370 4.3865570
      vertex 3.8633860 -0.1500460 4.3865570
    endloop
  endfacet
  facet normal 0.2900074 0 -0.9570244
    outer loop
      vertex 3.8633860 -0.1500460 4.3865570
      vertex 3.8633860 -2.5000370 4.3865570
      vertex 3.7320460 -2.5000370 4.3467570
    endloop
  endfacet
  facet normal 0.2900074 0 -0.9570244
    outer loop
      vertex 3.8633860 -0.1500460 4.3865570
      vertex 3.7320460 -2.5000370 4.3467570
      vertex 3.7320460 -0.1500460 4.3467570
    endloop
  endfacet
  facet normal 0.4714162 0 -0.8819109
    outer loop
      vertex 3.7320460 -0.1500460 4.3467570
      vertex 3.7320460 -2.5000370 4.3467570
      vertex 3.6110540 -2.5000370 4.2820820
    endloop
  endfacet
  facet normal 0.4714162 0 -0.8819109
    outer loop
      vertex 3.7320460 -0.1500460 4.3467570
      vertex 3.6110540 -2.5000370 4.2820820
      vertex 3.6110540 -0.1500460 4.2820820
    endloop
  endfacet
  facet normal 0.6348940 0 -0.7725993
    outer loop
      vertex 3.6110540 -0.1500460 4.2820820
      vertex 3.6110540 -2.5000370 4.2820820
      vertex 3.5049870 -2.5000370 4.1949200
    endloop
  endfacet
  facet normal 0.6348940 0 -0.7725993
    outer loop
      vertex 3.6110540 -0.1500460 4.2820820
      vertex 3.5049870 -2.5000370 4.1949200
      vertex 3.5049870 -0.1500460 4.1949200
    endloop
  endfacet
  facet normal 0.7733105 0 -0.6340275
    outer loop
      vertex 3.5049870 -0.1500460 4.1949200
      vertex 3.5049870 -2.5000370 4.1949200
      vertex 3.4180240 -2.5000370 4.0888530
    endloop
  endfacet
  facet normal 0.7733105 0 -0.6340275
    outer loop
      vertex 3.5049870 -0.1500460 4.1949200
      vertex 3.4180240 -2.5000370 4.0888530
      vertex 3.4180240 -0.1500460 4.0888530
    endloop
  endfacet
  facet normal 0.8819109 0 -0.4714162
    outer loop
      vertex 3.4180240 -0.1500460 4.0888530
      vertex 3.4180240 -2.5000370 4.0888530
      vertex 3.3533490 -2.5000370 3.9678610
    endloop
  endfacet
  facet normal 0.8819109 0 -0.4714162
    outer loop
      vertex 3.4180240 -0.1500460 4.0888530
      vertex 3.3533490 -2.5000370 3.9678610
      vertex 3.3533490 -0.1500460 3.9678610
    endloop
  endfacet
  facet normal 0.9570244 0 -0.2900074
    outer loop
      vertex 3.3533490 -0.1500460 3.9678610
      vertex 3.3533490 -2.5000370 3.9678610
      vertex 3.3135490 -2.5000370 3.8365210
    endloop
  endfacet
  facet normal 0.9570244 0 -0.2900074
    outer loop
      vertex 3.3533490 -0.1500460 3.9678610
      vertex 3.3135490 -2.5000370 3.8365210
      vertex 3.3135490 -0.1500460 3.8365210
    endloop
  endfacet
  facet normal 0.9951230 0 -0.0986419
    outer loop
      vertex 3.3135490 -0.1500460 3.8365210
      vertex 3.3135490 -2.5000370 3.8365210
      vertex 3.3000170 -2.5000370 3.7000070
    endloop
  endfacet
  facet normal 0.9951230 0 -0.0986419
    outer loop
      vertex 3.3135490 -0.1500460 3.8365210
      vertex 3.3000170 -2.5000370 3.7000070
      vertex 3.3000170 -0.1500460 3.7000070
    endloop
  endfacet
  facet normal 0.9951230 0 0.0986419
    outer loop
      vertex 3.3000170 -0.1500460 3.7000070
      vertex 3.3000170 -2.5000370 3.7000070
      vertex 3.3135490 -2.5000370 3.5634930
    endloop
  endfacet
  facet normal 0.9951230 0 0.0986419
    outer loop
      vertex 3.3000170 -0.1500460 3.7000070
      vertex 3.3135490 -2.5000370 3.5634930
      vertex 3.3135490 -0.1500460 3.5634930
    endloop
  endfacet
  facet normal 0.9570244 0 0.2900074
    outer loop
      vertex 3.3135490 -0.1500460 3.5634930
      vertex 3.3135490 -2.5000370 3.5634930
      vertex 3.3533490 -2.5000370 3.4321530
    endloop
  endfacet
  facet normal 0.9570244 0 0.2900074
    outer loop
      vertex 3.3135490 -0.1500460 3.5634930
      vertex 3.3533490 -2.5000370 3.4321530
      vertex 3.3533490 -0.1500460 3.4321530
    endloop
  endfacet
  facet normal 0.8819109 0 0.4714162
    outer loop
      vertex 3.3533490 -0.1500460 3.4321530
      vertex 3.3533490 -2.5000370 3.4321530
      vertex 3.4180240 -2.5000370 3.3111610
    endloop
  endfacet
  facet normal 0.8819109 0 0.4714162
    outer loop
      vertex 3.3533490 -0.1500460 3.4321530
      vertex 3.4180240 -2.5000370 3.3111610
      vertex 3.4180240 -0.1500460 3.3111610
    endloop
  endfacet
  facet normal 0.7733105 0 0.6340275
    outer loop
      vertex 3.4180240 -0.1500460 3.3111610
      vertex 3.4180240 -2.5000370 3.3111610
      vertex 3.5049870 -2.5000370 3.2050940
    endloop
  endfacet
  facet normal 0.7733105 0 0.6340275
    outer loop
      vertex 3.4180240 -0.1500460 3.3111610
      vertex 3.5049870 -2.5000370 3.2050940
      vertex 3.5049870 -0.1500460 3.2050940
    endloop
  endfacet
  facet normal 0.6348940 0 0.7725993
    outer loop
      vertex 3.5049870 -0.1500460 3.2050940
      vertex 3.5049870 -2.5000370 3.2050940
      vertex 3.6110540 -2.5000370 3.1179320
    endloop
  endfacet
  facet normal 0.6348940 0 0.7725993
    outer loop
      vertex 3.5049870 -0.1500460 3.2050940
      vertex 3.6110540 -2.5000370 3.1179320
      vertex 3.6110540 -0.1500460 3.1179320
    endloop
  endfacet
  facet normal 0.4714162 0 0.8819109
    outer loop
      vertex 3.6110540 -0.1500460 3.1179320
      vertex 3.6110540 -2.5000370 3.1179320
      vertex 3.7320460 -2.5000370 3.0532570
    endloop
  endfacet
  facet normal 0.4714162 0 0.8819109
    outer loop
      vertex 3.6110540 -0.1500460 3.1179320
      vertex 3.7320460 -2.5000370 3.0532570
      vertex 3.7320460 -0.1500460 3.0532570
    endloop
  endfacet
  facet normal 0.2900074 0 0.9570244
    outer loop
      vertex 3.7320460 -0.1500460 3.0532570
      vertex 3.7320460 -2.5000370 3.0532570
      vertex 3.8633860 -2.5000370 3.0134570
    endloop
  endfacet
  facet normal 0.2900074 0 0.9570244
    outer loop
      vertex 3.7320460 -0.1500460 3.0532570
      vertex 3.8633860 -2.5000370 3.0134570
      vertex 3.8633860 -0.1500460 3.0134570
    endloop
  endfacet
  facet normal 0.0984997 0 0.9951371
    outer loop
      vertex 3.8633860 -0.1500460 3.0134570
      vertex 3.8633860 -2.5000370 3.0134570
      vertex 4.0000990 -2.5000370 2.9999250
    endloop
  endfacet
  facet normal 0.0984997 0 0.9951371
    outer loop
      vertex 3.8633860 -0.1500460 3.0134570
      vertex 4.0000990 -2.5000370 2.9999250
      vertex 4.0000990 -0.1500460 2.9999250
    endloop
  endfacet
  facet normal -0.0986419 0 0.9951230
    outer loop
      vertex 4.0000990 -0.1500460 2.9999250
      vertex 4.0000990 -2.5000370 2.9999250
      vertex 4.1366130 -2.5000370 3.0134570
    endloop
  endfacet
  facet normal -0.0986419 0 0.9951230
    outer loop
      vertex 4.0000990 -0.1500460 2.9999250
      vertex 4.1366130 -2.5000370 3.0134570
      vertex 4.1366130 -0.1500460 3.0134570
    endloop
  endfacet
  facet normal -0.2900074 0 0.9570244
    outer loop
      vertex 4.1366130 -0.1500460 3.0134570
      vertex 4.1366130 -2.5000370 3.0134570
      vertex 4.2679530 -2.5000370 3.0532570
    endloop
  endfacet
  facet normal -0.2900074 0 0.9570244
    outer loop
      vertex 4.1366130 -0.1500460 3.0134570
      vertex 4.2679530 -2.5000370 3.0532570
      vertex 4.2679530 -0.1500460 3.0532570
    endloop
  endfacet
  facet normal -0.4714162 0 0.8819109
    outer loop
      vertex 4.2679530 -0.1500460 3.0532570
      vertex 4.2679530 -2.5000370 3.0532570
      vertex 4.3889450 -2.5000370 3.1179320
    endloop
  endfacet
  facet normal -0.4714162 0 0.8819109
    outer loop
      vertex 4.2679530 -0.1500460 3.0532570
      vertex 4.3889450 -2.5000370 3.1179320
      vertex 4.3889450 -0.1500460 3.1179320
    endloop
  endfacet
  facet normal -0.6348940 0 0.7725993
    outer loop
      vertex 4.3889450 -0.1500460 3.1179320
      vertex 4.3889450 -2.5000370 3.1179320
      vertex 4.4950120 -2.5000370 3.2050940
    endloop
  endfacet
  facet normal -0.6348940 0 0.7725993
    outer loop
      vertex 4.3889450 -0.1500460 3.1179320
      vertex 4.4950120 -2.5000370 3.2050940
      vertex 4.4950120 -0.1500460 3.2050940
    endloop
  endfacet
  facet normal -0.7733105 0 0.6340275
    outer loop
      vertex 4.4950120 -0.1500460 3.2050940
      vertex 4.4950120 -2.5000370 3.2050940
      vertex 4.5819750 -2.5000370 3.3111610
    endloop
  endfacet
  facet normal -0.7733105 0 0.6340275
    outer loop
      vertex 4.4950120 -0.1500460 3.2050940
      vertex 4.5819750 -2.5000370 3.3111610
      vertex 4.5819750 -0.1500460 3.3111610
    endloop
  endfacet
  facet normal -0.8819109 0 0.4714162
    outer loop
      vertex 4.5819750 -0.1500460 3.3111610
      vertex 4.5819750 -2.5000370 3.3111610
      vertex 4.6466500 -2.5000370 3.4321530
    endloop
  endfacet
  facet normal -0.8819109 0 0.4714162
    outer loop
      vertex 4.5819750 -0.1500460 3.3111610
      vertex 4.6466500 -2.5000370 3.4321530
      vertex 4.6466500 -0.1500460 3.4321530
    endloop
  endfacet
  facet normal -0.9566212 0 0.2913346
    outer loop
      vertex 4.6466500 -0.1500460 3.4321530
      vertex 4.6466500 -2.5000370 3.4321530
      vertex 4.6866490 -2.5000370 3.5634930
    endloop
  endfacet
  facet normal -0.9566212 0 0.2913346
    outer loop
      vertex 4.6466500 -0.1500460 3.4321530
      vertex 4.6866490 -2.5000370 3.5634930
      vertex 4.6866490 -0.1500460 3.5634930
    endloop
  endfacet
  facet normal -0.9952644 0 0.0972051
    outer loop
      vertex 4.6866490 -0.1500460 3.5634930
      vertex 4.6866490 -2.5000370 3.5634930
      vertex 4.6999820 -2.5000370 3.7000070
    endloop
  endfacet
  facet normal -0.9952644 0 0.0972051
    outer loop
      vertex 4.6866490 -0.1500460 3.5634930
      vertex 4.6999820 -2.5000370 3.7000070
      vertex 4.6999820 -0.1500460 3.7000070
    endloop
  endfacet
  facet normal -0.9951230 0 -0.0986419
    outer loop
      vertex 8.7000810 -0.1500460 3.7000070
      vertex 8.7000810 -2.5000370 3.7000070
      vertex 8.6865490 -2.5000370 3.8365210
    endloop
  endfacet
  facet normal -0.9951230 0 -0.0986419
    outer loop
      vertex 8.7000810 -0.1500460 3.7000070
      vertex 8.6865490 -2.5000370 3.8365210
      vertex 8.6865490 -0.1500460 3.8365210
    endloop
  endfacet
  facet normal -0.9570244 0 -0.2900074
    outer loop
      vertex 8.6865490 -0.1500460 3.8365210
      vertex 8.6865490 -2.5000370 3.8365210
      vertex 8.6467490 -2.5000370 3.9678610
    endloop
  endfacet
  facet normal -0.9570244 0 -0.2900074
    outer loop
      vertex 8.6865490 -0.1500460 3.8365210
      vertex 8.6467490 -2.5000370 3.9678610
      vertex 8.6467490 -0.1500460 3.9678610
    endloop
  endfacet
  facet normal -0.8819109 0 -0.4714162
    outer loop
      vertex 8.6467490 -0.1500460 3.9678610
      vertex 8.6467490 -2.5000370 3.9678610
      vertex 8.5820740 -2.5000370 4.0888530
    endloop
  endfacet
  facet normal -0.8819109 0 -0.4714162
    outer loop
      vertex 8.6467490 -0.1500460 3.9678610
      vertex 8.5820740 -2.5000370 4.0888530
      vertex 8.5820740 -0.1500460 4.0888530
    endloop
  endfacet
  facet normal -0.7725993 0 -0.6348940
    outer loop
      vertex 8.5820740 -0.1500460 4.0888530
      vertex 8.5820740 -2.5000370 4.0888530
      vertex 8.4949120 -2.5000370 4.1949200
    endloop
  endfacet
  facet normal -0.7725993 0 -0.6348940
    outer loop
      vertex 8.5820740 -0.1500460 4.0888530
      vertex 8.4949120 -2.5000370 4.1949200
      vertex 8.4949120 -0.1500460 4.1949200
    endloop
  endfacet
  facet normal -0.6348940 0 -0.7725993
    outer loop
      vertex 8.4949120 -0.1500460 4.1949200
      vertex 8.4949120 -2.5000370 4.1949200
      vertex 8.3888450 -2.5000370 4.2820820
    endloop
  endfacet
  facet normal -0.6348940 0 -0.7725993
    outer loop
      vertex 8.4949120 -0.1500460 4.1949200
      vertex 8.3888450 -2.5000370 4.2820820
      vertex 8.3888450 -0.1500460 4.2820820
    endloop
  endfacet
  facet normal -0.4714162 0 -0.8819109
    outer loop
      vertex 8.3888450 -0.1500460 4.2820820
      vertex 8.3888450 -2.5000370 4.2820820
      vertex 8.2678530 -2.5000370 4.3467570
    endloop
  endfacet
  facet normal -0.4714162 0 -0.8819109
    outer loop
      vertex 8.3888450 -0.1500460 4.2820820
      vertex 8.2678530 -2.5000370 4.3467570
      vertex 8.2678530 -0.1500460 4.3467570
    endloop
  endfacet
  facet normal -0.2900074 0 -0.9570244
    outer loop
      vertex 8.2678530 -0.1500460 4.3467570
      vertex 8.2678530 -2.5000370 4.3467570
      vertex 8.1365130 -2.5000370 4.3865570
    endloop
  endfacet
  facet normal -0.2900074 0 -0.9570244
    outer loop
      vertex 8.2678530 -0.1500460 4.3467570
      vertex 8.1365130 -2.5000370 4.3865570
      vertex 8.1365130 -0.1500460 4.3865570
    endloop
  endfacet
  facet normal -0.0986419 0 -0.9951230
    outer loop
      vertex 8.1365130 -0.1500460 4.3865570
      vertex 8.1365130 -2.5000370 4.3865570
      vertex 7.9999990 -2.5000370 4.4000890
    endloop
  endfacet
  facet normal -0.0986419 0 -0.9951230
    outer loop
      vertex 8.1365130 -0.1500460 4.3865570
      vertex 7.9999990 -2.5000370 4.4000890
      vertex 7.9999990 -0.1500460 4.4000890
    endloop
  endfacet
  facet normal 0.0986419 0 -0.9951230
    outer loop
      vertex 7.9999990 -0.1500460 4.4000890
      vertex 7.9999990 -2.5000370 4.4000890
      vertex 7.8634850 -2.5000370 4.3865570
    endloop
  endfacet
  facet normal 0.0986419 0 -0.9951230
    outer loop
      vertex 7.9999990 -0.1500460 4.4000890
      vertex 7.8634850 -2.5000370 4.3865570
      vertex 7.8634850 -0.1500460 4.3865570
    endloop
  endfacet
  facet normal 0.2900074 0 -0.9570244
    outer loop
      vertex 7.8634850 -0.1500460 4.3865570
      vertex 7.8634850 -2.5000370 4.3865570
      vertex 7.7321450 -2.5000370 4.3467570
    endloop
  endfacet
  facet normal 0.2900074 0 -0.9570244
    outer loop
      vertex 7.8634850 -0.1500460 4.3865570
      vertex 7.7321450 -2.5000370 4.3467570
      vertex 7.7321450 -0.1500460 4.3467570
    endloop
  endfacet
  facet normal 0.4714162 0 -0.8819109
    outer loop
      vertex 7.7321450 -0.1500460 4.3467570
      vertex 7.7321450 -2.5000370 4.3467570
      vertex 7.6111530 -2.5000370 4.2820820
    endloop
  endfacet
  facet normal 0.4714162 0 -0.8819109
    outer loop
      vertex 7.7321450 -0.1500460 4.3467570
      vertex 7.6111530 -2.5000370 4.2820820
      vertex 7.6111530 -0.1500460 4.2820820
    endloop
  endfacet
  facet normal 0.6348940 0 -0.7725993
    outer loop
      vertex 7.6111530 -0.1500460 4.2820820
      vertex 7.6111530 -2.5000370 4.2820820
      vertex 7.5050860 -2.5000370 4.1949200
    endloop
  endfacet
  facet normal 0.6348940 0 -0.7725993
    outer loop
      vertex 7.6111530 -0.1500460 4.2820820
      vertex 7.5050860 -2.5000370 4.1949200
      vertex 7.5050860 -0.1500460 4.1949200
    endloop
  endfacet
  facet normal 0.7725993 0 -0.6348940
    outer loop
      vertex 7.5050860 -0.1500460 4.1949200
      vertex 7.5050860 -2.5000370 4.1949200
      vertex 7.4179240 -2.5000370 4.0888530
    endloop
  endfacet
  facet normal 0.7725993 0 -0.6348940
    outer loop
      vertex 7.5050860 -0.1500460 4.1949200
      vertex 7.4179240 -2.5000370 4.0888530
      vertex 7.4179240 -0.1500460 4.0888530
    endloop
  endfacet
  facet normal 0.8819109 0 -0.4714162
    outer loop
      vertex 7.4179240 -0.1500460 4.0888530
      vertex 7.4179240 -2.5000370 4.0888530
      vertex 7.3532490 -2.5000370 3.9678610
    endloop
  endfacet
  facet normal 0.8819109 0 -0.4714162
    outer loop
      vertex 7.4179240 -0.1500460 4.0888530
      vertex 7.3532490 -2.5000370 3.9678610
      vertex 7.3532490 -0.1500460 3.9678610
    endloop
  endfacet
  facet normal 0.9570244 0 -0.2900074
    outer loop
      vertex 7.3532490 -0.1500460 3.9678610
      vertex 7.3532490 -2.5000370 3.9678610
      vertex 7.3134490 -2.5000370 3.8365210
    endloop
  endfacet
  facet normal 0.9570244 0 -0.2900074
    outer loop
      vertex 7.3532490 -0.1500460 3.9678610
      vertex 7.3134490 -2.5000370 3.8365210
      vertex 7.3134490 -0.1500460 3.8365210
    endloop
  endfacet
  facet normal 0.9951230 0 -0.0986419
    outer loop
      vertex 7.3134490 -0.1500460 3.8365210
      vertex 7.3134490 -2.5000370 3.8365210
      vertex 7.2999170 -2.5000370 3.7000070
    endloop
  endfacet
  facet normal 0.9951230 0 -0.0986419
    outer loop
      vertex 7.3134490 -0.1500460 3.8365210
      vertex 7.2999170 -2.5000370 3.7000070
      vertex 7.2999170 -0.1500460 3.7000070
    endloop
  endfacet
  facet normal 0.9951230 0 0.0986419
    outer loop
      vertex 7.2999170 -0.1500460 3.7000070
      vertex 7.2999170 -2.5000370 3.7000070
      vertex 7.3134490 -2.5000370 3.5634930
    endloop
  endfacet
  facet normal 0.9951230 0 0.0986419
    outer loop
      vertex 7.2999170 -0.1500460 3.7000070
      vertex 7.3134490 -2.5000370 3.5634930
      vertex 7.3134490 -0.1500460 3.5634930
    endloop
  endfacet
  facet normal 0.9570244 0 0.2900074
    outer loop
      vertex 7.3134490 -0.1500460 3.5634930
      vertex 7.3134490 -2.5000370 3.5634930
      vertex 7.3532490 -2.5000370 3.4321530
    endloop
  endfacet
  facet normal 0.9570244 0 0.2900074
    outer loop
      vertex 7.3134490 -0.1500460 3.5634930
      vertex 7.3532490 -2.5000370 3.4321530
      vertex 7.3532490 -0.1500460 3.4321530
    endloop
  endfacet
  facet normal 0.8819109 0 0.4714162
    outer loop
      vertex 7.3532490 -0.1500460 3.4321530
      vertex 7.3532490 -2.5000370 3.4321530
      vertex 7.4179240 -2.5000370 3.3111610
    endloop
  endfacet
  facet normal 0.8819109 0 0.4714162
    outer loop
      vertex 7.3532490 -0.1500460 3.4321530
      vertex 7.4179240 -2.5000370 3.3111610
      vertex 7.4179240 -0.1500460 3.3111610
    endloop
  endfacet
  facet normal 0.7725993 0 0.6348940
    outer loop
      vertex 7.4179240 -0.1500460 3.3111610
      vertex 7.4179240 -2.5000370 3.3111610
      vertex 7.5050860 -2.5000370 3.2050940
    endloop
  endfacet
  facet normal 0.7725993 0 0.6348940
    outer loop
      vertex 7.4179240 -0.1500460 3.3111610
      vertex 7.5050860 -2.5000370 3.2050940
      vertex 7.5050860 -0.1500460 3.2050940
    endloop
  endfacet
  facet normal 0.6348940 0 0.7725993
    outer loop
      vertex 7.5050860 -0.1500460 3.2050940
      vertex 7.5050860 -2.5000370 3.2050940
      vertex 7.6111530 -2.5000370 3.1179320
    endloop
  endfacet
  facet normal 0.6348940 0 0.7725993
    outer loop
      vertex 7.5050860 -0.1500460 3.2050940
      vertex 7.6111530 -2.5000370 3.1179320
      vertex 7.6111530 -0.1500460 3.1179320
    endloop
  endfacet
  facet normal 0.4714162 0 0.8819109
    outer loop
      vertex 7.6111530 -0.1500460 3.1179320
      vertex 7.6111530 -2.5000370 3.1179320
      vertex 7.7321450 -2.5000370 3.0532570
    endloop
  endfacet
  facet normal 0.4714162 0 0.8819109
    outer loop
      vertex 7.6111530 -0.1500460 3.1179320
      vertex 7.7321450 -2.5000370 3.0532570
      vertex 7.7321450 -0.1500460 3.0532570
    endloop
  endfacet
  facet normal 0.2900074 0 0.9570244
    outer loop
      vertex 7.7321450 -0.1500460 3.0532570
      vertex 7.7321450 -2.5000370 3.0532570
      vertex 7.8634850 -2.5000370 3.0134570
    endloop
  endfacet
  facet normal 0.2900074 0 0.9570244
    outer loop
      vertex 7.7321450 -0.1500460 3.0532570
      vertex 7.8634850 -2.5000370 3.0134570
      vertex 7.8634850 -0.1500460 3.0134570
    endloop
  endfacet
  facet normal 0.0986419 0 0.9951230
    outer loop
      vertex 7.8634850 -0.1500460 3.0134570
      vertex 7.8634850 -2.5000370 3.0134570
      vertex 7.9999990 -2.5000370 2.9999250
    endloop
  endfacet
  facet normal 0.0986419 0 0.9951230
    outer loop
      vertex 7.8634850 -0.1500460 3.0134570
      vertex 7.9999990 -2.5000370 2.9999250
      vertex 7.9999990 -0.1500460 2.9999250
    endloop
  endfacet
  facet normal -0.0986419 0 0.9951230
    outer loop
      vertex 7.9999990 -0.1500460 2.9999250
      vertex 7.9999990 -2.5000370 2.9999250
      vertex 8.1365130 -2.5000370 3.0134570
    endloop
  endfacet
  facet normal -0.0986419 0 0.9951230
    outer loop
      vertex 7.9999990 -0.1500460 2.9999250
      vertex 8.1365130 -2.5000370 3.0134570
      vertex 8.1365130 -0.1500460 3.0134570
    endloop
  endfacet
  facet normal -0.2900074 0 0.9570244
    outer loop
      vertex 8.1365130 -0.1500460 3.0134570
      vertex 8.1365130 -2.5000370 3.0134570
      vertex 8.2678530 -2.5000370 3.0532570
    endloop
  endfacet
  facet normal -0.2900074 0 0.9570244
    outer loop
      vertex 8.1365130 -0.1500460 3.0134570
      vertex 8.2678530 -2.5000370 3.0532570
      vertex 8.2678530 -0.1500460 3.0532570
    endloop
  endfacet
  facet normal -0.4714162 0 0.8819109
    outer loop
      vertex 8.2678530 -0.1500460 3.0532570
      vertex 8.2678530 -2.5000370 3.0532570
      vertex 8.3888450 -2.5000370 3.1179320
    endloop
  endfacet
  facet normal -0.4714162 0 0.8819109
    outer loop
      vertex 8.2678530 -0.1500460 3.0532570
      vertex 8.3888450 -2.5000370 3.1179320
      vertex 8.3888450 -0.1500460 3.1179320
    endloop
  endfacet
  facet normal -0.6348940 0 0.7725993
    outer loop
      vertex 8.3888450 -0.1500460 3.1179320
      vertex 8.3888450 -2.5000370 3.1179320
      vertex 8.4949120 -2.5000370 3.2050940
    endloop
  endfacet
  facet normal -0.6348940 0 0.7725993
    outer loop
      vertex 8.3888450 -0.1500460 3.1179320
      vertex 8.4949120 -2.5000370 3.2050940
      vertex 8.4949120 -0.1500460 3.2050940
    endloop
  endfacet
  facet normal -0.7725993 0 0.6348940
    outer loop
      vertex 8.4949120 -0.1500460 3.2050940
      vertex 8.4949120 -2.5000370 3.2050940
      vertex 8.5820740 -2.5000370 3.3111610
    endloop
  endfacet
  facet normal -0.7725993 0 0.6348940
    outer loop
      vertex 8.4949120 -0.1500460 3.2050940
      vertex 8.5820740 -2.5000370 3.3111610
      vertex 8.5820740 -0.1500460 3.3111610
    endloop
  endfacet
  facet normal -0.8819109 0 0.4714162
    outer loop
      vertex 8.5820740 -0.1500460 3.3111610
      vertex 8.5820740 -2.5000370 3.3111610
      vertex 8.6467490 -2.5000370 3.4321530
    endloop
  endfacet
  facet normal -0.8819109 0 0.4714162
    outer loop
      vertex 8.5820740 -0.1500460 3.3111610
      vertex 8.6467490 -2.5000370 3.4321530
      vertex 8.6467490 -0.1500460 3.4321530
    endloop
  endfacet
  facet normal -0.9570244 0 0.2900074
    outer loop
      vertex 8.6467490 -0.1500460 3.4321530
      vertex 8.6467490 -2.5000370 3.4321530
      vertex 8.6865490 -2.5000370 3.5634930
    endloop
  endfacet
  facet normal -0.9570244 0 0.2900074
    outer loop
      vertex 8.6467490 -0.1500460 3.4321530
      vertex 8.6865490 -2.5000370 3.5634930
      vertex 8.6865490 -0.1500460 3.5634930
    endloop
  endfacet
  facet normal -0.9951230 0 0.0986419
    outer loop
      vertex 8.6865490 -0.1500460 3.5634930
      vertex 8.6865490 -2.5000370 3.5634930
      vertex 8.7000810 -2.5000370 3.7000070
    endloop
  endfacet
  facet normal -0.9951230 0 0.0986419
    outer loop
      vertex 8.6865490 -0.1500460 3.5634930
      vertex 8.7000810 -2.5000370 3.7000070
      vertex 8.7000810 -0.1500460 3.7000070
    endloop
  endfacet
  facet normal -0.9952644 0 -0.0972051
    outer loop
      vertex 12.6999810 -0.1500460 3.7000070
      vertex 12.6999810 -2.5000370 3.7000070
      vertex 12.6866480 -2.5000370 3.8365210
    endloop
  endfacet
  facet normal -0.9952644 0 -0.0972051
    outer loop
      vertex 12.6999810 -0.1500460 3.7000070
      vertex 12.6866480 -2.5000370 3.8365210
      vertex 12.6866480 -0.1500460 3.8365210
    endloop
  endfacet
  facet normal -0.9566212 0 -0.2913346
    outer loop
      vertex 12.6866480 -0.1500460 3.8365210
      vertex 12.6866480 -2.5000370 3.8365210
      vertex 12.6466490 -2.5000370 3.9678610
    endloop
  endfacet
  facet normal -0.9566212 0 -0.2913346
    outer loop
      vertex 12.6866480 -0.1500460 3.8365210
      vertex 12.6466490 -2.5000370 3.9678610
      vertex 12.6466490 -0.1500460 3.9678610
    endloop
  endfacet
  facet normal -0.8819109 0 -0.4714162
    outer loop
      vertex 12.6466490 -0.1500460 3.9678610
      vertex 12.6466490 -2.5000370 3.9678610
      vertex 12.5819740 -2.5000370 4.0888530
    endloop
  endfacet
  facet normal -0.8819109 0 -0.4714162
    outer loop
      vertex 12.6466490 -0.1500460 3.9678610
      vertex 12.5819740 -2.5000370 4.0888530
      vertex 12.5819740 -0.1500460 4.0888530
    endloop
  endfacet
  facet normal -0.7733105 0 -0.6340275
    outer loop
      vertex 12.5819740 -0.1500460 4.0888530
      vertex 12.5819740 -2.5000370 4.0888530
      vertex 12.4950110 -2.5000370 4.1949200
    endloop
  endfacet
  facet normal -0.7733105 0 -0.6340275
    outer loop
      vertex 12.5819740 -0.1500460 4.0888530
      vertex 12.4950110 -2.5000370 4.1949200
      vertex 12.4950110 -0.1500460 4.1949200
    endloop
  endfacet
  facet normal -0.6348940 0 -0.7725993
    outer loop
      vertex 12.4950110 -0.1500460 4.1949200
      vertex 12.4950110 -2.5000370 4.1949200
      vertex 12.3889440 -2.5000370 4.2820820
    endloop
  endfacet
  facet normal -0.6348940 0 -0.7725993
    outer loop
      vertex 12.4950110 -0.1500460 4.1949200
      vertex 12.3889440 -2.5000370 4.2820820
      vertex 12.3889440 -0.1500460 4.2820820
    endloop
  endfacet
  facet normal -0.4714162 0 -0.8819109
    outer loop
      vertex 12.3889440 -0.1500460 4.2820820
      vertex 12.3889440 -2.5000370 4.2820820
      vertex 12.2679520 -2.5000370 4.3467570
    endloop
  endfacet
  facet normal -0.4714162 0 -0.8819109
    outer loop
      vertex 12.3889440 -0.1500460 4.2820820
      vertex 12.2679520 -2.5000370 4.3467570
      vertex 12.2679520 -0.1500460 4.3467570
    endloop
  endfacet
  facet normal -0.2900074 0 -0.9570244
    outer loop
      vertex 12.2679520 -0.1500460 4.3467570
      vertex 12.2679520 -2.5000370 4.3467570
      vertex 12.1366120 -2.5000370 4.3865570
    endloop
  endfacet
  facet normal -0.2900074 0 -0.9570244
    outer loop
      vertex 12.2679520 -0.1500460 4.3467570
      vertex 12.1366120 -2.5000370 4.3865570
      vertex 12.1366120 -0.1500460 4.3865570
    endloop
  endfacet
  facet normal -0.0986419 0 -0.9951230
    outer loop
      vertex 12.1366120 -0.1500460 4.3865570
      vertex 12.1366120 -2.5000370 4.3865570
      vertex 12.0000980 -2.5000370 4.4000890
    endloop
  endfacet
  facet normal -0.0986419 0 -0.9951230
    outer loop
      vertex 12.1366120 -0.1500460 4.3865570
      vertex 12.0000980 -2.5000370 4.4000890
      vertex 12.0000980 -0.1500460 4.4000890
    endloop
  endfacet
  facet normal 0.0984997 0 -0.9951371
    outer loop
      vertex 12.0000980 -0.1500460 4.4000890
      vertex 12.0000980 -2.5000370 4.4000890
      vertex 11.8633850 -2.5000370 4.3865570
    endloop
  endfacet
  facet normal 0.0984997 0 -0.9951371
    outer loop
      vertex 12.0000980 -0.1500460 4.4000890
      vertex 11.8633850 -2.5000370 4.3865570
      vertex 11.8633850 -0.1500460 4.3865570
    endloop
  endfacet
  facet normal 0.2900074 0 -0.9570244
    outer loop
      vertex 11.8633850 -0.1500460 4.3865570
      vertex 11.8633850 -2.5000370 4.3865570
      vertex 11.7320450 -2.5000370 4.3467570
    endloop
  endfacet
  facet normal 0.2900074 0 -0.9570244
    outer loop
      vertex 11.8633850 -0.1500460 4.3865570
      vertex 11.7320450 -2.5000370 4.3467570
      vertex 11.7320450 -0.1500460 4.3467570
    endloop
  endfacet
  facet normal 0.4714162 0 -0.8819109
    outer loop
      vertex 11.7320450 -0.1500460 4.3467570
      vertex 11.7320450 -2.5000370 4.3467570
      vertex 11.6110530 -2.5000370 4.2820820
    endloop
  endfacet
  facet normal 0.4714162 0 -0.8819109
    outer loop
      vertex 11.7320450 -0.1500460 4.3467570
      vertex 11.6110530 -2.5000370 4.2820820
      vertex 11.6110530 -0.1500460 4.2820820
    endloop
  endfacet
  facet normal 0.6348940 0 -0.7725993
    outer loop
      vertex 11.6110530 -0.1500460 4.2820820
      vertex 11.6110530 -2.5000370 4.2820820
      vertex 11.5049860 -2.5000370 4.1949200
    endloop
  endfacet
  facet normal 0.6348940 0 -0.7725993
    outer loop
      vertex 11.6110530 -0.1500460 4.2820820
      vertex 11.5049860 -2.5000370 4.1949200
      vertex 11.5049860 -0.1500460 4.1949200
    endloop
  endfacet
  facet normal 0.7733105 0 -0.6340275
    outer loop
      vertex 11.5049860 -0.1500460 4.1949200
      vertex 11.5049860 -2.5000370 4.1949200
      vertex 11.4180230 -2.5000370 4.0888530
    endloop
  endfacet
  facet normal 0.7733105 0 -0.6340275
    outer loop
      vertex 11.5049860 -0.1500460 4.1949200
      vertex 11.4180230 -2.5000370 4.0888530
      vertex 11.4180230 -0.1500460 4.0888530
    endloop
  endfacet
  facet normal 0.8819109 0 -0.4714162
    outer loop
      vertex 11.4180230 -0.1500460 4.0888530
      vertex 11.4180230 -2.5000370 4.0888530
      vertex 11.3533480 -2.5000370 3.9678610
    endloop
  endfacet
  facet normal 0.8819109 0 -0.4714162
    outer loop
      vertex 11.4180230 -0.1500460 4.0888530
      vertex 11.3533480 -2.5000370 3.9678610
      vertex 11.3533480 -0.1500460 3.9678610
    endloop
  endfacet
  facet normal 0.9570244 0 -0.2900074
    outer loop
      vertex 11.3533480 -0.1500460 3.9678610
      vertex 11.3533480 -2.5000370 3.9678610
      vertex 11.3135480 -2.5000370 3.8365210
    endloop
  endfacet
  facet normal 0.9570244 0 -0.2900074
    outer loop
      vertex 11.3533480 -0.1500460 3.9678610
      vertex 11.3135480 -2.5000370 3.8365210
      vertex 11.3135480 -0.1500460 3.8365210
    endloop
  endfacet
  facet normal 0.9951230 0 -0.0986419
    outer loop
      vertex 11.3135480 -0.1500460 3.8365210
      vertex 11.3135480 -2.5000370 3.8365210
      vertex 11.3000160 -2.5000370 3.7000070
    endloop
  endfacet
  facet normal 0.9951230 0 -0.0986419
    outer loop
      vertex 11.3135480 -0.1500460 3.8365210
      vertex 11.3000160 -2.5000370 3.7000070
      vertex 11.3000160 -0.1500460 3.7000070
    endloop
  endfacet
  facet normal 0.9951230 0 0.0986419
    outer loop
      vertex 11.3000160 -0.1500460 3.7000070
      vertex 11.3000160 -2.5000370 3.7000070
      vertex 11.3135480 -2.5000370 3.5634930
    endloop
  endfacet
  facet normal 0.9951230 0 0.0986419
    outer loop
      vertex 11.3000160 -0.1500460 3.7000070
      vertex 11.3135480 -2.5000370 3.5634930
      vertex 11.3135480 -0.1500460 3.5634930
    endloop
  endfacet
  facet normal 0.9570244 0 0.2900074
    outer loop
      vertex 11.3135480 -0.1500460 3.5634930
      vertex 11.3135480 -2.5000370 3.5634930
      vertex 11.3533480 -2.5000370 3.4321530
    endloop
  endfacet
  facet normal 0.9570244 0 0.2900074
    outer loop
      vertex 11.3135480 -0.1500460 3.5634930
      vertex 11.3533480 -2.5000370 3.4321530
      vertex 11.3533480 -0.1500460 3.4321530
    endloop
  endfacet
  facet normal 0.8819109 0 0.4714162
    outer loop
      vertex 11.3533480 -0.1500460 3.4321530
      vertex 11.3533480 -2.5000370 3.4321530
      vertex 11.4180230 -2.5000370 3.3111610
    endloop
  endfacet
  facet normal 0.8819109 0 0.4714162
    outer loop
      vertex 11.3533480 -0.1500460 3.4321530
      vertex 11.4180230 -2.5000370 3.3111610
      vertex 11.4180230 -0.1500460 3.3111610
    endloop
  endfacet
  facet normal 0.7733105 0 0.6340275
    outer loop
      vertex 11.4180230 -0.1500460 3.3111610
      vertex 11.4180230 -2.5000370 3.3111610
      vertex 11.5049860 -2.5000370 3.2050940
    endloop
  endfacet
  facet normal 0.7733105 0 0.6340275
    outer loop
      vertex 11.4180230 -0.1500460 3.3111610
      vertex 11.5049860 -2.5000370 3.2050940
      vertex 11.5049860 -0.1500460 3.2050940
    endloop
  endfacet
  facet normal 0.6348940 0 0.7725993
    outer loop
      vertex 11.5049860 -0.1500460 3.2050940
      vertex 11.5049860 -2.5000370 3.2050940
      vertex 11.6110530 -2.5000370 3.1179320
    endloop
  endfacet
  facet normal 0.6348940 0 0.7725993
    outer loop
      vertex 11.5049860 -0.1500460 3.2050940
      vertex 11.6110530 -2.5000370 3.1179320
      vertex 11.6110530 -0.1500460 3.1179320
    endloop
  endfacet
  facet normal 0.4714162 0 0.8819109
    outer loop
      vertex 11.6110530 -0.1500460 3.1179320
      vertex 11.6110530 -2.5000370 3.1179320
      vertex 11.7320450 -2.5000370 3.0532570
    endloop
  endfacet
  facet normal 0.4714162 0 0.8819109
    outer loop
      vertex 11.6110530 -0.1500460 3.1179320
      vertex 11.7320450 -2.5000370 3.0532570
      vertex 11.7320450 -0.1500460 3.0532570
    endloop
  endfacet
  facet normal 0.2900074 0 0.9570244
    outer loop
      vertex 11.7320450 -0.1500460 3.0532570
      vertex 11.7320450 -2.5000370 3.0532570
      vertex 11.8633850 -2.5000370 3.0134570
    endloop
  endfacet
  facet normal 0.2900074 0 0.9570244
    outer loop
      vertex 11.7320450 -0.1500460 3.0532570
      vertex 11.8633850 -2.5000370 3.0134570
      vertex 11.8633850 -0.1500460 3.0134570
    endloop
  endfacet
  facet normal 0.0984997 0 0.9951371
    outer loop
      vertex 11.8633850 -0.1500460 3.0134570
      vertex 11.8633850 -2.5000370 3.0134570
      vertex 12.0000980 -2.5000370 2.9999250
    endloop
  endfacet
  facet normal 0.0984997 0 0.9951371
    outer loop
      vertex 11.8633850 -0.1500460 3.0134570
      vertex 12.0000980 -2.5000370 2.9999250
      vertex 12.0000980 -0.1500460 2.9999250
    endloop
  endfacet
  facet normal -0.0986419 0 0.9951230
    outer loop
      vertex 12.0000980 -0.1500460 2.9999250
      vertex 12.0000980 -2.5000370 2.9999250
      vertex 12.1366120 -2.5000370 3.0134570
    endloop
  endfacet
  facet normal -0.0986419 0 0.9951230
    outer loop
      vertex 12.0000980 -0.1500460 2.9999250
      vertex 12.1366120 -2.5000370 3.0134570
      vertex 12.1366120 -0.1500460 3.0134570
    endloop
  endfacet
  facet normal -0.2900074 0 0.9570244
    outer loop
      vertex 12.1366120 -0.1500460 3.0134570
      vertex 12.1366120 -2.5000370 3.0134570
      vertex 12.2679520 -2.5000370 3.0532570
    endloop
  endfacet
  facet normal -0.2900074 0 0.9570244
    outer loop
      vertex 12.1366120 -0.1500460 3.0134570
      vertex 12.2679520 -2.5000370 3.0532570
      vertex 12.2679520 -0.1500460 3.0532570
    endloop
  endfacet
  facet normal -0.4714162 0 0.8819109
    outer loop
      vertex 12.2679520 -0.1500460 3.0532570
      vertex 12.2679520 -2.5000370 3.0532570
      vertex 12.3889440 -2.5000370 3.1179320
    endloop
  endfacet
  facet normal -0.4714162 0 0.8819109
    outer loop
      vertex 12.2679520 -0.1500460 3.0532570
      vertex 12.3889440 -2.5000370 3.1179320
      vertex 12.3889440 -0.1500460 3.1179320
    endloop
  endfacet
  facet normal -0.6348940 0 0.7725993
    outer loop
      vertex 12.3889440 -0.1500460 3.1179320
      vertex 12.3889440 -2.5000370 3.1179320
      vertex 12.4950110 -2.5000370 3.2050940
    endloop
  endfacet
  facet normal -0.6348940 0 0.7725993
    outer loop
      vertex 12.3889440 -0.1500460 3.1179320
      vertex 12.4950110 -2.5000370 3.2050940
      vertex 12.4950110 -0.1500460 3.2050940
    endloop
  endfacet
  facet normal -0.7733105 0 0.6340275
    outer loop
      vertex 12.4950110 -0.1500460 3.2050940
      vertex 12.4950110 -2.5000370 3.2050940
      vertex 12.5819740 -2.5000370 3.3111610
    endloop
  endfacet
  facet normal -0.7733105 0 0.6340275
    outer loop
      vertex 12.4950110 -0.1500460 3.2050940
      vertex 12.5819740 -2.5000370 3.3111610
      vertex 12.5819740 -0.1500460 3.3111610
    endloop
  endfacet
  facet normal -0.8819109 0 0.4714162
    outer loop
      vertex 12.5819740 -0.1500460 3.3111610
      vertex 12.5819740 -2.5000370 3.3111610
      vertex 12.6466490 -2.5000370 3.4321530
    endloop
  endfacet
  facet normal -0.8819109 0 0.4714162
    outer loop
      vertex 12.5819740 -0.1500460 3.3111610
      vertex 12.6466490 -2.5000370 3.4321530
      vertex 12.6466490 -0.1500460 3.4321530
    endloop
  endfacet
  facet normal -0.9566212 0 0.2913346
    outer loop
      vertex 12.6466490 -0.1500460 3.4321530
      vertex 12.6466490 -2.5000370 3.4321530
      vertex 12.6866480 -2.5000370 3.5634930
    endloop
  endfacet
  facet normal -0.9566212 0 0.2913346
    outer loop
      vertex 12.6466490 -0.1500460 3.4321530
      vertex 12.6866480 -2.5000370 3.5634930
      vertex 12.6866480 -0.1500460 3.5634930
    endloop
  endfacet
  facet normal -0.9952644 0 0.0972051
    outer loop
      vertex 12.6866480 -0.1500460 3.5634930
      vertex 12.6866480 -2.5000370 3.5634930
      vertex 12.6999810 -2.5000370 3.7000070
    endloop
  endfacet
  facet normal -0.9952644 0 0.0972051
    outer loop
      vertex 12.6866480 -0.1500460 3.5634930
      vertex 12.6999810 -2.5000370 3.7000070
      vertex 12.6999810 -0.1500460 3.7000070
    endloop
  endfacet
  facet normal -0.9951230 0 -0.0986419
    outer loop
      vertex 16.7000800 -0.1500460 3.7000070
      vertex 16.7000800 -2.5000370 3.7000070
      vertex 16.6865480 -2.5000370 3.8365210
    endloop
  endfacet
  facet normal -0.9951230 0 -0.0986419
    outer loop
      vertex 16.7000800 -0.1500460 3.7000070
      vertex 16.6865480 -2.5000370 3.8365210
      vertex 16.6865480 -0.1500460 3.8365210
    endloop
  endfacet
  facet normal -0.9570244 0 -0.2900074
    outer loop
      vertex 16.6865480 -0.1500460 3.8365210
      vertex 16.6865480 -2.5000370 3.8365210
      vertex 16.6467480 -2.5000370 3.9678610
    endloop
  endfacet
  facet normal -0.9570244 0 -0.2900074
    outer loop
      vertex 16.6865480 -0.1500460 3.8365210
      vertex 16.6467480 -2.5000370 3.9678610
      vertex 16.6467480 -0.1500460 3.9678610
    endloop
  endfacet
  facet normal -0.8819109 0 -0.4714162
    outer loop
      vertex 16.6467480 -0.1500460 3.9678610
      vertex 16.6467480 -2.5000370 3.9678610
      vertex 16.5820730 -2.5000370 4.0888530
    endloop
  endfacet
  facet normal -0.8819109 0 -0.4714162
    outer loop
      vertex 16.6467480 -0.1500460 3.9678610
      vertex 16.5820730 -2.5000370 4.0888530
      vertex 16.5820730 -0.1500460 4.0888530
    endloop
  endfacet
  facet normal -0.7725993 0 -0.6348940
    outer loop
      vertex 16.5820730 -0.1500460 4.0888530
      vertex 16.5820730 -2.5000370 4.0888530
      vertex 16.4949110 -2.5000370 4.1949200
    endloop
  endfacet
  facet normal -0.7725993 0 -0.6348940
    outer loop
      vertex 16.5820730 -0.1500460 4.0888530
      vertex 16.4949110 -2.5000370 4.1949200
      vertex 16.4949110 -0.1500460 4.1949200
    endloop
  endfacet
  facet normal -0.6348940 0 -0.7725993
    outer loop
      vertex 16.4949110 -0.1500460 4.1949200
      vertex 16.4949110 -2.5000370 4.1949200
      vertex 16.3888440 -2.5000370 4.2820820
    endloop
  endfacet
  facet normal -0.6348940 0 -0.7725993
    outer loop
      vertex 16.4949110 -0.1500460 4.1949200
      vertex 16.3888440 -2.5000370 4.2820820
      vertex 16.3888440 -0.1500460 4.2820820
    endloop
  endfacet
  facet normal -0.4714162 0 -0.8819109
    outer loop
      vertex 16.3888440 -0.1500460 4.2820820
      vertex 16.3888440 -2.5000370 4.2820820
      vertex 16.2678520 -2.5000370 4.3467570
    endloop
  endfacet
  facet normal -0.4714162 0 -0.8819109
    outer loop
      vertex 16.3888440 -0.1500460 4.2820820
      vertex 16.2678520 -2.5000370 4.3467570
      vertex 16.2678520 -0.1500460 4.3467570
    endloop
  endfacet
  facet normal -0.2900074 0 -0.9570244
    outer loop
      vertex 16.2678520 -0.1500460 4.3467570
      vertex 16.2678520 -2.5000370 4.3467570
      vertex 16.1365120 -2.5000370 4.3865570
    endloop
  endfacet
  facet normal -0.2900074 0 -0.9570244
    outer loop
      vertex 16.2678520 -0.1500460 4.3467570
      vertex 16.1365120 -2.5000370 4.3865570
      vertex 16.1365120 -0.1500460 4.3865570
    endloop
  endfacet
  facet normal -0.0986419 0 -0.9951230
    outer loop
      vertex 16.1365120 -0.1500460 4.3865570
      vertex 16.1365120 -2.5000370 4.3865570
      vertex 15.9999980 -2.5000370 4.4000890
    endloop
  endfacet
  facet normal -0.0986419 0 -0.9951230
    outer loop
      vertex 16.1365120 -0.1500460 4.3865570
      vertex 15.9999980 -2.5000370 4.4000890
      vertex 15.9999980 -0.1500460 4.4000890
    endloop
  endfacet
  facet normal 0.0986419 0 -0.9951230
    outer loop
      vertex 15.9999980 -0.1500460 4.4000890
      vertex 15.9999980 -2.5000370 4.4000890
      vertex 15.8634840 -2.5000370 4.3865570
    endloop
  endfacet
  facet normal 0.0986419 0 -0.9951230
    outer loop
      vertex 15.9999980 -0.1500460 4.4000890
      vertex 15.8634840 -2.5000370 4.3865570
      vertex 15.8634840 -0.1500460 4.3865570
    endloop
  endfacet
  facet normal 0.2900074 0 -0.9570244
    outer loop
      vertex 15.8634840 -0.1500460 4.3865570
      vertex 15.8634840 -2.5000370 4.3865570
      vertex 15.7321440 -2.5000370 4.3467570
    endloop
  endfacet
  facet normal 0.2900074 0 -0.9570244
    outer loop
      vertex 15.8634840 -0.1500460 4.3865570
      vertex 15.7321440 -2.5000370 4.3467570
      vertex 15.7321440 -0.1500460 4.3467570
    endloop
  endfacet
  facet normal 0.4714162 0 -0.8819109
    outer loop
      vertex 15.7321440 -0.1500460 4.3467570
      vertex 15.7321440 -2.5000370 4.3467570
      vertex 15.6111520 -2.5000370 4.2820820
    endloop
  endfacet
  facet normal 0.4714162 0 -0.8819109
    outer loop
      vertex 15.7321440 -0.1500460 4.3467570
      vertex 15.6111520 -2.5000370 4.2820820
      vertex 15.6111520 -0.1500460 4.2820820
    endloop
  endfacet
  facet normal 0.6348940 0 -0.7725993
    outer loop
      vertex 15.6111520 -0.1500460 4.2820820
      vertex 15.6111520 -2.5000370 4.2820820
      vertex 15.5050850 -2.5000370 4.1949200
    endloop
  endfacet
  facet normal 0.6348940 0 -0.7725993
    outer loop
      vertex 15.6111520 -0.1500460 4.2820820
      vertex 15.5050850 -2.5000370 4.1949200
      vertex 15.5050850 -0.1500460 4.1949200
    endloop
  endfacet
  facet normal 0.7725993 0 -0.6348940
    outer loop
      vertex 15.5050850 -0.1500460 4.1949200
      vertex 15.5050850 -2.5000370 4.1949200
      vertex 15.4179230 -2.5000370 4.0888530
    endloop
  endfacet
  facet normal 0.7725993 0 -0.6348940
    outer loop
      vertex 15.5050850 -0.1500460 4.1949200
      vertex 15.4179230 -2.5000370 4.0888530
      vertex 15.4179230 -0.1500460 4.0888530
    endloop
  endfacet
  facet normal 0.8819109 0 -0.4714162
    outer loop
      vertex 15.4179230 -0.1500460 4.0888530
      vertex 15.4179230 -2.5000370 4.0888530
      vertex 15.3532480 -2.5000370 3.9678610
    endloop
  endfacet
  facet normal 0.8819109 0 -0.4714162
    outer loop
      vertex 15.4179230 -0.1500460 4.0888530
      vertex 15.3532480 -2.5000370 3.9678610
      vertex 15.3532480 -0.1500460 3.9678610
    endloop
  endfacet
  facet normal 0.9570244 0 -0.2900074
    outer loop
      vertex 15.3532480 -0.1500460 3.9678610
      vertex 15.3532480 -2.5000370 3.9678610
      vertex 15.3134480 -2.5000370 3.8365210
    endloop
  endfacet
  facet normal 0.9570244 0 -0.2900074
    outer loop
      vertex 15.3532480 -0.1500460 3.9678610
      vertex 15.3134480 -2.5000370 3.8365210
      vertex 15.3134480 -0.1500460 3.8365210
    endloop
  endfacet
  facet normal 0.9951230 0 -0.0986419
    outer loop
      vertex 15.3134480 -0.1500460 3.8365210
      vertex 15.3134480 -2.5000370 3.8365210
      vertex 15.2999160 -2.5000370 3.7000070
    endloop
  endfacet
  facet normal 0.9951230 0 -0.0986419
    outer loop
      vertex 15.3134480 -0.1500460 3.8365210
      vertex 15.2999160 -2.5000370 3.7000070
      vertex 15.2999160 -0.1500460 3.7000070
    endloop
  endfacet
  facet normal 0.9951230 0 0.0986419
    outer loop
      vertex 15.2999160 -0.1500460 3.7000070
      vertex 15.2999160 -2.5000370 3.7000070
      vertex 15.3134480 -2.5000370 3.5634930
    endloop
  endfacet
  facet normal 0.9951230 0 0.0986419
    outer loop
      vertex 15.2999160 -0.1500460 3.7000070
      vertex 15.3134480 -2.5000370 3.5634930
      vertex 15.3134480 -0.1500460 3.5634930
    endloop
  endfacet
  facet normal 0.9570244 0 0.2900074
    outer loop
      vertex 15.3134480 -0.1500460 3.5634930
      vertex 15.3134480 -2.5000370 3.5634930
      vertex 15.3532480 -2.5000370 3.4321530
    endloop
  endfacet
  facet normal 0.9570244 0 0.2900074
    outer loop
      vertex 15.3134480 -0.1500460 3.5634930
      vertex 15.3532480 -2.5000370 3.4321530
      vertex 15.3532480 -0.1500460 3.4321530
    endloop
  endfacet
  facet normal 0.8819109 0 0.4714162
    outer loop
      vertex 15.3532480 -0.1500460 3.4321530
      vertex 15.3532480 -2.5000370 3.4321530
      vertex 15.4179230 -2.5000370 3.3111610
    endloop
  endfacet
  facet normal 0.8819109 0 0.4714162
    outer loop
      vertex 15.3532480 -0.1500460 3.4321530
      vertex 15.4179230 -2.5000370 3.3111610
      vertex 15.4179230 -0.1500460 3.3111610
    endloop
  endfacet
  facet normal 0.7725993 0 0.6348940
    outer loop
      vertex 15.4179230 -0.1500460 3.3111610
      vertex 15.4179230 -2.5000370 3.3111610
      vertex 15.5050850 -2.5000370 3.2050940
    endloop
  endfacet
  facet normal 0.7725993 0 0.6348940
    outer loop
      vertex 15.4179230 -0.1500460 3.3111610
      vertex 15.5050850 -2.5000370 3.2050940
      vertex 15.5050850 -0.1500460 3.2050940
    endloop
  endfacet
  facet normal 0.6348940 0 0.7725993
    outer loop
      vertex 15.5050850 -0.1500460 3.2050940
      vertex 15.5050850 -2.5000370 3.2050940
      vertex 15.6111520 -2.5000370 3.1179320
    endloop
  endfacet
  facet normal 0.6348940 0 0.7725993
    outer loop
      vertex 15.5050850 -0.1500460 3.2050940
      vertex 15.6111520 -2.5000370 3.1179320
      vertex 15.6111520 -0.1500460 3.1179320
    endloop
  endfacet
  facet normal 0.4714162 0 0.8819109
    outer loop
      vertex 15.6111520 -0.1500460 3.1179320
      vertex 15.6111520 -2.5000370 3.1179320
      vertex 15.7321440 -2.5000370 3.0532570
    endloop
  endfacet
  facet normal 0.4714162 0 0.8819109
    outer loop
      vertex 15.6111520 -0.1500460 3.1179320
      vertex 15.7321440 -2.5000370 3.0532570
      vertex 15.7321440 -0.1500460 3.0532570
    endloop
  endfacet
  facet normal 0.2900074 0 0.9570244
    outer loop
      vertex 15.7321440 -0.1500460 3.0532570
      vertex 15.7321440 -2.5000370 3.0532570
      vertex 15.8634840 -2.5000370 3.0134570
    endloop
  endfacet
  facet normal 0.2900074 0 0.9570244
    outer loop
      vertex 15.7321440 -0.1500460 3.0532570
      vertex 15.8634840 -2.5000370 3.0134570
      vertex 15.8634840 -0.1500460 3.0134570
    endloop
  endfacet
  facet normal 0.0986419 0 0.9951230
    outer loop
      vertex 15.8634840 -0.1500460 3.0134570
      vertex 15.8634840 -2.5000370 3.0134570
      vertex 15.9999980 -2.5000370 2.9999250
    endloop
  endfacet
  facet normal 0.0986419 0 0.9951230
    outer loop
      vertex 15.8634840 -0.1500460 3.0134570
      vertex 15.9999980 -2.5000370 2.9999250
      vertex 15.9999980 -0.1500460 2.9999250
    endloop
  endfacet
  facet normal -0.0986419 0 0.9951230
    outer loop
      vertex 15.9999980 -0.1500460 2.9999250
      vertex 15.9999980 -2.5000370 2.9999250
      vertex 16.1365120 -2.5000370 3.0134570
    endloop
  endfacet
  facet normal -0.0986419 0 0.9951230
    outer loop
      vertex 15.9999980 -0.1500460 2.9999250
      vertex 16.1365120 -2.5000370 3.0134570
      vertex 16.1365120 -0.1500460 3.0134570
    endloop
  endfacet
  facet normal -0.2900074 0 0.9570244
    outer loop
      vertex 16.1365120 -0.1500460 3.0134570
      vertex 16.1365120 -2.5000370 3.0134570
      vertex 16.2678520 -2.5000370 3.0532570
    endloop
  endfacet
  facet normal -0.2900074 0 0.9570244
    outer loop
      vertex 16.1365120 -0.1500460 3.0134570
      vertex 16.2678520 -2.5000370 3.0532570
      vertex 16.2678520 -0.1500460 3.0532570
    endloop
  endfacet
  facet normal -0.4714162 0 0.8819109
    outer loop
      vertex 16.2678520 -0.1500460 3.0532570
      vertex 16.2678520 -2.5000370 3.0532570
      vertex 16.3888440 -2.5000370 3.1179320
    endloop
  endfacet
  facet normal -0.4714162 0 0.8819109
    outer loop
      vertex 16.2678520 -0.1500460 3.0532570
      vertex 16.3888440 -2.5000370 3.1179320
      vertex 16.3888440 -0.1500460 3.1179320
    endloop
  endfacet
  facet normal -0.6348940 0 0.7725993
    outer loop
      vertex 16.3888440 -0.1500460 3.1179320
      vertex 16.3888440 -2.5000370 3.1179320
      vertex 16.4949110 -2.5000370 3.2050940
    endloop
  endfacet
  facet normal -0.6348940 0 0.7725993
    outer loop
      vertex 16.3888440 -0.1500460 3.1179320
      vertex 16.4949110 -2.5000370 3.2050940
      vertex 16.4949110 -0.1500460 3.2050940
    endloop
  endfacet
  facet normal -0.7725993 0 0.6348940
    outer loop
      vertex 16.4949110 -0.1500460 3.2050940
      vertex 16.4949110 -2.5000370 3.2050940
      vertex 16.5820730 -2.5000370 3.3111610
    endloop
  endfacet
  facet normal -0.7725993 0 0.6348940
    outer loop
      vertex 16.4949110 -0.1500460 3.2050940
      vertex 16.5820730 -2.5000370 3.3111610
      vertex 16.5820730 -0.1500460 3.3111610
    endloop
  endfacet
  facet normal -0.8819109 0 0.4714162
    outer loop
      vertex 16.5820730 -0.1500460 3.3111610
      vertex 16.5820730 -2.5000370 3.3111610
      vertex 16.6467480 -2.5000370 3.4321530
    endloop
  endfacet
  facet normal -0.8819109 0 0.4714162
    outer loop
      vertex 16.5820730 -0.1500460 3.3111610
      vertex 16.6467480 -2.5000370 3.4321530
      vertex 16.6467480 -0.1500460 3.4321530
    endloop
  endfacet
  facet normal -0.9570244 0 0.2900074
    outer loop
      vertex 16.6467480 -0.1500460 3.4321530
      vertex 16.6467480 -2.5000370 3.4321530
      vertex 16.6865480 -2.5000370 3.5634930
    endloop
  endfacet
  facet normal -0.9570244 0 0.2900074
    outer loop
      vertex 16.6467480 -0.1500460 3.4321530
      vertex 16.6865480 -2.5000370 3.5634930
      vertex 16.6865480 -0.1500460 3.5634930
    endloop
  endfacet
  facet normal -0.9951230 0 0.0986419
    outer loop
      vertex 16.6865480 -0.1500460 3.5634930
      vertex 16.6865480 -2.5000370 3.5634930
      vertex 16.7000800 -2.5000370 3.7000070
    endloop
  endfacet
  facet normal -0.9951230 0 0.0986419
    outer loop
      vertex 16.6865480 -0.1500460 3.5634930
      vertex 16.7000800 -2.5000370 3.7000070
      vertex 16.7000800 -0.1500460 3.7000070
    endloop
  endfacet
endsolid playbridge-ps1-fit-check-v4-one-piece
